{"type": "FeatureCollection", "features": [{"type": "Feature", "geometry": {"type": "Point", "coordinates": [144.6865046, 43.7744352]}, "properties": {"id": "h0000", "name": "清岳荘", "name_en": null, "name_ja_hira": null, "kind": "alpine_hut", "ele": null, "phone": null, "website": null, "wikipedia_url": null, "wikidata_qid": null, "capacity": null, "reservation": null, "opening_hours": null, "fee": null, "operator": null, "address": null, "email": null, "internet_access": null, "fireplace": null, "shower": null, "route_associations": [], "nearest_mountain_no": 3, "osm_id": "w629040208"}}, {"type": "Feature", "geometry": {"type": "Point", "coordinates": [142.9114769, 43.6951662]}, "properties": {"id": "h0001", "name": "黒岳石室", "name_en": "Kurodake Ishimuro", "name_ja_hira": "くろだけいしむろ", "kind": "alpine_hut", "ele": null, "phone": null, "website": null, "wikipedia_url": null, "wikidata_qid": null, "capacity": null, "reservation": null, "opening_hours": null, "fee": "yes", "operator": null, "address": null, "email": null, "internet_access": null, "fireplace": null, "shower": null, "route_associations": [], "nearest_mountain_no": 5, "osm_id": "w546832964"}}, {"type": "Feature", "geometry": {"type": "Point", "coordinates": [142.8960611, 43.5785588]}, "properties": {"id": "h0002", "name": "忠別岳避難小屋", "name_en": "Chubetsudake Alpine Hut", "name_ja_hira": "ちゅうべつだけひなんごや", "kind": "wilderness_hut", "ele": null, "phone": null, "website": null, "wikipedia_url": null, "wikidata_qid": null, "capacity": null, "reservation": null, "opening_hours": null, "fee": null, "operator": null, "address": null, "email": null, "internet_access": null, "fireplace": null, "shower": null, "route_associations": [], "nearest_mountain_no": 6, "osm_id": "w1092094318"}}, {"type": "Feature", "geometry": {"type": "Point", "coordinates": [142.7220535, 43.4546348]}, "properties": {"id": "h0003", "name": "美瑛富士避難小屋", "name_en": "Biei Fuji Hinan-goya", "name_ja_hira": null, "kind": "wilderness_hut", "ele": null, "phone": null, "website": null, "wikipedia_url": null, "wikidata_qid": null, "capacity": null, "reservation": null, "opening_hours": null, "fee": null, "operator": null, "address": null, "email": null, "internet_access": null, "fireplace": null, "shower": null, "route_associations": [{"mountain_no": 7, "route_id": "m007-r0", "dist_m": 207}], "nearest_mountain_no": 7, "osm_id": "n2580098129"}}, {"type": "Feature", "geometry": {"type": "Point", "coordinates": [142.664069, 42.738741]}, "properties": {"id": "h0004", "name": "幌尻山荘", "name_en": null, "name_ja_hira": "ぽろしりさんそう", "kind": "alpine_hut", "ele": null, "phone": null, "website": "https://biratori-sangakukai.com/", "wikipedia_url": null, "wikidata_qid": null, "capacity": null, "reservation": "required", "opening_hours": "Jul 1-Sep 30", "fee": "yes", "operator": "平取町山岳会", "address": null, "email": null, "internet_access": null, "fireplace": null, "shower": null, "route_associations": [], "nearest_mountain_no": 8, "osm_id": "w631736540"}}, {"type": "Feature", "geometry": {"type": "Point", "coordinates": [142.6850973, 42.6901902]}, "properties": {"id": "h0005", "name": "新冠ポロシリ山荘", "name_en": null, "name_ja_hira": "にいかっぷぽろしりさんそう", "kind": "wilderness_hut", "ele": null, "phone": null, "website": "https://poroshiri.info/", "wikipedia_url": null, "wikidata_qid": null, "capacity": null, "reservation": "required", "opening_hours": null, "fee": "yes", "operator": "新冠ポロシリ山岳会", "address": null, "email": null, "internet_access": null, "fireplace": "yes", "shower": null, "route_associations": [{"mountain_no": 8, "route_id": "m008-r2", "dist_m": 6}], "nearest_mountain_no": 8, "osm_id": "w1386296294"}}, {"type": "Feature", "geometry": {"type": "Point", "coordinates": [141.489211, 39.5582952]}, "properties": {"id": "h0006", "name": "早池峰 山頂避難小屋", "name_en": null, "name_ja_hira": null, "kind": "wilderness_hut", "ele": null, "phone": null, "website": null, "wikipedia_url": null, "wikidata_qid": null, "capacity": null, "reservation": null, "opening_hours": null, "fee": null, "operator": null, "address": null, "email": null, "internet_access": null, "fireplace": null, "shower": null, "route_associations": [{"mountain_no": 14, "route_id": "m014-r1", "dist_m": 2}], "nearest_mountain_no": 14, "osm_id": "w625477431"}}, {"type": "Feature", "geometry": {"type": "Point", "coordinates": [140.0673154, 39.0939005]}, "properties": {"id": "h0007", "name": "唐獅子平避難小屋", "name_en": null, "name_ja_hira": null, "kind": "wilderness_hut", "ele": null, "phone": null, "website": null, "wikipedia_url": null, "wikidata_qid": null, "capacity": null, "reservation": null, "opening_hours": null, "fee": "no", "operator": "秋田県鳥海町役場　企画観光課", "address": null, "email": null, "internet_access": null, "fireplace": null, "shower": null, "route_associations": [], "nearest_mountain_no": 15, "osm_id": "n12228635399"}}, {"type": "Feature", "geometry": {"type": "Point", "coordinates": [140.0682843, 39.1299963]}, "properties": {"id": "h0008", "name": "祓川ヒュッテ", "name_en": "Haraigawa Hutte", "name_ja_hira": null, "kind": "alpine_hut", "ele": null, "phone": null, "website": null, "wikipedia_url": null, "wikidata_qid": null, "capacity": null, "reservation": null, "opening_hours": null, "fee": null, "operator": null, "address": null, "email": null, "internet_access": null, "fireplace": null, "shower": null, "route_associations": [], "nearest_mountain_no": 15, "osm_id": "w370073046"}}, {"type": "Feature", "geometry": {"type": "Point", "coordinates": [139.9911752, 39.1227884]}, "properties": {"id": "h0009", "name": "鉾立山荘", "name_en": null, "name_ja_hira": null, "kind": "alpine_hut", "ele": null, "phone": null, "website": null, "wikipedia_url": null, "wikidata_qid": null, "capacity": null, "reservation": null, "opening_hours": null, "fee": null, "operator": null, "address": null, "email": null, "internet_access": null, "fireplace": null, "shower": null, "route_associations": [], "nearest_mountain_no": 15, "osm_id": "w567049337"}}, {"type": "Feature", "geometry": {"type": "Point", "coordinates": [140.0146546, 39.1041468]}, "properties": {"id": "h0010", "name": "御浜小屋", "name_en": null, "name_ja_hira": null, "kind": "alpine_hut", "ele": null, "phone": null, "website": null, "wikipedia_url": null, "wikidata_qid": null, "capacity": null, "reservation": null, "opening_hours": null, "fee": null, "operator": null, "address": null, "email": null, "internet_access": null, "fireplace": null, "shower": null, "route_associations": [{"mountain_no": 15, "route_id": "m015-r0", "dist_m": 12}], "nearest_mountain_no": 15, "osm_id": "w713606173"}}, {"type": "Feature", "geometry": {"type": "Point", "coordinates": [140.0403305, 39.07053]}, "properties": {"id": "h0011", "name": "滝ノ小屋", "name_en": "Takinokoya", "name_ja_hira": null, "kind": "alpine_hut", "ele": null, "phone": null, "website": null, "wikipedia_url": null, "wikidata_qid": null, "capacity": null, "reservation": null, "opening_hours": null, "fee": "yes", "operator": null, "address": null, "email": null, "internet_access": "no", "fireplace": null, "shower": null, "route_associations": [], "nearest_mountain_no": 15, "osm_id": "w954237786"}}, {"type": "Feature", "geometry": {"type": "Point", "coordinates": [140.0269581, 38.547433]}, "properties": {"id": "h0012", "name": "月山頂上小屋", "name_en": "Gassan Chojo Goya", "name_ja_hira": "がっさんちょうじょうごや", "kind": "alpine_hut", "ele": null, "phone": null, "website": null, "wikipedia_url": null, "wikidata_qid": null, "capacity": null, "reservation": null, "opening_hours": null, "fee": null, "operator": null, "address": null, "email": null, "internet_access": null, "fireplace": null, "shower": null, "route_associations": [{"mountain_no": 16, "route_id": "m016-r0", "dist_m": 73}], "nearest_mountain_no": 16, "osm_id": "w366322143"}}, {"type": "Feature", "geometry": {"type": "Point", "coordinates": [140.0899604, 38.553861]}, "properties": {"id": "h0013", "name": "念仏ヶ原避難小屋", "name_en": null, "name_ja_hira": null, "kind": "wilderness_hut", "ele": null, "phone": null, "website": null, "wikipedia_url": null, "wikidata_qid": null, "capacity": null, "reservation": null, "opening_hours": null, "fee": "no", "operator": "大蔵村", "address": null, "email": null, "internet_access": null, "fireplace": "yes", "shower": null, "route_associations": [], "nearest_mountain_no": 16, "osm_id": "w1419954198"}}, {"type": "Feature", "geometry": {"type": "Point", "coordinates": [140.4448139, 38.1435405]}, "properties": {"id": "h0014", "name": "熊野岳避難小屋", "name_en": null, "name_ja_hira": null, "kind": "wilderness_hut", "ele": null, "phone": null, "website": null, "wikipedia_url": null, "wikidata_qid": null, "capacity": null, "reservation": null, "opening_hours": null, "fee": null, "operator": null, "address": null, "email": null, "internet_access": null, "fireplace": null, "shower": null, "route_associations": [], "nearest_mountain_no": 18, "osm_id": "n7972451528"}}, {"type": "Feature", "geometry": {"type": "Point", "coordinates": [140.449741, 38.1276224]}, "properties": {"id": "h0015", "name": "刈田岳 避難小屋", "name_en": null, "name_ja_hira": null, "kind": "wilderness_hut", "ele": null, "phone": null, "website": null, "wikipedia_url": null, "wikidata_qid": null, "capacity": null, "reservation": null, "opening_hours": null, "fee": null, "operator": null, "address": null, "email": null, "internet_access": null, "fireplace": null, "shower": null, "route_associations": [], "nearest_mountain_no": 18, "osm_id": "w854811461"}}, {"type": "Feature", "geometry": {"type": "Point", "coordinates": [140.4298604, 38.1273331]}, "properties": {"id": "h0016", "name": "御田の神避難小屋", "name_en": null, "name_ja_hira": null, "kind": "wilderness_hut", "ele": null, "phone": null, "website": null, "wikipedia_url": null, "wikidata_qid": null, "capacity": null, "reservation": null, "opening_hours": null, "fee": null, "operator": null, "address": null, "email": null, "internet_access": null, "fireplace": null, "shower": null, "route_associations": [], "nearest_mountain_no": 18, "osm_id": "w854814595"}}, {"type": "Feature", "geometry": {"type": "Point", "coordinates": [140.4440596, 38.1413229]}, "properties": {"id": "h0017", "name": "(이름 미상)", "name_en": null, "name_ja_hira": null, "kind": "wilderness_hut", "ele": null, "phone": null, "website": null, "wikipedia_url": null, "wikidata_qid": null, "capacity": null, "reservation": null, "opening_hours": null, "fee": null, "operator": null, "address": null, "email": null, "internet_access": null, "fireplace": null, "shower": null, "route_associations": [], "nearest_mountain_no": 18, "osm_id": "w854819300"}}, {"type": "Feature", "geometry": {"type": "Point", "coordinates": [140.4443331, 38.1434934]}, "properties": {"id": "h0018", "name": "(이름 미상)", "name_en": null, "name_ja_hira": null, "kind": "wilderness_hut", "ele": null, "phone": null, "website": null, "wikipedia_url": null, "wikidata_qid": null, "capacity": null, "reservation": null, "opening_hours": null, "fee": null, "operator": null, "address": null, "email": null, "internet_access": null, "fireplace": null, "shower": null, "route_associations": [], "nearest_mountain_no": 18, "osm_id": "w854819303"}}, {"type": "Feature", "geometry": {"type": "Point", "coordinates": [140.4803184, 38.1841058]}, "properties": {"id": "h0019", "name": "八方平避難小屋", "name_en": null, "name_ja_hira": null, "kind": "wilderness_hut", "ele": null, "phone": null, "website": null, "wikipedia_url": null, "wikidata_qid": null, "capacity": null, "reservation": null, "opening_hours": null, "fee": null, "operator": null, "address": null, "email": null, "internet_access": null, "fireplace": null, "shower": null, "route_associations": [], "nearest_mountain_no": 18, "osm_id": "w931860187"}}, {"type": "Feature", "geometry": {"type": "Point", "coordinates": [139.7273752, 37.8351947]}, "properties": {"id": "h0020", "name": "切合小屋", "name_en": "Kiriawasegoya", "name_ja_hira": null, "kind": "alpine_hut", "ele": null, "phone": null, "website": null, "wikipedia_url": null, "wikidata_qid": null, "capacity": null, "reservation": null, "opening_hours": null, "fee": null, "operator": "福島県喜多方市", "address": null, "email": null, "internet_access": null, "fireplace": null, "shower": null, "route_associations": [], "nearest_mountain_no": 19, "osm_id": "n4359745025"}}, {"type": "Feature", "geometry": {"type": "Point", "coordinates": [139.6817692, 37.8467354]}, "properties": {"id": "h0021", "name": "御西小屋", "name_en": "Onisigoya", "name_ja_hira": null, "kind": "alpine_hut", "ele": null, "phone": null, "website": null, "wikipedia_url": null, "wikidata_qid": null, "capacity": null, "reservation": null, "opening_hours": null, "fee": null, "operator": "新潟県阿賀町", "address": null, "email": null, "internet_access": null, "fireplace": null, "shower": null, "route_associations": [], "nearest_mountain_no": 19, "osm_id": "n4359782055"}}, {"type": "Feature", "geometry": {"type": "Point", "coordinates": [139.7139744, 37.853436]}, "properties": {"id": "h0022", "name": "本山小屋", "name_en": "Honzan Hut", "name_ja_hira": null, "kind": "alpine_hut", "ele": null, "phone": null, "website": null, "wikipedia_url": null, "wikidata_qid": null, "capacity": null, "reservation": null, "opening_hours": null, "fee": "yes", "operator": "福島県喜多方市", "address": null, "email": null, "internet_access": "no", "fireplace": null, "shower": null, "route_associations": [], "nearest_mountain_no": 19, "osm_id": "n4359782056"}}, {"type": "Feature", "geometry": {"type": "Point", "coordinates": [139.7797259, 37.8510267]}, "properties": {"id": "h0023", "name": "大日杉登山小屋", "name_en": "Dainichisugitozangoya", "name_ja_hira": null, "kind": "alpine_hut", "ele": null, "phone": null, "website": null, "wikipedia_url": null, "wikidata_qid": null, "capacity": null, "reservation": null, "opening_hours": null, "fee": null, "operator": "福島県飯豊町", "address": null, "email": null, "internet_access": null, "fireplace": null, "shower": null, "route_associations": [], "nearest_mountain_no": 19, "osm_id": "n4359786398"}}, {"type": "Feature", "geometry": {"type": "Point", "coordinates": [139.6436152, 37.8776839]}, "properties": {"id": "h0024", "name": "梅花皮小屋", "name_en": "Kairagigoya", "name_ja_hira": null, "kind": "alpine_hut", "ele": null, "phone": null, "website": null, "wikipedia_url": null, "wikidata_qid": null, "capacity": null, "reservation": null, "opening_hours": null, "fee": null, "operator": null, "address": null, "email": null, "internet_access": null, "fireplace": null, "shower": null, "route_associations": [], "nearest_mountain_no": 19, "osm_id": "n8812954726"}}, {"type": "Feature", "geometry": {"type": "Point", "coordinates": [139.6435285, 37.8776972]}, "properties": {"id": "h0025", "name": "(이름 미상)", "name_en": null, "name_ja_hira": null, "kind": "alpine_hut", "ele": null, "phone": null, "website": null, "wikipedia_url": null, "wikidata_qid": null, "capacity": null, "reservation": null, "opening_hours": null, "fee": null, "operator": null, "address": null, "email": null, "internet_access": null, "fireplace": null, "shower": null, "route_associations": [], "nearest_mountain_no": 19, "osm_id": "w952021875"}}, {"type": "Feature", "geometry": {"type": "Point", "coordinates": [140.2094898, 37.7276414]}, "properties": {"id": "h0026", "name": "谷地平避難小屋", "name_en": "Yachidai Emergency Hut", "name_ja_hira": "やちだいらひなんごや", "kind": "wilderness_hut", "ele": null, "phone": null, "website": null, "wikipedia_url": null, "wikidata_qid": null, "capacity": null, "reservation": null, "opening_hours": null, "fee": null, "operator": null, "address": null, "email": null, "internet_access": null, "fireplace": null, "shower": null, "route_associations": [], "nearest_mountain_no": 20, "osm_id": "n5808318299"}}, {"type": "Feature", "geometry": {"type": "Point", "coordinates": [140.1370204, 37.7390874]}, "properties": {"id": "h0027", "name": "西吾妻避難小屋", "name_en": "Nishi-Azuma Emergency Hut", "name_ja_hira": "にしあずまひなんごや", "kind": "wilderness_hut", "ele": null, "phone": null, "website": null, "wikipedia_url": null, "wikidata_qid": null, "capacity": null, "reservation": null, "opening_hours": null, "fee": null, "operator": null, "address": null, "email": null, "internet_access": null, "fireplace": null, "shower": null, "route_associations": [], "nearest_mountain_no": 20, "osm_id": "w534306711"}}, {"type": "Feature", "geometry": {"type": "Point", "coordinates": [140.2930377, 37.6323018]}, "properties": {"id": "h0028", "name": "くろがね小屋", "name_en": "Kuroganegoya", "name_ja_hira": null, "kind": "alpine_hut", "ele": null, "phone": null, "website": null, "wikipedia_url": null, "wikidata_qid": null, "capacity": null, "reservation": null, "opening_hours": null, "fee": null, "operator": null, "address": null, "email": null, "internet_access": null, "fireplace": null, "shower": null, "route_associations": [{"mountain_no": 21, "route_id": "m021-r1", "dist_m": 21}], "nearest_mountain_no": 21, "osm_id": "w454512604"}}, {"type": "Feature", "geometry": {"type": "Point", "coordinates": [140.2805906, 37.6359229]}, "properties": {"id": "h0029", "name": "鉄山避難小屋", "name_en": "Tetsuzan Evacuation Hut", "name_ja_hira": null, "kind": "wilderness_hut", "ele": null, "phone": null, "website": null, "wikipedia_url": null, "wikidata_qid": null, "capacity": null, "reservation": null, "opening_hours": null, "fee": null, "operator": null, "address": null, "email": null, "internet_access": null, "fireplace": null, "shower": null, "route_associations": [], "nearest_mountain_no": 21, "osm_id": "w1223196178"}}, {"type": "Feature", "geometry": {"type": "Point", "coordinates": [139.3524359, 37.0431471]}, "properties": {"id": "h0030", "name": "駒の小屋", "name_en": null, "name_ja_hira": null, "kind": "alpine_hut", "ele": 2055.0, "phone": null, "website": null, "wikipedia_url": null, "wikidata_qid": null, "capacity": null, "reservation": null, "opening_hours": null, "fee": null, "operator": null, "address": null, "email": null, "internet_access": null, "fireplace": null, "shower": null, "route_associations": [{"mountain_no": 23, "route_id": "m023-r0", "dist_m": 7}], "nearest_mountain_no": 23, "osm_id": "w504548410"}}, {"type": "Feature", "geometry": {"type": "Point", "coordinates": [139.9577069, 37.1328303]}, "properties": {"id": "h0031", "name": "那須岳避難小屋", "name_en": null, "name_ja_hira": null, "kind": "basic_hut", "ele": null, "phone": null, "website": null, "wikipedia_url": null, "wikidata_qid": null, "capacity": null, "reservation": null, "opening_hours": null, "fee": "no", "operator": "那須山岳救助隊", "address": null, "email": null, "internet_access": null, "fireplace": null, "shower": null, "route_associations": [], "nearest_mountain_no": 24, "osm_id": "n9992387522"}}, {"type": "Feature", "geometry": {"type": "Point", "coordinates": [139.0153856, 37.1122002]}, "properties": {"id": "h0032", "name": "千本檜小屋", "name_en": null, "name_ja_hira": null, "kind": "alpine_hut", "ele": null, "phone": null, "website": null, "wikipedia_url": null, "wikidata_qid": null, "capacity": null, "reservation": null, "opening_hours": null, "fee": null, "operator": null, "address": null, "email": null, "internet_access": null, "fireplace": null, "shower": null, "route_associations": [], "nearest_mountain_no": 25, "osm_id": "n4349234689"}}, {"type": "Feature", "geometry": {"type": "Point", "coordinates": [138.9575494, 36.9744571]}, "properties": {"id": "h0033", "name": "巻機山避難小屋", "name_en": null, "name_ja_hira": null, "kind": "wilderness_hut", "ele": null, "phone": null, "website": null, "wikipedia_url": null, "wikidata_qid": null, "capacity": null, "reservation": null, "opening_hours": null, "fee": null, "operator": null, "address": null, "email": null, "internet_access": null, "fireplace": null, "shower": null, "route_associations": [], "nearest_mountain_no": 27, "osm_id": "w589572112"}}, {"type": "Feature", "geometry": {"type": "Point", "coordinates": [139.3053166, 36.983828]}, "properties": {"id": "h0034", "name": "御池ロッジ", "name_en": null, "name_ja_hira": null, "kind": "alpine_hut", "ele": null, "phone": null, "website": null, "wikipedia_url": null, "wikidata_qid": null, "capacity": null, "reservation": null, "opening_hours": null, "fee": null, "operator": null, "address": null, "email": null, "internet_access": null, "fireplace": null, "shower": null, "route_associations": [], "nearest_mountain_no": 28, "osm_id": "w27423455"}}, {"type": "Feature", "geometry": {"type": "Point", "coordinates": [139.2390347, 36.9428144]}, "properties": {"id": "h0035", "name": "東電小屋", "name_en": "TOUDEN Hut", "name_ja_hira": "とうでんごや", "kind": "alpine_hut", "ele": null, "phone": null, "website": "https://www.tokyo-pt.co.jp/oze/mountain-villa/touden", "wikipedia_url": null, "wikidata_qid": null, "capacity": null, "reservation": null, "opening_hours": null, "fee": null, "operator": null, "address": "新潟県 魚沼市", "email": null, "internet_access": null, "fireplace": null, "shower": null, "route_associations": [], "nearest_mountain_no": 28, "osm_id": "w388241762"}}, {"type": "Feature", "geometry": {"type": "Point", "coordinates": [139.2385888, 36.9326271]}, "properties": {"id": "h0036", "name": "竜宮小屋", "name_en": "Ryugugoya", "name_ja_hira": "りゅうぐうごや", "kind": "alpine_hut", "ele": null, "phone": "+81 278 58 7301", "website": "https://ryugugoya.jp/", "wikipedia_url": null, "wikidata_qid": null, "capacity": null, "reservation": null, "opening_hours": null, "fee": null, "operator": null, "address": "群馬県 片品村", "email": null, "internet_access": null, "fireplace": null, "shower": null, "route_associations": [{"mountain_no": 28, "route_id": "m028-r3", "dist_m": 18}], "nearest_mountain_no": 28, "osm_id": "w428022201"}}, {"type": "Feature", "geometry": {"type": "Point", "coordinates": [139.2521254, 36.9409324]}, "properties": {"id": "h0037", "name": "尾瀬小屋", "name_en": "Ozegoya", "name_ja_hira": "おぜごや", "kind": "alpine_hut", "ele": null, "phone": null, "website": "https://www.ozegoya.co.jp/", "wikipedia_url": null, "wikidata_qid": null, "capacity": null, "reservation": null, "opening_hours": null, "fee": null, "operator": null, "address": "福島県 檜枝岐村", "email": null, "internet_access": null, "fireplace": null, "shower": null, "route_associations": [{"mountain_no": 28, "route_id": "m028-r3", "dist_m": 28}], "nearest_mountain_no": 28, "osm_id": "w428022202"}}, {"type": "Feature", "geometry": {"type": "Point", "coordinates": [139.2524648, 36.9410617]}, "properties": {"id": "h0038", "name": "第二長蔵小屋", "name_en": "DAI-NI Chozo Hut", "name_ja_hira": "だいにちょうぞうごや", "kind": "alpine_hut", "ele": null, "phone": null, "website": "https://chozogoya.com/", "wikipedia_url": null, "wikidata_qid": null, "capacity": null, "reservation": null, "opening_hours": null, "fee": null, "operator": null, "address": "福島県 檜枝岐村", "email": null, "internet_access": null, "fireplace": null, "shower": null, "route_associations": [{"mountain_no": 28, "route_id": "m028-r3", "dist_m": 24}], "nearest_mountain_no": 28, "osm_id": "w428022203"}}, {"type": "Feature", "geometry": {"type": "Point", "coordinates": [139.2523617, 36.940517]}, "properties": {"id": "h0039", "name": "桧枝岐小屋", "name_en": "Hinoematagoya", "name_ja_hira": "ひのえまたごや", "kind": "alpine_hut", "ele": null, "phone": null, "website": "https://www.oze-hinoematagoya.jp/", "wikipedia_url": null, "wikidata_qid": null, "capacity": null, "reservation": null, "opening_hours": null, "fee": null, "operator": null, "address": "福島県 檜枝岐村", "email": null, "internet_access": null, "fireplace": null, "shower": null, "route_associations": [{"mountain_no": 28, "route_id": "m028-r0", "dist_m": 14}], "nearest_mountain_no": 28, "osm_id": "w428022204"}}, {"type": "Feature", "geometry": {"type": "Point", "coordinates": [139.2527134, 36.9406564]}, "properties": {"id": "h0040", "name": "原の小屋", "name_en": "Haranokoya", "name_ja_hira": "はらのこや", "kind": "alpine_hut", "ele": null, "phone": null, "website": "http://www.oze-haranokoya.com/", "wikipedia_url": null, "wikidata_qid": null, "capacity": null, "reservation": null, "opening_hours": null, "fee": null, "operator": null, "address": "福島県 檜枝岐村", "email": null, "internet_access": null, "fireplace": null, "shower": null, "route_associations": [{"mountain_no": 28, "route_id": "m028-r0", "dist_m": 14}], "nearest_mountain_no": 28, "osm_id": "w428022205"}}, {"type": "Feature", "geometry": {"type": "Point", "coordinates": [139.2522351, 36.9403083]}, "properties": {"id": "h0041", "name": "弥四郎小屋", "name_en": "Yashirogoya", "name_ja_hira": "やしろうごや", "kind": "alpine_hut", "ele": null, "phone": null, "website": "http://www.84658.jp/", "wikipedia_url": null, "wikidata_qid": null, "capacity": null, "reservation": null, "opening_hours": null, "fee": null, "operator": null, "address": "福島県 檜枝岐村", "email": null, "internet_access": "wlan", "fireplace": null, "shower": null, "route_associations": [{"mountain_no": 28, "route_id": "m028-r0", "dist_m": 30}], "nearest_mountain_no": 28, "osm_id": "w428022207"}}, {"type": "Feature", "geometry": {"type": "Point", "coordinates": [139.2520813, 36.9400266]}, "properties": {"id": "h0042", "name": "弥四郎小屋別館", "name_en": "Yashirogoya Annex", "name_ja_hira": null, "kind": "alpine_hut", "ele": null, "phone": null, "website": null, "wikipedia_url": null, "wikidata_qid": null, "capacity": null, "reservation": null, "opening_hours": null, "fee": null, "operator": null, "address": null, "email": null, "internet_access": null, "fireplace": null, "shower": null, "route_associations": [{"mountain_no": 28, "route_id": "m028-r0", "dist_m": 52}], "nearest_mountain_no": 28, "osm_id": "w428022209"}}, {"type": "Feature", "geometry": {"type": "Point", "coordinates": [139.2528093, 36.940274]}, "properties": {"id": "h0043", "name": "燧小屋", "name_en": "Hiuchigoya", "name_ja_hira": "ひうちごや", "kind": "alpine_hut", "ele": null, "phone": null, "website": "https://ozehiuchigoya.com/", "wikipedia_url": null, "wikidata_qid": null, "capacity": null, "reservation": null, "opening_hours": null, "fee": null, "operator": null, "address": "福島県 檜枝岐村", "email": null, "internet_access": null, "fireplace": null, "shower": null, "route_associations": [{"mountain_no": 28, "route_id": "m028-r1", "dist_m": 14}], "nearest_mountain_no": 28, "osm_id": "w428022210"}}, {"type": "Feature", "geometry": {"type": "Point", "coordinates": [139.251493, 36.9545689]}, "properties": {"id": "h0044", "name": "元湯山荘", "name_en": "MOTOYU Mountain Villa", "name_ja_hira": null, "kind": "alpine_hut", "ele": null, "phone": null, "website": null, "wikipedia_url": null, "wikidata_qid": null, "capacity": null, "reservation": null, "opening_hours": null, "fee": null, "operator": null, "address": null, "email": null, "internet_access": null, "fireplace": null, "shower": null, "route_associations": [{"mountain_no": 28, "route_id": "m028-r0", "dist_m": 24}], "nearest_mountain_no": 28, "osm_id": "w428022214"}}, {"type": "Feature", "geometry": {"type": "Point", "coordinates": [139.2514206, 36.954153]}, "properties": {"id": "h0045", "name": "温泉小屋", "name_en": "Onsengoya", "name_ja_hira": null, "kind": "alpine_hut", "ele": null, "phone": null, "website": null, "wikipedia_url": null, "wikidata_qid": null, "capacity": null, "reservation": null, "opening_hours": null, "fee": null, "operator": null, "address": null, "email": null, "internet_access": "wlan", "fireplace": null, "shower": null, "route_associations": [{"mountain_no": 28, "route_id": "m028-r0", "dist_m": 11}], "nearest_mountain_no": 28, "osm_id": "w428022219"}}, {"type": "Feature", "geometry": {"type": "Point", "coordinates": [139.3167586, 36.9266189]}, "properties": {"id": "h0046", "name": "尾瀬沼ヒュッテ", "name_en": "Ozenuma Hutte", "name_ja_hira": "おぜぬまひゅって", "kind": "alpine_hut", "ele": null, "phone": null, "website": null, "wikipedia_url": null, "wikidata_qid": null, "capacity": null, "reservation": null, "opening_hours": null, "fee": null, "operator": null, "address": null, "email": null, "internet_access": null, "fireplace": null, "shower": null, "route_associations": [{"mountain_no": 28, "route_id": "m028-r2", "dist_m": 284}], "nearest_mountain_no": 28, "osm_id": "w479261458"}}, {"type": "Feature", "geometry": {"type": "Point", "coordinates": [139.3155236, 36.9271956]}, "properties": {"id": "h0047", "name": "長蔵小屋", "name_en": "Chozo Hut", "name_ja_hira": "ちょうぞうごや", "kind": "alpine_hut", "ele": null, "phone": null, "website": "https://chozogoya.com/", "wikipedia_url": null, "wikidata_qid": null, "capacity": null, "reservation": null, "opening_hours": null, "fee": null, "operator": null, "address": null, "email": null, "internet_access": "wlan", "fireplace": null, "shower": null, "route_associations": [{"mountain_no": 28, "route_id": "m028-r2", "dist_m": 234}], "nearest_mountain_no": 28, "osm_id": "w479261476"}}, {"type": "Feature", "geometry": {"type": "Point", "coordinates": [139.3084949, 36.9194399]}, "properties": {"id": "h0048", "name": "尾瀬沼山荘", "name_en": "Ozenuma Mountain Villa", "name_ja_hira": null, "kind": "alpine_hut", "ele": null, "phone": null, "website": null, "wikipedia_url": null, "wikidata_qid": null, "capacity": 50, "reservation": null, "opening_hours": null, "fee": null, "operator": null, "address": null, "email": null, "internet_access": null, "fireplace": null, "shower": null, "route_associations": [], "nearest_mountain_no": 28, "osm_id": "w479265067"}}, {"type": "Feature", "geometry": {"type": "Point", "coordinates": [139.1982081, 36.9160758]}, "properties": {"id": "h0049", "name": "尾瀬ロッジ", "name_en": "Oze Lodge", "name_ja_hira": null, "kind": "alpine_hut", "ele": null, "phone": null, "website": null, "wikipedia_url": null, "wikidata_qid": null, "capacity": null, "reservation": null, "opening_hours": null, "fee": null, "operator": null, "address": "群馬県 片品村", "email": null, "internet_access": null, "fireplace": null, "shower": null, "route_associations": [{"mountain_no": 29, "route_id": "m029-r0", "dist_m": 226}], "nearest_mountain_no": 29, "osm_id": "w262636434"}}, {"type": "Feature", "geometry": {"type": "Point", "coordinates": [139.1977399, 36.9159667]}, "properties": {"id": "h0050", "name": "山の鼻小屋", "name_en": "Yamanohanagoya", "name_ja_hira": null, "kind": "alpine_hut", "ele": null, "phone": null, "website": null, "wikipedia_url": null, "wikidata_qid": null, "capacity": null, "reservation": null, "opening_hours": null, "fee": null, "operator": null, "address": "群馬県 片品村", "email": null, "internet_access": null, "fireplace": null, "shower": null, "route_associations": [{"mountain_no": 29, "route_id": "m029-r0", "dist_m": 183}], "nearest_mountain_no": 29, "osm_id": "w262636435"}}, {"type": "Feature", "geometry": {"type": "Point", "coordinates": [139.1974019, 36.9158478]}, "properties": {"id": "h0051", "name": "至仏山荘", "name_en": "SHIBUTSU Mountain Villa", "name_ja_hira": null, "kind": "alpine_hut", "ele": null, "phone": null, "website": null, "wikipedia_url": null, "wikidata_qid": null, "capacity": null, "reservation": null, "opening_hours": null, "fee": null, "operator": null, "address": "群馬県 片品村", "email": null, "internet_access": null, "fireplace": null, "shower": null, "route_associations": [{"mountain_no": 29, "route_id": "m029-r0", "dist_m": 152}], "nearest_mountain_no": 29, "osm_id": "w262636436"}}, {"type": "Feature", "geometry": {"type": "Point", "coordinates": [139.2008478, 36.890384]}, "properties": {"id": "h0052", "name": "LUCY尾瀬鳩待 by 星野リゾート", "name_en": "LUCY Ozehatomachi by Hoshino Resorts.", "name_ja_hira": null, "kind": "alpine_hut", "ele": null, "phone": "050-3134-8099", "website": "https://hoshinoresorts.com/ja/hotels/lucyozehatomachi/https://hoshinoresorts.com/ja/hotels/lucyozehatomachi/", "wikipedia_url": null, "wikidata_qid": null, "capacity": null, "reservation": null, "opening_hours": null, "fee": null, "operator": "星野リゾート", "address": "群馬県 片品村", "email": null, "internet_access": null, "fireplace": null, "shower": null, "route_associations": [], "nearest_mountain_no": 29, "osm_id": "w388245395"}}, {"type": "Feature", "geometry": {"type": "Point", "coordinates": [138.929721, 36.8330311]}, "properties": {"id": "h0053", "name": "谷川岳肩ノ小屋", "name_en": "Tanigawadake Kata no Koya", "name_ja_hira": null, "kind": "alpine_hut", "ele": null, "phone": null, "website": null, "wikipedia_url": null, "wikidata_qid": null, "capacity": null, "reservation": null, "opening_hours": null, "fee": null, "operator": null, "address": null, "email": null, "internet_access": null, "fireplace": null, "shower": null, "route_associations": [{"mountain_no": 30, "route_id": "m030-r0", "dist_m": 8}], "nearest_mountain_no": 30, "osm_id": "w909911479"}}, {"type": "Feature", "geometry": {"type": "Point", "coordinates": [138.9216026, 36.8792506]}, "properties": {"id": "h0054", "name": "蓬ヒュッテ", "name_en": null, "name_ja_hira": null, "kind": "alpine_hut", "ele": null, "phone": null, "website": null, "wikipedia_url": null, "wikidata_qid": null, "capacity": null, "reservation": null, "opening_hours": null, "fee": null, "operator": null, "address": null, "email": null, "internet_access": null, "fireplace": null, "shower": null, "route_associations": [{"mountain_no": 30, "route_id": "m030-r1", "dist_m": 6}], "nearest_mountain_no": 30, "osm_id": "w941136078"}}, {"type": "Feature", "geometry": {"type": "Point", "coordinates": [138.8706759, 36.817811]}, "properties": {"id": "h0055", "name": "(이름 미상)", "name_en": null, "name_ja_hira": null, "kind": "wilderness_hut", "ele": null, "phone": null, "website": null, "wikipedia_url": null, "wikidata_qid": null, "capacity": null, "reservation": null, "opening_hours": null, "fee": "no", "operator": null, "address": null, "email": null, "internet_access": null, "fireplace": "no", "shower": null, "route_associations": [{"mountain_no": 30, "route_id": "m030-r3", "dist_m": 14}], "nearest_mountain_no": 30, "osm_id": "w941417665"}}, {"type": "Feature", "geometry": {"type": "Point", "coordinates": [138.8450777, 36.8150607]}, "properties": {"id": "h0056", "name": "エビス大黒避難小屋", "name_en": "Ebisu Oguro Hinangoya", "name_ja_hira": null, "kind": "wilderness_hut", "ele": null, "phone": null, "website": null, "wikipedia_url": null, "wikidata_qid": null, "capacity": null, "reservation": null, "opening_hours": null, "fee": "no", "operator": null, "address": null, "email": null, "internet_access": null, "fireplace": "no", "shower": null, "route_associations": [], "nearest_mountain_no": 30, "osm_id": "w941417666"}}, {"type": "Feature", "geometry": {"type": "Point", "coordinates": [138.728594, 36.8703657]}, "properties": {"id": "h0057", "name": "和田小屋", "name_en": null, "name_ja_hira": null, "kind": "alpine_hut", "ele": 1380.0, "phone": "+81 25 788 9221", "website": null, "wikipedia_url": null, "wikidata_qid": null, "capacity": null, "reservation": null, "opening_hours": null, "fee": null, "operator": null, "address": null, "email": null, "internet_access": null, "fireplace": null, "shower": null, "route_associations": [], "nearest_mountain_no": 32, "osm_id": "w388178309"}}, {"type": "Feature", "geometry": {"type": "Point", "coordinates": [138.689548, 36.8453554]}, "properties": {"id": "h0058", "name": "苗場山頂ヒュッテ", "name_en": null, "name_ja_hira": null, "kind": "alpine_hut", "ele": null, "phone": null, "website": null, "wikipedia_url": null, "wikidata_qid": null, "capacity": null, "reservation": null, "opening_hours": null, "fee": null, "operator": null, "address": null, "email": null, "internet_access": null, "fireplace": null, "shower": null, "route_associations": [], "nearest_mountain_no": 32, "osm_id": "w549930007"}}, {"type": "Feature", "geometry": {"type": "Point", "coordinates": [138.1015631, 36.9064396]}, "properties": {"id": "h0059", "name": "黒沢池ヒュッテ", "name_en": "Kurosawaike hut", "name_ja_hira": null, "kind": "alpine_hut", "ele": null, "phone": null, "website": null, "wikipedia_url": null, "wikidata_qid": null, "capacity": null, "reservation": null, "opening_hours": null, "fee": null, "operator": null, "address": null, "email": null, "internet_access": null, "fireplace": null, "shower": null, "route_associations": [{"mountain_no": 33, "route_id": "m033-r0", "dist_m": 1}, {"mountain_no": 34, "route_id": "m034-r3", "dist_m": 1}], "nearest_mountain_no": 33, "osm_id": "n3156208062"}}, {"type": "Feature", "geometry": {"type": "Point", "coordinates": [138.0846054, 36.9093614]}, "properties": {"id": "h0060", "name": "高谷池ヒュッテ", "name_en": "Koyaike Hutte", "name_ja_hira": "こうやいけひゅって", "kind": "alpine_hut", "ele": null, "phone": null, "website": null, "wikipedia_url": null, "wikidata_qid": null, "capacity": null, "reservation": null, "opening_hours": null, "fee": null, "operator": null, "address": null, "email": null, "internet_access": null, "fireplace": null, "shower": null, "route_associations": [{"mountain_no": 33, "route_id": "m033-r0", "dist_m": 124}, {"mountain_no": 34, "route_id": "m034-r2", "dist_m": 124}], "nearest_mountain_no": 34, "osm_id": "n3156208063"}}, {"type": "Feature", "geometry": {"type": "Point", "coordinates": [139.4895953, 36.7517889]}, "properties": {"id": "h0061", "name": "(이름 미상)", "name_en": null, "name_ja_hira": null, "kind": "wilderness_hut", "ele": null, "phone": null, "website": null, "wikipedia_url": null, "wikidata_qid": null, "capacity": null, "reservation": null, "opening_hours": null, "fee": null, "operator": null, "address": null, "email": null, "internet_access": null, "fireplace": null, "shower": null, "route_associations": [{"mountain_no": 36, "route_id": "m036-r0", "dist_m": 8}], "nearest_mountain_no": 36, "osm_id": "n4893833638"}}, {"type": "Feature", "geometry": {"type": "Point", "coordinates": [139.4897744, 36.7554901]}, "properties": {"id": "h0062", "name": "(이름 미상)", "name_en": null, "name_ja_hira": null, "kind": "wilderness_hut", "ele": null, "phone": null, "website": null, "wikipedia_url": null, "wikidata_qid": null, "capacity": null, "reservation": null, "opening_hours": null, "fee": null, "operator": null, "address": null, "email": null, "internet_access": null, "fireplace": null, "shower": null, "route_associations": [{"mountain_no": 36, "route_id": "m036-r0", "dist_m": 0}], "nearest_mountain_no": 36, "osm_id": "n4893833639"}}, {"type": "Feature", "geometry": {"type": "Point", "coordinates": [139.4894495, 36.7574066]}, "properties": {"id": "h0063", "name": "(이름 미상)", "name_en": null, "name_ja_hira": null, "kind": "wilderness_hut", "ele": null, "phone": null, "website": null, "wikipedia_url": null, "wikidata_qid": null, "capacity": null, "reservation": null, "opening_hours": null, "fee": null, "operator": null, "address": null, "email": null, "internet_access": null, "fireplace": null, "shower": null, "route_associations": [{"mountain_no": 36, "route_id": "m036-r0", "dist_m": 5}], "nearest_mountain_no": 36, "osm_id": "n4893833640"}}, {"type": "Feature", "geometry": {"type": "Point", "coordinates": [139.5389614, 36.8080652]}, "properties": {"id": "h0064", "name": "唐沢避難小屋", "name_en": null, "name_ja_hira": null, "kind": "wilderness_hut", "ele": null, "phone": null, "website": null, "wikipedia_url": null, "wikidata_qid": null, "capacity": null, "reservation": null, "opening_hours": null, "fee": "no", "operator": "日光市役所経済観光部日光観光経済課", "address": null, "email": null, "internet_access": null, "fireplace": null, "shower": null, "route_associations": [], "nearest_mountain_no": 36, "osm_id": "n12227625965"}}, {"type": "Feature", "geometry": {"type": "Point", "coordinates": [139.5003774, 36.7827153]}, "properties": {"id": "h0065", "name": "志津行屋 避難小屋", "name_en": "Shizugoya Hinangoya", "name_ja_hira": null, "kind": "wilderness_hut", "ele": null, "phone": null, "website": null, "wikipedia_url": null, "wikidata_qid": null, "capacity": null, "reservation": null, "opening_hours": null, "fee": null, "operator": null, "address": null, "email": null, "internet_access": null, "fireplace": null, "shower": null, "route_associations": [{"mountain_no": 36, "route_id": "m036-r1", "dist_m": 8}], "nearest_mountain_no": 36, "osm_id": "w364386346"}}, {"type": "Feature", "geometry": {"type": "Point", "coordinates": [139.3680804, 36.6696922]}, "properties": {"id": "h0066", "name": "庚申山荘", "name_en": "Koshin Sanso", "name_ja_hira": "こうしんさんそう", "kind": "alpine_hut", "ele": null, "phone": null, "website": null, "wikipedia_url": null, "wikidata_qid": null, "capacity": null, "reservation": null, "opening_hours": "closed", "fee": null, "operator": null, "address": null, "email": null, "internet_access": null, "fireplace": null, "shower": null, "route_associations": [], "nearest_mountain_no": 38, "osm_id": "w1426303645"}}, {"type": "Feature", "geometry": {"type": "Point", "coordinates": [138.5498488, 36.6542758]}, "properties": {"id": "h0067", "name": "芳ヶ平ヒュッテ", "name_en": null, "name_ja_hira": null, "kind": "alpine_hut", "ele": null, "phone": null, "website": null, "wikipedia_url": null, "wikidata_qid": null, "capacity": null, "reservation": null, "opening_hours": null, "fee": null, "operator": null, "address": null, "email": null, "internet_access": null, "fireplace": null, "shower": null, "route_associations": [], "nearest_mountain_no": 41, "osm_id": "n5784845015"}}, {"type": "Feature", "geometry": {"type": "Point", "coordinates": [138.5257779, 36.651389]}, "properties": {"id": "h0068", "name": "(이름 미상)", "name_en": null, "name_ja_hira": null, "kind": "wilderness_hut", "ele": null, "phone": null, "website": null, "wikipedia_url": null, "wikidata_qid": null, "capacity": null, "reservation": null, "opening_hours": null, "fee": null, "operator": null, "address": null, "email": null, "internet_access": null, "fireplace": null, "shower": null, "route_associations": [], "nearest_mountain_no": 41, "osm_id": "w1086474314"}}, {"type": "Feature", "geometry": {"type": "Point", "coordinates": [138.4773429, 36.6740843]}, "properties": {"id": "h0069", "name": "笠岳避難小屋", "name_en": null, "name_ja_hira": null, "kind": "wilderness_hut", "ele": null, "phone": null, "website": null, "wikipedia_url": null, "wikidata_qid": null, "capacity": null, "reservation": null, "opening_hours": null, "fee": "no", "operator": null, "address": null, "email": null, "internet_access": null, "fireplace": "yes", "shower": null, "route_associations": [], "nearest_mountain_no": 41, "osm_id": "w1425581856"}}, {"type": "Feature", "geometry": {"type": "Point", "coordinates": [138.3774646, 36.5533935]}, "properties": {"id": "h0070", "name": "根子岳避難小屋", "name_en": null, "name_ja_hira": null, "kind": "wilderness_hut", "ele": null, "phone": null, "website": null, "wikipedia_url": null, "wikidata_qid": null, "capacity": null, "reservation": null, "opening_hours": null, "fee": null, "operator": null, "address": null, "email": null, "internet_access": null, "fireplace": null, "shower": null, "route_associations": [{"mountain_no": 42, "route_id": "m042-r3", "dist_m": 75}], "nearest_mountain_no": 42, "osm_id": "w1441614385"}}, {"type": "Feature", "geometry": {"type": "Point", "coordinates": [138.4964318, 36.3997099]}, "properties": {"id": "h0071", "name": "火山館", "name_en": null, "name_ja_hira": null, "kind": "wilderness_hut", "ele": null, "phone": null, "website": null, "wikipedia_url": null, "wikidata_qid": null, "capacity": null, "reservation": null, "opening_hours": null, "fee": null, "operator": "小諸市", "address": null, "email": null, "internet_access": null, "fireplace": "yes", "shower": null, "route_associations": [], "nearest_mountain_no": 43, "osm_id": "n7694101777"}}, {"type": "Feature", "geometry": {"type": "Point", "coordinates": [137.766779, 36.7245209]}, "properties": {"id": "h0072", "name": "Hakuba Yari Onsen Goya", "name_en": "Hakuba Yari Onsen Goya", "name_ja_hira": null, "kind": "alpine_hut", "ele": 2100.0, "phone": null, "website": null, "wikipedia_url": null, "wikidata_qid": null, "capacity": 100, "reservation": null, "opening_hours": null, "fee": null, "operator": null, "address": null, "email": null, "internet_access": null, "fireplace": null, "shower": null, "route_associations": [], "nearest_mountain_no": 45, "osm_id": "n4424677291"}}, {"type": "Feature", "geometry": {"type": "Point", "coordinates": [137.7986132, 36.8102052]}, "properties": {"id": "h0073", "name": "Hakubadake Renge Onsen Lodge", "name_en": "Hakubadake Renge Onsen Lodge", "name_ja_hira": null, "kind": "alpine_hut", "ele": null, "phone": null, "website": null, "wikipedia_url": null, "wikidata_qid": null, "capacity": null, "reservation": null, "opening_hours": null, "fee": null, "operator": null, "address": null, "email": null, "internet_access": null, "fireplace": null, "shower": null, "route_associations": [], "nearest_mountain_no": 45, "osm_id": "n4424692395"}}, {"type": "Feature", "geometry": {"type": "Point", "coordinates": [137.8273076, 36.7157876]}, "properties": {"id": "h0074", "name": "あぜくら山荘", "name_en": "Azekura Sanso", "name_ja_hira": null, "kind": "alpine_hut", "ele": null, "phone": "81-0261-72-5238", "website": "http://www.azekura.com", "wikipedia_url": null, "wikidata_qid": null, "capacity": null, "reservation": null, "opening_hours": null, "fee": null, "operator": null, "address": null, "email": "mail@azekura.com", "internet_access": null, "fireplace": null, "shower": null, "route_associations": [], "nearest_mountain_no": 45, "osm_id": "n4903795422"}}, {"type": "Feature", "geometry": {"type": "Point", "coordinates": [137.7563468, 36.7559846]}, "properties": {"id": "h0075", "name": "白馬山荘", "name_en": "Hakuba Sanso", "name_ja_hira": null, "kind": "alpine_hut", "ele": 2832.0, "phone": null, "website": "https://funq.jp/peaks/article/566895/", "wikipedia_url": "https://ja.wikipedia.org/wiki/%E7%99%BD%E9%A6%AC%E5%B1%B1%E8%8D%98", "wikidata_qid": "Q11580470", "capacity": 800, "reservation": null, "opening_hours": null, "fee": null, "operator": null, "address": null, "email": null, "internet_access": null, "fireplace": null, "shower": null, "route_associations": [], "nearest_mountain_no": 45, "osm_id": "w234581427", "image": {"filename": "Hakuba Sanso.JPG", "thumb": "https://commons.wikimedia.org/wiki/Special:FilePath/Hakuba_Sanso.JPG?width=400", "large": "https://commons.wikimedia.org/wiki/Special:FilePath/Hakuba_Sanso.JPG?width=1200", "commons": "https://commons.wikimedia.org/wiki/File:Hakuba_Sanso.JPG"}, "description": "北アルプスの白馬岳にある山小屋"}}, {"type": "Feature", "geometry": {"type": "Point", "coordinates": [137.8008952, 36.7460179]}, "properties": {"id": "h0076", "name": "猿倉荘", "name_en": null, "name_ja_hira": null, "kind": "alpine_hut", "ele": null, "phone": null, "website": "http://vill.hakuba.nagano.jp/green/tozan_trekking/daisekkei.html", "wikipedia_url": "https://ja.wikipedia.org/wiki/%E7%99%BD%E9%A6%AC%E5%A4%A7%E9%9B%AA%E6%B8%93", "wikidata_qid": null, "capacity": null, "reservation": null, "opening_hours": null, "fee": null, "operator": null, "address": null, "email": null, "internet_access": null, "fireplace": null, "shower": null, "route_associations": [], "nearest_mountain_no": 45, "osm_id": "w234581429"}}, {"type": "Feature", "geometry": {"type": "Point", "coordinates": [137.7537385, 36.7527728]}, "properties": {"id": "h0077", "name": "白馬岳頂上宿舎", "name_en": "Shiroumadake Chojoshukusha", "name_ja_hira": "しろうまだけちょうじょうしゅくしゃ", "kind": "alpine_hut", "ele": null, "phone": null, "website": "http://www3.e-reikinet.jp/hakuba/d1w_reiki/418901010019000000MH/418901010019000000MH/418901010019000000MH.html", "wikipedia_url": "https://ja.wikipedia.org/wiki/%E7%99%BD%E9%A6%AC%E5%B2%B3%E9%A0%82%E4%B8%8A%E5%AE%BF%E8%88%8E", "wikidata_qid": "Q11580474", "capacity": 1000, "reservation": null, "opening_hours": "- 6月中旬 - 10月上旬", "fee": null, "operator": null, "address": null, "email": null, "internet_access": null, "fireplace": null, "shower": null, "route_associations": [], "nearest_mountain_no": 45, "osm_id": "w234581430", "image": {"filename": "Hakubadake Chojoshukusha.jpg", "thumb": "https://commons.wikimedia.org/wiki/Special:FilePath/Hakubadake_Chojoshukusha.jpg?width=400", "large": "https://commons.wikimedia.org/wiki/Special:FilePath/Hakubadake_Chojoshukusha.jpg?width=1200", "commons": "https://commons.wikimedia.org/wiki/File:Hakubadake_Chojoshukusha.jpg"}, "description": "長野県白馬村の白馬岳にある山小屋", "fee_yen": "10円"}}, {"type": "Feature", "geometry": {"type": "Point", "coordinates": [137.7988494, 36.6971174]}, "properties": {"id": "h0078", "name": "八方池山荘", "name_en": "Happoike Sanso", "name_ja_hira": null, "kind": "alpine_hut", "ele": 1850.0, "phone": null, "website": "https://maps.gsi.go.jp/#15/36.687173/137.754642/&base=std&ls=std&disp=1&vs=c1j0h0k0l0u0t0z0r0s0f1", "wikipedia_url": "https://ja.wikipedia.org/wiki/%E5%85%AB%E6%96%B9%E6%B1%A0%E5%B1%B1%E8%8D%98", "wikidata_qid": null, "capacity": 350, "reservation": null, "opening_hours": "は4月末-10月中旬（2015年の営業期間）<ref name=\"PEAKS (", "fee": null, "operator": "白馬村振興公社", "address": null, "email": null, "internet_access": null, "fireplace": null, "shower": null, "route_associations": [], "nearest_mountain_no": 46, "osm_id": "w312064753"}}, {"type": "Feature", "geometry": {"type": "Point", "coordinates": [137.8189245, 36.7735928]}, "properties": {"id": "h0079", "name": "栂池ヒュッテ", "name_en": "Tsugaike Hutte", "name_ja_hira": null, "kind": "alpine_hut", "ele": 1860.0, "phone": "+81 261 83 3136", "website": "https://www.naganoken-gakushuryoko.net/mountain/%E6%A0%82%E6%B1%A0%E9%AB%98%E5%8E%9F/", "wikipedia_url": "https://ja.wikipedia.org/wiki/%E6%A0%82%E6%B1%A0%E3%83%92%E3%83%A5%E3%83%83%E3%83%86", "wikidata_qid": null, "capacity": 70, "reservation": null, "opening_hours": null, "fee": null, "operator": null, "address": null, "email": null, "internet_access": null, "fireplace": null, "shower": null, "route_associations": [], "nearest_mountain_no": 45, "osm_id": "w375409887"}}, {"type": "Feature", "geometry": {"type": "Point", "coordinates": [137.7952116, 36.7864524]}, "properties": {"id": "h0080", "name": "白馬大池山荘", "name_en": null, "name_ja_hira": null, "kind": "alpine_hut", "ele": 2380.0, "phone": null, "website": "http://www.kita-alps.omachi.nagano.jp/about_kouikirengou/kouhou/yukougaku/yukougaku79.pdf", "wikipedia_url": "https://ja.wikipedia.org/wiki/%E7%99%BD%E9%A6%AC%E5%A4%A7%E6%B1%A0%E5%B1%B1%E8%8D%98", "wikidata_qid": null, "capacity": 150, "reservation": null, "opening_hours": null, "fee": null, "operator": null, "address": null, "email": null, "internet_access": null, "fireplace": null, "shower": null, "route_associations": [{"mountain_no": 45, "route_id": "m045-r0", "dist_m": 20}], "nearest_mountain_no": 45, "osm_id": "w375648248"}}, {"type": "Feature", "geometry": {"type": "Point", "coordinates": [137.7827775, 36.7508212]}, "properties": {"id": "h0081", "name": "白馬尻小屋", "name_en": null, "name_ja_hira": null, "kind": "alpine_hut", "ele": 150.0, "phone": null, "website": null, "wikipedia_url": null, "wikidata_qid": null, "capacity": 130, "reservation": null, "opening_hours": null, "fee": null, "operator": null, "address": null, "email": null, "internet_access": null, "fireplace": null, "shower": null, "route_associations": [], "nearest_mountain_no": 45, "osm_id": "w384693563"}}, {"type": "Feature", "geometry": {"type": "Point", "coordinates": [137.753303, 36.7209053]}, "properties": {"id": "h0082", "name": "天狗山荘", "name_en": "Tengu Sanso", "name_ja_hira": null, "kind": "alpine_hut", "ele": null, "phone": null, "website": "https://maps.gsi.go.jp/#15/36.740555555556/137.75925", "wikipedia_url": "https://ja.wikipedia.org/wiki/%E5%A4%A9%E7%8B%97%E5%B1%B1%E8%8D%98", "wikidata_qid": null, "capacity": null, "reservation": null, "opening_hours": null, "fee": null, "operator": null, "address": null, "email": null, "internet_access": null, "fireplace": null, "shower": null, "route_associations": [], "nearest_mountain_no": 45, "osm_id": "w810456769"}}, {"type": "Feature", "geometry": {"type": "Point", "coordinates": [137.8229203, 36.7739769]}, "properties": {"id": "h0083", "name": "成城大学小屋", "name_en": null, "name_ja_hira": null, "kind": "alpine_hut", "ele": null, "phone": null, "website": null, "wikipedia_url": null, "wikidata_qid": null, "capacity": null, "reservation": null, "opening_hours": null, "fee": null, "operator": null, "address": null, "email": null, "internet_access": null, "fireplace": null, "shower": null, "route_associations": [], "nearest_mountain_no": 45, "osm_id": "w1161645661"}}, {"type": "Feature", "geometry": {"type": "Point", "coordinates": [137.752682, 36.6335463]}, "properties": {"id": "h0084", "name": "キレット小屋", "name_en": "Kiret Goya", "name_ja_hira": null, "kind": "alpine_hut", "ele": 2470.0, "phone": null, "website": null, "wikipedia_url": null, "wikidata_qid": null, "capacity": 80, "reservation": null, "opening_hours": null, "fee": null, "operator": null, "address": null, "email": null, "internet_access": null, "fireplace": null, "shower": null, "route_associations": [{"mountain_no": 47, "route_id": "m047-r0", "dist_m": 10}], "nearest_mountain_no": 47, "osm_id": "n4143341073"}}, {"type": "Feature", "geometry": {"type": "Point", "coordinates": [137.7602023, 36.6636351]}, "properties": {"id": "h0085", "name": "五竜山荘", "name_en": "Goryusanso", "name_ja_hira": null, "kind": "alpine_hut", "ele": 2490.0, "phone": null, "website": null, "wikipedia_url": null, "wikidata_qid": null, "capacity": 250, "reservation": null, "opening_hours": null, "fee": null, "operator": null, "address": null, "email": null, "internet_access": null, "fireplace": null, "shower": null, "route_associations": [{"mountain_no": 46, "route_id": "m046-r0", "dist_m": 18}, {"mountain_no": 47, "route_id": "m047-r0", "dist_m": 18}], "nearest_mountain_no": 46, "osm_id": "n4143341074"}}, {"type": "Feature", "geometry": {"type": "Point", "coordinates": [137.677076, 36.6567968]}, "properties": {"id": "h0086", "name": "阿曽原温泉小屋", "name_en": "Azohara-onsen-goya", "name_ja_hira": null, "kind": "alpine_hut", "ele": null, "phone": "+81-765-62-1148", "website": "https://azohara.niikawa.com/", "wikipedia_url": "https://ja.wikipedia.org/wiki/%E9%98%BF%E6%9B%BD%E5%8E%9F%E6%B8%A9%E6%B3%89", "wikidata_qid": "Q11657451", "capacity": null, "reservation": null, "opening_hours": null, "fee": null, "operator": null, "address": null, "email": null, "internet_access": null, "fireplace": null, "shower": null, "route_associations": [], "nearest_mountain_no": 48, "osm_id": "n4348196266", "image": {"filename": "Azohara Hot Spring.jpg", "thumb": "https://commons.wikimedia.org/wiki/Special:FilePath/Azohara_Hot_Spring.jpg?width=400", "large": "https://commons.wikimedia.org/wiki/Special:FilePath/Azohara_Hot_Spring.jpg?width=1200", "commons": "https://commons.wikimedia.org/wiki/File:Azohara_Hot_Spring.jpg"}, "description": "富山県黒部市にある温泉"}}, {"type": "Feature", "geometry": {"type": "Point", "coordinates": [137.6795897, 36.698244]}, "properties": {"id": "h0087", "name": "Yamagoya Babadani Onsen", "name_en": "Yamagoya Babadani Onsen", "name_ja_hira": null, "kind": "alpine_hut", "ele": null, "phone": null, "website": null, "wikipedia_url": null, "wikidata_qid": null, "capacity": null, "reservation": null, "opening_hours": null, "fee": null, "operator": null, "address": null, "email": null, "internet_access": null, "fireplace": null, "shower": null, "route_associations": [], "nearest_mountain_no": 46, "osm_id": "n4424705393"}}, {"type": "Feature", "geometry": {"type": "Point", "coordinates": [137.7592307, 36.6852858]}, "properties": {"id": "h0088", "name": "唐松岳頂上山荘", "name_en": null, "name_ja_hira": null, "kind": "alpine_hut", "ele": null, "phone": null, "website": null, "wikipedia_url": null, "wikidata_qid": null, "capacity": null, "reservation": null, "opening_hours": null, "fee": null, "operator": null, "address": null, "email": null, "internet_access": null, "fireplace": null, "shower": null, "route_associations": [], "nearest_mountain_no": 46, "osm_id": "w697376616"}}, {"type": "Feature", "geometry": {"type": "Point", "coordinates": [137.7589044, 36.6857154]}, "properties": {"id": "h0089", "name": "唐松岳頂上山荘", "name_en": null, "name_ja_hira": null, "kind": "alpine_hut", "ele": null, "phone": null, "website": null, "wikipedia_url": null, "wikidata_qid": null, "capacity": null, "reservation": null, "opening_hours": null, "fee": null, "operator": null, "address": null, "email": null, "internet_access": null, "fireplace": null, "shower": null, "route_associations": [], "nearest_mountain_no": 46, "osm_id": "w697376617"}}, {"type": "Feature", "geometry": {"type": "Point", "coordinates": [137.7484633, 36.6029135]}, "properties": {"id": "h0090", "name": "冷池山荘", "name_en": "Tsumetaike Sanso", "name_ja_hira": null, "kind": "alpine_hut", "ele": null, "phone": null, "website": null, "wikipedia_url": null, "wikidata_qid": null, "capacity": null, "reservation": null, "opening_hours": null, "fee": "yes", "operator": null, "address": null, "email": null, "internet_access": "no", "fireplace": null, "shower": null, "route_associations": [], "nearest_mountain_no": 47, "osm_id": "w705736099"}}, {"type": "Feature", "geometry": {"type": "Point", "coordinates": [137.6798704, 36.6990945]}, "properties": {"id": "h0091", "name": "祖母谷温泉", "name_en": null, "name_ja_hira": null, "kind": "alpine_hut", "ele": null, "phone": null, "website": null, "wikipedia_url": null, "wikidata_qid": null, "capacity": null, "reservation": null, "opening_hours": null, "fee": null, "operator": null, "address": null, "email": null, "internet_access": null, "fireplace": null, "shower": null, "route_associations": [], "nearest_mountain_no": 46, "osm_id": "w875658817"}}, {"type": "Feature", "geometry": {"type": "Point", "coordinates": [137.7355151, 36.5879051]}, "properties": {"id": "h0092", "name": "種池山荘", "name_en": "Taneike Sanso", "name_ja_hira": null, "kind": "alpine_hut", "ele": null, "phone": null, "website": null, "wikipedia_url": null, "wikidata_qid": null, "capacity": null, "reservation": null, "opening_hours": null, "fee": null, "operator": null, "address": null, "email": null, "internet_access": null, "fireplace": null, "shower": null, "route_associations": [], "nearest_mountain_no": 47, "osm_id": "w933358810"}}, {"type": "Feature", "geometry": {"type": "Point", "coordinates": [137.7030845, 36.571671]}, "properties": {"id": "h0093", "name": "新越山荘", "name_en": "Shinkoshi-Sanso", "name_ja_hira": null, "kind": "alpine_hut", "ele": null, "phone": null, "website": null, "wikipedia_url": null, "wikidata_qid": null, "capacity": null, "reservation": null, "opening_hours": null, "fee": null, "operator": null, "address": null, "email": null, "internet_access": null, "fireplace": null, "shower": null, "route_associations": [], "nearest_mountain_no": 47, "osm_id": "w729453508"}}, {"type": "Feature", "geometry": {"type": "Point", "coordinates": [137.6227812, 36.588353]}, "properties": {"id": "h0094", "name": "内蔵助山荘", "name_en": "Kuranosuke Sanso", "name_ja_hira": null, "kind": "alpine_hut", "ele": null, "phone": null, "website": null, "wikipedia_url": null, "wikidata_qid": null, "capacity": null, "reservation": null, "opening_hours": null, "fee": null, "operator": null, "address": null, "email": null, "internet_access": null, "fireplace": null, "shower": null, "route_associations": [], "nearest_mountain_no": 49, "osm_id": "n4313837091"}}, {"type": "Feature", "geometry": {"type": "Point", "coordinates": [137.5535055, 36.5972472]}, "properties": {"id": "h0095", "name": "Dainichi Lodge", "name_en": "Dainichi Lodge", "name_ja_hira": null, "kind": "alpine_hut", "ele": null, "phone": null, "website": null, "wikipedia_url": null, "wikidata_qid": null, "capacity": null, "reservation": null, "opening_hours": null, "fee": null, "operator": null, "address": null, "email": null, "internet_access": null, "fireplace": null, "shower": null, "route_associations": [], "nearest_mountain_no": 49, "osm_id": "n4396995690"}}, {"type": "Feature", "geometry": {"type": "Point", "coordinates": [137.6403471, 36.6104681]}, "properties": {"id": "h0096", "name": "(이름 미상)", "name_en": null, "name_ja_hira": null, "kind": "alpine_hut", "ele": null, "phone": null, "website": null, "wikipedia_url": null, "wikidata_qid": null, "capacity": null, "reservation": null, "opening_hours": null, "fee": null, "operator": null, "address": null, "email": null, "internet_access": null, "fireplace": null, "shower": null, "route_associations": [], "nearest_mountain_no": 48, "osm_id": "n5828145687"}}, {"type": "Feature", "geometry": {"type": "Point", "coordinates": [137.6400108, 36.6391143]}, "properties": {"id": "h0097", "name": "池丿平小屋", "name_en": "Ikenodaira Goya", "name_ja_hira": null, "kind": "alpine_hut", "ele": null, "phone": null, "website": null, "wikipedia_url": null, "wikidata_qid": null, "capacity": null, "reservation": null, "opening_hours": null, "fee": null, "operator": null, "address": null, "email": null, "internet_access": null, "fireplace": null, "shower": null, "route_associations": [], "nearest_mountain_no": 48, "osm_id": "n5828159585"}}, {"type": "Feature", "geometry": {"type": "Point", "coordinates": [137.6009339, 36.5777072]}, "properties": {"id": "h0098", "name": "立山室堂山荘", "name_en": "Tateyama Murodo Sanso", "name_ja_hira": null, "kind": "alpine_hut", "ele": null, "phone": null, "website": null, "wikipedia_url": null, "wikidata_qid": null, "capacity": null, "reservation": null, "opening_hours": null, "fee": null, "operator": null, "address": null, "email": null, "internet_access": null, "fireplace": null, "shower": null, "route_associations": [{"mountain_no": 49, "route_id": "m049-r2", "dist_m": 60}], "nearest_mountain_no": 49, "osm_id": "w197896242"}}, {"type": "Feature", "geometry": {"type": "Point", "coordinates": [137.6120644, 36.5703909]}, "properties": {"id": "h0099", "name": "一の越山荘", "name_en": "Ichinokoshi Sanso", "name_ja_hira": null, "kind": "alpine_hut", "ele": null, "phone": null, "website": null, "wikipedia_url": null, "wikidata_qid": null, "capacity": null, "reservation": null, "opening_hours": null, "fee": null, "operator": null, "address": null, "email": null, "internet_access": null, "fireplace": null, "shower": null, "route_associations": [{"mountain_no": 49, "route_id": "m049-r0", "dist_m": 16}], "nearest_mountain_no": 49, "osm_id": "w199357185"}}, {"type": "Feature", "geometry": {"type": "Point", "coordinates": [137.5978119, 36.5879342]}, "properties": {"id": "h0100", "name": "ロッジ立山連峰", "name_en": "Lodge Tateyama Renpo", "name_ja_hira": null, "kind": "alpine_hut", "ele": null, "phone": "076-463-6004", "website": "https://www.raichozawa.net/lodge.html", "wikipedia_url": null, "wikidata_qid": null, "capacity": null, "reservation": null, "opening_hours": null, "fee": null, "operator": null, "address": null, "email": null, "internet_access": "wlan", "fireplace": null, "shower": null, "route_associations": [], "nearest_mountain_no": 49, "osm_id": "w199362779"}}, {"type": "Feature", "geometry": {"type": "Point", "coordinates": [137.5983478, 36.5844996]}, "properties": {"id": "h0101", "name": "らいちょう温泉雷鳥荘", "name_en": "Raicho Onsen Raicho-so", "name_ja_hira": null, "kind": "alpine_hut", "ele": null, "phone": null, "website": null, "wikipedia_url": null, "wikidata_qid": null, "capacity": null, "reservation": null, "opening_hours": null, "fee": null, "operator": null, "address": null, "email": null, "internet_access": null, "fireplace": null, "shower": null, "route_associations": [], "nearest_mountain_no": 49, "osm_id": "w199362781"}}, {"type": "Feature", "geometry": {"type": "Point", "coordinates": [137.5540006, 36.6472378]}, "properties": {"id": "h0102", "name": "馬場島荘", "name_en": "Banbajima Lodge", "name_ja_hira": null, "kind": "alpine_hut", "ele": null, "phone": null, "website": null, "wikipedia_url": null, "wikidata_qid": null, "capacity": null, "reservation": null, "opening_hours": null, "fee": null, "operator": null, "address": null, "email": null, "internet_access": null, "fireplace": null, "shower": null, "route_associations": [], "nearest_mountain_no": 48, "osm_id": "w416728780"}}, {"type": "Feature", "geometry": {"type": "Point", "coordinates": [137.5976573, 36.6311368]}, "properties": {"id": "h0103", "name": "早月小屋", "name_en": "Hayatsuki Goya", "name_ja_hira": null, "kind": "alpine_hut", "ele": null, "phone": null, "website": null, "wikipedia_url": null, "wikidata_qid": null, "capacity": null, "reservation": null, "opening_hours": null, "fee": null, "operator": null, "address": null, "email": null, "internet_access": null, "fireplace": null, "shower": null, "route_associations": [{"mountain_no": 48, "route_id": "m048-r0", "dist_m": 34}], "nearest_mountain_no": 48, "osm_id": "w435008722"}}, {"type": "Feature", "geometry": {"type": "Point", "coordinates": [137.5981751, 36.5870674]}, "properties": {"id": "h0104", "name": "雷鳥沢ヒュッテ", "name_en": "Raichozawa Hutte", "name_ja_hira": null, "kind": "alpine_hut", "ele": null, "phone": "076-463-1753", "website": "https://www.raichozawa.net/hyutte.html", "wikipedia_url": null, "wikidata_qid": null, "capacity": null, "reservation": null, "opening_hours": null, "fee": null, "operator": null, "address": null, "email": null, "internet_access": "wlan", "fireplace": null, "shower": null, "route_associations": [], "nearest_mountain_no": 49, "osm_id": "w436974030"}}, {"type": "Feature", "geometry": {"type": "Point", "coordinates": [137.6122403, 36.6092876]}, "properties": {"id": "h0105", "name": "剣山荘", "name_en": "Kenzan-so", "name_ja_hira": null, "kind": "alpine_hut", "ele": null, "phone": null, "website": null, "wikipedia_url": null, "wikidata_qid": null, "capacity": null, "reservation": null, "opening_hours": null, "fee": null, "operator": null, "address": null, "email": null, "internet_access": null, "fireplace": null, "shower": null, "route_associations": [{"mountain_no": 48, "route_id": "m048-r1", "dist_m": 192}], "nearest_mountain_no": 48, "osm_id": "w436976218"}}, {"type": "Feature", "geometry": {"type": "Point", "coordinates": [137.6159215, 36.6048287]}, "properties": {"id": "h0106", "name": "劔澤小屋", "name_en": "Tsurugisawa-goya", "name_ja_hira": null, "kind": "alpine_hut", "ele": null, "phone": null, "website": null, "wikipedia_url": null, "wikidata_qid": null, "capacity": null, "reservation": null, "opening_hours": null, "fee": null, "operator": null, "address": null, "email": null, "internet_access": null, "fireplace": null, "shower": null, "route_associations": [], "nearest_mountain_no": 48, "osm_id": "w436976219"}}, {"type": "Feature", "geometry": {"type": "Point", "coordinates": [137.6101787, 36.5962441]}, "properties": {"id": "h0107", "name": "劔御前小舎", "name_en": "Tsurugigozen-goya", "name_ja_hira": null, "kind": "alpine_hut", "ele": null, "phone": null, "website": null, "wikipedia_url": null, "wikidata_qid": null, "capacity": null, "reservation": null, "opening_hours": null, "fee": null, "operator": null, "address": null, "email": null, "internet_access": null, "fireplace": null, "shower": null, "route_associations": [{"mountain_no": 48, "route_id": "m048-r1", "dist_m": 17}], "nearest_mountain_no": 49, "osm_id": "w436978983"}}, {"type": "Feature", "geometry": {"type": "Point", "coordinates": [137.5787912, 36.5803818]}, "properties": {"id": "h0108", "name": "天狗平山荘", "name_en": "Tengudaira Sanso", "name_ja_hira": null, "kind": "alpine_hut", "ele": null, "phone": "076-463-1139", "website": "https://www.tengu.ne.jp/", "wikipedia_url": null, "wikidata_qid": null, "capacity": null, "reservation": null, "opening_hours": null, "fee": null, "operator": null, "address": null, "email": null, "internet_access": "wlan", "fireplace": null, "shower": null, "route_associations": [], "nearest_mountain_no": 49, "osm_id": "w436979773"}}, {"type": "Feature", "geometry": {"type": "Point", "coordinates": [137.6513843, 36.6360812]}, "properties": {"id": "h0109", "name": "仙人池ヒュッテ", "name_en": "Sennin-ike Hutte", "name_ja_hira": null, "kind": "alpine_hut", "ele": null, "phone": null, "website": null, "wikipedia_url": null, "wikidata_qid": null, "capacity": null, "reservation": null, "opening_hours": null, "fee": null, "operator": null, "address": null, "email": null, "internet_access": null, "fireplace": null, "shower": null, "route_associations": [], "nearest_mountain_no": 48, "osm_id": "w720926607"}}, {"type": "Feature", "geometry": {"type": "Point", "coordinates": [137.655558, 36.5579832]}, "properties": {"id": "h0110", "name": "ロッジくろよん", "name_en": "Lodge Kuroyon", "name_ja_hira": null, "kind": "alpine_hut", "ele": null, "phone": "+81 76 463-6350", "website": "http://www.kuroyon.com/", "wikipedia_url": "https://ja.wikipedia.org/wiki/%E3%83%AD%E3%83%83%E3%82%B8%E3%81%8F%E3%82%8D%E3%82%88%E3%82%93", "wikidata_qid": null, "capacity": 100, "reservation": null, "opening_hours": null, "fee": null, "operator": null, "address": null, "email": null, "internet_access": null, "fireplace": null, "shower": null, "route_associations": [{"mountain_no": 49, "route_id": "m049-r0", "dist_m": 16}], "nearest_mountain_no": 49, "osm_id": "w199357182"}}, {"type": "Feature", "geometry": {"type": "Point", "coordinates": [137.7052964, 36.554455]}, "properties": {"id": "h0111", "name": "大沢小屋", "name_en": "Osawa Goya", "name_ja_hira": null, "kind": "alpine_hut", "ele": null, "phone": null, "website": null, "wikipedia_url": null, "wikidata_qid": null, "capacity": null, "reservation": null, "opening_hours": null, "fee": null, "operator": null, "address": null, "email": null, "internet_access": null, "fireplace": null, "shower": null, "route_associations": [], "nearest_mountain_no": 49, "osm_id": "w697298959"}}, {"type": "Feature", "geometry": {"type": "Point", "coordinates": [137.6940801, 36.5371083]}, "properties": {"id": "h0112", "name": "針ノ木小屋", "name_en": "Harinoki Lodge", "name_ja_hira": null, "kind": "alpine_hut", "ele": null, "phone": null, "website": null, "wikipedia_url": null, "wikidata_qid": null, "capacity": null, "reservation": null, "opening_hours": null, "fee": "yes", "operator": null, "address": null, "email": null, "internet_access": "no", "fireplace": null, "shower": null, "route_associations": [], "nearest_mountain_no": 49, "osm_id": "w945657347"}}, {"type": "Feature", "geometry": {"type": "Point", "coordinates": [137.5926415, 36.540315]}, "properties": {"id": "h0113", "name": "五色ヶ原山荘", "name_en": "Goshiki-gahara Mountain Hut", "name_ja_hira": null, "kind": "alpine_hut", "ele": null, "phone": null, "website": "https://www.post.japanpost.jp/about/yakkan/1-7.pdf", "wikipedia_url": "https://ja.wikipedia.org/wiki/%E4%BA%94%E8%89%B2%E3%83%B6%E5%8E%9F%20%28%E7%AB%8B%E5%B1%B1%E9%80%A3%E5%B3%B0%29", "wikidata_qid": null, "capacity": null, "reservation": null, "opening_hours": null, "fee": "yes", "operator": null, "address": null, "email": null, "internet_access": "no", "fireplace": null, "shower": null, "route_associations": [], "nearest_mountain_no": 49, "osm_id": "w945916758"}}, {"type": "Feature", "geometry": {"type": "Point", "coordinates": [137.6387734, 36.5297251]}, "properties": {"id": "h0114", "name": "平乃小屋", "name_en": null, "name_ja_hira": null, "kind": "alpine_hut", "ele": null, "phone": "+81-90-2039-8051", "website": "http://damnet.or.jp/cgi-bin/binranA/TableAllItiran.cgi?zi=jyuni&jy=soutyo&kei=(ALL)", "wikipedia_url": "https://ja.wikipedia.org/wiki/%E5%B9%B3%E4%B9%83%E5%B0%8F%E5%B1%8B", "wikidata_qid": null, "capacity": 1000, "reservation": null, "opening_hours": null, "fee": "yes", "operator": null, "address": "富山県 中新川郡", "email": null, "internet_access": null, "fireplace": null, "shower": null, "route_associations": [], "nearest_mountain_no": 49, "osm_id": "w1159797705"}}, {"type": "Feature", "geometry": {"type": "Point", "coordinates": [137.5411198, 36.5805611]}, "properties": {"id": "h0115", "name": "大日平山荘", "name_en": null, "name_ja_hira": null, "kind": "alpine_hut", "ele": null, "phone": null, "website": "https://www.env.go.jp/park/chubu/intro/files/area.pdf", "wikipedia_url": "https://ja.wikipedia.org/wiki/%E5%A4%A7%E6%97%A5%E5%B9%B3", "wikidata_qid": null, "capacity": null, "reservation": null, "opening_hours": null, "fee": null, "operator": null, "address": null, "email": null, "internet_access": null, "fireplace": null, "shower": null, "route_associations": [], "nearest_mountain_no": 49, "osm_id": "w1161593443"}}, {"type": "Feature", "geometry": {"type": "Point", "coordinates": [137.5462773, 36.4285911]}, "properties": {"id": "h0116", "name": "薬師沢小屋", "name_en": null, "name_ja_hira": null, "kind": "alpine_hut", "ele": null, "phone": null, "website": null, "wikipedia_url": null, "wikidata_qid": null, "capacity": null, "reservation": null, "opening_hours": null, "fee": null, "operator": null, "address": null, "email": null, "internet_access": null, "fireplace": null, "shower": null, "route_associations": [], "nearest_mountain_no": 51, "osm_id": "n4346427174"}}, {"type": "Feature", "geometry": {"type": "Point", "coordinates": [137.475043, 36.4824671]}, "properties": {"id": "h0117", "name": "折立ヒュッテ", "name_en": null, "name_ja_hira": null, "kind": "alpine_hut", "ele": null, "phone": null, "website": null, "wikipedia_url": null, "wikidata_qid": null, "capacity": null, "reservation": null, "opening_hours": null, "fee": null, "operator": null, "address": null, "email": null, "internet_access": null, "fireplace": null, "shower": null, "route_associations": [], "nearest_mountain_no": 50, "osm_id": "n4730366636"}}, {"type": "Feature", "geometry": {"type": "Point", "coordinates": [137.5832355, 36.4400488]}, "properties": {"id": "h0118", "name": "高天原山荘", "name_en": null, "name_ja_hira": null, "kind": "alpine_hut", "ele": null, "phone": null, "website": "http://tatekuro.jp/?page_id=738", "wikipedia_url": "https://ja.wikipedia.org/wiki/%E9%AB%98%E5%A4%A9%E5%8E%9F%E6%B8%A9%E6%B3%89", "wikidata_qid": null, "capacity": 50, "reservation": null, "opening_hours": null, "fee": null, "operator": null, "address": null, "email": null, "internet_access": null, "fireplace": null, "shower": null, "route_associations": [], "nearest_mountain_no": 52, "osm_id": "n5643992031"}}, {"type": "Feature", "geometry": {"type": "Point", "coordinates": [137.576538, 36.4206091]}, "properties": {"id": "h0119", "name": "雲ノ平山荘", "name_en": null, "name_ja_hira": null, "kind": "alpine_hut", "ele": null, "phone": null, "website": "https://www.env.go.jp/park/chubu/intro/index.html", "wikipedia_url": "https://ja.wikipedia.org/wiki/%E9%9B%B2%E3%83%8E%E5%B9%B3", "wikidata_qid": null, "capacity": null, "reservation": null, "opening_hours": null, "fee": null, "operator": null, "address": null, "email": null, "internet_access": null, "fireplace": null, "shower": null, "route_associations": [], "nearest_mountain_no": 52, "osm_id": "n5643992032"}}, {"type": "Feature", "geometry": {"type": "Point", "coordinates": [137.6084532, 36.4196218]}, "properties": {"id": "h0120", "name": "水晶小屋", "name_en": "Suisho Hut", "name_ja_hira": null, "kind": "alpine_hut", "ele": null, "phone": null, "website": "https://kumonodaira.net/suisho/", "wikipedia_url": "https://ja.wikipedia.org/wiki/%E6%B0%B4%E6%99%B6%E5%B0%8F%E5%B1%8B", "wikidata_qid": "Q11548686", "capacity": null, "reservation": null, "opening_hours": null, "fee": "yes", "operator": null, "address": null, "email": null, "internet_access": null, "fireplace": null, "shower": null, "route_associations": [], "nearest_mountain_no": 52, "osm_id": "n8762780891", "description": "北アルプス中部の水晶岳にある山小屋"}}, {"type": "Feature", "geometry": {"type": "Point", "coordinates": [137.5679751, 36.500016]}, "properties": {"id": "h0121", "name": "スゴ乗越小屋", "name_en": "Sugonokkoshikoya", "name_ja_hira": null, "kind": "alpine_hut", "ele": null, "phone": null, "website": null, "wikipedia_url": null, "wikidata_qid": null, "capacity": null, "reservation": null, "opening_hours": null, "fee": "yes", "operator": null, "address": null, "email": null, "internet_access": null, "fireplace": null, "shower": null, "route_associations": [], "nearest_mountain_no": 50, "osm_id": "w936132981"}}, {"type": "Feature", "geometry": {"type": "Point", "coordinates": [137.4916912, 36.4230833]}, "properties": {"id": "h0122", "name": "(이름 미상)", "name_en": null, "name_ja_hira": null, "kind": "wilderness_hut", "ele": null, "phone": null, "website": null, "wikipedia_url": null, "wikidata_qid": null, "capacity": null, "reservation": null, "opening_hours": null, "fee": "no", "operator": null, "address": null, "email": null, "internet_access": null, "fireplace": "no", "shower": null, "route_associations": [], "nearest_mountain_no": 51, "osm_id": "w939540668"}}, {"type": "Feature", "geometry": {"type": "Point", "coordinates": [137.5163421, 36.4488227]}, "properties": {"id": "h0123", "name": "太郎平小屋", "name_en": "Tarodairakoya", "name_ja_hira": null, "kind": "alpine_hut", "ele": null, "phone": null, "website": "https://ltaro.com/", "wikipedia_url": "https://ja.wikipedia.org/wiki/%E5%A4%AA%E9%83%8E%E5%85%B5%E8%A1%9B%E5%B9%B3", "wikidata_qid": null, "capacity": null, "reservation": null, "opening_hours": null, "fee": null, "operator": null, "address": null, "email": null, "internet_access": null, "fireplace": null, "shower": null, "route_associations": [], "nearest_mountain_no": 50, "osm_id": "w941607522"}}, {"type": "Feature", "geometry": {"type": "Point", "coordinates": [137.5366132, 36.4608961]}, "properties": {"id": "h0124", "name": "薬師岳山荘", "name_en": "Yakushidake Sanso", "name_ja_hira": null, "kind": "alpine_hut", "ele": null, "phone": null, "website": "http://www.yakushidake-sansou.com/", "wikipedia_url": null, "wikidata_qid": null, "capacity": null, "reservation": null, "opening_hours": null, "fee": "yes", "operator": null, "address": null, "email": null, "internet_access": null, "fireplace": null, "shower": null, "route_associations": [], "nearest_mountain_no": 50, "osm_id": "w941607523"}}, {"type": "Feature", "geometry": {"type": "Point", "coordinates": [137.6038285, 36.3457705]}, "properties": {"id": "h0125", "name": "鏡平山荘", "name_en": null, "name_ja_hira": "かがみだいらさんそう", "kind": "alpine_hut", "ele": null, "phone": null, "website": "https://www.homify.jp/projects/108394/", "wikipedia_url": "https://ja.wikipedia.org/wiki/%E9%8F%A1%E5%B9%B3%E5%B1%B1%E8%8D%98", "wikidata_qid": null, "capacity": null, "reservation": null, "opening_hours": "===", "fee": null, "operator": null, "address": null, "email": null, "internet_access": null, "fireplace": null, "shower": null, "route_associations": [], "nearest_mountain_no": 57, "osm_id": "w379084063"}}, {"type": "Feature", "geometry": {"type": "Point", "coordinates": [137.6016247, 36.3695527]}, "properties": {"id": "h0126", "name": "双六小屋", "name_en": "Sugoroku Goya", "name_ja_hira": null, "kind": "alpine_hut", "ele": null, "phone": null, "website": "https://www.kitaalpsgifu.jp/index.html#yamagoya", "wikipedia_url": "https://ja.wikipedia.org/wiki/%E5%8F%8C%E5%85%AD%E5%B0%8F%E5%B1%8B", "wikidata_qid": "Q11410420", "capacity": null, "reservation": null, "opening_hours": null, "fee": "yes", "operator": null, "address": null, "email": null, "internet_access": null, "fireplace": null, "shower": null, "route_associations": [], "nearest_mountain_no": 53, "osm_id": "w527596138", "image": {"filename": "Sugorokugoya.jpg", "thumb": "https://commons.wikimedia.org/wiki/Special:FilePath/Sugorokugoya.jpg?width=400", "large": "https://commons.wikimedia.org/wiki/Special:FilePath/Sugorokugoya.jpg?width=1200", "commons": "https://commons.wikimedia.org/wiki/File:Sugorokugoya.jpg"}, "description": "飛騨山脈の山小屋"}}, {"type": "Feature", "geometry": {"type": "Point", "coordinates": [137.5968482, 36.3952646]}, "properties": {"id": "h0127", "name": "三俣山荘", "name_en": "Mitsumatasanso", "name_ja_hira": null, "kind": "alpine_hut", "ele": null, "phone": "0263 83 5735", "website": "https://sokuseikagis1.gsi.go.jp/top.html", "wikipedia_url": "https://ja.wikipedia.org/wiki/%E4%B8%89%E4%BF%A3%E8%93%AE%E8%8F%AF%E5%B2%B3", "wikidata_qid": null, "capacity": null, "reservation": null, "opening_hours": null, "fee": "yes", "operator": "三俣山荘事務所", "address": null, "email": null, "internet_access": null, "fireplace": null, "shower": null, "route_associations": [{"mountain_no": 51, "route_id": "m051-r0", "dist_m": 168}], "nearest_mountain_no": 53, "osm_id": "w924335312"}}, {"type": "Feature", "geometry": {"type": "Point", "coordinates": [137.5657329, 36.3896461]}, "properties": {"id": "h0128", "name": "黒部五郎小舎", "name_en": "Kurobegorogoya", "name_ja_hira": null, "kind": "alpine_hut", "ele": null, "phone": null, "website": "https://sokuseikagis1.gsi.go.jp/top.html", "wikipedia_url": "https://ja.wikipedia.org/wiki/%E9%BB%92%E9%83%A8%E4%BA%94%E9%83%8E%E5%B2%B3", "wikidata_qid": null, "capacity": 60, "reservation": null, "opening_hours": null, "fee": "yes", "operator": null, "address": null, "email": null, "internet_access": null, "fireplace": null, "shower": null, "route_associations": [{"mountain_no": 51, "route_id": "m051-r1", "dist_m": 10}], "nearest_mountain_no": 51, "osm_id": "w924340226"}}, {"type": "Feature", "geometry": {"type": "Point", "coordinates": [137.5656086, 36.3897977]}, "properties": {"id": "h0129", "name": "(이름 미상)", "name_en": null, "name_ja_hira": null, "kind": "alpine_hut", "ele": null, "phone": null, "website": null, "wikipedia_url": null, "wikidata_qid": null, "capacity": null, "reservation": null, "opening_hours": null, "fee": null, "operator": null, "address": null, "email": null, "internet_access": null, "fireplace": null, "shower": null, "route_associations": [{"mountain_no": 51, "route_id": "m051-r1", "dist_m": 10}], "nearest_mountain_no": 51, "osm_id": "w924340227"}}, {"type": "Feature", "geometry": {"type": "Point", "coordinates": [137.6560628, 36.470405]}, "properties": {"id": "h0130", "name": "烏帽子小屋", "name_en": null, "name_ja_hira": null, "kind": "alpine_hut", "ele": null, "phone": null, "website": "https://service.gsi.go.jp/map-photos/", "wikipedia_url": "https://ja.wikipedia.org/wiki/%E7%83%8F%E5%B8%BD%E5%AD%90%E5%B0%8F%E5%B1%8B", "wikidata_qid": null, "capacity": null, "reservation": null, "opening_hours": null, "fee": null, "operator": null, "address": null, "email": null, "internet_access": null, "fireplace": null, "shower": null, "route_associations": [], "nearest_mountain_no": 52, "osm_id": "n4331255797"}}, {"type": "Feature", "geometry": {"type": "Point", "coordinates": [137.6839817, 36.4252986]}, "properties": {"id": "h0131", "name": "名無避難小屋", "name_en": "Shelter", "name_ja_hira": null, "kind": "wilderness_hut", "ele": null, "phone": null, "website": null, "wikipedia_url": null, "wikidata_qid": null, "capacity": null, "reservation": null, "opening_hours": null, "fee": "no", "operator": null, "address": null, "email": null, "internet_access": "no", "fireplace": null, "shower": null, "route_associations": [], "nearest_mountain_no": 52, "osm_id": "n5828071686"}}, {"type": "Feature", "geometry": {"type": "Point", "coordinates": [137.6382422, 36.4362467]}, "properties": {"id": "h0132", "name": "野口五郎小屋", "name_en": null, "name_ja_hira": null, "kind": "alpine_hut", "ele": null, "phone": null, "website": "https://service.gsi.go.jp/map-photos/", "wikipedia_url": "https://ja.wikipedia.org/wiki/%E9%87%8E%E5%8F%A3%E4%BA%94%E9%83%8E%E5%B0%8F%E5%B1%8B", "wikidata_qid": null, "capacity": null, "reservation": null, "opening_hours": null, "fee": null, "operator": null, "address": null, "email": null, "internet_access": null, "fireplace": null, "shower": null, "route_associations": [], "nearest_mountain_no": 52, "osm_id": "n6744033151"}}, {"type": "Feature", "geometry": {"type": "Point", "coordinates": [137.6803785, 36.3973316]}, "properties": {"id": "h0133", "name": "晴嵐荘", "name_en": "Seiranso", "name_ja_hira": null, "kind": "alpine_hut", "ele": 1534.0, "phone": null, "website": "http://www.city.omachi.nagano.jp/kbn/00149110/00149110.html", "wikipedia_url": "https://ja.wikipedia.org/wiki/%E6%B9%AF%E4%BF%A3%E6%B8%A9%E6%B3%89", "wikidata_qid": "Q11563464", "capacity": null, "reservation": null, "opening_hours": null, "fee": "yes", "operator": null, "address": null, "email": null, "internet_access": "no", "fireplace": null, "shower": null, "route_associations": [], "nearest_mountain_no": 53, "osm_id": "w945723240", "image": {"filename": "高瀬渓谷の噴湯丘2.jpg", "thumb": "https://commons.wikimedia.org/wiki/Special:FilePath/%E9%AB%98%E7%80%AC%E6%B8%93%E8%B0%B7%E3%81%AE%E5%99%B4%E6%B9%AF%E4%B8%982.jpg?width=400", "large": "https://commons.wikimedia.org/wiki/Special:FilePath/%E9%AB%98%E7%80%AC%E6%B8%93%E8%B0%B7%E3%81%AE%E5%99%B4%E6%B9%AF%E4%B8%982.jpg?width=1200", "commons": "https://commons.wikimedia.org/wiki/File:%E9%AB%98%E7%80%AC%E6%B8%93%E8%B0%B7%E3%81%AE%E5%99%B4%E6%B9%AF%E4%B8%982.jpg"}, "description": "長野県大町市にある温泉"}}, {"type": "Feature", "geometry": {"type": "Point", "coordinates": [137.6456548, 36.3409792]}, "properties": {"id": "h0134", "name": "槍ヶ岳山荘", "name_en": "Yarigatake Sanso", "name_ja_hira": null, "kind": "alpine_hut", "ele": 3080.0, "phone": "+81 90 2641 1911", "website": "https://www.yarigatake.co.jp/", "wikipedia_url": "https://ja.wikipedia.org/wiki/%E6%A7%8D%E3%83%B6%E5%B2%B3%E5%B1%B1%E8%8D%98", "wikidata_qid": null, "capacity": 650, "reservation": null, "opening_hours": null, "fee": null, "operator": null, "address": null, "email": null, "internet_access": null, "fireplace": null, "shower": null, "route_associations": [{"mountain_no": 54, "route_id": "m054-r0", "dist_m": 22}], "nearest_mountain_no": 54, "osm_id": "w527596134"}}, {"type": "Feature", "geometry": {"type": "Point", "coordinates": [137.6633674, 36.2939436]}, "properties": {"id": "h0135", "name": "涸沢ヒュッテ", "name_en": "Karasawa Hutte", "name_ja_hira": null, "kind": "alpine_hut", "ele": 2310.0, "phone": "090-9002-2534", "website": "https://karasawa-hyutte.com", "wikipedia_url": "https://ja.wikipedia.org/wiki/%E6%B6%B8%E6%B2%A2%E3%83%92%E3%83%A5%E3%83%83%E3%83%86", "wikidata_qid": "Q11559647", "capacity": null, "reservation": null, "opening_hours": null, "fee": null, "operator": null, "address": null, "email": null, "internet_access": "wlan", "fireplace": null, "shower": null, "route_associations": [], "nearest_mountain_no": 55, "osm_id": "n1281064587", "image": {"filename": "Karasawa Hutte (200708).jpg", "thumb": "https://commons.wikimedia.org/wiki/Special:FilePath/Karasawa_Hutte_%28200708%29.jpg?width=400", "large": "https://commons.wikimedia.org/wiki/Special:FilePath/Karasawa_Hutte_%28200708%29.jpg?width=1200", "commons": "https://commons.wikimedia.org/wiki/File:Karasawa_Hutte_%28200708%29.jpg"}, "description": "長野県松本市の穂高岳にある山小屋"}}, {"type": "Feature", "geometry": {"type": "Point", "coordinates": [137.6605815, 36.2955572]}, "properties": {"id": "h0136", "name": "涸沢小屋", "name_en": "Karasawagoya", "name_ja_hira": null, "kind": "alpine_hut", "ele": 2350.0, "phone": null, "website": "https://hdl.handle.net/10091/16069", "wikipedia_url": "https://ja.wikipedia.org/wiki/%E6%B6%B8%E6%B2%A2%E5%B0%8F%E5%B1%8B", "wikidata_qid": "Q11559646", "capacity": null, "reservation": null, "opening_hours": null, "fee": "yes", "operator": null, "address": null, "email": null, "internet_access": null, "fireplace": null, "shower": null, "route_associations": [], "nearest_mountain_no": 55, "osm_id": "n1281064657", "image": {"filename": "Mt. Kitahotaka-dake (200608).jpg", "thumb": "https://commons.wikimedia.org/wiki/Special:FilePath/Mt._Kitahotaka-dake_%28200608%29.jpg?width=400", "large": "https://commons.wikimedia.org/wiki/Special:FilePath/Mt._Kitahotaka-dake_%28200608%29.jpg?width=1200", "commons": "https://commons.wikimedia.org/wiki/File:Mt._Kitahotaka-dake_%28200608%29.jpg"}, "description": "奥穂高岳のすそにある山小屋"}}, {"type": "Feature", "geometry": {"type": "Point", "coordinates": [137.6551486, 36.3380329]}, "properties": {"id": "h0137", "name": "ヒュッテ大槍", "name_en": "Hutte Oyari", "name_ja_hira": null, "kind": "alpine_hut", "ele": null, "phone": null, "website": "http://www.city.azumino.nagano.jp/yukari/person/256/", "wikipedia_url": "https://ja.wikipedia.org/wiki/%E8%A1%A8%E9%8A%80%E5%BA%A7", "wikidata_qid": null, "capacity": null, "reservation": null, "opening_hours": null, "fee": null, "operator": null, "address": null, "email": null, "internet_access": null, "fireplace": null, "shower": null, "route_associations": [], "nearest_mountain_no": 54, "osm_id": "n1845028378"}}, {"type": "Feature", "geometry": {"type": "Point", "coordinates": [137.6799852, 36.335699]}, "properties": {"id": "h0138", "name": "ヒュッテ西岳", "name_en": "Hutte Nishidake", "name_ja_hira": null, "kind": "alpine_hut", "ele": null, "phone": null, "website": "http://www.city.azumino.nagano.jp/yukari/person/256/", "wikipedia_url": "https://ja.wikipedia.org/wiki/%E8%A1%A8%E9%8A%80%E5%BA%A7", "wikidata_qid": null, "capacity": null, "reservation": null, "opening_hours": null, "fee": null, "operator": null, "address": null, "email": null, "internet_access": null, "fireplace": null, "shower": null, "route_associations": [], "nearest_mountain_no": 54, "osm_id": "n1845028379"}}, {"type": "Feature", "geometry": {"type": "Point", "coordinates": [137.6507319, 36.3386395]}, "properties": {"id": "h0139", "name": "殺生ヒュッテ", "name_en": "Sessho Hutte", "name_ja_hira": null, "kind": "alpine_hut", "ele": null, "phone": null, "website": null, "wikipedia_url": null, "wikidata_qid": null, "capacity": null, "reservation": null, "opening_hours": null, "fee": null, "operator": null, "address": null, "email": null, "internet_access": null, "fireplace": null, "shower": null, "route_associations": [], "nearest_mountain_no": 54, "osm_id": "n1845028386"}}, {"type": "Feature", "geometry": {"type": "Point", "coordinates": [137.6527743, 36.3037109]}, "properties": {"id": "h0140", "name": "北穂高小屋", "name_en": "Kitahodaka", "name_ja_hira": null, "kind": "alpine_hut", "ele": null, "phone": null, "website": null, "wikipedia_url": null, "wikidata_qid": null, "capacity": null, "reservation": null, "opening_hours": null, "fee": null, "operator": null, "address": null, "email": null, "internet_access": null, "fireplace": null, "shower": null, "route_associations": [{"mountain_no": 54, "route_id": "m054-r1", "dist_m": 5}], "nearest_mountain_no": 55, "osm_id": "n1905528565"}}, {"type": "Feature", "geometry": {"type": "Point", "coordinates": [137.6504761, 36.3167905]}, "properties": {"id": "h0141", "name": "南岳小屋", "name_en": "Minamidakegoya", "name_ja_hira": null, "kind": "alpine_hut", "ele": null, "phone": "+81 90 4524 9448", "website": null, "wikipedia_url": null, "wikidata_qid": null, "capacity": 80, "reservation": null, "opening_hours": null, "fee": null, "operator": null, "address": null, "email": null, "internet_access": null, "fireplace": null, "shower": null, "route_associations": [{"mountain_no": 54, "route_id": "m054-r1", "dist_m": 5}], "nearest_mountain_no": 54, "osm_id": "n1905529398"}}, {"type": "Feature", "geometry": {"type": "Point", "coordinates": [137.6299089, 36.3232177]}, "properties": {"id": "h0142", "name": "槍平小屋", "name_en": "Yaridaira Goya", "name_ja_hira": "やりだいらごや", "kind": "alpine_hut", "ele": null, "phone": null, "website": null, "wikipedia_url": null, "wikidata_qid": null, "capacity": null, "reservation": null, "opening_hours": null, "fee": null, "operator": null, "address": null, "email": null, "internet_access": null, "fireplace": null, "shower": null, "route_associations": [{"mountain_no": 54, "route_id": "m054-r0", "dist_m": 14}, {"mountain_no": 57, "route_id": "m057-r0", "dist_m": 50}], "nearest_mountain_no": 57, "osm_id": "n1905531190"}}, {"type": "Feature", "geometry": {"type": "Point", "coordinates": [137.5930017, 36.2911501]}, "properties": {"id": "h0143", "name": "穂高平小屋", "name_en": "Hotakataira Goya", "name_ja_hira": "ほたかたいらごや", "kind": "alpine_hut", "ele": null, "phone": null, "website": null, "wikipedia_url": null, "wikidata_qid": null, "capacity": null, "reservation": null, "opening_hours": null, "fee": null, "operator": null, "address": null, "email": null, "internet_access": null, "fireplace": null, "shower": null, "route_associations": [], "nearest_mountain_no": 57, "osm_id": "n1905535173"}}, {"type": "Feature", "geometry": {"type": "Point", "coordinates": [137.6121712, 36.2991652]}, "properties": {"id": "h0144", "name": "白出小屋", "name_en": "Shiraidezawa", "name_ja_hira": null, "kind": "wilderness_hut", "ele": null, "phone": null, "website": null, "wikipedia_url": null, "wikidata_qid": null, "capacity": null, "reservation": null, "opening_hours": null, "fee": null, "operator": null, "address": null, "email": null, "internet_access": null, "fireplace": null, "shower": null, "route_associations": [], "nearest_mountain_no": 57, "osm_id": "n1910978564"}}, {"type": "Feature", "geometry": {"type": "Point", "coordinates": [137.6313464, 36.3117579]}, "properties": {"id": "h0145", "name": "滝谷避難小屋", "name_en": null, "name_ja_hira": null, "kind": "wilderness_hut", "ele": null, "phone": null, "website": null, "wikipedia_url": null, "wikidata_qid": null, "capacity": null, "reservation": null, "opening_hours": null, "fee": null, "operator": null, "address": null, "email": null, "internet_access": null, "fireplace": null, "shower": null, "route_associations": [], "nearest_mountain_no": 57, "osm_id": "n1910978652"}}, {"type": "Feature", "geometry": {"type": "Point", "coordinates": [137.6835389, 36.318255]}, "properties": {"id": "h0146", "name": "槍沢ロッヂ", "name_en": "Yarisawa Lodge", "name_ja_hira": null, "kind": "alpine_hut", "ele": 1820.0, "phone": "+81 263 95 2626", "website": "https://www.gsi.go.jp/kihonjohochousa/kihonjohochousa41139.html", "wikipedia_url": "https://ja.wikipedia.org/wiki/%E6%A7%8D%E6%B2%A2%E3%83%AD%E3%83%83%E3%83%82", "wikidata_qid": null, "capacity": 150, "reservation": null, "opening_hours": null, "fee": null, "operator": null, "address": null, "email": null, "internet_access": null, "fireplace": null, "shower": null, "route_associations": [], "nearest_mountain_no": 56, "osm_id": "n2483164386"}}, {"type": "Feature", "geometry": {"type": "Point", "coordinates": [137.5955849, 36.3106075]}, "properties": {"id": "h0147", "name": "わさび平小屋", "name_en": "Wasabidaira Goya", "name_ja_hira": "わさびだいらごや", "kind": "alpine_hut", "ele": null, "phone": null, "website": null, "wikipedia_url": null, "wikidata_qid": null, "capacity": null, "reservation": null, "opening_hours": null, "fee": null, "operator": null, "address": null, "email": null, "internet_access": null, "fireplace": null, "shower": null, "route_associations": [], "nearest_mountain_no": 57, "osm_id": "w377837329"}}, {"type": "Feature", "geometry": {"type": "Point", "coordinates": [137.6472035, 36.2765671]}, "properties": {"id": "h0148", "name": "岳沢小屋", "name_en": "Dakesawa Hut", "name_ja_hira": null, "kind": "alpine_hut", "ele": 2170.0, "phone": "+81 90 2546 2100", "website": "https://www.yarigatake.co.jp/dakesawa/", "wikipedia_url": "https://ja.wikipedia.org/wiki/%E5%B2%B3%E6%B2%A2%E5%B0%8F%E5%B1%8B", "wikidata_qid": "Q11475762", "capacity": 60, "reservation": "required", "opening_hours": "4月下旬から11月上旬", "fee": null, "operator": null, "address": null, "email": null, "internet_access": "no", "fireplace": null, "shower": null, "route_associations": [{"mountain_no": 55, "route_id": "m055-r1", "dist_m": 22}], "nearest_mountain_no": 55, "osm_id": "w633888807", "image": {"filename": "Dakasawagoya.jpg", "thumb": "https://commons.wikimedia.org/wiki/Special:FilePath/Dakasawagoya.jpg?width=400", "large": "https://commons.wikimedia.org/wiki/Special:FilePath/Dakasawagoya.jpg?width=1200", "commons": "https://commons.wikimedia.org/wiki/File:Dakasawagoya.jpg"}, "description": "長野県松本市の上高地から前穂高岳へ登る登山道にある山小屋"}}, {"type": "Feature", "geometry": {"type": "Point", "coordinates": [137.7268088, 36.3332837]}, "properties": {"id": "h0149", "name": "常念小屋", "name_en": null, "name_ja_hira": null, "kind": "alpine_hut", "ele": null, "phone": null, "website": null, "wikipedia_url": null, "wikidata_qid": null, "capacity": null, "reservation": null, "opening_hours": null, "fee": null, "operator": null, "address": null, "email": null, "internet_access": null, "fireplace": null, "shower": null, "route_associations": [], "nearest_mountain_no": 56, "osm_id": "w720855984"}}, {"type": "Feature", "geometry": {"type": "Point", "coordinates": [137.7030083, 36.363766]}, "properties": {"id": "h0150", "name": "大天荘", "name_en": "Daitenso", "name_ja_hira": null, "kind": "alpine_hut", "ele": null, "phone": null, "website": "https://sokuseikagis1.gsi.go.jp/top.html", "wikipedia_url": "https://ja.wikipedia.org/wiki/%E5%A4%A7%E5%A4%A9%E8%8D%98", "wikidata_qid": null, "capacity": null, "reservation": null, "opening_hours": "外は無人となり閉鎖されるが、緊急避難用の冬期避難小屋が開放されている", "fee": null, "operator": null, "address": null, "email": null, "internet_access": null, "fireplace": null, "shower": null, "route_associations": [], "nearest_mountain_no": 56, "osm_id": "w722849844"}}, {"type": "Feature", "geometry": {"type": "Point", "coordinates": [137.6992863, 36.2933731]}, "properties": {"id": "h0151", "name": "横尾山荘", "name_en": "Yokoosanso", "name_ja_hira": null, "kind": "alpine_hut", "ele": 1620.0, "phone": "+81 263 95 2421", "website": null, "wikipedia_url": null, "wikidata_qid": null, "capacity": null, "reservation": null, "opening_hours": null, "fee": null, "operator": null, "address": null, "email": null, "internet_access": "no", "fireplace": null, "shower": null, "route_associations": [], "nearest_mountain_no": 56, "osm_id": "w727208774"}}, {"type": "Feature", "geometry": {"type": "Point", "coordinates": [137.6475899, 36.293595]}, "properties": {"id": "h0152", "name": "穂高岳山荘", "name_en": "Hotakadakesanso", "name_ja_hira": null, "kind": "alpine_hut", "ele": 2983.0, "phone": null, "website": "https://www.hotakadakesanso.com/", "wikipedia_url": "https://ja.wikipedia.org/wiki/%E7%A9%82%E9%AB%98%E5%B2%B3%E5%B1%B1%E8%8D%98", "wikidata_qid": "Q11597103", "capacity": null, "reservation": null, "opening_hours": null, "fee": null, "operator": null, "address": null, "email": null, "internet_access": null, "fireplace": null, "shower": null, "route_associations": [], "nearest_mountain_no": 55, "osm_id": "w727241505", "image": {"filename": "Hotakadake-sanso 01.jpg", "thumb": "https://commons.wikimedia.org/wiki/Special:FilePath/Hotakadake-sanso_01.jpg?width=400", "large": "https://commons.wikimedia.org/wiki/Special:FilePath/Hotakadake-sanso_01.jpg?width=1200", "commons": "https://commons.wikimedia.org/wiki/File:Hotakadake-sanso_01.jpg"}, "description": "穂高岳にある山小屋"}}, {"type": "Feature", "geometry": {"type": "Point", "coordinates": [137.6956151, 36.3629087]}, "properties": {"id": "h0153", "name": "大天井ヒュッテ", "name_en": "Otenjo Hutte", "name_ja_hira": null, "kind": "alpine_hut", "ele": null, "phone": "+81 090 1401 7884", "website": null, "wikipedia_url": null, "wikidata_qid": null, "capacity": 100, "reservation": null, "opening_hours": null, "fee": null, "operator": null, "address": null, "email": null, "internet_access": null, "fireplace": null, "shower": null, "route_associations": [], "nearest_mountain_no": 54, "osm_id": "w730852318"}}, {"type": "Feature", "geometry": {"type": "Point", "coordinates": [137.6644246, 36.2527617]}, "properties": {"id": "h0154", "name": "嘉門次小屋", "name_en": "Kamonjigoya", "name_ja_hira": "かもん じ こや", "kind": "alpine_hut", "ele": null, "phone": "+81 263 95 2111", "website": null, "wikipedia_url": null, "wikidata_qid": null, "capacity": null, "reservation": null, "opening_hours": null, "fee": null, "operator": null, "address": null, "email": null, "internet_access": null, "fireplace": null, "shower": null, "route_associations": [], "nearest_mountain_no": 55, "osm_id": "w720922482"}}, {"type": "Feature", "geometry": {"type": "Point", "coordinates": [137.6653209, 36.25305]}, "properties": {"id": "h0155", "name": "山のひだや", "name_en": "Yamanohidaya", "name_ja_hira": "やま の ひだ や", "kind": "alpine_hut", "ele": null, "phone": "+81 263-95-2211", "website": null, "wikipedia_url": null, "wikidata_qid": null, "capacity": null, "reservation": null, "opening_hours": null, "fee": null, "operator": null, "address": null, "email": null, "internet_access": null, "fireplace": null, "shower": null, "route_associations": [], "nearest_mountain_no": 55, "osm_id": "w720922483"}}, {"type": "Feature", "geometry": {"type": "Point", "coordinates": [137.5941115, 36.2368992]}, "properties": {"id": "h0156", "name": "焼岳小屋", "name_en": null, "name_ja_hira": null, "kind": "alpine_hut", "ele": null, "phone": null, "website": null, "wikipedia_url": null, "wikidata_qid": null, "capacity": null, "reservation": null, "opening_hours": null, "fee": null, "operator": null, "address": null, "email": null, "internet_access": null, "fireplace": null, "shower": null, "route_associations": [{"mountain_no": 58, "route_id": "m058-r0", "dist_m": 26}], "nearest_mountain_no": 58, "osm_id": "w721144727"}}, {"type": "Feature", "geometry": {"type": "Point", "coordinates": [137.6782843, 36.2282329]}, "properties": {"id": "h0157", "name": "徳本峠小屋", "name_en": "Tokugoto Toge Hut", "name_ja_hira": null, "kind": "alpine_hut", "ele": null, "phone": null, "website": null, "wikipedia_url": null, "wikidata_qid": null, "capacity": null, "reservation": null, "opening_hours": null, "fee": null, "operator": null, "address": null, "email": null, "internet_access": null, "fireplace": null, "shower": null, "route_associations": [], "nearest_mountain_no": 55, "osm_id": "w722311197"}}, {"type": "Feature", "geometry": {"type": "Point", "coordinates": [137.7252587, 36.2888874]}, "properties": {"id": "h0158", "name": "蝶ヶ岳ヒュッテ", "name_en": "Chogatake Hut", "name_ja_hira": null, "kind": "alpine_hut", "ele": null, "phone": null, "website": null, "wikipedia_url": null, "wikidata_qid": null, "capacity": null, "reservation": null, "opening_hours": null, "fee": null, "operator": null, "address": null, "email": null, "internet_access": null, "fireplace": null, "shower": null, "route_associations": [], "nearest_mountain_no": 56, "osm_id": "w941607519"}}, {"type": "Feature", "geometry": {"type": "Point", "coordinates": [137.6176473, 36.2654188]}, "properties": {"id": "h0159", "name": "西穂山荘", "name_en": "Nishiho Hut", "name_ja_hira": null, "kind": "alpine_hut", "ele": null, "phone": null, "website": "http://www.nishiho.com/", "wikipedia_url": "https://ja.wikipedia.org/wiki/%E8%A5%BF%E7%A9%82%E5%B1%B1%E8%8D%98", "wikidata_qid": "Q11629361", "capacity": null, "reservation": null, "opening_hours": null, "fee": null, "operator": null, "address": null, "email": null, "internet_access": null, "fireplace": null, "shower": null, "route_associations": [{"mountain_no": 55, "route_id": "m055-r0", "dist_m": 28}, {"mountain_no": 58, "route_id": "m058-r0", "dist_m": 225}], "nearest_mountain_no": 55, "osm_id": "w1315949576", "image": {"filename": "Nishiho Sanso (2018-06-22).jpg", "thumb": "https://commons.wikimedia.org/wiki/Special:FilePath/Nishiho_Sanso_%282018-06-22%29.jpg?width=400", "large": "https://commons.wikimedia.org/wiki/Special:FilePath/Nishiho_Sanso_%282018-06-22%29.jpg?width=1200", "commons": "https://commons.wikimedia.org/wiki/File:Nishiho_Sanso_%282018-06-22%29.jpg"}, "description": "岐阜県高山市の西穂高岳にある山小屋"}}, {"type": "Feature", "geometry": {"type": "Point", "coordinates": [137.7269062, 36.393563]}, "properties": {"id": "h0160", "name": "合戦小屋", "name_en": null, "name_ja_hira": null, "kind": "alpine_hut", "ele": null, "phone": null, "website": null, "wikipedia_url": null, "wikidata_qid": null, "capacity": null, "reservation": null, "opening_hours": null, "fee": null, "operator": null, "address": null, "email": null, "internet_access": "no", "fireplace": null, "shower": null, "route_associations": [], "nearest_mountain_no": 56, "osm_id": "n1845028380"}}, {"type": "Feature", "geometry": {"type": "Point", "coordinates": [137.7424299, 36.2736998]}, "properties": {"id": "h0161", "name": "大滝小屋", "name_en": null, "name_ja_hira": null, "kind": "alpine_hut", "ele": null, "phone": null, "website": null, "wikipedia_url": null, "wikidata_qid": null, "capacity": null, "reservation": null, "opening_hours": null, "fee": "yes", "operator": null, "address": null, "email": null, "internet_access": null, "fireplace": null, "shower": null, "route_associations": [], "nearest_mountain_no": 56, "osm_id": "w939542295"}}, {"type": "Feature", "geometry": {"type": "Point", "coordinates": [137.5512961, 36.3178649]}, "properties": {"id": "h0162", "name": "笠ヶ岳山荘", "name_en": null, "name_ja_hira": null, "kind": "alpine_hut", "ele": null, "phone": null, "website": null, "wikipedia_url": null, "wikidata_qid": null, "capacity": null, "reservation": null, "opening_hours": null, "fee": null, "operator": null, "address": null, "email": null, "internet_access": null, "fireplace": null, "shower": null, "route_associations": [], "nearest_mountain_no": 57, "osm_id": "w375396787"}}, {"type": "Feature", "geometry": {"type": "Point", "coordinates": [137.5916052, 36.1646006]}, "properties": {"id": "h0163", "name": "十石峠小屋", "name_en": null, "name_ja_hira": null, "kind": "wilderness_hut", "ele": null, "phone": null, "website": null, "wikipedia_url": null, "wikidata_qid": null, "capacity": null, "reservation": null, "opening_hours": null, "fee": null, "operator": null, "address": null, "email": null, "internet_access": null, "fireplace": null, "shower": null, "route_associations": [], "nearest_mountain_no": 58, "osm_id": "w936335729"}}, {"type": "Feature", "geometry": {"type": "Point", "coordinates": [137.5747142, 36.1202592]}, "properties": {"id": "h0164", "name": "冷泉小屋 (Reisengoya)", "name_en": null, "name_ja_hira": null, "kind": "alpine_hut", "ele": null, "phone": null, "website": null, "wikipedia_url": null, "wikidata_qid": null, "capacity": null, "reservation": null, "opening_hours": null, "fee": null, "operator": null, "address": null, "email": null, "internet_access": null, "fireplace": null, "shower": null, "route_associations": [], "nearest_mountain_no": 59, "osm_id": "n3612902898"}}, {"type": "Feature", "geometry": {"type": "Point", "coordinates": [137.5709377, 36.1192712]}, "properties": {"id": "h0165", "name": "位ヶ原山荘", "name_en": "Kuraigaharasanso", "name_ja_hira": null, "kind": "alpine_hut", "ele": null, "phone": null, "website": null, "wikipedia_url": null, "wikidata_qid": null, "capacity": null, "reservation": null, "opening_hours": null, "fee": null, "operator": null, "address": null, "email": null, "internet_access": null, "fireplace": null, "shower": null, "route_associations": [], "nearest_mountain_no": 59, "osm_id": "n3612902899"}}, {"type": "Feature", "geometry": {"type": "Point", "coordinates": [137.5527947, 36.11468]}, "properties": {"id": "h0166", "name": "肩の小屋", "name_en": "Katanokoya", "name_ja_hira": null, "kind": "alpine_hut", "ele": null, "phone": null, "website": null, "wikipedia_url": null, "wikidata_qid": null, "capacity": null, "reservation": null, "opening_hours": null, "fee": null, "operator": null, "address": null, "email": null, "internet_access": null, "fireplace": null, "shower": null, "route_associations": [{"mountain_no": 59, "route_id": "m059-r0", "dist_m": 17}], "nearest_mountain_no": 59, "osm_id": "w445127417"}}, {"type": "Feature", "geometry": {"type": "Point", "coordinates": [137.5512132, 36.1145065]}, "properties": {"id": "h0167", "name": "(이름 미상)", "name_en": null, "name_ja_hira": null, "kind": "alpine_hut", "ele": null, "phone": null, "website": null, "wikipedia_url": null, "wikidata_qid": null, "capacity": null, "reservation": null, "opening_hours": null, "fee": null, "operator": null, "address": null, "email": null, "internet_access": null, "fireplace": null, "shower": null, "route_associations": [{"mountain_no": 59, "route_id": "m059-r0", "dist_m": 81}], "nearest_mountain_no": 59, "osm_id": "w445127418"}}, {"type": "Feature", "geometry": {"type": "Point", "coordinates": [137.6031982, 36.1040098]}, "properties": {"id": "h0168", "name": "東京大学運動会乗鞍寮", "name_en": null, "name_ja_hira": null, "kind": "alpine_hut", "ele": null, "phone": null, "website": null, "wikipedia_url": null, "wikidata_qid": null, "capacity": null, "reservation": null, "opening_hours": null, "fee": null, "operator": "東京大学運動会", "address": "長野県 松本市", "email": null, "internet_access": null, "fireplace": null, "shower": null, "route_associations": [], "nearest_mountain_no": 59, "osm_id": "w787894853"}}, {"type": "Feature", "geometry": {"type": "Point", "coordinates": [137.5537602, 36.1071799]}, "properties": {"id": "h0169", "name": "頂上小屋", "name_en": null, "name_ja_hira": null, "kind": "alpine_hut", "ele": null, "phone": null, "website": null, "wikipedia_url": null, "wikidata_qid": null, "capacity": null, "reservation": null, "opening_hours": null, "fee": null, "operator": null, "address": null, "email": null, "internet_access": null, "fireplace": null, "shower": null, "route_associations": [{"mountain_no": 59, "route_id": "m059-r0", "dist_m": 3}], "nearest_mountain_no": 59, "osm_id": "w936335730"}}, {"type": "Feature", "geometry": {"type": "Point", "coordinates": [137.5747554, 36.1202826]}, "properties": {"id": "h0170", "name": "冷泉小屋", "name_en": null, "name_ja_hira": null, "kind": "alpine_hut", "ele": null, "phone": null, "website": null, "wikipedia_url": null, "wikidata_qid": null, "capacity": null, "reservation": null, "opening_hours": null, "fee": null, "operator": null, "address": null, "email": null, "internet_access": null, "fireplace": null, "shower": null, "route_associations": [], "nearest_mountain_no": 59, "osm_id": "w1442334868"}}, {"type": "Feature", "geometry": {"type": "Point", "coordinates": [137.481116, 35.892778]}, "properties": {"id": "h0171", "name": "(이름 미상)", "name_en": null, "name_ja_hira": null, "kind": "alpine_hut", "ele": null, "phone": null, "website": null, "wikipedia_url": null, "wikidata_qid": null, "capacity": null, "reservation": null, "opening_hours": null, "fee": null, "operator": null, "address": null, "email": null, "internet_access": null, "fireplace": null, "shower": null, "route_associations": [{"mountain_no": 60, "route_id": "m060-r0", "dist_m": 71}], "nearest_mountain_no": 60, "osm_id": "n3098734803"}}, {"type": "Feature", "geometry": {"type": "Point", "coordinates": [137.4808858, 35.8993168]}, "properties": {"id": "h0172", "name": "二の池ヒュッテ", "name_en": "Ninoike-Hyutte", "name_ja_hira": null, "kind": "alpine_hut", "ele": null, "phone": null, "website": null, "wikipedia_url": null, "wikidata_qid": null, "capacity": null, "reservation": null, "opening_hours": null, "fee": null, "operator": null, "address": null, "email": null, "internet_access": null, "fireplace": null, "shower": null, "route_associations": [{"mountain_no": 60, "route_id": "m060-r0", "dist_m": 117}], "nearest_mountain_no": 60, "osm_id": "w305226515"}}, {"type": "Feature", "geometry": {"type": "Point", "coordinates": [137.4877923, 35.8950539]}, "properties": {"id": "h0173", "name": "山荘石室", "name_en": "Sanso-Ishimuro", "name_ja_hira": null, "kind": "alpine_hut", "ele": null, "phone": null, "website": null, "wikipedia_url": null, "wikidata_qid": null, "capacity": null, "reservation": null, "opening_hours": null, "fee": null, "operator": null, "address": null, "email": null, "internet_access": null, "fireplace": null, "shower": null, "route_associations": [{"mountain_no": 60, "route_id": "m060-r2", "dist_m": 22}], "nearest_mountain_no": 60, "osm_id": "w305226519"}}, {"type": "Feature", "geometry": {"type": "Point", "coordinates": [137.4820904, 35.8979672]}, "properties": {"id": "h0174", "name": "二の池新館", "name_en": "Ninoike-Shinkan", "name_ja_hira": null, "kind": "alpine_hut", "ele": null, "phone": null, "website": null, "wikipedia_url": null, "wikidata_qid": null, "capacity": null, "reservation": null, "opening_hours": null, "fee": null, "operator": null, "address": null, "email": null, "internet_access": null, "fireplace": null, "shower": null, "route_associations": [{"mountain_no": 60, "route_id": "m060-r2", "dist_m": 3}], "nearest_mountain_no": 60, "osm_id": "w305226520"}}, {"type": "Feature", "geometry": {"type": "Point", "coordinates": [137.4826589, 35.8884741]}, "properties": {"id": "h0175", "name": "王滝頂上山荘", "name_en": null, "name_ja_hira": null, "kind": "alpine_hut", "ele": null, "phone": null, "website": null, "wikipedia_url": null, "wikidata_qid": null, "capacity": null, "reservation": null, "opening_hours": null, "fee": null, "operator": null, "address": null, "email": null, "internet_access": null, "fireplace": null, "shower": null, "route_associations": [], "nearest_mountain_no": 60, "osm_id": "w305231217"}}, {"type": "Feature", "geometry": {"type": "Point", "coordinates": [137.5091122, 35.8971882]}, "properties": {"id": "h0176", "name": "一ノ又行場山荘", "name_en": null, "name_ja_hira": null, "kind": "alpine_hut", "ele": null, "phone": null, "website": null, "wikipedia_url": null, "wikidata_qid": null, "capacity": null, "reservation": null, "opening_hours": null, "fee": null, "operator": null, "address": null, "email": null, "internet_access": null, "fireplace": null, "shower": null, "route_associations": [{"mountain_no": 60, "route_id": "m060-r2", "dist_m": 9}], "nearest_mountain_no": 60, "osm_id": "w305489869"}}, {"type": "Feature", "geometry": {"type": "Point", "coordinates": [137.5368261, 35.9010731]}, "properties": {"id": "h0177", "name": "一の又小屋", "name_en": "Ichinomata-Koya", "name_ja_hira": null, "kind": "alpine_hut", "ele": null, "phone": null, "website": null, "wikipedia_url": null, "wikidata_qid": null, "capacity": null, "reservation": null, "opening_hours": null, "fee": null, "operator": null, "address": null, "email": null, "internet_access": null, "fireplace": null, "shower": null, "route_associations": [], "nearest_mountain_no": 60, "osm_id": "w305489870"}}, {"type": "Feature", "geometry": {"type": "Point", "coordinates": [137.5125996, 35.8975305]}, "properties": {"id": "h0178", "name": "飯森小屋", "name_en": "Iimori-Koya", "name_ja_hira": null, "kind": "alpine_hut", "ele": null, "phone": null, "website": null, "wikipedia_url": null, "wikidata_qid": null, "capacity": null, "reservation": null, "opening_hours": null, "fee": null, "operator": null, "address": null, "email": null, "internet_access": null, "fireplace": null, "shower": null, "route_associations": [{"mountain_no": 60, "route_id": "m060-r2", "dist_m": 26}], "nearest_mountain_no": 60, "osm_id": "w305489930"}}, {"type": "Feature", "geometry": {"type": "Point", "coordinates": [137.4903872, 35.8840837]}, "properties": {"id": "h0179", "name": "(이름 미상)", "name_en": null, "name_ja_hira": null, "kind": "wilderness_hut", "ele": null, "phone": null, "website": null, "wikipedia_url": null, "wikidata_qid": null, "capacity": null, "reservation": null, "opening_hours": null, "fee": null, "operator": null, "address": null, "email": null, "internet_access": null, "fireplace": null, "shower": null, "route_associations": [], "nearest_mountain_no": 60, "osm_id": "w936125139"}}, {"type": "Feature", "geometry": {"type": "Point", "coordinates": [137.4704782, 35.9189299]}, "properties": {"id": "h0180", "name": "のぞき岩避難小屋", "name_en": null, "name_ja_hira": null, "kind": "wilderness_hut", "ele": null, "phone": null, "website": null, "wikipedia_url": null, "wikidata_qid": null, "capacity": null, "reservation": null, "opening_hours": null, "fee": null, "operator": null, "address": null, "email": null, "internet_access": null, "fireplace": null, "shower": null, "route_associations": [{"mountain_no": 60, "route_id": "m060-r0", "dist_m": 7}], "nearest_mountain_no": 60, "osm_id": "w936125140"}}, {"type": "Feature", "geometry": {"type": "Point", "coordinates": [138.0570468, 36.1663472]}, "properties": {"id": "h0181", "name": "鉢伏山荘", "name_en": null, "name_ja_hira": null, "kind": "alpine_hut", "ele": null, "phone": null, "website": null, "wikipedia_url": null, "wikidata_qid": null, "capacity": 25, "reservation": null, "opening_hours": null, "fee": null, "operator": null, "address": null, "email": null, "internet_access": null, "fireplace": null, "shower": null, "route_associations": [], "nearest_mountain_no": 61, "osm_id": "w621044715"}}, {"type": "Feature", "geometry": {"type": "Point", "coordinates": [138.1880544, 36.1048424]}, "properties": {"id": "h0182", "name": "ころぼっくるひゅって", "name_en": "Korpokkur Hutte", "name_ja_hira": null, "kind": "alpine_hut", "ele": null, "phone": null, "website": null, "wikipedia_url": null, "wikidata_qid": null, "capacity": null, "reservation": null, "opening_hours": null, "fee": null, "operator": null, "address": null, "email": null, "internet_access": null, "fireplace": null, "shower": null, "route_associations": [{"mountain_no": 62, "route_id": "m062-r0", "dist_m": 3}], "nearest_mountain_no": 62, "osm_id": "w430354907"}}, {"type": "Feature", "geometry": {"type": "Point", "coordinates": [138.1807982, 36.1098641]}, "properties": {"id": "h0183", "name": "ヒュッテ・ジャヴェル", "name_en": "Hutte Javelle", "name_ja_hira": null, "kind": "alpine_hut", "ele": null, "phone": null, "website": null, "wikipedia_url": null, "wikidata_qid": null, "capacity": null, "reservation": null, "opening_hours": null, "fee": null, "operator": null, "address": null, "email": null, "internet_access": null, "fireplace": null, "shower": null, "route_associations": [], "nearest_mountain_no": 62, "osm_id": "w435896960"}}, {"type": "Feature", "geometry": {"type": "Point", "coordinates": [138.1714358, 36.1126072]}, "properties": {"id": "h0184", "name": "ヒュッテみさやま", "name_en": "Hutte Misayama", "name_ja_hira": null, "kind": "alpine_hut", "ele": null, "phone": null, "website": null, "wikipedia_url": null, "wikidata_qid": null, "capacity": null, "reservation": null, "opening_hours": null, "fee": null, "operator": null, "address": null, "email": null, "internet_access": null, "fireplace": null, "shower": null, "route_associations": [], "nearest_mountain_no": 62, "osm_id": "w538283166"}}, {"type": "Feature", "geometry": {"type": "Point", "coordinates": [138.2984541, 36.107204]}, "properties": {"id": "h0185", "name": "蓼科山荘", "name_en": "Tateshinasanso", "name_ja_hira": null, "kind": "alpine_hut", "ele": 2350.0, "phone": null, "website": null, "wikipedia_url": null, "wikidata_qid": null, "capacity": null, "reservation": null, "opening_hours": null, "fee": "yes", "operator": null, "address": null, "email": null, "internet_access": "wlan", "fireplace": null, "shower": null, "route_associations": [], "nearest_mountain_no": 63, "osm_id": "n4167480794"}}, {"type": "Feature", "geometry": {"type": "Point", "coordinates": [138.3313481, 36.0999487]}, "properties": {"id": "h0186", "name": "双子池ヒュッテ", "name_en": "Futagoike Hutte", "name_ja_hira": null, "kind": "alpine_hut", "ele": 2034.0, "phone": null, "website": null, "wikipedia_url": null, "wikidata_qid": null, "capacity": null, "reservation": null, "opening_hours": null, "fee": null, "operator": null, "address": null, "email": null, "internet_access": null, "fireplace": null, "shower": null, "route_associations": [], "nearest_mountain_no": 63, "osm_id": "n4341357283"}}, {"type": "Feature", "geometry": {"type": "Point", "coordinates": [138.3191632, 36.1122601]}, "properties": {"id": "h0187", "name": "大河原ヒュッテ", "name_en": "Ogawara Hutte", "name_ja_hira": null, "kind": "alpine_hut", "ele": 2100.0, "phone": null, "website": null, "wikipedia_url": null, "wikidata_qid": null, "capacity": null, "reservation": null, "opening_hours": null, "fee": null, "operator": null, "address": null, "email": null, "internet_access": null, "fireplace": null, "shower": null, "route_associations": [], "nearest_mountain_no": 63, "osm_id": "n4341357284"}}, {"type": "Feature", "geometry": {"type": "Point", "coordinates": [138.3221382, 36.0855595]}, "properties": {"id": "h0188", "name": "北横岳ヒュッテ", "name_en": "Kita-Yokodake Hut", "name_ja_hira": null, "kind": "alpine_hut", "ele": 2385.3, "phone": "0266-72-8007", "website": "http://kitayoko.fine.to/", "wikipedia_url": null, "wikidata_qid": null, "capacity": null, "reservation": null, "opening_hours": null, "fee": null, "operator": null, "address": null, "email": null, "internet_access": null, "fireplace": null, "shower": null, "route_associations": [], "nearest_mountain_no": 63, "osm_id": "w308363409"}}, {"type": "Feature", "geometry": {"type": "Point", "coordinates": [138.3297657, 36.0803074]}, "properties": {"id": "h0189", "name": "縞枯山荘", "name_en": "Shimagaresanso", "name_ja_hira": null, "kind": "alpine_hut", "ele": 2230.0, "phone": null, "website": null, "wikipedia_url": null, "wikidata_qid": null, "capacity": null, "reservation": null, "opening_hours": null, "fee": null, "operator": null, "address": null, "email": null, "internet_access": null, "fireplace": null, "shower": null, "route_associations": [], "nearest_mountain_no": 63, "osm_id": "w308363410"}}, {"type": "Feature", "geometry": {"type": "Point", "coordinates": [138.3459634, 36.0580681]}, "properties": {"id": "h0190", "name": "麦草ヒュッテ", "name_en": "Mugikusa Hutte", "name_ja_hira": null, "kind": "alpine_hut", "ele": null, "phone": null, "website": null, "wikipedia_url": null, "wikidata_qid": null, "capacity": null, "reservation": null, "opening_hours": null, "fee": "yes", "operator": null, "address": null, "email": null, "internet_access": null, "fireplace": null, "shower": null, "route_associations": [], "nearest_mountain_no": 63, "osm_id": "w942261245"}}, {"type": "Feature", "geometry": {"type": "Point", "coordinates": [138.2958082, 36.1041652]}, "properties": {"id": "h0191", "name": "蓼科山頂ヒュッテ", "name_en": "Tateshinasancho Hutte", "name_ja_hira": null, "kind": "alpine_hut", "ele": 2516.0, "phone": null, "website": null, "wikipedia_url": null, "wikidata_qid": null, "capacity": null, "reservation": null, "opening_hours": null, "fee": null, "operator": null, "address": null, "email": null, "internet_access": null, "fireplace": null, "shower": null, "route_associations": [], "nearest_mountain_no": 63, "osm_id": "w1219452199"}}, {"type": "Feature", "geometry": {"type": "Point", "coordinates": [138.377556, 36.027994]}, "properties": {"id": "h0192", "name": "しらびそ小屋", "name_en": null, "name_ja_hira": null, "kind": "alpine_hut", "ele": 2097.0, "phone": "0267-96-2165", "website": "http://www.ytg.janis.or.jp/~st.imai/", "wikipedia_url": null, "wikidata_qid": null, "capacity": null, "reservation": null, "opening_hours": null, "fee": null, "operator": null, "address": null, "email": null, "internet_access": null, "fireplace": null, "shower": null, "route_associations": [], "nearest_mountain_no": 64, "osm_id": "n1827195352"}}, {"type": "Feature", "geometry": {"type": "Point", "coordinates": [138.3717123, 35.975057]}, "properties": {"id": "h0193", "name": "赤岳展望荘", "name_en": null, "name_ja_hira": "あかだけてんぼうそう", "kind": "alpine_hut", "ele": 2722.0, "phone": null, "website": null, "wikipedia_url": null, "wikidata_qid": null, "capacity": null, "reservation": null, "opening_hours": null, "fee": null, "operator": null, "address": null, "email": null, "internet_access": null, "fireplace": null, "shower": null, "route_associations": [], "nearest_mountain_no": 64, "osm_id": "n1918381587"}}, {"type": "Feature", "geometry": {"type": "Point", "coordinates": [138.3589692, 35.9504617]}, "properties": {"id": "h0194", "name": "権現小屋", "name_en": null, "name_ja_hira": null, "kind": "alpine_hut", "ele": null, "phone": null, "website": null, "wikipedia_url": null, "wikidata_qid": null, "capacity": null, "reservation": null, "opening_hours": null, "fee": null, "operator": null, "address": null, "email": null, "internet_access": null, "fireplace": null, "shower": null, "route_associations": [], "nearest_mountain_no": 64, "osm_id": "n4059762210"}}, {"type": "Feature", "geometry": {"type": "Point", "coordinates": [138.3574071, 36.0028965]}, "properties": {"id": "h0195", "name": "オーレン小屋", "name_en": "Oren hut", "name_ja_hira": null, "kind": "alpine_hut", "ele": 2330.0, "phone": "+81 90 1549 0599", "website": null, "wikipedia_url": null, "wikidata_qid": null, "capacity": 250, "reservation": null, "opening_hours": null, "fee": "yes", "operator": null, "address": null, "email": null, "internet_access": null, "fireplace": null, "shower": null, "route_associations": [], "nearest_mountain_no": 64, "osm_id": "n4081216247"}}, {"type": "Feature", "geometry": {"type": "Point", "coordinates": [138.4395514, 35.9417491]}, "properties": {"id": "h0196", "name": "BUB Resort Yatsugatake", "name_en": "BUB Resort Yatsugatake", "name_ja_hira": null, "kind": "alpine_hut", "ele": null, "phone": "0551-45-9100", "website": "https://yatsugatake.bub-resort.com/", "wikipedia_url": null, "wikidata_qid": null, "capacity": null, "reservation": null, "opening_hours": null, "fee": null, "operator": null, "address": null, "email": null, "internet_access": null, "fireplace": null, "shower": null, "route_associations": [], "nearest_mountain_no": 64, "osm_id": "n10967294205"}}, {"type": "Feature", "geometry": {"type": "Point", "coordinates": [138.3242065, 35.9822842]}, "properties": {"id": "h0197", "name": "やまのこ村", "name_en": null, "name_ja_hira": null, "kind": "alpine_hut", "ele": 1677.7, "phone": null, "website": null, "wikipedia_url": null, "wikidata_qid": null, "capacity": null, "reservation": null, "opening_hours": null, "fee": null, "operator": null, "address": null, "email": null, "internet_access": null, "fireplace": null, "shower": null, "route_associations": [], "nearest_mountain_no": 64, "osm_id": "w181402974"}}, {"type": "Feature", "geometry": {"type": "Point", "coordinates": [138.3645063, 35.97899]}, "properties": {"id": "h0198", "name": "行者小屋", "name_en": "Gyoja Goya", "name_ja_hira": "ぎょうじゃごや", "kind": "alpine_hut", "ele": null, "phone": null, "website": null, "wikipedia_url": null, "wikidata_qid": null, "capacity": null, "reservation": null, "opening_hours": null, "fee": null, "operator": null, "address": null, "email": null, "internet_access": null, "fireplace": null, "shower": null, "route_associations": [], "nearest_mountain_no": 64, "osm_id": "w181402975"}}, {"type": "Feature", "geometry": {"type": "Point", "coordinates": [138.3249833, 35.982056]}, "properties": {"id": "h0199", "name": "(이름 미상)", "name_en": null, "name_ja_hira": null, "kind": "alpine_hut", "ele": 1686.0, "phone": null, "website": null, "wikipedia_url": null, "wikidata_qid": null, "capacity": null, "reservation": null, "opening_hours": null, "fee": null, "operator": null, "address": null, "email": null, "internet_access": null, "fireplace": null, "shower": null, "route_associations": [], "nearest_mountain_no": 64, "osm_id": "w181402987"}}, {"type": "Feature", "geometry": {"type": "Point", "coordinates": [138.3723392, 35.9939263]}, "properties": {"id": "h0200", "name": "硫黄岳山荘", "name_en": "Iodake Sanso", "name_ja_hira": null, "kind": "alpine_hut", "ele": 2653.5, "phone": "+81 90 3142 8469", "website": "https://iodake.jp/sanso/", "wikipedia_url": null, "wikidata_qid": null, "capacity": null, "reservation": null, "opening_hours": null, "fee": null, "operator": null, "address": null, "email": null, "internet_access": "wlan", "fireplace": null, "shower": null, "route_associations": [], "nearest_mountain_no": 64, "osm_id": "w181402988"}}, {"type": "Feature", "geometry": {"type": "Point", "coordinates": [138.3278382, 35.9813311]}, "properties": {"id": "h0201", "name": "美濃戸山荘", "name_en": null, "name_ja_hira": null, "kind": "alpine_hut", "ele": 1718.4, "phone": null, "website": null, "wikipedia_url": null, "wikidata_qid": null, "capacity": null, "reservation": null, "opening_hours": null, "fee": null, "operator": null, "address": null, "email": null, "internet_access": null, "fireplace": null, "shower": null, "route_associations": [], "nearest_mountain_no": 64, "osm_id": "w181402990"}}, {"type": "Feature", "geometry": {"type": "Point", "coordinates": [138.3250623, 35.9822315]}, "properties": {"id": "h0202", "name": "赤岳山荘", "name_en": null, "name_ja_hira": null, "kind": "alpine_hut", "ele": 1686.9, "phone": null, "website": null, "wikipedia_url": null, "wikidata_qid": null, "capacity": null, "reservation": null, "opening_hours": null, "fee": null, "operator": null, "address": null, "email": null, "internet_access": null, "fireplace": null, "shower": null, "route_associations": [], "nearest_mountain_no": 64, "osm_id": "w181402991"}}, {"type": "Feature", "geometry": {"type": "Point", "coordinates": [138.3602446, 35.9867773]}, "properties": {"id": "h0203", "name": "赤岳鉱泉", "name_en": "Akadake Kosen", "name_ja_hira": "あかだけこうせん", "kind": "alpine_hut", "ele": 2211.7, "phone": null, "website": "https://userweb.alles.or.jp/akadake/kosen.html", "wikipedia_url": "https://ja.wikipedia.org/wiki/%E8%B5%A4%E5%B2%B3%E9%89%B1%E6%B3%89", "wikidata_qid": "Q108808349", "capacity": null, "reservation": null, "opening_hours": null, "fee": null, "operator": null, "address": null, "email": null, "internet_access": null, "fireplace": null, "shower": null, "route_associations": [], "nearest_mountain_no": 64, "osm_id": "w181402992", "image": {"filename": "Mt.Yokodake 05.jpg", "thumb": "https://commons.wikimedia.org/wiki/Special:FilePath/Mt.Yokodake_05.jpg?width=400", "large": "https://commons.wikimedia.org/wiki/Special:FilePath/Mt.Yokodake_05.jpg?width=1200", "commons": "https://commons.wikimedia.org/wiki/File:Mt.Yokodake_05.jpg"}, "description": "長野県茅野市にある鉱泉または山荘"}}, {"type": "Feature", "geometry": {"type": "Point", "coordinates": [138.3592598, 36.0139743]}, "properties": {"id": "h0204", "name": "根石岳山荘", "name_en": null, "name_ja_hira": "ねいしだけさんそう", "kind": "alpine_hut", "ele": 2550.0, "phone": "+81 90 4158 4544", "website": null, "wikipedia_url": null, "wikidata_qid": null, "capacity": 60, "reservation": null, "opening_hours": null, "fee": null, "operator": null, "address": null, "email": null, "internet_access": "wlan", "fireplace": null, "shower": null, "route_associations": [], "nearest_mountain_no": 64, "osm_id": "w352544572"}}, {"type": "Feature", "geometry": {"type": "Point", "coordinates": [138.3433721, 36.0035196]}, "properties": {"id": "h0205", "name": "夏沢鉱泉", "name_en": null, "name_ja_hira": "なつざわこうせん", "kind": "alpine_hut", "ele": 2051.8, "phone": "+81 90 4158 4545", "website": null, "wikipedia_url": null, "wikidata_qid": null, "capacity": 40, "reservation": "required", "opening_hours": null, "fee": null, "operator": null, "address": null, "email": null, "internet_access": "wlan", "fireplace": null, "shower": null, "route_associations": [], "nearest_mountain_no": 64, "osm_id": "w352546902"}}, {"type": "Feature", "geometry": {"type": "Point", "coordinates": [138.3486989, 35.9446145]}, "properties": {"id": "h0206", "name": "青年小屋", "name_en": null, "name_ja_hira": null, "kind": "alpine_hut", "ele": null, "phone": null, "website": null, "wikipedia_url": null, "wikidata_qid": null, "capacity": null, "reservation": null, "opening_hours": null, "fee": null, "operator": null, "address": null, "email": null, "internet_access": null, "fireplace": null, "shower": null, "route_associations": [], "nearest_mountain_no": 64, "osm_id": "w403547987"}}, {"type": "Feature", "geometry": {"type": "Point", "coordinates": [138.3626176, 35.9628481]}, "properties": {"id": "h0207", "name": "キレット小屋", "name_en": "Kiretto Hut", "name_ja_hira": null, "kind": "alpine_hut", "ele": null, "phone": null, "website": null, "wikipedia_url": "https://ja.wikipedia.org/wiki/%E3%82%AD%E3%83%AC%E3%83%83%E3%83%88%E5%B0%8F%E5%B1%8B", "wikidata_qid": null, "capacity": null, "reservation": null, "opening_hours": null, "fee": null, "operator": null, "address": null, "email": null, "internet_access": null, "fireplace": null, "shower": null, "route_associations": [], "nearest_mountain_no": 64, "osm_id": "w403747326"}}, {"type": "Feature", "geometry": {"type": "Point", "coordinates": [138.357298, 36.0295517]}, "properties": {"id": "h0208", "name": "黒百合ヒュッテ", "name_en": "Kuroyuri Hutte", "name_ja_hira": null, "kind": "alpine_hut", "ele": 2394.6, "phone": "+81 90 2533 0620", "website": null, "wikipedia_url": null, "wikidata_qid": null, "capacity": null, "reservation": null, "opening_hours": null, "fee": null, "operator": null, "address": null, "email": null, "internet_access": null, "fireplace": null, "shower": null, "route_associations": [], "nearest_mountain_no": 64, "osm_id": "w580068651"}}, {"type": "Feature", "geometry": {"type": "Point", "coordinates": [138.3013594, 35.9818505]}, "properties": {"id": "h0209", "name": "八ヶ岳山荘", "name_en": null, "name_ja_hira": null, "kind": "alpine_hut", "ele": 1490.6, "phone": null, "website": null, "wikipedia_url": null, "wikidata_qid": null, "capacity": null, "reservation": null, "opening_hours": null, "fee": null, "operator": null, "address": null, "email": null, "internet_access": null, "fireplace": null, "shower": null, "route_associations": [], "nearest_mountain_no": 64, "osm_id": "w620023909"}}, {"type": "Feature", "geometry": {"type": "Point", "coordinates": [138.3704767, 35.9712235]}, "properties": {"id": "h0210", "name": "赤岳頂上山荘", "name_en": null, "name_ja_hira": "あかだけちょうじょうさんそう", "kind": "alpine_hut", "ele": 2889.5, "phone": null, "website": null, "wikipedia_url": null, "wikidata_qid": null, "capacity": null, "reservation": null, "opening_hours": null, "fee": null, "operator": null, "address": null, "email": null, "internet_access": null, "fireplace": null, "shower": null, "route_associations": [], "nearest_mountain_no": 64, "osm_id": "w1218142590"}}, {"type": "Feature", "geometry": {"type": "Point", "coordinates": [138.3647082, 36.0059511]}, "properties": {"id": "h0211", "name": "ヒュッテ夏沢", "name_en": "Hutte Natsuzawa", "name_ja_hira": null, "kind": "alpine_hut", "ele": 2428.7, "phone": null, "website": null, "wikipedia_url": null, "wikidata_qid": null, "capacity": null, "reservation": null, "opening_hours": null, "fee": null, "operator": null, "address": null, "email": null, "internet_access": null, "fireplace": null, "shower": null, "route_associations": [], "nearest_mountain_no": 64, "osm_id": "w1218512248"}}, {"type": "Feature", "geometry": {"type": "Point", "coordinates": [138.3648769, 36.0059667]}, "properties": {"id": "h0212", "name": "山びこ荘", "name_en": "Yamabikoso", "name_ja_hira": null, "kind": "alpine_hut", "ele": 2427.0, "phone": null, "website": null, "wikipedia_url": null, "wikidata_qid": null, "capacity": null, "reservation": null, "opening_hours": null, "fee": null, "operator": null, "address": null, "email": null, "internet_access": null, "fireplace": null, "shower": null, "route_associations": [], "nearest_mountain_no": 64, "osm_id": "w1218512249"}}, {"type": "Feature", "geometry": {"type": "Point", "coordinates": [138.3728239, 36.0120119]}, "properties": {"id": "h0213", "name": "本沢温泉", "name_en": "Honzawa Onsen", "name_ja_hira": null, "kind": "alpine_hut", "ele": 2100.0, "phone": null, "website": "https://www.yatsu-honzawaonsen.com/", "wikipedia_url": "https://ja.wikipedia.org/wiki/%E6%9C%AC%E6%B2%A2%E6%B8%A9%E6%B3%89", "wikidata_qid": "Q11520497", "capacity": null, "reservation": null, "opening_hours": null, "fee": null, "operator": null, "address": null, "email": null, "internet_access": null, "fireplace": null, "shower": null, "route_associations": [], "nearest_mountain_no": 64, "osm_id": "w1219501274", "image": {"filename": "Iodake5.JPG", "thumb": "https://commons.wikimedia.org/wiki/Special:FilePath/Iodake5.JPG?width=400", "large": "https://commons.wikimedia.org/wiki/Special:FilePath/Iodake5.JPG?width=1200", "commons": "https://commons.wikimedia.org/wiki/File:Iodake5.JPG"}, "description": "長野県南牧村にある温泉"}}, {"type": "Feature", "geometry": {"type": "Point", "coordinates": [138.8508072, 36.0211255]}, "properties": {"id": "h0214", "name": "清滝避難小屋", "name_en": null, "name_ja_hira": null, "kind": "wilderness_hut", "ele": null, "phone": null, "website": null, "wikipedia_url": null, "wikidata_qid": null, "capacity": null, "reservation": null, "opening_hours": null, "fee": "no", "operator": "埼玉県秩父環境管理事務所", "address": null, "email": null, "internet_access": null, "fireplace": null, "shower": null, "route_associations": [{"mountain_no": 65, "route_id": "m065-r0", "dist_m": 19}], "nearest_mountain_no": 65, "osm_id": "n12227612350"}}, {"type": "Feature", "geometry": {"type": "Point", "coordinates": [138.7956784, 35.9620993]}, "properties": {"id": "h0215", "name": "白泰山避難小屋", "name_en": null, "name_ja_hira": null, "kind": "wilderness_hut", "ele": null, "phone": null, "website": null, "wikipedia_url": null, "wikidata_qid": null, "capacity": null, "reservation": null, "opening_hours": null, "fee": "no", "operator": null, "address": null, "email": null, "internet_access": null, "fireplace": "yes", "shower": null, "route_associations": [], "nearest_mountain_no": 65, "osm_id": "w1120957584"}}, {"type": "Feature", "geometry": {"type": "Point", "coordinates": [138.9511021, 35.882806]}, "properties": {"id": "h0216", "name": "白岩小屋", "name_en": "Shiraiwa Hut (Ruined)", "name_ja_hira": "しらいわこや", "kind": "wilderness_hut", "ele": null, "phone": null, "website": null, "wikipedia_url": null, "wikidata_qid": null, "capacity": null, "reservation": null, "opening_hours": null, "fee": null, "operator": null, "address": null, "email": null, "internet_access": null, "fireplace": null, "shower": null, "route_associations": [], "nearest_mountain_no": 66, "osm_id": "n2300534130"}}, {"type": "Feature", "geometry": {"type": "Point", "coordinates": [139.0039732, 35.8275292]}, "properties": {"id": "h0217", "name": "鷹ノ巣山避難小屋", "name_en": "Takanosu Hut (non staffed)", "name_ja_hira": null, "kind": "wilderness_hut", "ele": null, "phone": null, "website": null, "wikipedia_url": null, "wikidata_qid": null, "capacity": null, "reservation": null, "opening_hours": "24/7", "fee": null, "operator": null, "address": null, "email": null, "internet_access": null, "fireplace": null, "shower": null, "route_associations": [], "nearest_mountain_no": 66, "osm_id": "n2502422250"}}, {"type": "Feature", "geometry": {"type": "Point", "coordinates": [138.9441906, 35.8547011]}, "properties": {"id": "h0218", "name": "雲取山避難小屋", "name_en": "Kumotori emergency lodge", "name_ja_hira": null, "kind": "wilderness_hut", "ele": 2000.0, "phone": null, "website": null, "wikipedia_url": null, "wikidata_qid": null, "capacity": null, "reservation": null, "opening_hours": null, "fee": null, "operator": "東京都", "address": null, "email": null, "internet_access": null, "fireplace": null, "shower": null, "route_associations": [{"mountain_no": 66, "route_id": "m066-r0", "dist_m": 13}], "nearest_mountain_no": 66, "osm_id": "w242783357"}}, {"type": "Feature", "geometry": {"type": "Point", "coordinates": [138.9184826, 35.835361]}, "properties": {"id": "h0219", "name": "(이름 미상)", "name_en": null, "name_ja_hira": null, "kind": "alpine_hut", "ele": null, "phone": null, "website": null, "wikipedia_url": null, "wikidata_qid": null, "capacity": null, "reservation": null, "opening_hours": null, "fee": null, "operator": null, "address": null, "email": null, "internet_access": null, "fireplace": null, "shower": null, "route_associations": [], "nearest_mountain_no": 66, "osm_id": "w244803596"}}, {"type": "Feature", "geometry": {"type": "Point", "coordinates": [138.9182684, 35.8354151]}, "properties": {"id": "h0220", "name": "三条の湯", "name_en": "Sanjo no yu hut with hot springs", "name_ja_hira": null, "kind": "alpine_hut", "ele": null, "phone": null, "website": "https://sanjyounoyu.com/", "wikipedia_url": "https://ja.wikipedia.org/wiki/%E4%B8%89%E6%9D%A1%E3%81%AE%E6%B9%AF", "wikidata_qid": null, "capacity": null, "reservation": null, "opening_hours": null, "fee": "yes", "operator": null, "address": null, "email": null, "internet_access": null, "fireplace": null, "shower": null, "route_associations": [], "nearest_mountain_no": 66, "osm_id": "w244803600"}}, {"type": "Feature", "geometry": {"type": "Point", "coordinates": [138.9436123, 35.8609632]}, "properties": {"id": "h0221", "name": "雲取山荘", "name_en": "Kumotori-Sanso Lodge", "name_ja_hira": null, "kind": "alpine_hut", "ele": null, "phone": "+81 494 23 3338", "website": "https://service.gsi.go.jp/kijunten/", "wikipedia_url": "https://ja.wikipedia.org/wiki/%E9%9B%B2%E5%8F%96%E5%B1%B1%E8%8D%98", "wikidata_qid": null, "capacity": null, "reservation": null, "opening_hours": "24/7", "fee": null, "operator": null, "address": null, "email": "kumotori@beige.ocn.ne.jp", "internet_access": null, "fireplace": null, "shower": null, "route_associations": [], "nearest_mountain_no": 66, "osm_id": "w359506469"}}, {"type": "Feature", "geometry": {"type": "Point", "coordinates": [138.9656528, 35.8275885]}, "properties": {"id": "h0222", "name": "七ツ石小屋", "name_en": "Nanatsuishi-Koya Lodge", "name_ja_hira": null, "kind": "alpine_hut", "ele": null, "phone": "+81-428-880934", "website": "http://www.tabayama.jp/nanatsuishi/", "wikipedia_url": null, "wikidata_qid": null, "capacity": null, "reservation": null, "opening_hours": null, "fee": null, "operator": null, "address": null, "email": null, "internet_access": null, "fireplace": null, "shower": null, "route_associations": [{"mountain_no": 66, "route_id": "m066-r0", "dist_m": 95}], "nearest_mountain_no": 66, "osm_id": "w391370906"}}, {"type": "Feature", "geometry": {"type": "Point", "coordinates": [138.948191, 35.8418103]}, "properties": {"id": "h0223", "name": "奥多摩小屋（閉鎖）", "name_en": "Okutama-Koya Lodge (Closed)", "name_ja_hira": null, "kind": "alpine_hut", "ele": null, "phone": null, "website": null, "wikipedia_url": null, "wikidata_qid": null, "capacity": null, "reservation": null, "opening_hours": null, "fee": null, "operator": null, "address": null, "email": null, "internet_access": null, "fireplace": null, "shower": null, "route_associations": [{"mountain_no": 66, "route_id": "m066-r0", "dist_m": 23}], "nearest_mountain_no": 66, "osm_id": "w391370917"}}, {"type": "Feature", "geometry": {"type": "Point", "coordinates": [138.8633511, 35.8568749]}, "properties": {"id": "h0224", "name": "将監小屋", "name_en": null, "name_ja_hira": null, "kind": "alpine_hut", "ele": null, "phone": null, "website": null, "wikipedia_url": null, "wikidata_qid": null, "capacity": null, "reservation": null, "opening_hours": null, "fee": null, "operator": null, "address": null, "email": null, "internet_access": "no", "fireplace": null, "shower": null, "route_associations": [], "nearest_mountain_no": 66, "osm_id": "w1016414652"}}, {"type": "Feature", "geometry": {"type": "Point", "coordinates": [139.0152341, 35.897671]}, "properties": {"id": "h0225", "name": "酉谷山避難小屋", "name_en": "Toridaniya Hut", "name_ja_hira": null, "kind": "wilderness_hut", "ele": null, "phone": null, "website": null, "wikipedia_url": null, "wikidata_qid": null, "capacity": null, "reservation": null, "opening_hours": null, "fee": "no", "operator": null, "address": null, "email": null, "internet_access": null, "fireplace": "no", "shower": null, "route_associations": [], "nearest_mountain_no": 66, "osm_id": "w1339445992"}}, {"type": "Feature", "geometry": {"type": "Point", "coordinates": [138.6636405, 35.8727753]}, "properties": {"id": "h0226", "name": "大弛小屋", "name_en": null, "name_ja_hira": null, "kind": "alpine_hut", "ele": null, "phone": null, "website": null, "wikipedia_url": null, "wikidata_qid": null, "capacity": null, "reservation": null, "opening_hours": null, "fee": null, "operator": null, "address": null, "email": null, "internet_access": null, "fireplace": null, "shower": null, "route_associations": [], "nearest_mountain_no": 68, "osm_id": "w382499002"}}, {"type": "Feature", "geometry": {"type": "Point", "coordinates": [138.8002281, 35.9153627]}, "properties": {"id": "h0227", "name": "樺小屋 避難小屋", "name_en": null, "name_ja_hira": null, "kind": "wilderness_hut", "ele": null, "phone": null, "website": null, "wikipedia_url": null, "wikidata_qid": null, "capacity": "no", "reservation": "no", "opening_hours": null, "fee": null, "operator": null, "address": null, "email": null, "internet_access": "no", "fireplace": null, "shower": null, "route_associations": [], "nearest_mountain_no": 67, "osm_id": "w974670632"}}, {"type": "Feature", "geometry": {"type": "Point", "coordinates": [138.7497123, 35.9482006]}, "properties": {"id": "h0228", "name": "四里観音避難小屋", "name_en": null, "name_ja_hira": null, "kind": "wilderness_hut", "ele": null, "phone": null, "website": null, "wikipedia_url": null, "wikidata_qid": null, "capacity": null, "reservation": "no", "opening_hours": null, "fee": "no", "operator": null, "address": null, "email": null, "internet_access": "no", "fireplace": null, "shower": null, "route_associations": [], "nearest_mountain_no": 67, "osm_id": "w1119513096"}}, {"type": "Feature", "geometry": {"type": "Point", "coordinates": [138.7707912, 35.9285135]}, "properties": {"id": "h0229", "name": "柳小屋", "name_en": "Yanagi Hut", "name_ja_hira": null, "kind": "alpine_hut", "ele": null, "phone": null, "website": null, "wikipedia_url": null, "wikidata_qid": null, "capacity": null, "reservation": null, "opening_hours": null, "fee": null, "operator": null, "address": null, "email": null, "internet_access": null, "fireplace": null, "shower": null, "route_associations": [], "nearest_mountain_no": 67, "osm_id": "w1119549228"}}, {"type": "Feature", "geometry": {"type": "Point", "coordinates": [138.7355599, 35.9423816]}, "properties": {"id": "h0230", "name": "十文字小屋", "name_en": "Jumonji  Hut", "name_ja_hira": null, "kind": "alpine_hut", "ele": null, "phone": null, "website": null, "wikipedia_url": null, "wikidata_qid": null, "capacity": null, "reservation": null, "opening_hours": null, "fee": "yes", "operator": null, "address": null, "email": null, "internet_access": "no", "fireplace": null, "shower": null, "route_associations": [], "nearest_mountain_no": 67, "osm_id": "w1119549229"}}, {"type": "Feature", "geometry": {"type": "Point", "coordinates": [138.7502436, 35.9021459]}, "properties": {"id": "h0231", "name": "破風山避難小屋", "name_en": null, "name_ja_hira": null, "kind": "wilderness_hut", "ele": null, "phone": null, "website": null, "wikipedia_url": null, "wikidata_qid": null, "capacity": null, "reservation": null, "opening_hours": null, "fee": "no", "operator": null, "address": null, "email": null, "internet_access": null, "fireplace": "yes", "shower": null, "route_associations": [], "nearest_mountain_no": 67, "osm_id": "w1119553415"}}, {"type": "Feature", "geometry": {"type": "Point", "coordinates": [138.7307779, 35.9072103]}, "properties": {"id": "h0232", "name": "甲武信小屋", "name_en": null, "name_ja_hira": null, "kind": "alpine_hut", "ele": null, "phone": null, "website": null, "wikipedia_url": null, "wikidata_qid": null, "capacity": null, "reservation": null, "opening_hours": null, "fee": null, "operator": null, "address": null, "email": null, "internet_access": null, "fireplace": null, "shower": null, "route_associations": [{"mountain_no": 67, "route_id": "m067-r0", "dist_m": 12}], "nearest_mountain_no": 67, "osm_id": "w1119553416"}}, {"type": "Feature", "geometry": {"type": "Point", "coordinates": [138.793666, 35.89226]}, "properties": {"id": "h0233", "name": "(이름 미상)", "name_en": null, "name_ja_hira": null, "kind": "alpine_hut", "ele": null, "phone": null, "website": null, "wikipedia_url": null, "wikidata_qid": null, "capacity": null, "reservation": null, "opening_hours": null, "fee": null, "operator": null, "address": null, "email": null, "internet_access": null, "fireplace": null, "shower": null, "route_associations": [], "nearest_mountain_no": 67, "osm_id": "w1154428381"}}, {"type": "Feature", "geometry": {"type": "Point", "coordinates": [138.7938549, 35.8923722]}, "properties": {"id": "h0234", "name": "雁坂小屋", "name_en": null, "name_ja_hira": null, "kind": "alpine_hut", "ele": null, "phone": null, "website": null, "wikipedia_url": null, "wikidata_qid": null, "capacity": null, "reservation": null, "opening_hours": null, "fee": "yes", "operator": null, "address": null, "email": null, "internet_access": "no", "fireplace": null, "shower": null, "route_associations": [], "nearest_mountain_no": 67, "osm_id": "w1154428382"}}, {"type": "Feature", "geometry": {"type": "Point", "coordinates": [138.5783127, 35.8786754]}, "properties": {"id": "h0235", "name": "瑞牆山荘", "name_en": null, "name_ja_hira": null, "kind": "alpine_hut", "ele": null, "phone": null, "website": null, "wikipedia_url": null, "wikidata_qid": null, "capacity": null, "reservation": null, "opening_hours": null, "fee": null, "operator": null, "address": null, "email": null, "internet_access": null, "fireplace": null, "shower": null, "route_associations": [], "nearest_mountain_no": 69, "osm_id": "n4406775661"}}, {"type": "Feature", "geometry": {"type": "Point", "coordinates": [138.6017011, 35.8812297]}, "properties": {"id": "h0236", "name": "大日小屋", "name_en": null, "name_ja_hira": null, "kind": "alpine_hut", "ele": null, "phone": null, "website": null, "wikipedia_url": null, "wikidata_qid": null, "capacity": null, "reservation": null, "opening_hours": null, "fee": null, "operator": null, "address": null, "email": null, "internet_access": null, "fireplace": null, "shower": null, "route_associations": [], "nearest_mountain_no": 69, "osm_id": "w161885521"}}, {"type": "Feature", "geometry": {"type": "Point", "coordinates": [138.5875196, 35.8825469]}, "properties": {"id": "h0237", "name": "富士見平小屋", "name_en": null, "name_ja_hira": null, "kind": "alpine_hut", "ele": null, "phone": null, "website": "https://www.google.co.jp/search?hl=ja&as_eq=wikipedia&q=%22%E7%91%9E%E7%89%86%E5%B1%B1%22&num=50", "wikipedia_url": "https://ja.wikipedia.org/wiki/%E5%AF%8C%E5%A3%AB%E8%A6%8B%E5%B9%B3%E5%B0%8F%E5%B1%8B", "wikidata_qid": null, "capacity": null, "reservation": null, "opening_hours": null, "fee": null, "operator": null, "address": null, "email": null, "internet_access": null, "fireplace": null, "shower": null, "route_associations": [], "nearest_mountain_no": 69, "osm_id": "w161885523"}}, {"type": "Feature", "geometry": {"type": "Point", "coordinates": [138.6230597, 35.8737869]}, "properties": {"id": "h0238", "name": "金峰山小屋", "name_en": null, "name_ja_hira": null, "kind": "alpine_hut", "ele": null, "phone": null, "website": "https://www.kimpou.com/", "wikipedia_url": "https://ja.wikipedia.org/wiki/%E9%87%91%E5%B3%B0%E5%B1%B1%E5%B0%8F%E5%B1%8B", "wikidata_qid": null, "capacity": null, "reservation": null, "opening_hours": null, "fee": "yes", "operator": null, "address": null, "email": null, "internet_access": null, "fireplace": null, "shower": null, "route_associations": [{"mountain_no": 68, "route_id": "m068-r0", "dist_m": 28}], "nearest_mountain_no": 68, "osm_id": "w161885541"}}, {"type": "Feature", "geometry": {"type": "Point", "coordinates": [138.8532447, 35.7362815]}, "properties": {"id": "h0239", "name": "介山荘", "name_en": "Kaizanso", "name_ja_hira": null, "kind": "alpine_hut", "ele": null, "phone": null, "website": null, "wikipedia_url": null, "wikidata_qid": null, "capacity": null, "reservation": null, "opening_hours": null, "fee": null, "operator": null, "address": null, "email": null, "internet_access": null, "fireplace": null, "shower": null, "route_associations": [], "nearest_mountain_no": 70, "osm_id": "w192637055"}}, {"type": "Feature", "geometry": {"type": "Point", "coordinates": [138.8436994, 35.7378788]}, "properties": {"id": "h0240", "name": "勝縁荘", "name_en": null, "name_ja_hira": null, "kind": "alpine_hut", "ele": null, "phone": null, "website": null, "wikipedia_url": null, "wikidata_qid": null, "capacity": null, "reservation": null, "opening_hours": null, "fee": null, "operator": null, "address": null, "email": null, "internet_access": null, "fireplace": null, "shower": null, "route_associations": [], "nearest_mountain_no": 70, "osm_id": "w192637057"}}, {"type": "Feature", "geometry": {"type": "Point", "coordinates": [138.8414595, 35.7377657]}, "properties": {"id": "h0241", "name": "富士見山荘", "name_en": null, "name_ja_hira": null, "kind": "alpine_hut", "ele": null, "phone": null, "website": null, "wikipedia_url": null, "wikidata_qid": null, "capacity": null, "reservation": null, "opening_hours": null, "fee": null, "operator": null, "address": null, "email": null, "internet_access": null, "fireplace": null, "shower": null, "route_associations": [{"mountain_no": 70, "route_id": "m070-r0", "dist_m": 170}], "nearest_mountain_no": 70, "osm_id": "w192637066"}}, {"type": "Feature", "geometry": {"type": "Point", "coordinates": [138.8508015, 35.6808475]}, "properties": {"id": "h0242", "name": "(이름 미상)", "name_en": null, "name_ja_hira": null, "kind": "wilderness_hut", "ele": null, "phone": null, "website": null, "wikipedia_url": null, "wikidata_qid": null, "capacity": null, "reservation": null, "opening_hours": null, "fee": null, "operator": null, "address": null, "email": null, "internet_access": null, "fireplace": null, "shower": null, "route_associations": [], "nearest_mountain_no": 70, "osm_id": "w1349731251"}}, {"type": "Feature", "geometry": {"type": "Point", "coordinates": [138.7368842, 35.3447149]}, "properties": {"id": "h0243", "name": "御来光山荘", "name_en": "Goraiko Sanso", "name_ja_hira": null, "kind": "alpine_hut", "ele": 2795.0, "phone": null, "website": null, "wikipedia_url": null, "wikidata_qid": null, "capacity": 180, "reservation": null, "opening_hours": null, "fee": null, "operator": null, "address": null, "email": null, "internet_access": null, "fireplace": null, "shower": null, "route_associations": [], "nearest_mountain_no": 72, "osm_id": "n874172106"}}, {"type": "Feature", "geometry": {"type": "Point", "coordinates": [138.7357477, 35.3485524]}, "properties": {"id": "h0244", "name": "山口山荘", "name_en": "Yamaguchi Sanso", "name_ja_hira": null, "kind": "alpine_hut", "ele": 3030.0, "phone": null, "website": null, "wikipedia_url": null, "wikidata_qid": null, "capacity": 200, "reservation": null, "opening_hours": null, "fee": null, "operator": null, "address": null, "email": null, "internet_access": null, "fireplace": null, "shower": null, "route_associations": [], "nearest_mountain_no": 72, "osm_id": "n880703238"}}, {"type": "Feature", "geometry": {"type": "Point", "coordinates": [138.7329573, 35.3545739]}, "properties": {"id": "h0245", "name": "万年雪山荘", "name_en": "Mannenyuki Sanso", "name_ja_hira": null, "kind": "alpine_hut", "ele": 3410.0, "phone": null, "website": null, "wikipedia_url": null, "wikidata_qid": null, "capacity": 300, "reservation": null, "opening_hours": null, "fee": null, "operator": null, "address": null, "email": null, "internet_access": null, "fireplace": null, "shower": null, "route_associations": [{"mountain_no": 72, "route_id": "m072-r0", "dist_m": 296}], "nearest_mountain_no": 72, "osm_id": "n888297730"}}, {"type": "Feature", "geometry": {"type": "Point", "coordinates": [138.7311118, 35.3566502]}, "properties": {"id": "h0246", "name": "胸突山荘", "name_en": "Munatsuki Sanso", "name_ja_hira": null, "kind": "alpine_hut", "ele": 3550.0, "phone": null, "website": null, "wikipedia_url": null, "wikidata_qid": null, "capacity": 170, "reservation": null, "opening_hours": null, "fee": null, "operator": null, "address": null, "email": null, "internet_access": null, "fireplace": null, "shower": null, "route_associations": [{"mountain_no": 72, "route_id": "m072-r0", "dist_m": 243}], "nearest_mountain_no": 72, "osm_id": "n888306887"}}, {"type": "Feature", "geometry": {"type": "Point", "coordinates": [138.7310598, 35.3595841]}, "properties": {"id": "h0247", "name": "頂上富士館", "name_en": "Chojo Fuji Kan", "name_ja_hira": "ちょうじょうふじかん", "kind": "alpine_hut", "ele": 3740.0, "phone": null, "website": "http://fujisanchou.com/", "wikipedia_url": null, "wikidata_qid": null, "capacity": 300, "reservation": null, "opening_hours": null, "fee": null, "operator": null, "address": null, "email": null, "internet_access": null, "fireplace": null, "shower": null, "route_associations": [{"mountain_no": 72, "route_id": "m072-r0", "dist_m": 0}], "nearest_mountain_no": 72, "osm_id": "n888327858"}}, {"type": "Feature", "geometry": {"type": "Point", "coordinates": [138.7310466, 35.3594857]}, "properties": {"id": "h0248", "name": "銀明館", "name_en": "Ginmei Kan", "name_ja_hira": "ぎんめいかん", "kind": "alpine_hut", "ele": 3740.0, "phone": null, "website": null, "wikipedia_url": null, "wikidata_qid": null, "capacity": null, "reservation": null, "opening_hours": null, "fee": null, "operator": null, "address": null, "email": null, "internet_access": null, "fireplace": null, "shower": null, "route_associations": [{"mountain_no": 72, "route_id": "m072-r0", "dist_m": 11}], "nearest_mountain_no": 72, "osm_id": "n888327911"}}, {"type": "Feature", "geometry": {"type": "Point", "coordinates": [138.7447252, 35.3542024]}, "properties": {"id": "h0249", "name": "日ノ出館", "name_en": "Hinode Kan", "name_ja_hira": null, "kind": "alpine_hut", "ele": 3040.0, "phone": null, "website": null, "wikipedia_url": null, "wikidata_qid": null, "capacity": null, "reservation": null, "opening_hours": null, "fee": null, "operator": null, "address": null, "email": null, "internet_access": null, "fireplace": null, "shower": null, "route_associations": [{"mountain_no": 72, "route_id": "m072-r3", "dist_m": 2}], "nearest_mountain_no": 72, "osm_id": "n888357839"}}, {"type": "Feature", "geometry": {"type": "Point", "coordinates": [138.7384176, 35.3546766]}, "properties": {"id": "h0250", "name": "赤岩八合館", "name_en": null, "name_ja_hira": null, "kind": "alpine_hut", "ele": 3290.0, "phone": null, "website": null, "wikipedia_url": null, "wikidata_qid": null, "capacity": null, "reservation": null, "opening_hours": null, "fee": null, "operator": null, "address": null, "email": null, "internet_access": null, "fireplace": null, "shower": null, "route_associations": [{"mountain_no": 72, "route_id": "m072-r0", "dist_m": 1}], "nearest_mountain_no": 72, "osm_id": "n890510444"}}, {"type": "Feature", "geometry": {"type": "Point", "coordinates": [138.7367569, 35.3558935]}, "properties": {"id": "h0251", "name": "見晴館", "name_en": "Miharashi Kan", "name_ja_hira": null, "kind": "alpine_hut", "ele": 3400.0, "phone": null, "website": null, "wikipedia_url": null, "wikidata_qid": null, "capacity": null, "reservation": null, "opening_hours": null, "fee": null, "operator": null, "address": null, "email": null, "internet_access": null, "fireplace": null, "shower": null, "route_associations": [{"mountain_no": 72, "route_id": "m072-r0", "dist_m": 10}], "nearest_mountain_no": 72, "osm_id": "n890518714"}}, {"type": "Feature", "geometry": {"type": "Point", "coordinates": [138.7552537, 35.3510138]}, "properties": {"id": "h0252", "name": "半蔵坊", "name_en": "hanzobo", "name_ja_hira": null, "kind": "alpine_hut", "ele": 2590.0, "phone": "+81 090-2745-2590", "website": "http://hanzobo.main.jp/", "wikipedia_url": null, "wikidata_qid": null, "capacity": null, "reservation": null, "opening_hours": null, "fee": null, "operator": null, "address": null, "email": null, "internet_access": null, "fireplace": null, "shower": null, "route_associations": [], "nearest_mountain_no": 72, "osm_id": "n890553102"}}, {"type": "Feature", "geometry": {"type": "Point", "coordinates": [138.7330112, 35.3652854]}, "properties": {"id": "h0253", "name": "東京屋", "name_en": "Tokyo-ya", "name_ja_hira": "とうきょうや", "kind": "alpine_hut", "ele": 3720.0, "phone": null, "website": null, "wikipedia_url": null, "wikidata_qid": null, "capacity": null, "reservation": null, "opening_hours": null, "fee": null, "operator": null, "address": null, "email": null, "internet_access": null, "fireplace": null, "shower": null, "route_associations": [{"mountain_no": 72, "route_id": "m072-r1", "dist_m": 45}], "nearest_mountain_no": 72, "osm_id": "n1402646541"}}, {"type": "Feature", "geometry": {"type": "Point", "coordinates": [138.7391454, 35.3691832]}, "properties": {"id": "h0254", "name": "本八合目富士山ホテル別館", "name_en": "Fujisan Hotel", "name_ja_hira": null, "kind": "alpine_hut", "ele": 3400.0, "phone": null, "website": "https://www.fujisanhotel.com/", "wikipedia_url": null, "wikidata_qid": null, "capacity": null, "reservation": null, "opening_hours": null, "fee": null, "operator": null, "address": null, "email": null, "internet_access": null, "fireplace": null, "shower": null, "route_associations": [{"mountain_no": 72, "route_id": "m072-r1", "dist_m": 3}], "nearest_mountain_no": 72, "osm_id": "w146162657"}}, {"type": "Feature", "geometry": {"type": "Point", "coordinates": [138.7445184, 35.3789372]}, "properties": {"id": "h0255", "name": "花小屋", "name_en": "Hana-goya", "name_ja_hira": null, "kind": "alpine_hut", "ele": 2700.0, "phone": null, "website": "http://www2.tbb.t-com.ne.jp/hanagoya/index.html", "wikipedia_url": null, "wikidata_qid": null, "capacity": null, "reservation": null, "opening_hours": null, "fee": null, "operator": null, "address": null, "email": null, "internet_access": null, "fireplace": null, "shower": null, "route_associations": [{"mountain_no": 72, "route_id": "m072-r1", "dist_m": 7}], "nearest_mountain_no": 72, "osm_id": "w298973133"}}, {"type": "Feature", "geometry": {"type": "Point", "coordinates": [138.7439759, 35.3783132]}, "properties": {"id": "h0256", "name": "七合目トモエ館", "name_en": "7th Station Tomoe-kan", "name_ja_hira": null, "kind": "alpine_hut", "ele": 2740.0, "phone": null, "website": "https://tomoekan.com/", "wikipedia_url": null, "wikidata_qid": null, "capacity": null, "reservation": null, "opening_hours": null, "fee": null, "operator": null, "address": null, "email": null, "internet_access": null, "fireplace": null, "shower": null, "route_associations": [{"mountain_no": 72, "route_id": "m072-r1", "dist_m": 15}], "nearest_mountain_no": 72, "osm_id": "w298973135"}}, {"type": "Feature", "geometry": {"type": "Point", "coordinates": [138.7396413, 35.3715409]}, "properties": {"id": "h0257", "name": "白雲荘", "name_en": "Hakuun-so", "name_ja_hira": null, "kind": "alpine_hut", "ele": 3200.0, "phone": null, "website": "http://fujisan-hakuun.com/ja/", "wikipedia_url": null, "wikidata_qid": null, "capacity": null, "reservation": null, "opening_hours": null, "fee": null, "operator": null, "address": null, "email": null, "internet_access": null, "fireplace": null, "shower": null, "route_associations": [{"mountain_no": 72, "route_id": "m072-r1", "dist_m": 9}], "nearest_mountain_no": 72, "osm_id": "w298977118"}}, {"type": "Feature", "geometry": {"type": "Point", "coordinates": [138.7433035, 35.37739]}, "properties": {"id": "h0258", "name": "富士一館", "name_en": "Fujiichi-kan", "name_ja_hira": null, "kind": "alpine_hut", "ele": 2800.0, "phone": null, "website": "https://www.mfi.or.jp/fujiichikan/", "wikipedia_url": null, "wikidata_qid": null, "capacity": null, "reservation": null, "opening_hours": null, "fee": null, "operator": null, "address": null, "email": null, "internet_access": null, "fireplace": null, "shower": "no", "route_associations": [{"mountain_no": 72, "route_id": "m072-r1", "dist_m": 8}], "nearest_mountain_no": 72, "osm_id": "w298977119"}}, {"type": "Feature", "geometry": {"type": "Point", "coordinates": [138.7427967, 35.3766466]}, "properties": {"id": "h0259", "name": "鳥居荘", "name_en": "Torii-so", "name_ja_hira": null, "kind": "alpine_hut", "ele": 2900.0, "phone": null, "website": "https://toriiso.com/", "wikipedia_url": null, "wikidata_qid": null, "capacity": null, "reservation": null, "opening_hours": null, "fee": null, "operator": null, "address": null, "email": null, "internet_access": null, "fireplace": null, "shower": "no", "route_associations": [{"mountain_no": 72, "route_id": "m072-r1", "dist_m": 7}], "nearest_mountain_no": 72, "osm_id": "w298977120"}}, {"type": "Feature", "geometry": {"type": "Point", "coordinates": [138.7428967, 35.3758854]}, "properties": {"id": "h0260", "name": "東洋館", "name_en": "Toyo-kan", "name_ja_hira": null, "kind": "alpine_hut", "ele": 3000.0, "phone": null, "website": "https://www.fuji-toyokan.jp/", "wikipedia_url": null, "wikidata_qid": null, "capacity": null, "reservation": null, "opening_hours": null, "fee": null, "operator": null, "address": null, "email": null, "internet_access": null, "fireplace": null, "shower": "no", "route_associations": [{"mountain_no": 72, "route_id": "m072-r1", "dist_m": 10}], "nearest_mountain_no": 72, "osm_id": "w298977121"}}, {"type": "Feature", "geometry": {"type": "Point", "coordinates": [138.7373946, 35.3680977]}, "properties": {"id": "h0261", "name": "御来光館", "name_en": "Goraikou-kan", "name_ja_hira": null, "kind": "alpine_hut", "ele": 3450.0, "phone": "+81-555-73-8815", "website": "https://www.goraikoukan.jp/", "wikipedia_url": null, "wikidata_qid": null, "capacity": null, "reservation": null, "opening_hours": null, "fee": null, "operator": null, "address": null, "email": null, "internet_access": null, "fireplace": null, "shower": null, "route_associations": [{"mountain_no": 72, "route_id": "m072-r1", "dist_m": 0}], "nearest_mountain_no": 72, "osm_id": "w300186476"}}, {"type": "Feature", "geometry": {"type": "Point", "coordinates": [138.7388012, 35.3690798]}, "properties": {"id": "h0262", "name": "本八合目トモエ館", "name_en": "Original 8th Station Tomoe-kan", "name_ja_hira": null, "kind": "alpine_hut", "ele": 3400.0, "phone": null, "website": "https://www.mfi.or.jp/tomoekan/", "wikipedia_url": null, "wikidata_qid": null, "capacity": null, "reservation": null, "opening_hours": null, "fee": null, "operator": null, "address": null, "email": null, "internet_access": null, "fireplace": null, "shower": null, "route_associations": [{"mountain_no": 72, "route_id": "m072-r1", "dist_m": 2}], "nearest_mountain_no": 72, "osm_id": "w300186480"}}, {"type": "Feature", "geometry": {"type": "Point", "coordinates": [138.7389503, 35.368832]}, "properties": {"id": "h0263", "name": "胸突江戸屋", "name_en": "Munatsuki-Edoya", "name_ja_hira": null, "kind": "alpine_hut", "ele": 3400.0, "phone": null, "website": "https://fujisan-edoya.com/", "wikipedia_url": null, "wikidata_qid": null, "capacity": 250, "reservation": null, "opening_hours": null, "fee": null, "operator": null, "address": null, "email": null, "internet_access": null, "fireplace": null, "shower": null, "route_associations": [{"mountain_no": 72, "route_id": "m072-r2", "dist_m": 8}], "nearest_mountain_no": 72, "osm_id": "w300186481"}}, {"type": "Feature", "geometry": {"type": "Point", "coordinates": [138.7389726, 35.36931]}, "properties": {"id": "h0264", "name": "本八合目 富士山ホテル 第1", "name_en": "Fujisan Hotel #1", "name_ja_hira": null, "kind": "alpine_hut", "ele": 3400.0, "phone": null, "website": "https://www.fujisanhotel.com/", "wikipedia_url": null, "wikidata_qid": null, "capacity": null, "reservation": null, "opening_hours": null, "fee": null, "operator": null, "address": null, "email": null, "internet_access": null, "fireplace": null, "shower": null, "route_associations": [{"mountain_no": 72, "route_id": "m072-r1", "dist_m": 6}], "nearest_mountain_no": 72, "osm_id": "w300186485"}}, {"type": "Feature", "geometry": {"type": "Point", "coordinates": [138.7389517, 35.3691507]}, "properties": {"id": "h0265", "name": "本八合目 富士山ホテル 第2", "name_en": "Fujisan Hotel #2", "name_ja_hira": null, "kind": "alpine_hut", "ele": 3400.0, "phone": null, "website": "https://www.fujisanhotel.com/", "wikipedia_url": null, "wikidata_qid": null, "capacity": null, "reservation": null, "opening_hours": null, "fee": null, "operator": null, "address": null, "email": null, "internet_access": null, "fireplace": null, "shower": null, "route_associations": [{"mountain_no": 72, "route_id": "m072-r1", "dist_m": 4}], "nearest_mountain_no": 72, "osm_id": "w300186486"}}, {"type": "Feature", "geometry": {"type": "Point", "coordinates": [138.7413769, 35.3739953]}, "properties": {"id": "h0266", "name": "太子館", "name_en": "Taishi-kan", "name_ja_hira": null, "kind": "alpine_hut", "ele": 3100.0, "phone": null, "website": "https://www.mfi.or.jp/taisikan/", "wikipedia_url": null, "wikidata_qid": null, "capacity": null, "reservation": null, "opening_hours": null, "fee": null, "operator": null, "address": null, "email": null, "internet_access": "wlan", "fireplace": null, "shower": "no", "route_associations": [{"mountain_no": 72, "route_id": "m072-r1", "dist_m": 1}], "nearest_mountain_no": 72, "osm_id": "w503100102"}}, {"type": "Feature", "geometry": {"type": "Point", "coordinates": [138.7389943, 35.3709765]}, "properties": {"id": "h0267", "name": "元祖室", "name_en": "Ganso-muro", "name_ja_hira": null, "kind": "alpine_hut", "ele": 3250.0, "phone": null, "website": "https://www.mfi.or.jp/fujisan/index.html", "wikipedia_url": null, "wikidata_qid": null, "capacity": null, "reservation": null, "opening_hours": null, "fee": null, "operator": null, "address": null, "email": null, "internet_access": null, "fireplace": null, "shower": null, "route_associations": [{"mountain_no": 72, "route_id": "m072-r1", "dist_m": 15}], "nearest_mountain_no": 72, "osm_id": "w503102769"}}, {"type": "Feature", "geometry": {"type": "Point", "coordinates": [138.7380182, 35.3392516]}, "properties": {"id": "h0268", "name": "雲海荘", "name_en": "Unkai So", "name_ja_hira": null, "kind": "alpine_hut", "ele": 2490.0, "phone": null, "website": null, "wikipedia_url": null, "wikidata_qid": null, "capacity": 100, "reservation": null, "opening_hours": null, "fee": null, "operator": null, "address": null, "email": null, "internet_access": null, "fireplace": null, "shower": null, "route_associations": [{"mountain_no": 72, "route_id": "m072-r0", "dist_m": 6}], "nearest_mountain_no": 72, "osm_id": "w520150636"}}, {"type": "Feature", "geometry": {"type": "Point", "coordinates": [138.7352635, 35.3516954]}, "properties": {"id": "h0269", "name": "池田館", "name_en": "Ikeda Kan", "name_ja_hira": null, "kind": "alpine_hut", "ele": 3220.0, "phone": null, "website": null, "wikipedia_url": null, "wikidata_qid": null, "capacity": 300, "reservation": null, "opening_hours": null, "fee": null, "operator": null, "address": null, "email": null, "internet_access": null, "fireplace": null, "shower": null, "route_associations": [], "nearest_mountain_no": 72, "osm_id": "w520150639"}}, {"type": "Feature", "geometry": {"type": "Point", "coordinates": [138.7420489, 35.3522622]}, "properties": {"id": "h0270", "name": "砂走館", "name_en": "Sunabashiri-kan", "name_ja_hira": null, "kind": "alpine_hut", "ele": null, "phone": null, "website": null, "wikipedia_url": null, "wikidata_qid": null, "capacity": null, "reservation": null, "opening_hours": null, "fee": null, "operator": null, "address": null, "email": null, "internet_access": null, "fireplace": null, "shower": null, "route_associations": [{"mountain_no": 72, "route_id": "m072-r0", "dist_m": 6}], "nearest_mountain_no": 72, "osm_id": "w779526235"}}, {"type": "Feature", "geometry": {"type": "Point", "coordinates": [138.7428542, 35.3528949]}, "properties": {"id": "h0271", "name": "わらじ館", "name_en": "Waraji-kan", "name_ja_hira": null, "kind": "alpine_hut", "ele": null, "phone": null, "website": null, "wikipedia_url": null, "wikidata_qid": null, "capacity": null, "reservation": null, "opening_hours": null, "fee": null, "operator": null, "address": null, "email": null, "internet_access": null, "fireplace": null, "shower": null, "route_associations": [{"mountain_no": 72, "route_id": "m072-r0", "dist_m": 10}], "nearest_mountain_no": 72, "osm_id": "w779526236"}}, {"type": "Feature", "geometry": {"type": "Point", "coordinates": [138.7036989, 35.3905432]}, "properties": {"id": "h0272", "name": "奥庭莊", "name_en": null, "name_ja_hira": null, "kind": "alpine_hut", "ele": null, "phone": null, "website": null, "wikipedia_url": null, "wikidata_qid": null, "capacity": null, "reservation": null, "opening_hours": null, "fee": null, "operator": null, "address": null, "email": null, "internet_access": null, "fireplace": null, "shower": null, "route_associations": [], "nearest_mountain_no": 72, "osm_id": "w836973015"}}, {"type": "Feature", "geometry": {"type": "Point", "coordinates": [138.7678656, 35.3678256]}, "properties": {"id": "h0273", "name": "吉野屋", "name_en": "Yoshino-ya", "name_ja_hira": null, "kind": "alpine_hut", "ele": 2230.0, "phone": "+81 90-7854-7954; +81 55-0752-019", "website": "http://fujisan-sunaharaigogou.com/", "wikipedia_url": null, "wikidata_qid": null, "capacity": 50, "reservation": null, "opening_hours": "Jul-Sep 07:30-17:00", "fee": null, "operator": null, "address": null, "email": null, "internet_access": null, "fireplace": null, "shower": null, "route_associations": [{"mountain_no": 72, "route_id": "m072-r2", "dist_m": 205}], "nearest_mountain_no": 72, "osm_id": "w837042107"}}, {"type": "Feature", "geometry": {"type": "Point", "coordinates": [138.7615179, 35.3698208]}, "properties": {"id": "h0274", "name": "Osada-sanso", "name_en": null, "name_ja_hira": null, "kind": "alpine_hut", "ele": null, "phone": null, "website": null, "wikipedia_url": null, "wikidata_qid": null, "capacity": null, "reservation": null, "opening_hours": null, "fee": null, "operator": null, "address": null, "email": null, "internet_access": null, "fireplace": null, "shower": null, "route_associations": [{"mountain_no": 72, "route_id": "m072-r2", "dist_m": 15}], "nearest_mountain_no": 72, "osm_id": "w837042108"}}, {"type": "Feature", "geometry": {"type": "Point", "coordinates": [138.7564273, 35.369661]}, "properties": {"id": "h0275", "name": "瀬戸館", "name_en": "Seto-kan", "name_ja_hira": null, "kind": "alpine_hut", "ele": 2625.0, "phone": "+81 90-3303-4466", "website": "https://fujisan-setokan.com/", "wikipedia_url": null, "wikidata_qid": null, "capacity": 40, "reservation": null, "opening_hours": "Jul-Sep 04:00-21:00", "fee": null, "operator": null, "address": null, "email": null, "internet_access": null, "fireplace": null, "shower": null, "route_associations": [{"mountain_no": 72, "route_id": "m072-r2", "dist_m": 2}], "nearest_mountain_no": 72, "osm_id": "w837042109"}}, {"type": "Feature", "geometry": {"type": "Point", "coordinates": [138.7493474, 35.3694697]}, "properties": {"id": "h0276", "name": "大陽館", "name_en": "Taiyou-kan", "name_ja_hira": null, "kind": "alpine_hut", "ele": 3090.0, "phone": "+81 55-0754-347; +81 90-3158-6624", "website": null, "wikipedia_url": null, "wikidata_qid": null, "capacity": 60, "reservation": null, "opening_hours": "Jul-Oct 04:00-20:00", "fee": null, "operator": null, "address": null, "email": null, "internet_access": "wlan", "fireplace": null, "shower": null, "route_associations": [{"mountain_no": 72, "route_id": "m072-r2", "dist_m": 3}], "nearest_mountain_no": 72, "osm_id": "w837042111"}}, {"type": "Feature", "geometry": {"type": "Point", "coordinates": [138.7443237, 35.369108]}, "properties": {"id": "h0277", "name": "見晴館", "name_en": "Miharashi-kan", "name_ja_hira": null, "kind": "alpine_hut", "ele": 3145.0, "phone": null, "website": null, "wikipedia_url": null, "wikidata_qid": null, "capacity": 120, "reservation": null, "opening_hours": null, "fee": null, "operator": null, "address": null, "email": null, "internet_access": null, "fireplace": null, "shower": null, "route_associations": [{"mountain_no": 72, "route_id": "m072-r2", "dist_m": 17}], "nearest_mountain_no": 72, "osm_id": "w837042765"}}, {"type": "Feature", "geometry": {"type": "Point", "coordinates": [138.741178, 35.3694817]}, "properties": {"id": "h0278", "name": "八合目下江戸屋", "name_en": "Shita Edoya", "name_ja_hira": null, "kind": "alpine_hut", "ele": 3370.0, "phone": null, "website": null, "wikipedia_url": null, "wikidata_qid": null, "capacity": 250, "reservation": null, "opening_hours": null, "fee": null, "operator": null, "address": null, "email": null, "internet_access": null, "fireplace": null, "shower": null, "route_associations": [{"mountain_no": 72, "route_id": "m072-r2", "dist_m": 4}], "nearest_mountain_no": 72, "osm_id": "w837042766"}}, {"type": "Feature", "geometry": {"type": "Point", "coordinates": [138.7447423, 35.3542365]}, "properties": {"id": "h0279", "name": "(이름 미상)", "name_en": null, "name_ja_hira": null, "kind": "alpine_hut", "ele": null, "phone": null, "website": null, "wikipedia_url": null, "wikidata_qid": null, "capacity": null, "reservation": null, "opening_hours": null, "fee": null, "operator": null, "address": null, "email": null, "internet_access": null, "fireplace": null, "shower": null, "route_associations": [{"mountain_no": 72, "route_id": "m072-r3", "dist_m": 4}], "nearest_mountain_no": 72, "osm_id": "w837154379"}}, {"type": "Feature", "geometry": {"type": "Point", "coordinates": [138.7396696, 35.354044]}, "properties": {"id": "h0280", "name": "(이름 미상)", "name_en": null, "name_ja_hira": null, "kind": "alpine_hut", "ele": null, "phone": null, "website": null, "wikipedia_url": null, "wikidata_qid": null, "capacity": null, "reservation": null, "opening_hours": null, "fee": null, "operator": null, "address": null, "email": null, "internet_access": null, "fireplace": null, "shower": null, "route_associations": [{"mountain_no": 72, "route_id": "m072-r0", "dist_m": 21}], "nearest_mountain_no": 72, "osm_id": "w837154381"}}, {"type": "Feature", "geometry": {"type": "Point", "coordinates": [138.7384603, 35.3547145]}, "properties": {"id": "h0281", "name": "(이름 미상)", "name_en": null, "name_ja_hira": null, "kind": "alpine_hut", "ele": null, "phone": null, "website": null, "wikipedia_url": null, "wikidata_qid": null, "capacity": null, "reservation": null, "opening_hours": null, "fee": null, "operator": null, "address": null, "email": null, "internet_access": null, "fireplace": null, "shower": null, "route_associations": [{"mountain_no": 72, "route_id": "m072-r0", "dist_m": 3}], "nearest_mountain_no": 72, "osm_id": "w837154382"}}, {"type": "Feature", "geometry": {"type": "Point", "coordinates": [138.7368183, 35.3559241]}, "properties": {"id": "h0282", "name": "(이름 미상)", "name_en": null, "name_ja_hira": null, "kind": "alpine_hut", "ele": null, "phone": null, "website": null, "wikipedia_url": null, "wikidata_qid": null, "capacity": null, "reservation": null, "opening_hours": null, "fee": null, "operator": null, "address": null, "email": null, "internet_access": null, "fireplace": null, "shower": null, "route_associations": [{"mountain_no": 72, "route_id": "m072-r0", "dist_m": 8}], "nearest_mountain_no": 72, "osm_id": "w837154383"}}, {"type": "Feature", "geometry": {"type": "Point", "coordinates": [138.7313112, 35.356609]}, "properties": {"id": "h0283", "name": "(이름 미상)", "name_en": null, "name_ja_hira": null, "kind": "alpine_hut", "ele": null, "phone": null, "website": null, "wikipedia_url": null, "wikidata_qid": null, "capacity": null, "reservation": null, "opening_hours": null, "fee": null, "operator": null, "address": null, "email": null, "internet_access": null, "fireplace": null, "shower": null, "route_associations": [{"mountain_no": 72, "route_id": "m072-r0", "dist_m": 230}], "nearest_mountain_no": 72, "osm_id": "w837314590"}}, {"type": "Feature", "geometry": {"type": "Point", "coordinates": [138.7308154, 35.3564612]}, "properties": {"id": "h0284", "name": "(이름 미상)", "name_en": null, "name_ja_hira": null, "kind": "alpine_hut", "ele": null, "phone": null, "website": null, "wikipedia_url": null, "wikidata_qid": null, "capacity": null, "reservation": null, "opening_hours": null, "fee": null, "operator": null, "address": null, "email": null, "internet_access": null, "fireplace": null, "shower": null, "route_associations": [{"mountain_no": 72, "route_id": "m072-r0", "dist_m": 277}], "nearest_mountain_no": 72, "osm_id": "w837314591"}}, {"type": "Feature", "geometry": {"type": "Point", "coordinates": [138.7471718, 35.384341]}, "properties": {"id": "h0285", "name": "(이름 미상)", "name_en": null, "name_ja_hira": null, "kind": "alpine_hut", "ele": null, "phone": null, "website": null, "wikipedia_url": null, "wikidata_qid": null, "capacity": null, "reservation": null, "opening_hours": null, "fee": null, "operator": null, "address": null, "email": null, "internet_access": null, "fireplace": null, "shower": null, "route_associations": [{"mountain_no": 72, "route_id": "m072-r1", "dist_m": 10}], "nearest_mountain_no": 72, "osm_id": "w837320470"}}, {"type": "Feature", "geometry": {"type": "Point", "coordinates": [138.7409902, 35.3733089]}, "properties": {"id": "h0286", "name": "蓬莱館", "name_en": "Horai-kan", "name_ja_hira": null, "kind": "alpine_hut", "ele": 3150.0, "phone": null, "website": "https://www.horaikan.jp/", "wikipedia_url": null, "wikidata_qid": null, "capacity": null, "reservation": null, "opening_hours": null, "fee": null, "operator": null, "address": null, "email": null, "internet_access": null, "fireplace": null, "shower": null, "route_associations": [{"mountain_no": 72, "route_id": "m072-r1", "dist_m": 6}], "nearest_mountain_no": 72, "osm_id": "w837513079"}}, {"type": "Feature", "geometry": {"type": "Point", "coordinates": [138.7435921, 35.3776125]}, "properties": {"id": "h0287", "name": "鎌岩館", "name_en": "Kamaiwa-kan", "name_ja_hira": null, "kind": "alpine_hut", "ele": 2790.0, "phone": null, "website": "https://kamaiwakan.jpn.org/", "wikipedia_url": null, "wikidata_qid": null, "capacity": null, "reservation": null, "opening_hours": null, "fee": null, "operator": null, "address": null, "email": null, "internet_access": null, "fireplace": null, "shower": "no", "route_associations": [{"mountain_no": 72, "route_id": "m072-r1", "dist_m": 5}], "nearest_mountain_no": 72, "osm_id": "w837513080"}}, {"type": "Feature", "geometry": {"type": "Point", "coordinates": [138.7443311, 35.3787665]}, "properties": {"id": "h0288", "name": "日の出館", "name_en": "Hinode-kan", "name_ja_hira": null, "kind": "alpine_hut", "ele": 2720.0, "phone": null, "website": "http://www10.plala.or.jp/hinodekan/hinodekan.html", "wikipedia_url": null, "wikidata_qid": null, "capacity": null, "reservation": null, "opening_hours": null, "fee": null, "operator": null, "address": null, "email": null, "internet_access": null, "fireplace": null, "shower": null, "route_associations": [{"mountain_no": 72, "route_id": "m072-r1", "dist_m": 12}], "nearest_mountain_no": 72, "osm_id": "w837513081"}}, {"type": "Feature", "geometry": {"type": "Point", "coordinates": [138.7381881, 35.3392714]}, "properties": {"id": "h0289", "name": "宝永山荘", "name_en": "Houei Sanso", "name_ja_hira": null, "kind": "alpine_hut", "ele": 2490.0, "phone": null, "website": null, "wikipedia_url": null, "wikidata_qid": null, "capacity": 100, "reservation": null, "opening_hours": null, "fee": null, "operator": null, "address": null, "email": null, "internet_access": null, "fireplace": null, "shower": null, "route_associations": [{"mountain_no": 72, "route_id": "m072-r0", "dist_m": 8}], "nearest_mountain_no": 72, "osm_id": "w986910418"}}, {"type": "Feature", "geometry": {"type": "Point", "coordinates": [137.746645, 35.778749]}, "properties": {"id": "h0290", "name": "敬神小屋", "name_en": null, "name_ja_hira": null, "kind": "alpine_hut", "ele": null, "phone": null, "website": null, "wikipedia_url": null, "wikidata_qid": null, "capacity": null, "reservation": null, "opening_hours": null, "fee": null, "operator": null, "address": null, "email": null, "internet_access": null, "fireplace": null, "shower": null, "route_associations": [], "nearest_mountain_no": 74, "osm_id": "n1675293366"}}, {"type": "Feature", "geometry": {"type": "Point", "coordinates": [137.7633458, 35.7779623]}, "properties": {"id": "h0291", "name": "五合目金懸小屋", "name_en": null, "name_ja_hira": null, "kind": "alpine_hut", "ele": null, "phone": null, "website": null, "wikipedia_url": null, "wikidata_qid": null, "capacity": null, "reservation": null, "opening_hours": null, "fee": null, "operator": null, "address": null, "email": null, "internet_access": null, "fireplace": null, "shower": null, "route_associations": [], "nearest_mountain_no": 74, "osm_id": "n1675293412"}}, {"type": "Feature", "geometry": {"type": "Point", "coordinates": [137.8065729, 35.7878721]}, "properties": {"id": "h0292", "name": "頂上山荘", "name_en": "Choujou-Sansou", "name_ja_hira": null, "kind": "alpine_hut", "ele": null, "phone": null, "website": null, "wikipedia_url": null, "wikidata_qid": null, "capacity": null, "reservation": null, "opening_hours": null, "fee": null, "operator": null, "address": null, "email": null, "internet_access": null, "fireplace": null, "shower": null, "route_associations": [{"mountain_no": 74, "route_id": "m074-r2", "dist_m": 38}], "nearest_mountain_no": 74, "osm_id": "w187898280"}}, {"type": "Feature", "geometry": {"type": "Point", "coordinates": [137.8089278, 35.783146]}, "properties": {"id": "h0293", "name": "宝剣山荘", "name_en": "Houken-Sansou", "name_ja_hira": null, "kind": "alpine_hut", "ele": null, "phone": null, "website": null, "wikipedia_url": null, "wikidata_qid": null, "capacity": null, "reservation": null, "opening_hours": null, "fee": null, "operator": null, "address": null, "email": null, "internet_access": null, "fireplace": null, "shower": null, "route_associations": [{"mountain_no": 74, "route_id": "m074-r3", "dist_m": 13}], "nearest_mountain_no": 74, "osm_id": "w187902027"}}, {"type": "Feature", "geometry": {"type": "Point", "coordinates": [137.8086957, 35.7838708]}, "properties": {"id": "h0294", "name": "天狗荘", "name_en": "Teng-Sou", "name_ja_hira": null, "kind": "alpine_hut", "ele": null, "phone": null, "website": null, "wikipedia_url": null, "wikidata_qid": null, "capacity": null, "reservation": null, "opening_hours": null, "fee": null, "operator": null, "address": null, "email": null, "internet_access": null, "fireplace": null, "shower": null, "route_associations": [{"mountain_no": 74, "route_id": "m074-r3", "dist_m": 33}], "nearest_mountain_no": 74, "osm_id": "w187902246"}}, {"type": "Feature", "geometry": {"type": "Point", "coordinates": [137.8605966, 35.7356382]}, "properties": {"id": "h0295", "name": "池山小屋", "name_en": "Ikeyamagoya", "name_ja_hira": null, "kind": "wilderness_hut", "ele": null, "phone": null, "website": null, "wikipedia_url": null, "wikidata_qid": null, "capacity": null, "reservation": null, "opening_hours": null, "fee": null, "operator": null, "address": null, "email": null, "internet_access": null, "fireplace": null, "shower": null, "route_associations": [{"mountain_no": 75, "route_id": "m075-r0", "dist_m": 15}], "nearest_mountain_no": 75, "osm_id": "w234503234"}}, {"type": "Feature", "geometry": {"type": "Point", "coordinates": [137.8077495, 35.7232414]}, "properties": {"id": "h0296", "name": "木曽殿山荘", "name_en": "Kisodono Sansou", "name_ja_hira": null, "kind": "alpine_hut", "ele": null, "phone": null, "website": "https://www.meti.go.jp/policy/safety_security/industrial_safety/sangyo/lpgas/anzen_torikumi/yamagoyaichiran.pdf", "wikipedia_url": "https://ja.wikipedia.org/wiki/%E6%9C%A8%E6%9B%BD%E6%AE%BF%E5%B1%B1%E8%8D%98", "wikidata_qid": null, "capacity": 120, "reservation": "required", "opening_hours": null, "fee": "yes", "operator": null, "address": null, "email": null, "internet_access": null, "fireplace": null, "shower": null, "route_associations": [{"mountain_no": 75, "route_id": "m075-r2", "dist_m": 3}], "nearest_mountain_no": 75, "osm_id": "w234511922"}}, {"type": "Feature", "geometry": {"type": "Point", "coordinates": [137.8186174, 35.7199946]}, "properties": {"id": "h0297", "name": "駒峰ヒュッテ", "name_en": "Komaho Hutte", "name_ja_hira": null, "kind": "alpine_hut", "ele": null, "phone": null, "website": "http://www.komaho.net/", "wikipedia_url": "https://ja.wikipedia.org/wiki/%E7%A9%BA%E6%9C%A8%E9%A7%92%E5%B3%B0%E3%83%92%E3%83%A5%E3%83%83%E3%83%86", "wikidata_qid": "Q11597431", "capacity": null, "reservation": null, "opening_hours": null, "fee": "yes", "operator": null, "address": null, "email": null, "internet_access": null, "fireplace": null, "shower": null, "route_associations": [{"mountain_no": 75, "route_id": "m075-r0", "dist_m": 11}], "nearest_mountain_no": 75, "osm_id": "w886111863", "image": {"filename": "Komaho hutte1.JPG", "thumb": "https://commons.wikimedia.org/wiki/Special:FilePath/Komaho_hutte1.JPG?width=400", "large": "https://commons.wikimedia.org/wiki/Special:FilePath/Komaho_hutte1.JPG?width=1200", "commons": "https://commons.wikimedia.org/wiki/File:Komaho_hutte1.JPG"}, "description": "空木岳にある山荘"}}, {"type": "Feature", "geometry": {"type": "Point", "coordinates": [137.816197, 35.7513286]}, "properties": {"id": "h0298", "name": "檜尾小屋", "name_en": "Hinokio Hut", "name_ja_hira": null, "kind": "alpine_hut", "ele": null, "phone": null, "website": "https://www.hinokio-chuoalps.com", "wikipedia_url": null, "wikidata_qid": null, "capacity": null, "reservation": null, "opening_hours": null, "fee": null, "operator": null, "address": null, "email": null, "internet_access": null, "fireplace": null, "shower": null, "route_associations": [{"mountain_no": 74, "route_id": "m074-r2", "dist_m": 285}, {"mountain_no": 75, "route_id": "m075-r1", "dist_m": 285}], "nearest_mountain_no": 75, "osm_id": "w936122400"}}, {"type": "Feature", "geometry": {"type": "Point", "coordinates": [137.8282745, 35.7211121]}, "properties": {"id": "h0299", "name": "空木平避難小屋", "name_en": "Utsugidaira Shelter Hut", "name_ja_hira": "うつぎだけひなんこや", "kind": "wilderness_hut", "ele": null, "phone": null, "website": "https://www.city.komagane.nagano.jp/gyosei/sangyo_business_kanko/kanko/tozanjoho/6473.html", "wikipedia_url": "https://ja.wikipedia.org/wiki/%E7%A9%BA%E6%9C%A8%E5%B9%B3%E9%81%BF%E9%9B%A3%E5%B0%8F%E5%B1%8B", "wikidata_qid": null, "capacity": null, "reservation": null, "opening_hours": null, "fee": "no", "operator": null, "address": null, "email": null, "internet_access": null, "fireplace": "no", "shower": null, "route_associations": [{"mountain_no": 75, "route_id": "m075-r0", "dist_m": 198}], "nearest_mountain_no": 75, "osm_id": "w936122401"}}, {"type": "Feature", "geometry": {"type": "Point", "coordinates": [137.8365216, 35.8227761]}, "properties": {"id": "h0300", "name": "大樽避難小屋", "name_en": null, "name_ja_hira": null, "kind": "wilderness_hut", "ele": null, "phone": null, "website": null, "wikipedia_url": null, "wikidata_qid": null, "capacity": null, "reservation": null, "opening_hours": null, "fee": null, "operator": null, "address": null, "email": null, "internet_access": null, "fireplace": null, "shower": null, "route_associations": [], "nearest_mountain_no": 74, "osm_id": "w937448326"}}, {"type": "Feature", "geometry": {"type": "Point", "coordinates": [137.8294221, 35.8060891]}, "properties": {"id": "h0301", "name": "西駒山荘", "name_en": "Nishikoma-sanso", "name_ja_hira": null, "kind": "alpine_hut", "ele": null, "phone": null, "website": "http://www8.shinmai.co.jp/yama/article.php?id=YAMA20160825006698", "wikipedia_url": "https://ja.wikipedia.org/wiki/%E8%A5%BF%E9%A7%92%E5%B1%B1%E8%8D%98", "wikidata_qid": null, "capacity": null, "reservation": null, "opening_hours": "中は食事付き、寝具付きの宿泊が可能", "fee": "yes", "operator": null, "address": null, "email": null, "internet_access": "no", "fireplace": null, "shower": null, "route_associations": [{"mountain_no": 74, "route_id": "m074-r0", "dist_m": 11}], "nearest_mountain_no": 74, "osm_id": "w937448327"}}, {"type": "Feature", "geometry": {"type": "Point", "coordinates": [137.841637, 35.6738664]}, "properties": {"id": "h0302", "name": "中小川避難小屋", "name_en": null, "name_ja_hira": null, "kind": "alpine_hut", "ele": null, "phone": null, "website": null, "wikipedia_url": null, "wikidata_qid": null, "capacity": null, "reservation": null, "opening_hours": null, "fee": null, "operator": null, "address": null, "email": null, "internet_access": null, "fireplace": null, "shower": null, "route_associations": [], "nearest_mountain_no": 75, "osm_id": "n2702675831"}}, {"type": "Feature", "geometry": {"type": "Point", "coordinates": [137.7937171, 35.6776655]}, "properties": {"id": "h0303", "name": "越百避難小屋", "name_en": null, "name_ja_hira": null, "kind": "alpine_hut", "ele": null, "phone": null, "website": null, "wikipedia_url": null, "wikidata_qid": null, "capacity": null, "reservation": null, "opening_hours": null, "fee": null, "operator": null, "address": null, "email": null, "internet_access": null, "fireplace": null, "shower": null, "route_associations": [], "nearest_mountain_no": 75, "osm_id": "n2702675833"}}, {"type": "Feature", "geometry": {"type": "Point", "coordinates": [137.761122, 35.7205149]}, "properties": {"id": "h0304", "name": "避難小屋", "name_en": null, "name_ja_hira": null, "kind": "alpine_hut", "ele": 1297.0, "phone": null, "website": null, "wikipedia_url": null, "wikidata_qid": null, "capacity": null, "reservation": null, "opening_hours": null, "fee": null, "operator": null, "address": null, "email": null, "internet_access": null, "fireplace": null, "shower": null, "route_associations": [{"mountain_no": 75, "route_id": "m075-r2", "dist_m": 13}], "nearest_mountain_no": 75, "osm_id": "n2744507421"}}, {"type": "Feature", "geometry": {"type": "Point", "coordinates": [137.8167609, 35.7020621]}, "properties": {"id": "h0305", "name": "摺鉢窪避難小屋", "name_en": "Suribachikubo-hinangoya", "name_ja_hira": null, "kind": "alpine_hut", "ele": 2555.0, "phone": null, "website": null, "wikipedia_url": "https://ja.wikipedia.org/wiki/%E6%91%BA%E9%89%A2%E7%AA%AA%E9%81%BF%E9%9B%A3%E5%B0%8F%E5%B1%8B", "wikidata_qid": "Q11498652", "capacity": null, "reservation": null, "opening_hours": null, "fee": null, "operator": null, "address": null, "email": null, "internet_access": null, "fireplace": null, "shower": null, "route_associations": [], "nearest_mountain_no": 75, "osm_id": "w886111312"}}, {"type": "Feature", "geometry": {"type": "Point", "coordinates": [137.6179071, 35.4281333]}, "properties": {"id": "h0306", "name": "野熊の池避難小屋", "name_en": "Noguma no Ike Shelter Cabin", "name_ja_hira": null, "kind": "basic_hut", "ele": null, "phone": null, "website": null, "wikipedia_url": null, "wikidata_qid": null, "capacity": null, "reservation": null, "opening_hours": null, "fee": null, "operator": null, "address": null, "email": null, "internet_access": null, "fireplace": null, "shower": null, "route_associations": [], "nearest_mountain_no": 76, "osm_id": "n4505602999"}}, {"type": "Feature", "geometry": {"type": "Point", "coordinates": [137.5986238, 35.442686]}, "properties": {"id": "h0307", "name": "恵那山山頂避難小屋", "name_en": "Mt. Ena Emergency Shelter", "name_ja_hira": null, "kind": "wilderness_hut", "ele": null, "phone": null, "website": null, "wikipedia_url": null, "wikidata_qid": null, "capacity": null, "reservation": "no", "opening_hours": null, "fee": "no", "operator": "中津川市商工観光課", "address": null, "email": null, "internet_access": null, "fireplace": "yes", "shower": null, "route_associations": [{"mountain_no": 76, "route_id": "m076-r1", "dist_m": 14}], "nearest_mountain_no": 76, "osm_id": "w418052195"}}, {"type": "Feature", "geometry": {"type": "Point", "coordinates": [137.6336199, 35.4764756]}, "properties": {"id": "h0308", "name": "萬岳荘", "name_en": "Bangaku-so", "name_ja_hira": null, "kind": "alpine_hut", "ele": null, "phone": null, "website": "https://bangakusou.wixsite.com/home", "wikipedia_url": null, "wikidata_qid": null, "capacity": null, "reservation": null, "opening_hours": null, "fee": null, "operator": null, "address": null, "email": null, "internet_access": null, "fireplace": null, "shower": null, "route_associations": [], "nearest_mountain_no": 76, "osm_id": "w551390485"}}, {"type": "Feature", "geometry": {"type": "Point", "coordinates": [138.1842877, 35.7227051]}, "properties": {"id": "h0309", "name": "仙丈小屋", "name_en": "Senjo Goya", "name_ja_hira": "せんじょうごや", "kind": "alpine_hut", "ele": null, "phone": null, "website": "https://sokuseikagis1.gsi.go.jp/top.html", "wikipedia_url": "https://ja.wikipedia.org/wiki/%E4%BB%99%E4%B8%88%E5%B0%8F%E5%B1%8B", "wikidata_qid": null, "capacity": 55, "reservation": null, "opening_hours": null, "fee": null, "operator": null, "address": null, "email": null, "internet_access": null, "fireplace": null, "shower": null, "route_associations": [{"mountain_no": 78, "route_id": "m078-r0", "dist_m": 131}], "nearest_mountain_no": 78, "osm_id": "n823264711"}}, {"type": "Feature", "geometry": {"type": "Point", "coordinates": [138.2634382, 35.7256402]}, "properties": {"id": "h0310", "name": "早川尾根小屋", "name_en": null, "name_ja_hira": null, "kind": "alpine_hut", "ele": null, "phone": null, "website": "https://maps.gsi.go.jp/#15/35.731666666667/138.24138888889", "wikipedia_url": "https://ja.wikipedia.org/wiki/%E6%97%A9%E5%B7%9D%E5%B0%BE%E6%A0%B9%E5%B0%8F%E5%B1%8B", "wikidata_qid": null, "capacity": null, "reservation": null, "opening_hours": null, "fee": null, "operator": null, "address": null, "email": null, "internet_access": null, "fireplace": null, "shower": null, "route_associations": [{"mountain_no": 79, "route_id": "m079-r2", "dist_m": 8}], "nearest_mountain_no": 77, "osm_id": "n3050362703"}}, {"type": "Feature", "geometry": {"type": "Point", "coordinates": [138.2252277, 35.7431335]}, "properties": {"id": "h0311", "name": "仙水小屋", "name_en": null, "name_ja_hira": null, "kind": "alpine_hut", "ele": null, "phone": null, "website": null, "wikipedia_url": null, "wikidata_qid": null, "capacity": null, "reservation": null, "opening_hours": null, "fee": null, "operator": null, "address": null, "email": null, "internet_access": null, "fireplace": null, "shower": null, "route_associations": [], "nearest_mountain_no": 77, "osm_id": "n3050597001"}}, {"type": "Feature", "geometry": {"type": "Point", "coordinates": [138.2135003, 35.7425843]}, "properties": {"id": "h0312", "name": "北沢峠こもれび山荘", "name_en": null, "name_ja_hira": "きたざわとうげこもれびさんそう", "kind": "alpine_hut", "ele": null, "phone": null, "website": null, "wikipedia_url": null, "wikidata_qid": null, "capacity": 110, "reservation": null, "opening_hours": null, "fee": null, "operator": null, "address": null, "email": null, "internet_access": null, "fireplace": null, "shower": null, "route_associations": [], "nearest_mountain_no": 77, "osm_id": "n3050597003"}}, {"type": "Feature", "geometry": {"type": "Point", "coordinates": [138.2158397, 35.7387382]}, "properties": {"id": "h0313", "name": "長衛小屋", "name_en": "Choegoya", "name_ja_hira": "ちょうえごや", "kind": "alpine_hut", "ele": null, "phone": null, "website": null, "wikipedia_url": "https://ja.wikipedia.org/wiki/%E9%95%B7%E8%A1%9B%E5%B0%8F%E5%B1%8B", "wikidata_qid": null, "capacity": 56, "reservation": null, "opening_hours": null, "fee": null, "operator": null, "address": null, "email": null, "internet_access": null, "fireplace": null, "shower": null, "route_associations": [], "nearest_mountain_no": 77, "osm_id": "n3050597004"}}, {"type": "Feature", "geometry": {"type": "Point", "coordinates": [138.2093238, 35.7419064]}, "properties": {"id": "h0314", "name": "大平山荘", "name_en": "Odairasanso", "name_ja_hira": "おおだいらさんそう", "kind": "alpine_hut", "ele": null, "phone": null, "website": null, "wikipedia_url": null, "wikidata_qid": null, "capacity": 8, "reservation": null, "opening_hours": null, "fee": null, "operator": null, "address": null, "email": null, "internet_access": null, "fireplace": null, "shower": null, "route_associations": [], "nearest_mountain_no": 77, "osm_id": "n4359906159"}}, {"type": "Feature", "geometry": {"type": "Point", "coordinates": [138.268195, 35.6975499]}, "properties": {"id": "h0315", "name": "広河原山荘", "name_en": "Hirogawara Lodge", "name_ja_hira": "ひろがわらさんそう", "kind": "alpine_hut", "ele": null, "phone": null, "website": null, "wikipedia_url": null, "wikidata_qid": null, "capacity": null, "reservation": null, "opening_hours": null, "fee": null, "operator": null, "address": null, "email": null, "internet_access": null, "fireplace": null, "shower": null, "route_associations": [], "nearest_mountain_no": 79, "osm_id": "w376823149"}}, {"type": "Feature", "geometry": {"type": "Point", "coordinates": [138.1887532, 35.7294417]}, "properties": {"id": "h0316", "name": "馬の背ヒュッテ", "name_en": "Umanose Hutte", "name_ja_hira": "うまのせひゅって", "kind": "alpine_hut", "ele": null, "phone": null, "website": "https://sokuseikagis1.gsi.go.jp/top.html", "wikipedia_url": "https://ja.wikipedia.org/wiki/%E9%A6%AC%E3%81%AE%E8%83%8C%E3%83%92%E3%83%A5%E3%83%83%E3%83%86", "wikidata_qid": null, "capacity": 90, "reservation": null, "opening_hours": null, "fee": null, "operator": null, "address": null, "email": null, "internet_access": null, "fireplace": null, "shower": null, "route_associations": [], "nearest_mountain_no": 78, "osm_id": "w528928855"}}, {"type": "Feature", "geometry": {"type": "Point", "coordinates": [138.2474581, 35.7640776]}, "properties": {"id": "h0317", "name": "七丈第二小屋", "name_en": "Shichijo Cabin Annex", "name_ja_hira": null, "kind": "alpine_hut", "ele": null, "phone": null, "website": null, "wikipedia_url": null, "wikidata_qid": null, "capacity": null, "reservation": null, "opening_hours": null, "fee": null, "operator": null, "address": null, "email": null, "internet_access": null, "fireplace": null, "shower": null, "route_associations": [], "nearest_mountain_no": 77, "osm_id": "w1386017339"}}, {"type": "Feature", "geometry": {"type": "Point", "coordinates": [138.2479619, 35.7644202]}, "properties": {"id": "h0318", "name": "七丈第一小屋", "name_en": "Shichijo Cabin", "name_ja_hira": null, "kind": "alpine_hut", "ele": null, "phone": null, "website": null, "wikipedia_url": null, "wikidata_qid": null, "capacity": null, "reservation": null, "opening_hours": null, "fee": null, "operator": null, "address": null, "email": null, "internet_access": null, "fireplace": null, "shower": null, "route_associations": [], "nearest_mountain_no": 77, "osm_id": "w1386017340"}}, {"type": "Feature", "geometry": {"type": "Point", "coordinates": [138.2031637, 35.6747073]}, "properties": {"id": "h0319", "name": "両俣小屋", "name_en": "Ryōmata Hut", "name_ja_hira": "りょうまたごや", "kind": "alpine_hut", "ele": null, "phone": null, "website": null, "wikipedia_url": null, "wikidata_qid": null, "capacity": null, "reservation": null, "opening_hours": null, "fee": null, "operator": null, "address": null, "email": null, "internet_access": null, "fireplace": null, "shower": null, "route_associations": [], "nearest_mountain_no": 80, "osm_id": "n5696179489"}}, {"type": "Feature", "geometry": {"type": "Point", "coordinates": [138.233196, 35.6647817]}, "properties": {"id": "h0320", "name": "北岳山荘", "name_en": "Kita-dake Sanso", "name_ja_hira": "きただけさんそう", "kind": "alpine_hut", "ele": 2900.0, "phone": "090-4529-4947", "website": "https://www.city.minami-alps.yamanashi.jp/docs/kitadake-sansou.html", "wikipedia_url": "https://ja.wikipedia.org/wiki/%E5%8C%97%E5%B2%B3%E5%B1%B1%E8%8D%98", "wikidata_qid": "Q11401515", "capacity": 80, "reservation": null, "opening_hours": null, "fee": null, "operator": "南アルプス市", "address": null, "email": null, "internet_access": "wlan", "fireplace": null, "shower": null, "route_associations": [], "nearest_mountain_no": 80, "osm_id": "n7889897218", "image": {"filename": "Kitadake-sansou.jpg", "thumb": "https://commons.wikimedia.org/wiki/Special:FilePath/Kitadake-sansou.jpg?width=400", "large": "https://commons.wikimedia.org/wiki/Special:FilePath/Kitadake-sansou.jpg?width=1200", "commons": "https://commons.wikimedia.org/wiki/File:Kitadake-sansou.jpg"}, "description": "山梨県南アルプス市にある山小屋"}}, {"type": "Feature", "geometry": {"type": "Point", "coordinates": [138.2377064, 35.6793896]}, "properties": {"id": "h0321", "name": "北岳肩の小屋", "name_en": "Kita-dake Kata-no-koya", "name_ja_hira": "きただけかたのこや", "kind": "alpine_hut", "ele": 3000.0, "phone": "+81 090-4606-0068", "website": "https://katanokoya.com/", "wikipedia_url": null, "wikidata_qid": null, "capacity": null, "reservation": "required", "opening_hours": null, "fee": null, "operator": null, "address": null, "email": null, "internet_access": null, "fireplace": null, "shower": null, "route_associations": [], "nearest_mountain_no": 80, "osm_id": "n7891359513"}}, {"type": "Feature", "geometry": {"type": "Point", "coordinates": [138.2522551, 35.6860554]}, "properties": {"id": "h0322", "name": "白根御池小屋", "name_en": "Shiraneoike Lodge", "name_ja_hira": "しらねおいけごや", "kind": "alpine_hut", "ele": 2230.0, "phone": null, "website": null, "wikipedia_url": null, "wikidata_qid": null, "capacity": null, "reservation": null, "opening_hours": null, "fee": null, "operator": null, "address": null, "email": null, "internet_access": null, "fireplace": null, "shower": null, "route_associations": [], "nearest_mountain_no": 80, "osm_id": "w357372789"}}, {"type": "Feature", "geometry": {"type": "Point", "coordinates": [138.1442067, 35.7337316]}, "properties": {"id": "h0323", "name": "松峰小屋", "name_en": "Matsumine Goya", "name_ja_hira": null, "kind": "wilderness_hut", "ele": null, "phone": null, "website": null, "wikipedia_url": null, "wikidata_qid": null, "capacity": null, "reservation": null, "opening_hours": null, "fee": null, "operator": null, "address": null, "email": null, "internet_access": null, "fireplace": null, "shower": null, "route_associations": [{"mountain_no": 78, "route_id": "m078-r0", "dist_m": 4}], "nearest_mountain_no": 78, "osm_id": "w935833553"}}, {"type": "Feature", "geometry": {"type": "Point", "coordinates": [138.3165313, 35.6823496]}, "properties": {"id": "h0324", "name": "南御室小屋", "name_en": "Minamiomuro Goya", "name_ja_hira": "みなみおむろごや", "kind": "alpine_hut", "ele": null, "phone": null, "website": null, "wikipedia_url": null, "wikidata_qid": null, "capacity": null, "reservation": null, "opening_hours": null, "fee": null, "operator": null, "address": null, "email": null, "internet_access": null, "fireplace": null, "shower": null, "route_associations": [{"mountain_no": 79, "route_id": "m079-r3", "dist_m": 9}], "nearest_mountain_no": 79, "osm_id": "n610343236"}}, {"type": "Feature", "geometry": {"type": "Point", "coordinates": [138.3106582, 35.693467]}, "properties": {"id": "h0325", "name": "薬師岳小屋", "name_en": "Yakushi-dake Goya", "name_ja_hira": "やくしだけごや", "kind": "alpine_hut", "ele": null, "phone": null, "website": "http://www.yin.or.jp/user/houousan/yakushi.htm", "wikipedia_url": null, "wikidata_qid": null, "capacity": null, "reservation": null, "opening_hours": null, "fee": null, "operator": null, "address": null, "email": null, "internet_access": null, "fireplace": null, "shower": null, "route_associations": [{"mountain_no": 79, "route_id": "m079-r1", "dist_m": 34}], "nearest_mountain_no": 79, "osm_id": "n679920245"}}, {"type": "Feature", "geometry": {"type": "Point", "coordinates": [138.3365016, 35.6383492]}, "properties": {"id": "h0326", "name": "夜叉神峠小屋", "name_en": null, "name_ja_hira": null, "kind": "alpine_hut", "ele": null, "phone": null, "website": null, "wikipedia_url": null, "wikidata_qid": null, "capacity": null, "reservation": null, "opening_hours": null, "fee": null, "operator": null, "address": null, "email": null, "internet_access": null, "fireplace": null, "shower": null, "route_associations": [{"mountain_no": 79, "route_id": "m079-r0", "dist_m": 13}], "nearest_mountain_no": 79, "osm_id": "n1919479973"}}, {"type": "Feature", "geometry": {"type": "Point", "coordinates": [138.3055773, 35.7104665]}, "properties": {"id": "h0327", "name": "鳳凰小屋", "name_en": "Houou Hut", "name_ja_hira": "ほうおうごや", "kind": "alpine_hut", "ele": null, "phone": null, "website": "https://www.gsi.go.jp/kihonjohochousa/kihonjohochousa41139.html", "wikipedia_url": "https://ja.wikipedia.org/wiki/%E9%B3%B3%E5%87%B0%E5%B0%8F%E5%B1%8B", "wikidata_qid": null, "capacity": null, "reservation": null, "opening_hours": "外は閉鎖される", "fee": null, "operator": null, "address": null, "email": null, "internet_access": null, "fireplace": null, "shower": null, "route_associations": [], "nearest_mountain_no": 79, "osm_id": "w242682691"}}, {"type": "Feature", "geometry": {"type": "Point", "coordinates": [138.3506918, 35.7234957]}, "properties": {"id": "h0328", "name": "御座石鉱泉", "name_en": null, "name_ja_hira": null, "kind": "alpine_hut", "ele": null, "phone": null, "website": null, "wikipedia_url": null, "wikidata_qid": null, "capacity": null, "reservation": null, "opening_hours": null, "fee": null, "operator": null, "address": null, "email": null, "internet_access": null, "fireplace": null, "shower": null, "route_associations": [], "nearest_mountain_no": 79, "osm_id": "w242682980"}}, {"type": "Feature", "geometry": {"type": "Point", "coordinates": [138.3056166, 35.7103113]}, "properties": {"id": "h0329", "name": "冬季小屋", "name_en": "Winter Hut", "name_ja_hira": "とうきごや", "kind": "alpine_hut", "ele": null, "phone": null, "website": null, "wikipedia_url": null, "wikidata_qid": null, "capacity": null, "reservation": null, "opening_hours": null, "fee": null, "operator": null, "address": null, "email": null, "internet_access": null, "fireplace": null, "shower": null, "route_associations": [], "nearest_mountain_no": 79, "osm_id": "w1494327778"}}, {"type": "Feature", "geometry": {"type": "Point", "coordinates": [138.2058146, 35.6314045]}, "properties": {"id": "h0330", "name": "熊ノ平小屋", "name_en": "Kumanodaira Hut", "name_ja_hira": "くまのだいらごや", "kind": "alpine_hut", "ele": 2586.0, "phone": null, "website": null, "wikipedia_url": null, "wikidata_qid": null, "capacity": null, "reservation": null, "opening_hours": null, "fee": null, "operator": null, "address": null, "email": null, "internet_access": null, "fireplace": null, "shower": null, "route_associations": [], "nearest_mountain_no": 81, "osm_id": "n2744507406"}}, {"type": "Feature", "geometry": {"type": "Point", "coordinates": [138.229735, 35.632207]}, "properties": {"id": "h0331", "name": "農鳥小屋", "name_en": "Notori Hut", "name_ja_hira": null, "kind": "alpine_hut", "ele": null, "phone": null, "website": null, "wikipedia_url": null, "wikidata_qid": null, "capacity": null, "reservation": null, "opening_hours": null, "fee": null, "operator": null, "address": null, "email": null, "internet_access": null, "fireplace": null, "shower": null, "route_associations": [], "nearest_mountain_no": 81, "osm_id": "n4908695559"}}, {"type": "Feature", "geometry": {"type": "Point", "coordinates": [138.2594459, 35.6090397]}, "properties": {"id": "h0332", "name": "大門沢小屋", "name_en": null, "name_ja_hira": null, "kind": "alpine_hut", "ele": 1765.0, "phone": null, "website": null, "wikipedia_url": null, "wikidata_qid": null, "capacity": null, "reservation": null, "opening_hours": null, "fee": null, "operator": null, "address": null, "email": null, "internet_access": null, "fireplace": null, "shower": null, "route_associations": [], "nearest_mountain_no": 81, "osm_id": "n5694557303"}}, {"type": "Feature", "geometry": {"type": "Point", "coordinates": [138.2162805, 35.5895843]}, "properties": {"id": "h0333", "name": "池ノ沢小屋", "name_en": null, "name_ja_hira": null, "kind": "basic_hut", "ele": 1956.0, "phone": null, "website": null, "wikipedia_url": null, "wikidata_qid": null, "capacity": null, "reservation": null, "opening_hours": null, "fee": null, "operator": null, "address": null, "email": null, "internet_access": null, "fireplace": null, "shower": null, "route_associations": [], "nearest_mountain_no": 82, "osm_id": "n2744507401"}}, {"type": "Feature", "geometry": {"type": "Point", "coordinates": [138.1757119, 35.578558]}, "properties": {"id": "h0334", "name": "塩見小屋", "name_en": "Shiomi Hut", "name_ja_hira": "しおみごや", "kind": "alpine_hut", "ele": 2753.0, "phone": null, "website": null, "wikipedia_url": null, "wikidata_qid": null, "capacity": 40, "reservation": null, "opening_hours": null, "fee": "yes", "operator": "伊那市観光", "address": null, "email": null, "internet_access": null, "fireplace": null, "shower": null, "route_associations": [{"mountain_no": 82, "route_id": "m082-r1", "dist_m": 38}], "nearest_mountain_no": 82, "osm_id": "n2744507312"}}, {"type": "Feature", "geometry": {"type": "Point", "coordinates": [138.1418628, 35.5556334]}, "properties": {"id": "h0335", "name": "三伏峠小屋", "name_en": "Sanpuku-toge Hut", "name_ja_hira": "さんぷくとうげごや", "kind": "alpine_hut", "ele": 2586.0, "phone": null, "website": "http://sanpukutouge.com/", "wikipedia_url": "https://ja.wikipedia.org/wiki/%E4%B8%89%E4%BC%8F%E5%B3%A0%E5%B0%8F%E5%B1%8B", "wikidata_qid": null, "capacity": null, "reservation": null, "opening_hours": null, "fee": null, "operator": null, "address": null, "email": null, "internet_access": null, "fireplace": null, "shower": null, "route_associations": [], "nearest_mountain_no": 82, "osm_id": "w873348054"}}, {"type": "Feature", "geometry": {"type": "Point", "coordinates": [138.1092708, 35.5736714]}, "properties": {"id": "h0336", "name": "塩川小屋", "name_en": "Shiogawa Hut", "name_ja_hira": null, "kind": "wilderness_hut", "ele": null, "phone": null, "website": null, "wikipedia_url": null, "wikidata_qid": null, "capacity": null, "reservation": null, "opening_hours": null, "fee": null, "operator": null, "address": null, "email": null, "internet_access": null, "fireplace": null, "shower": null, "route_associations": [], "nearest_mountain_no": 82, "osm_id": "w1167656927"}}, {"type": "Feature", "geometry": {"type": "Point", "coordinates": [138.142032, 35.5050838]}, "properties": {"id": "h0337", "name": "高山裏避難小屋", "name_en": "Takayamaura Shelter", "name_ja_hira": "たかやまうらひなんごや", "kind": "alpine_hut", "ele": 2409.0, "phone": null, "website": null, "wikipedia_url": null, "wikidata_qid": null, "capacity": null, "reservation": null, "opening_hours": null, "fee": null, "operator": null, "address": null, "email": null, "internet_access": null, "fireplace": null, "shower": null, "route_associations": [], "nearest_mountain_no": 83, "osm_id": "n2744507452"}}, {"type": "Feature", "geometry": {"type": "Point", "coordinates": [138.1279949, 35.4787375]}, "properties": {"id": "h0338", "name": "広河原小屋", "name_en": "Hirogawara Hut", "name_ja_hira": null, "kind": "wilderness_hut", "ele": null, "phone": null, "website": null, "wikipedia_url": null, "wikidata_qid": null, "capacity": null, "reservation": null, "opening_hours": null, "fee": "no", "operator": null, "address": null, "email": null, "internet_access": null, "fireplace": null, "shower": null, "route_associations": [], "nearest_mountain_no": 84, "osm_id": "n4907562889"}}, {"type": "Feature", "geometry": {"type": "Point", "coordinates": [138.1269233, 35.4519321]}, "properties": {"id": "h0339", "name": "百閒洞山の家", "name_en": "Hyakkenbora Hut", "name_ja_hira": "ひゃっけんぼらやまのいえ", "kind": "alpine_hut", "ele": null, "phone": null, "website": null, "wikipedia_url": null, "wikidata_qid": null, "capacity": null, "reservation": null, "opening_hours": null, "fee": null, "operator": null, "address": null, "email": null, "internet_access": null, "fireplace": null, "shower": null, "route_associations": [{"mountain_no": 84, "route_id": "m084-r2", "dist_m": 297}], "nearest_mountain_no": 84, "osm_id": "n4907562891"}}, {"type": "Feature", "geometry": {"type": "Point", "coordinates": [138.1682467, 35.4971153]}, "properties": {"id": "h0340", "name": "中岳避難小屋", "name_en": "Arakawa Nakadake Evacuation Hut", "name_ja_hira": null, "kind": "wilderness_hut", "ele": null, "phone": null, "website": null, "wikipedia_url": null, "wikidata_qid": null, "capacity": null, "reservation": null, "opening_hours": null, "fee": null, "operator": null, "address": null, "email": null, "internet_access": null, "fireplace": null, "shower": null, "route_associations": [], "nearest_mountain_no": 83, "osm_id": "w603536168"}}, {"type": "Feature", "geometry": {"type": "Point", "coordinates": [138.1825137, 35.4605177]}, "properties": {"id": "h0341", "name": "赤石小屋", "name_en": null, "name_ja_hira": null, "kind": "alpine_hut", "ele": null, "phone": null, "website": "https://sokuseikagis1.gsi.go.jp/top.html", "wikipedia_url": "https://ja.wikipedia.org/wiki/%E8%B5%A4%E7%9F%B3%E5%B2%B3", "wikidata_qid": null, "capacity": null, "reservation": null, "opening_hours": "外は、緊急避難用として、一部が開放されている", "fee": null, "operator": null, "address": null, "email": null, "internet_access": null, "fireplace": null, "shower": null, "route_associations": [{"mountain_no": 84, "route_id": "m084-r0", "dist_m": 30}], "nearest_mountain_no": 84, "osm_id": "w625512387"}}, {"type": "Feature", "geometry": {"type": "Point", "coordinates": [138.1611646, 35.485747]}, "properties": {"id": "h0342", "name": "荒川小屋", "name_en": "Arakawa Hut", "name_ja_hira": "あらかわごや", "kind": "alpine_hut", "ele": null, "phone": null, "website": "https://www.yamareco.com/modules/yamainfo/ptinfo.php?ptid=85", "wikipedia_url": "https://ja.wikipedia.org/wiki/%E8%8D%92%E5%B7%9D%E5%B0%8F%E5%B1%8B", "wikidata_qid": null, "capacity": null, "reservation": null, "opening_hours": "外は緊急避難用として一部が開放されている", "fee": null, "operator": null, "address": null, "email": null, "internet_access": null, "fireplace": null, "shower": null, "route_associations": [{"mountain_no": 83, "route_id": "m083-r0", "dist_m": 9}], "nearest_mountain_no": 83, "osm_id": "w925854125"}}, {"type": "Feature", "geometry": {"type": "Point", "coordinates": [138.2005246, 35.4930535]}, "properties": {"id": "h0343", "name": "千枚小屋", "name_en": null, "name_ja_hira": null, "kind": "alpine_hut", "ele": null, "phone": null, "website": "https://www.yamareco.com/modules/yamainfo/ptinfo.php?ptid=85", "wikipedia_url": "https://ja.wikipedia.org/wiki/%E5%8D%83%E6%9E%9A%E5%B0%8F%E5%B1%8B", "wikidata_qid": null, "capacity": null, "reservation": null, "opening_hours": "外は緊急避難用として一部が開放されている", "fee": null, "operator": null, "address": null, "email": null, "internet_access": null, "fireplace": null, "shower": null, "route_associations": [], "nearest_mountain_no": 83, "osm_id": "w930609318"}}, {"type": "Feature", "geometry": {"type": "Point", "coordinates": [138.2075031, 35.4312543]}, "properties": {"id": "h0344", "name": "椹島ロッヂ", "name_en": "Sawarajima Lodge", "name_ja_hira": null, "kind": "alpine_hut", "ele": null, "phone": null, "website": null, "wikipedia_url": null, "wikidata_qid": null, "capacity": null, "reservation": null, "opening_hours": null, "fee": null, "operator": null, "address": null, "email": null, "internet_access": null, "fireplace": null, "shower": null, "route_associations": [], "nearest_mountain_no": 84, "osm_id": "n5045641816"}}, {"type": "Feature", "geometry": {"type": "Point", "coordinates": [138.1397605, 35.4072636]}, "properties": {"id": "h0345", "name": "聖平小屋", "name_en": "Hijiridaira Lodge", "name_ja_hira": "ひじりだいらごや", "kind": "alpine_hut", "ele": null, "phone": null, "website": null, "wikipedia_url": null, "wikidata_qid": null, "capacity": null, "reservation": null, "opening_hours": null, "fee": null, "operator": null, "address": null, "email": null, "internet_access": null, "fireplace": null, "shower": null, "route_associations": [{"mountain_no": 85, "route_id": "m085-r3", "dist_m": 147}], "nearest_mountain_no": 85, "osm_id": "w625705615"}}, {"type": "Feature", "geometry": {"type": "Point", "coordinates": [138.1225081, 35.4281464]}, "properties": {"id": "h0346", "name": "兎岳避難小屋", "name_en": "Mount Usagi Emergency Shelter", "name_ja_hira": "うさぎだけひなんごや", "kind": "wilderness_hut", "ele": null, "phone": null, "website": null, "wikipedia_url": null, "wikidata_qid": null, "capacity": null, "reservation": null, "opening_hours": null, "fee": "no", "operator": null, "address": null, "email": null, "internet_access": null, "fireplace": "no", "shower": null, "route_associations": [{"mountain_no": 85, "route_id": "m085-r2", "dist_m": 47}], "nearest_mountain_no": 85, "osm_id": "w870675109"}}, {"type": "Feature", "geometry": {"type": "Point", "coordinates": [138.1442919, 35.3723183]}, "properties": {"id": "h0347", "name": "茶臼小屋", "name_en": "Chausu Hut", "name_ja_hira": null, "kind": "alpine_hut", "ele": null, "phone": null, "website": "https://ikawa-kanko.com/#chausu", "wikipedia_url": "https://ja.wikipedia.org/wiki/%E8%8C%B6%E8%87%BC%E5%B2%B3%20%28%E8%B5%A4%E7%9F%B3%E5%B1%B1%E8%84%88%29", "wikidata_qid": null, "capacity": null, "reservation": null, "opening_hours": null, "fee": "yes", "operator": null, "address": null, "email": null, "internet_access": "no", "fireplace": null, "shower": null, "route_associations": [], "nearest_mountain_no": 85, "osm_id": "n4907542094"}}, {"type": "Feature", "geometry": {"type": "Point", "coordinates": [138.1588751, 35.3644859]}, "properties": {"id": "h0348", "name": "横窪沢小屋", "name_en": "Yokokubozawa Lodge", "name_ja_hira": "よこくぼざわごや", "kind": "alpine_hut", "ele": null, "phone": null, "website": null, "wikipedia_url": null, "wikidata_qid": null, "capacity": null, "reservation": null, "opening_hours": null, "fee": null, "operator": null, "address": null, "email": null, "internet_access": null, "fireplace": null, "shower": null, "route_associations": [], "nearest_mountain_no": 85, "osm_id": "n5696179034"}}, {"type": "Feature", "geometry": {"type": "Point", "coordinates": [138.1672168, 35.3577618]}, "properties": {"id": "h0349", "name": "ウソッコ沢小屋", "name_en": "Usokkozawa Lodge", "name_ja_hira": "うそっこざわごや", "kind": "basic_hut", "ele": null, "phone": null, "website": null, "wikipedia_url": null, "wikidata_qid": null, "capacity": null, "reservation": null, "opening_hours": null, "fee": null, "operator": null, "address": null, "email": null, "internet_access": null, "fireplace": null, "shower": null, "route_associations": [], "nearest_mountain_no": 85, "osm_id": "n5696179125"}}, {"type": "Feature", "geometry": {"type": "Point", "coordinates": [138.0916683, 35.3849334]}, "properties": {"id": "h0350", "name": "聖光小屋", "name_en": "Seiko Goya", "name_ja_hira": null, "kind": "alpine_hut", "ele": null, "phone": null, "website": "https://seikougoya.info/", "wikipedia_url": null, "wikidata_qid": null, "capacity": null, "reservation": null, "opening_hours": null, "fee": null, "operator": null, "address": null, "email": null, "internet_access": null, "fireplace": null, "shower": null, "route_associations": [], "nearest_mountain_no": 86, "osm_id": "w878103062"}}, {"type": "Feature", "geometry": {"type": "Point", "coordinates": [138.0887863, 35.3385602]}, "properties": {"id": "h0351", "name": "県営光岳小屋", "name_en": "Tekari Hut", "name_ja_hira": null, "kind": "alpine_hut", "ele": null, "phone": null, "website": "http://alps2592.c.ooco.jp/", "wikipedia_url": null, "wikidata_qid": null, "capacity": null, "reservation": null, "opening_hours": null, "fee": null, "operator": null, "address": null, "email": null, "internet_access": null, "fireplace": null, "shower": null, "route_associations": [{"mountain_no": 86, "route_id": "m086-r1", "dist_m": 17}], "nearest_mountain_no": 86, "osm_id": "w941604635"}}, {"type": "Feature", "geometry": {"type": "Point", "coordinates": [136.4053033, 35.4180894]}, "properties": {"id": "h0352", "name": "えびす屋", "name_en": null, "name_ja_hira": null, "kind": "alpine_hut", "ele": null, "phone": null, "website": null, "wikipedia_url": null, "wikidata_qid": null, "capacity": null, "reservation": null, "opening_hours": null, "fee": null, "operator": null, "address": null, "email": null, "internet_access": null, "fireplace": null, "shower": null, "route_associations": [], "nearest_mountain_no": 89, "osm_id": "w437539849"}}, {"type": "Feature", "geometry": {"type": "Point", "coordinates": [136.4050495, 35.4179708]}, "properties": {"id": "h0353", "name": "宮崎屋", "name_en": null, "name_ja_hira": null, "kind": "alpine_hut", "ele": null, "phone": null, "website": null, "wikipedia_url": null, "wikidata_qid": null, "capacity": null, "reservation": null, "opening_hours": null, "fee": null, "operator": null, "address": null, "email": null, "internet_access": null, "fireplace": null, "shower": null, "route_associations": [], "nearest_mountain_no": 89, "osm_id": "w437539850"}}, {"type": "Feature", "geometry": {"type": "Point", "coordinates": [136.404883, 35.4179108]}, "properties": {"id": "h0354", "name": "対山館", "name_en": null, "name_ja_hira": null, "kind": "alpine_hut", "ele": null, "phone": null, "website": null, "wikipedia_url": null, "wikidata_qid": null, "capacity": null, "reservation": null, "opening_hours": null, "fee": null, "operator": null, "address": null, "email": null, "internet_access": null, "fireplace": null, "shower": null, "route_associations": [], "nearest_mountain_no": 89, "osm_id": "w437539851"}}, {"type": "Feature", "geometry": {"type": "Point", "coordinates": [136.4049274, 35.4180756]}, "properties": {"id": "h0355", "name": "松仙館", "name_en": null, "name_ja_hira": null, "kind": "alpine_hut", "ele": null, "phone": null, "website": null, "wikipedia_url": null, "wikidata_qid": null, "capacity": null, "reservation": null, "opening_hours": null, "fee": null, "operator": null, "address": null, "email": null, "internet_access": null, "fireplace": null, "shower": null, "route_associations": [], "nearest_mountain_no": 89, "osm_id": "w437539852"}}, {"type": "Feature", "geometry": {"type": "Point", "coordinates": [136.4052029, 35.4179724]}, "properties": {"id": "h0356", "name": "雲上荘", "name_en": null, "name_ja_hira": null, "kind": "alpine_hut", "ele": null, "phone": null, "website": null, "wikipedia_url": null, "wikidata_qid": null, "capacity": null, "reservation": null, "opening_hours": null, "fee": null, "operator": null, "address": null, "email": null, "internet_access": null, "fireplace": null, "shower": null, "route_associations": [], "nearest_mountain_no": 89, "osm_id": "w437539853"}}, {"type": "Feature", "geometry": {"type": "Point", "coordinates": [135.9216148, 34.2448674]}, "properties": {"id": "h0357", "name": "稲村ヶ岳山荘", "name_en": null, "name_ja_hira": null, "kind": "alpine_hut", "ele": 1550.0, "phone": "0747-64-0138", "website": "http://web1.kcn.jp/suisui-inaina/inamura/inamura1.html", "wikipedia_url": null, "wikidata_qid": null, "capacity": null, "reservation": null, "opening_hours": null, "fee": null, "operator": null, "address": "奈良県吉野郡天川村洞川287-2", "email": null, "internet_access": null, "fireplace": null, "shower": null, "route_associations": [], "nearest_mountain_no": 91, "osm_id": "n2586470958"}}, {"type": "Feature", "geometry": {"type": "Point", "coordinates": [135.9229847, 34.2736401]}, "properties": {"id": "h0358", "name": "(이름 미상)", "name_en": null, "name_ja_hira": null, "kind": "wilderness_hut", "ele": null, "phone": null, "website": null, "wikipedia_url": null, "wikidata_qid": null, "capacity": null, "reservation": null, "opening_hours": null, "fee": null, "operator": null, "address": null, "email": null, "internet_access": null, "fireplace": null, "shower": null, "route_associations": [], "nearest_mountain_no": 91, "osm_id": "n10783515805"}}, {"type": "Feature", "geometry": {"type": "Point", "coordinates": [135.9345287, 34.2645551]}, "properties": {"id": "h0359", "name": "(이름 미상)", "name_en": null, "name_ja_hira": null, "kind": "wilderness_hut", "ele": null, "phone": null, "website": null, "wikipedia_url": null, "wikidata_qid": null, "capacity": null, "reservation": null, "opening_hours": null, "fee": null, "operator": null, "address": null, "email": null, "internet_access": null, "fireplace": null, "shower": null, "route_associations": [], "nearest_mountain_no": 91, "osm_id": "n10783515905"}}, {"type": "Feature", "geometry": {"type": "Point", "coordinates": [134.0962012, 33.8551536]}, "properties": {"id": "h0360", "name": "剣山頂上ヒュッテ", "name_en": "Tsurugi Mountain Summit Hut", "name_ja_hira": "つるぎさん ちょうじょう ひゅって", "kind": "alpine_hut", "ele": null, "phone": "+81 88-622-0633（冬期：+81 883-56-0966）", "website": "https://tsurugisan-hutte.com/", "wikipedia_url": null, "wikidata_qid": null, "capacity": null, "reservation": null, "opening_hours": null, "fee": null, "operator": null, "address": "美馬市", "email": null, "internet_access": null, "fireplace": null, "shower": null, "route_associations": [], "nearest_mountain_no": 93, "osm_id": "w312021462"}}, {"type": "Feature", "geometry": {"type": "Point", "coordinates": [134.0954905, 33.8554124]}, "properties": {"id": "h0361", "name": "雲海荘", "name_en": null, "name_ja_hira": "うんかい そう", "kind": "alpine_hut", "ele": null, "phone": null, "website": null, "wikipedia_url": null, "wikidata_qid": null, "capacity": null, "reservation": null, "opening_hours": null, "fee": null, "operator": null, "address": null, "email": null, "internet_access": null, "fireplace": null, "shower": null, "route_associations": [], "nearest_mountain_no": 93, "osm_id": "w312021463"}}, {"type": "Feature", "geometry": {"type": "Point", "coordinates": [134.1108767, 33.8524674]}, "properties": {"id": "h0362", "name": "剣山一の森ヒュッテ", "name_en": null, "name_ja_hira": null, "kind": "alpine_hut", "ele": null, "phone": "0883-53-5911", "website": null, "wikipedia_url": null, "wikidata_qid": null, "capacity": null, "reservation": null, "opening_hours": null, "fee": null, "operator": null, "address": "美馬市", "email": null, "internet_access": null, "fireplace": null, "shower": null, "route_associations": [], "nearest_mountain_no": 93, "osm_id": "w312022679"}}, {"type": "Feature", "geometry": {"type": "Point", "coordinates": [133.1881772, 33.7925511]}, "properties": {"id": "h0363", "name": "瓶ヶ森避難小屋", "name_en": null, "name_ja_hira": null, "kind": "wilderness_hut", "ele": null, "phone": null, "website": null, "wikipedia_url": null, "wikidata_qid": null, "capacity": null, "reservation": null, "opening_hours": null, "fee": null, "operator": null, "address": null, "email": null, "internet_access": null, "fireplace": null, "shower": null, "route_associations": [], "nearest_mountain_no": 94, "osm_id": "w1065372281"}}, {"type": "Feature", "geometry": {"type": "Point", "coordinates": [133.1134072, 33.7690968]}, "properties": {"id": "h0364", "name": "石鎚神社頂上山荘", "name_en": null, "name_ja_hira": null, "kind": "alpine_hut", "ele": null, "phone": null, "website": null, "wikipedia_url": null, "wikidata_qid": null, "capacity": null, "reservation": null, "opening_hours": null, "fee": null, "operator": null, "address": null, "email": null, "internet_access": null, "fireplace": null, "shower": null, "route_associations": [], "nearest_mountain_no": 94, "osm_id": "w1314145927"}}, {"type": "Feature", "geometry": {"type": "Point", "coordinates": [133.114597, 33.7704387]}, "properties": {"id": "h0365", "name": "石鎚山公衆トイレ休憩所", "name_en": null, "name_ja_hira": null, "kind": "wilderness_hut", "ele": null, "phone": null, "website": null, "wikipedia_url": null, "wikidata_qid": null, "capacity": null, "reservation": null, "opening_hours": null, "fee": null, "operator": null, "address": null, "email": null, "internet_access": null, "fireplace": null, "shower": null, "route_associations": [], "nearest_mountain_no": 94, "osm_id": "w1315433165"}}, {"type": "Feature", "geometry": {"type": "Point", "coordinates": [131.2554365, 33.0964571]}, "properties": {"id": "h0366", "name": "法華院温泉山荘", "name_en": "Hokkein Onsen Sanso", "name_ja_hira": null, "kind": "alpine_hut", "ele": null, "phone": "+81 974 77 2810", "website": null, "wikipedia_url": null, "wikidata_qid": null, "capacity": null, "reservation": "required", "opening_hours": null, "fee": null, "operator": "法華院温泉山荘", "address": "大分県 竹田市久住町", "email": null, "internet_access": null, "fireplace": null, "shower": null, "route_associations": [], "nearest_mountain_no": 95, "osm_id": "w181708484"}}, {"type": "Feature", "geometry": {"type": "Point", "coordinates": [131.3409728, 32.8469293]}, "properties": {"id": "h0367", "name": "祖母山５合目小屋", "name_en": null, "name_ja_hira": null, "kind": "wilderness_hut", "ele": null, "phone": null, "website": null, "wikipedia_url": null, "wikidata_qid": null, "capacity": null, "reservation": null, "opening_hours": null, "fee": "no", "operator": null, "address": null, "email": null, "internet_access": null, "fireplace": null, "shower": null, "route_associations": [], "nearest_mountain_no": 96, "osm_id": "n8665955650"}}, {"type": "Feature", "geometry": {"type": "Point", "coordinates": [131.3397731, 32.8541931]}, "properties": {"id": "h0368", "name": "神原登山口", "name_en": null, "name_ja_hira": null, "kind": "wilderness_hut", "ele": null, "phone": null, "website": null, "wikipedia_url": null, "wikidata_qid": null, "capacity": null, "reservation": null, "opening_hours": null, "fee": null, "operator": null, "address": null, "email": null, "internet_access": null, "fireplace": null, "shower": null, "route_associations": [], "nearest_mountain_no": 96, "osm_id": "n8666004158"}}, {"type": "Feature", "geometry": {"type": "Point", "coordinates": [130.5189729, 30.3581858]}, "properties": {"id": "h0369", "name": "Shintakatsu", "name_en": null, "name_ja_hira": null, "kind": "alpine_hut", "ele": 1501.0, "phone": null, "website": null, "wikipedia_url": null, "wikidata_qid": null, "capacity": null, "reservation": null, "opening_hours": null, "fee": null, "operator": null, "address": null, "email": null, "internet_access": null, "fireplace": null, "shower": null, "route_associations": [], "nearest_mountain_no": 100, "osm_id": "n987483126"}}, {"type": "Feature", "geometry": {"type": "Point", "coordinates": [130.4830654, 30.3405765]}, "properties": {"id": "h0370", "name": "鹿之沢小屋", "name_en": null, "name_ja_hira": null, "kind": "alpine_hut", "ele": null, "phone": null, "website": null, "wikipedia_url": null, "wikidata_qid": null, "capacity": null, "reservation": null, "opening_hours": null, "fee": null, "operator": null, "address": null, "email": null, "internet_access": null, "fireplace": null, "shower": null, "route_associations": [], "nearest_mountain_no": 100, "osm_id": "n1764605679"}}, {"type": "Feature", "geometry": {"type": "Point", "coordinates": [130.5238833, 30.3004833]}, "properties": {"id": "h0371", "name": "Yodogo-goya", "name_en": null, "name_ja_hira": null, "kind": "wilderness_hut", "ele": null, "phone": null, "website": null, "wikipedia_url": null, "wikidata_qid": null, "capacity": null, "reservation": null, "opening_hours": null, "fee": null, "operator": null, "address": null, "email": null, "internet_access": null, "fireplace": null, "shower": null, "route_associations": [], "nearest_mountain_no": 100, "osm_id": "n2579982411"}}, {"type": "Feature", "geometry": {"type": "Point", "coordinates": [130.5303833, 30.3605667]}, "properties": {"id": "h0372", "name": "高塚小屋", "name_en": "Takatsuka-goya", "name_ja_hira": "たかつかごや", "kind": "wilderness_hut", "ele": null, "phone": null, "website": null, "wikipedia_url": null, "wikidata_qid": null, "capacity": null, "reservation": null, "opening_hours": null, "fee": null, "operator": null, "address": null, "email": null, "internet_access": null, "fireplace": null, "shower": null, "route_associations": [], "nearest_mountain_no": 100, "osm_id": "n2579982415"}}, {"type": "Feature", "geometry": {"type": "Point", "coordinates": [130.5703693, 30.3694192]}, "properties": {"id": "h0373", "name": "白谷山荘 (Shiratani-sansō)", "name_en": "Shiratani-sansō", "name_ja_hira": "しらたにさんそう", "kind": "alpine_hut", "ele": null, "phone": null, "website": null, "wikipedia_url": null, "wikidata_qid": null, "capacity": null, "reservation": null, "opening_hours": null, "fee": null, "operator": null, "address": null, "email": null, "internet_access": null, "fireplace": null, "shower": null, "route_associations": [], "nearest_mountain_no": 100, "osm_id": "n2579982417"}}, {"type": "Feature", "geometry": {"type": "Point", "coordinates": [130.52197, 30.3137833]}, "properties": {"id": "h0374", "name": "Ishizuka Hut", "name_en": null, "name_ja_hira": null, "kind": "alpine_hut", "ele": null, "phone": null, "website": null, "wikipedia_url": null, "wikidata_qid": null, "capacity": null, "reservation": null, "opening_hours": null, "fee": null, "operator": null, "address": null, "email": null, "internet_access": null, "fireplace": null, "shower": null, "route_associations": [], "nearest_mountain_no": 100, "osm_id": "n4784377980"}}]}