{
  "type": "FeatureCollection",
  "features": [
    {
      "type": "Feature",
      "geometry": {
        "type": "Point",
        "coordinates": [
          141.1369654,
          45.185902
        ]
      },
      "properties": {
        "id": "l00000",
        "name": "なごり荘",
        "name_en": null,
        "kind": "hostel",
        "stars": null,
        "rooms": null,
        "phone": null,
        "website": null,
        "operator": null,
        "address": null,
        "near_town": "n2173193697",
        "near_town_name": "利尻町",
        "osm_id": "n4376696390"
      }
    },
    {
      "type": "Feature",
      "geometry": {
        "type": "Point",
        "coordinates": [
          141.137535,
          45.1865053
        ]
      },
      "properties": {
        "id": "l00001",
        "name": "えびす荘",
        "name_en": null,
        "kind": "hostel",
        "stars": null,
        "rooms": null,
        "phone": null,
        "website": null,
        "operator": null,
        "address": null,
        "near_town": "n2173193697",
        "near_town_name": "利尻町",
        "osm_id": "n4376697490"
      }
    },
    {
      "type": "Feature",
      "geometry": {
        "type": "Point",
        "coordinates": [
          141.1338558,
          45.1851858
        ]
      },
      "properties": {
        "id": "l00002",
        "name": "ホテル利尻",
        "name_en": "Hotel Rishiri",
        "kind": "hotel",
        "stars": null,
        "rooms": null,
        "phone": "+81-0163-84-2001",
        "website": "http://hotel.rishiri.jp/",
        "operator": null,
        "address": "北海道 利尻町",
        "near_town": "n2173193697",
        "near_town_name": "利尻町",
        "osm_id": "w416894993",
        "name_ko": "호텔 리시리"
      }
    },
    {
      "type": "Feature",
      "geometry": {
        "type": "Point",
        "coordinates": [
          141.0454196,
          45.2989798
        ]
      },
      "properties": {
        "id": "l00003",
        "name": "民宿なかむら",
        "name_en": null,
        "kind": "hostel",
        "stars": null,
        "rooms": null,
        "phone": null,
        "website": null,
        "operator": null,
        "address": null,
        "near_town": "n2173193770",
        "near_town_name": "礼文町",
        "osm_id": "n4379840291"
      }
    },
    {
      "type": "Feature",
      "geometry": {
        "type": "Point",
        "coordinates": [
          141.0455244,
          45.2987021
        ]
      },
      "properties": {
        "id": "l00004",
        "name": "花文",
        "name_en": null,
        "kind": "hotel",
        "stars": null,
        "rooms": null,
        "phone": null,
        "website": null,
        "operator": null,
        "address": null,
        "near_town": "n2173193770",
        "near_town_name": "礼文町",
        "osm_id": "n4379886589"
      }
    },
    {
      "type": "Feature",
      "geometry": {
        "type": "Point",
        "coordinates": [
          141.0469119,
          45.3019215
        ]
      },
      "properties": {
        "id": "l00005",
        "name": "旅館うきしま",
        "name_en": null,
        "kind": "hotel",
        "stars": null,
        "rooms": null,
        "phone": null,
        "website": null,
        "operator": null,
        "address": null,
        "near_town": "n2173193770",
        "near_town_name": "礼文町",
        "osm_id": "w296674644"
      }
    },
    {
      "type": "Feature",
      "geometry": {
        "type": "Point",
        "coordinates": [
          141.0259197,
          45.2906741
        ]
      },
      "properties": {
        "id": "l00006",
        "name": "桃岩荘ユースホステル",
        "name_en": null,
        "kind": "guest_house",
        "stars": null,
        "rooms": null,
        "phone": null,
        "website": null,
        "operator": null,
        "address": null,
        "near_town": "n2173193770",
        "near_town_name": "礼文町",
        "osm_id": "w326845749"
      }
    },
    {
      "type": "Feature",
      "geometry": {
        "type": "Point",
        "coordinates": [
          141.0261887,
          45.2907537
        ]
      },
      "properties": {
        "id": "l00007",
        "name": "桃岩荘ユースホステル",
        "name_en": null,
        "kind": "guest_house",
        "stars": null,
        "rooms": null,
        "phone": null,
        "website": null,
        "operator": null,
        "address": null,
        "near_town": "n2173193770",
        "near_town_name": "礼文町",
        "osm_id": "w326845750"
      }
    },
    {
      "type": "Feature",
      "geometry": {
        "type": "Point",
        "coordinates": [
          141.0471411,
          45.3009616
        ]
      },
      "properties": {
        "id": "l00008",
        "name": "旅館 桜井",
        "name_en": null,
        "kind": "hotel",
        "stars": null,
        "rooms": null,
        "phone": null,
        "website": null,
        "operator": null,
        "address": null,
        "near_town": "n2173193770",
        "near_town_name": "礼文町",
        "osm_id": "w326847064"
      }
    },
    {
      "type": "Feature",
      "geometry": {
        "type": "Point",
        "coordinates": [
          141.044855,
          45.3038055
        ]
      },
      "properties": {
        "id": "l00009",
        "name": "ペンションう～に～",
        "name_en": null,
        "kind": "hotel",
        "stars": null,
        "rooms": null,
        "phone": null,
        "website": null,
        "operator": null,
        "address": null,
        "near_town": "n2173193770",
        "near_town_name": "礼文町",
        "osm_id": "w326862137"
      }
    },
    {
      "type": "Feature",
      "geometry": {
        "type": "Point",
        "coordinates": [
          141.0487187,
          45.3041936
        ]
      },
      "properties": {
        "id": "l00010",
        "name": "三井観光ホテル",
        "name_en": null,
        "kind": "hotel",
        "stars": null,
        "rooms": null,
        "phone": null,
        "website": null,
        "operator": null,
        "address": null,
        "near_town": "n2173193770",
        "near_town_name": "礼文町",
        "osm_id": "w326914215"
      }
    },
    {
      "type": "Feature",
      "geometry": {
        "type": "Point",
        "coordinates": [
          145.1886667,
          44.0211934
        ]
      },
      "properties": {
        "id": "l00011",
        "name": "Rider’s House",
        "name_en": null,
        "kind": "hostel",
        "stars": null,
        "rooms": null,
        "phone": null,
        "website": null,
        "operator": null,
        "address": null,
        "near_town": "n405211118",
        "near_town_name": "羅臼町",
        "osm_id": "n5729393122"
      }
    },
    {
      "type": "Feature",
      "geometry": {
        "type": "Point",
        "coordinates": [
          145.2084537,
          44.0341389
        ]
      },
      "properties": {
        "id": "l00012",
        "name": "民宿鷲の宿",
        "name_en": "Washi No Yado, Fish Owl Observatory",
        "kind": "guest_house",
        "stars": null,
        "rooms": null,
        "phone": "+81153872877",
        "website": "http://fishowl-observatory.org",
        "operator": null,
        "address": null,
        "near_town": "n405211118",
        "near_town_name": "羅臼町",
        "osm_id": "n6506449985",
        "name_ko": "와시 의 야도, 피쉬 아울 관측소"
      }
    },
    {
      "type": "Feature",
      "geometry": {
        "type": "Point",
        "coordinates": [
          145.1906071,
          44.0154321
        ]
      },
      "properties": {
        "id": "l00013",
        "name": "Shiretokoserai",
        "name_en": null,
        "kind": "hotel",
        "stars": null,
        "rooms": null,
        "phone": null,
        "website": null,
        "operator": null,
        "address": null,
        "near_town": "n405211118",
        "near_town_name": "羅臼町",
        "osm_id": "n13514290901"
      }
    },
    {
      "type": "Feature",
      "geometry": {
        "type": "Point",
        "coordinates": [
          145.1892101,
          44.0164424
        ]
      },
      "properties": {
        "id": "l00014",
        "name": "民宿よね丸",
        "name_en": null,
        "kind": "guest_house",
        "stars": null,
        "rooms": null,
        "phone": null,
        "website": null,
        "operator": null,
        "address": null,
        "near_town": "n405211118",
        "near_town_name": "羅臼町",
        "osm_id": "w458537547"
      }
    },
    {
      "type": "Feature",
      "geometry": {
        "type": "Point",
        "coordinates": [
          145.2312791,
          44.0505949
        ]
      },
      "properties": {
        "id": "l00015",
        "name": "民宿本間",
        "name_en": null,
        "kind": "guest_house",
        "stars": null,
        "rooms": null,
        "phone": null,
        "website": null,
        "operator": null,
        "address": null,
        "near_town": "n405211118",
        "near_town_name": "羅臼町",
        "osm_id": "w458538259"
      }
    },
    {
      "type": "Feature",
      "geometry": {
        "type": "Point",
        "coordinates": [
          144.5993075,
          43.8346789
        ]
      },
      "properties": {
        "id": "l00016",
        "name": "緑清荘",
        "name_en": "Ryokuseiso",
        "kind": "hotel",
        "stars": null,
        "rooms": null,
        "phone": "+81 152 25 2281",
        "website": "https://www.ryokuseisou.com/",
        "operator": null,
        "address": "北海道 清里町",
        "near_town": "n405170093",
        "near_town_name": "清里町",
        "osm_id": "w476692654",
        "name_ko": "료쿠세이소"
      }
    },
    {
      "type": "Feature",
      "geometry": {
        "type": "Point",
        "coordinates": [
          144.602264,
          43.8544344
        ]
      },
      "properties": {
        "id": "l00017",
        "name": "ホテル清さと",
        "name_en": "Hotel Kiyosato",
        "kind": "hotel",
        "stars": null,
        "rooms": null,
        "phone": "+81 152 25 2060",
        "website": "http://hotel-kiyosato.com/",
        "operator": "株式会社知床第一ホテル",
        "address": "北海道 清里町",
        "near_town": "n405170093",
        "near_town_name": "清里町",
        "osm_id": "w967113646",
        "name_ko": "호텔 기요사토"
      }
    },
    {
      "type": "Feature",
      "geometry": {
        "type": "Point",
        "coordinates": [
          144.6362154,
          43.8279423
        ]
      },
      "properties": {
        "id": "l00018",
        "name": "ロッジ風景画",
        "name_en": "Lodge Fukeiga",
        "kind": "hotel",
        "stars": null,
        "rooms": null,
        "phone": "+81 152 25 3330",
        "website": "http://www.fuukeiga.net/",
        "operator": null,
        "address": "北海道 清里町",
        "near_town": "n405170093",
        "near_town_name": "清里町",
        "osm_id": "w967114987",
        "name_ko": "롯지 후케이가"
      }
    },
    {
      "type": "Feature",
      "geometry": {
        "type": "Point",
        "coordinates": [
          144.6174899,
          43.8343454
        ]
      },
      "properties": {
        "id": "l00019",
        "name": "清里イーハトーブユースホステル",
        "name_en": "Kiyosato Ihatov Youth Hostel",
        "kind": "guest_house",
        "stars": null,
        "rooms": null,
        "phone": "+81 152 25 2642",
        "website": "http://shiretoko-t.com/stay/",
        "operator": "知床ツーリスト",
        "address": "北海道 清里町",
        "near_town": "n405170093",
        "near_town_name": "清里町",
        "osm_id": "w967278601",
        "name_ko": "기요사토 이하토브 유스 호스텔"
      }
    },
    {
      "type": "Feature",
      "geometry": {
        "type": "Point",
        "coordinates": [
          144.6446859,
          43.9116878
        ]
      },
      "properties": {
        "id": "l00020",
        "name": "Guest House ",
        "name_en": null,
        "kind": "hotel",
        "stars": null,
        "rooms": null,
        "phone": null,
        "website": null,
        "operator": null,
        "address": null,
        "near_town": "n405170897",
        "near_town_name": "斜里町",
        "osm_id": "n4284412589"
      }
    },
    {
      "type": "Feature",
      "geometry": {
        "type": "Point",
        "coordinates": [
          144.644969,
          43.9113971
        ]
      },
      "properties": {
        "id": "l00021",
        "name": "Rider’s House",
        "name_en": null,
        "kind": "hostel",
        "stars": null,
        "rooms": null,
        "phone": null,
        "website": null,
        "operator": null,
        "address": null,
        "near_town": "n405170897",
        "near_town_name": "斜里町",
        "osm_id": "n5730197222"
      }
    },
    {
      "type": "Feature",
      "geometry": {
        "type": "Point",
        "coordinates": [
          144.6841136,
          43.9012249
        ]
      },
      "properties": {
        "id": "l00022",
        "name": "BOTH",
        "name_en": null,
        "kind": "hostel",
        "stars": null,
        "rooms": null,
        "phone": "0152-26-7800",
        "website": "https://shiretoko-b.com/",
        "operator": null,
        "address": null,
        "near_town": "n405170897",
        "near_town_name": "斜里町",
        "osm_id": "n13057860675"
      }
    },
    {
      "type": "Feature",
      "geometry": {
        "type": "Point",
        "coordinates": [
          144.6613387,
          43.9115483
        ]
      },
      "properties": {
        "id": "l00023",
        "name": "ルートイン グランティア知床斜里駅前",
        "name_en": "Route-Inn Grantia Shiretoko Shari Ekimae",
        "kind": "hotel",
        "stars": null,
        "rooms": null,
        "phone": "+81 152 22 1700",
        "website": "https://www.hotel-grantia.co.jp/shiretoko/",
        "operator": null,
        "address": null,
        "near_town": "n405170897",
        "near_town_name": "斜里町",
        "osm_id": "w288252580",
        "name_ko": "루트인 g란치아 시레토코 샤리 에키마에"
      }
    },
    {
      "type": "Feature",
      "geometry": {
        "type": "Point",
        "coordinates": [
          144.6625067,
          43.9137607
        ]
      },
      "properties": {
        "id": "l00024",
        "name": "グリーン温泉",
        "name_en": null,
        "kind": "hotel",
        "stars": null,
        "rooms": null,
        "phone": null,
        "website": null,
        "operator": null,
        "address": null,
        "near_town": "n405170897",
        "near_town_name": "斜里町",
        "osm_id": "w474189655"
      }
    },
    {
      "type": "Feature",
      "geometry": {
        "type": "Point",
        "coordinates": [
          144.6624354,
          43.9112748
        ]
      },
      "properties": {
        "id": "l00025",
        "name": "斜里セントラルホテル",
        "name_en": null,
        "kind": "hotel",
        "stars": null,
        "rooms": null,
        "phone": null,
        "website": null,
        "operator": null,
        "address": null,
        "near_town": "n405170897",
        "near_town_name": "斜里町",
        "osm_id": "w474189674"
      }
    },
    {
      "type": "Feature",
      "geometry": {
        "type": "Point",
        "coordinates": [
          144.6614909,
          43.9123331
        ]
      },
      "properties": {
        "id": "l00026",
        "name": "斜里第一ホテル",
        "name_en": null,
        "kind": "hotel",
        "stars": null,
        "rooms": null,
        "phone": null,
        "website": null,
        "operator": null,
        "address": null,
        "near_town": "n405170897",
        "near_town_name": "斜里町",
        "osm_id": "w474189763"
      }
    },
    {
      "type": "Feature",
      "geometry": {
        "type": "Point",
        "coordinates": [
          144.6447812,
          43.9135745
        ]
      },
      "properties": {
        "id": "l00027",
        "name": "斜里温泉湯元館",
        "name_en": "Shari Onsen Yumotokan",
        "kind": "hotel",
        "stars": null,
        "rooms": null,
        "phone": null,
        "website": "http://www.yumotokan.info/",
        "operator": null,
        "address": null,
        "near_town": "n405170897",
        "near_town_name": "斜里町",
        "osm_id": "w474647439",
        "name_ko": "샤리 온천 유모토칸"
      }
    },
    {
      "type": "Feature",
      "geometry": {
        "type": "Point",
        "coordinates": [
          142.7690089,
          43.8495981
        ]
      },
      "properties": {
        "id": "l00028",
        "name": "Anshindo Micro Hotel",
        "name_en": null,
        "kind": "hotel",
        "stars": null,
        "rooms": null,
        "phone": null,
        "website": "https://efc.hokkaido.jp/anshindo",
        "operator": null,
        "address": null,
        "near_town": "n206398537",
        "near_town_name": "上川町",
        "osm_id": "n13190599828"
      }
    },
    {
      "type": "Feature",
      "geometry": {
        "type": "Point",
        "coordinates": [
          142.7751555,
          43.8433903
        ]
      },
      "properties": {
        "id": "l00029",
        "name": "さつき荘",
        "name_en": null,
        "kind": "guest_house",
        "stars": null,
        "rooms": null,
        "phone": null,
        "website": null,
        "operator": null,
        "address": null,
        "near_town": "n206398537",
        "near_town_name": "上川町",
        "osm_id": "w375228181"
      }
    },
    {
      "type": "Feature",
      "geometry": {
        "type": "Point",
        "coordinates": [
          142.4436507,
          43.604503
        ]
      },
      "properties": {
        "id": "l00030",
        "name": "ポテトの丘",
        "name_en": "potato village(potato no oka)",
        "kind": "hostel",
        "stars": null,
        "rooms": null,
        "phone": "0166-92-3255",
        "website": "https://www.potatovillage.com/",
        "operator": "松田武夫",
        "address": "富良野国道",
        "near_town": "n389385675",
        "near_town_name": "美瑛町",
        "osm_id": "n4962803931",
        "name_ko": "포타토 빗라게(포타토 의 오카)"
      }
    },
    {
      "type": "Feature",
      "geometry": {
        "type": "Point",
        "coordinates": [
          142.4571003,
          43.5924668
        ]
      },
      "properties": {
        "id": "l00031",
        "name": "フォテージ イン 美瑛",
        "name_en": "Phottage Inn Biei",
        "kind": "hostel",
        "stars": null,
        "rooms": null,
        "phone": null,
        "website": "https://inn-biei.jp/",
        "operator": null,
        "address": null,
        "near_town": "n389385675",
        "near_town_name": "美瑛町",
        "osm_id": "n11955472523",
        "name_ko": "포티지 인 비에이"
      }
    },
    {
      "type": "Feature",
      "geometry": {
        "type": "Point",
        "coordinates": [
          142.4601582,
          43.5892284
        ]
      },
      "properties": {
        "id": "l00032",
        "name": "Guesthouse 美瑛 B cycle",
        "name_en": null,
        "kind": "hotel",
        "stars": null,
        "rooms": null,
        "phone": null,
        "website": null,
        "operator": null,
        "address": null,
        "near_town": "n389385675",
        "near_town_name": "美瑛町",
        "osm_id": "n11955477367"
      }
    },
    {
      "type": "Feature",
      "geometry": {
        "type": "Point",
        "coordinates": [
          142.4556732,
          43.570919
        ]
      },
      "properties": {
        "id": "l00033",
        "name": "Pension Megumiyuki",
        "name_en": null,
        "kind": "hostel",
        "stars": null,
        "rooms": null,
        "phone": null,
        "website": null,
        "operator": null,
        "address": null,
        "near_town": "n389385675",
        "near_town_name": "美瑛町",
        "osm_id": "n11955479577"
      }
    },
    {
      "type": "Feature",
      "geometry": {
        "type": "Point",
        "coordinates": [
          142.4465,
          43.425506
        ]
      },
      "properties": {
        "id": "l00034",
        "name": "ラーテレ",
        "name_en": "Popura Farm",
        "kind": "hotel",
        "stars": null,
        "rooms": null,
        "phone": "0167 44 2033",
        "website": "http://popurafarm.com/",
        "operator": null,
        "address": null,
        "near_town": "n389385487",
        "near_town_name": "上富良野町",
        "osm_id": "n3080111633",
        "name_ko": "포푸라 팜"
      }
    },
    {
      "type": "Feature",
      "geometry": {
        "type": "Point",
        "coordinates": [
          142.4259377,
          43.4824545
        ]
      },
      "properties": {
        "id": "l00035",
        "name": "大地の宿じょう舍",
        "name_en": "Daichi no Yado Johanabito Guest House",
        "kind": "guest_house",
        "stars": null,
        "rooms": null,
        "phone": "0167453267",
        "website": "http://johya.sakura.ne.jp/",
        "operator": null,
        "address": null,
        "near_town": "n389385487",
        "near_town_name": "上富良野町",
        "osm_id": "n6515881386",
        "name_ko": "다이치 의 야도 조하나비토 게스트 하우스"
      }
    },
    {
      "type": "Feature",
      "geometry": {
        "type": "Point",
        "coordinates": [
          142.4543395,
          43.4628535
        ]
      },
      "properties": {
        "id": "l00036",
        "name": "Furano hops hotel",
        "name_en": "Furano hops hotel",
        "kind": "hotel",
        "stars": null,
        "rooms": null,
        "phone": null,
        "website": null,
        "operator": null,
        "address": null,
        "near_town": "n389385487",
        "near_town_name": "上富良野町",
        "osm_id": "w529061000",
        "name_ko": "후라노 홉스 호텔"
      }
    },
    {
      "type": "Feature",
      "geometry": {
        "type": "Point",
        "coordinates": [
          142.5453597,
          43.6692142
        ]
      },
      "properties": {
        "id": "l00037",
        "name": "森のゆ 花神楽",
        "name_en": null,
        "kind": "guest_house",
        "stars": null,
        "rooms": null,
        "phone": null,
        "website": null,
        "operator": null,
        "address": null,
        "near_town": "n389393489",
        "near_town_name": "東川町",
        "osm_id": "n2479924079"
      }
    },
    {
      "type": "Feature",
      "geometry": {
        "type": "Point",
        "coordinates": [
          142.5179054,
          43.6924748
        ]
      },
      "properties": {
        "id": "l00038",
        "name": "マ・メゾンP2",
        "name_en": null,
        "kind": "hotel",
        "stars": null,
        "rooms": null,
        "phone": null,
        "website": null,
        "operator": null,
        "address": null,
        "near_town": "n389393489",
        "near_town_name": "東川町",
        "osm_id": "n4477527110"
      }
    },
    {
      "type": "Feature",
      "geometry": {
        "type": "Point",
        "coordinates": [
          142.5194773,
          43.6924923
        ]
      },
      "properties": {
        "id": "l00039",
        "name": "ペンションととり",
        "name_en": null,
        "kind": "guest_house",
        "stars": null,
        "rooms": null,
        "phone": null,
        "website": null,
        "operator": null,
        "address": null,
        "near_town": "n389393489",
        "near_town_name": "東川町",
        "osm_id": "n4477527123"
      }
    },
    {
      "type": "Feature",
      "geometry": {
        "type": "Point",
        "coordinates": [
          142.5428695,
          43.6892456
        ]
      },
      "properties": {
        "id": "l00040",
        "name": "ＶＩＬＬＡニセウコロコロ",
        "name_en": null,
        "kind": "hotel",
        "stars": null,
        "rooms": null,
        "phone": null,
        "website": null,
        "operator": null,
        "address": null,
        "near_town": "n389393489",
        "near_town_name": "東川町",
        "osm_id": "n4487634583"
      }
    },
    {
      "type": "Feature",
      "geometry": {
        "type": "Point",
        "coordinates": [
          142.5151244,
          43.6938191
        ]
      },
      "properties": {
        "id": "l00041",
        "name": "コンドミニアム　あんどん",
        "name_en": null,
        "kind": "guest_house",
        "stars": null,
        "rooms": null,
        "phone": null,
        "website": null,
        "operator": null,
        "address": null,
        "near_town": "n389393489",
        "near_town_name": "東川町",
        "osm_id": "w450845965"
      }
    },
    {
      "type": "Feature",
      "geometry": {
        "type": "Point",
        "coordinates": [
          142.5011705,
          43.7413437
        ]
      },
      "properties": {
        "id": "l00042",
        "name": "mizuki",
        "name_en": null,
        "kind": "hotel",
        "stars": null,
        "rooms": null,
        "phone": null,
        "website": null,
        "operator": null,
        "address": null,
        "near_town": "n389393489",
        "near_town_name": "東川町",
        "osm_id": "w1419745939"
      }
    },
    {
      "type": "Feature",
      "geometry": {
        "type": "Point",
        "coordinates": [
          142.8888893,
          43.0134012
        ]
      },
      "properties": {
        "id": "l00043",
        "name": "清水イン勝造",
        "name_en": null,
        "kind": "hotel",
        "stars": null,
        "rooms": null,
        "phone": "+81 156 62 4855",
        "website": null,
        "operator": null,
        "address": null,
        "near_town": "n263098586",
        "near_town_name": "清水町",
        "osm_id": "n4402109704"
      }
    },
    {
      "type": "Feature",
      "geometry": {
        "type": "Point",
        "coordinates": [
          140.6985594,
          42.8967442
        ]
      },
      "properties": {
        "id": "l00044",
        "name": "Freedom Inn",
        "name_en": null,
        "kind": "hotel",
        "stars": null,
        "rooms": null,
        "phone": null,
        "website": null,
        "operator": null,
        "address": null,
        "near_town": "n204672378",
        "near_town_name": "倶知安町",
        "osm_id": "n1149603182"
      }
    },
    {
      "type": "Feature",
      "geometry": {
        "type": "Point",
        "coordinates": [
          140.7221469,
          42.8715599
        ]
      },
      "properties": {
        "id": "l00045",
        "name": "ワザズワールド",
        "name_en": null,
        "kind": "hotel",
        "stars": null,
        "rooms": null,
        "phone": null,
        "website": null,
        "operator": null,
        "address": null,
        "near_town": "n204672378",
        "near_town_name": "倶知安町",
        "osm_id": "n1948590425"
      }
    },
    {
      "type": "Feature",
      "geometry": {
        "type": "Point",
        "coordinates": [
          140.6999052,
          42.896564
        ]
      },
      "properties": {
        "id": "l00046",
        "name": "ヤマビコ",
        "name_en": null,
        "kind": "hotel",
        "stars": null,
        "rooms": null,
        "phone": null,
        "website": null,
        "operator": null,
        "address": null,
        "near_town": "n204672378",
        "near_town_name": "倶知安町",
        "osm_id": "n1958466596"
      }
    },
    {
      "type": "Feature",
      "geometry": {
        "type": "Point",
        "coordinates": [
          140.7466736,
          42.9023941
        ]
      },
      "properties": {
        "id": "l00047",
        "name": "ホテルスリーエム",
        "name_en": null,
        "kind": "hotel",
        "stars": null,
        "rooms": null,
        "phone": null,
        "website": null,
        "operator": null,
        "address": null,
        "near_town": "n204672378",
        "near_town_name": "倶知安町",
        "osm_id": "n2067900251"
      }
    },
    {
      "type": "Feature",
      "geometry": {
        "type": "Point",
        "coordinates": [
          140.7467077,
          42.9007476
        ]
      },
      "properties": {
        "id": "l00048",
        "name": "ナンコウホテル倶知安",
        "name_en": "Nanko Hotel",
        "kind": "hotel",
        "stars": null,
        "rooms": null,
        "phone": "+81-136-22-0237",
        "website": "http://www.nanko-hotel.com/",
        "operator": null,
        "address": "倶知安町 南2条西3丁目",
        "near_town": "n204672378",
        "near_town_name": "倶知安町",
        "osm_id": "n2067900252",
        "name_ko": "난코 호텔"
      }
    },
    {
      "type": "Feature",
      "geometry": {
        "type": "Point",
        "coordinates": [
          140.7493328,
          42.899339
        ]
      },
      "properties": {
        "id": "l00049",
        "name": "ホテル第一会館",
        "name_en": null,
        "kind": "hotel",
        "stars": null,
        "rooms": null,
        "phone": null,
        "website": null,
        "operator": null,
        "address": null,
        "near_town": "n204672378",
        "near_town_name": "倶知安町",
        "osm_id": "n2067900253"
      }
    },
    {
      "type": "Feature",
      "geometry": {
        "type": "Point",
        "coordinates": [
          140.7465028,
          42.9019623
        ]
      },
      "properties": {
        "id": "l00050",
        "name": "駅前ホテル",
        "name_en": null,
        "kind": "hotel",
        "stars": null,
        "rooms": null,
        "phone": null,
        "website": null,
        "operator": null,
        "address": null,
        "near_town": "n204672378",
        "near_town_name": "倶知安町",
        "osm_id": "n2067900267"
      }
    },
    {
      "type": "Feature",
      "geometry": {
        "type": "Point",
        "coordinates": [
          140.7355029,
          42.8976247
        ]
      },
      "properties": {
        "id": "l00051",
        "name": "倶知安温泉 ホテルようてい",
        "name_en": null,
        "kind": "hotel",
        "stars": null,
        "rooms": null,
        "phone": null,
        "website": null,
        "operator": null,
        "address": null,
        "near_town": "n204672378",
        "near_town_name": "倶知安町",
        "osm_id": "n3218769444"
      }
    },
    {
      "type": "Feature",
      "geometry": {
        "type": "Point",
        "coordinates": [
          140.7091476,
          42.9028411
        ]
      },
      "properties": {
        "id": "l00052",
        "name": "Gurigura",
        "name_en": null,
        "kind": "guest_house",
        "stars": null,
        "rooms": null,
        "phone": null,
        "website": "https://www.gurigura.info/",
        "operator": null,
        "address": null,
        "near_town": "n204672378",
        "near_town_name": "倶知安町",
        "osm_id": "n4988727207"
      }
    },
    {
      "type": "Feature",
      "geometry": {
        "type": "Point",
        "coordinates": [
          140.750995,
          42.8792883
        ]
      },
      "properties": {
        "id": "l00053",
        "name": "Tsukushi Hostel",
        "name_en": "Tsukushi Hostel",
        "kind": "hostel",
        "stars": null,
        "rooms": null,
        "phone": null,
        "website": null,
        "operator": null,
        "address": null,
        "near_town": "n204672378",
        "near_town_name": "倶知安町",
        "osm_id": "n6228039088",
        "name_ko": "쓰쿠시 호스텔"
      }
    },
    {
      "type": "Feature",
      "geometry": {
        "type": "Point",
        "coordinates": [
          140.7252934,
          42.864499
        ]
      },
      "properties": {
        "id": "l00054",
        "name": "(이름 없음)",
        "name_en": null,
        "kind": "hostel",
        "stars": null,
        "rooms": null,
        "phone": null,
        "website": null,
        "operator": null,
        "address": null,
        "near_town": "n204672378",
        "near_town_name": "倶知安町",
        "osm_id": "w193430162"
      }
    },
    {
      "type": "Feature",
      "geometry": {
        "type": "Point",
        "coordinates": [
          140.7467221,
          42.902158
        ]
      },
      "properties": {
        "id": "l00055",
        "name": "福井旅館",
        "name_en": null,
        "kind": "hotel",
        "stars": null,
        "rooms": null,
        "phone": null,
        "website": null,
        "operator": null,
        "address": null,
        "near_town": "n204672378",
        "near_town_name": "倶知安町",
        "osm_id": "w195302557"
      }
    },
    {
      "type": "Feature",
      "geometry": {
        "type": "Point",
        "coordinates": [
          140.7416636,
          42.9047225
        ]
      },
      "properties": {
        "id": "l00056",
        "name": "Niseko Tabi-tsumugi Backpackers",
        "name_en": "Niseko Tabi-tsumugi Backpackers",
        "kind": "hostel",
        "stars": null,
        "rooms": null,
        "phone": "+81 136 220539",
        "website": "https://tabi-tsumugi.net",
        "operator": null,
        "address": null,
        "near_town": "n204672378",
        "near_town_name": "倶知安町",
        "osm_id": "w195860296",
        "name_ko": "니세코 타비쓰무기 백패커스"
      }
    },
    {
      "type": "Feature",
      "geometry": {
        "type": "Point",
        "coordinates": [
          140.7503074,
          42.8884092
        ]
      },
      "properties": {
        "id": "l00057",
        "name": "TORIFITO HOTEL & POD NISEKO",
        "name_en": null,
        "kind": "hotel",
        "stars": null,
        "rooms": null,
        "phone": "+81 0136 55 6625",
        "website": null,
        "operator": null,
        "address": null,
        "near_town": "n204672378",
        "near_town_name": "倶知安町",
        "osm_id": "w198560197"
      }
    },
    {
      "type": "Feature",
      "geometry": {
        "type": "Point",
        "coordinates": [
          140.7244971,
          42.8654758
        ]
      },
      "properties": {
        "id": "l00058",
        "name": "Cowbell Lodge",
        "name_en": null,
        "kind": "guest_house",
        "stars": null,
        "rooms": null,
        "phone": null,
        "website": null,
        "operator": null,
        "address": null,
        "near_town": "n204672378",
        "near_town_name": "倶知安町",
        "osm_id": "w566318378"
      }
    },
    {
      "type": "Feature",
      "geometry": {
        "type": "Point",
        "coordinates": [
          140.7267737,
          42.8679204
        ]
      },
      "properties": {
        "id": "l00059",
        "name": "Sanga",
        "name_en": null,
        "kind": "chalet",
        "stars": null,
        "rooms": null,
        "phone": null,
        "website": null,
        "operator": null,
        "address": null,
        "near_town": "n204672378",
        "near_town_name": "倶知安町",
        "osm_id": "w662275890"
      }
    },
    {
      "type": "Feature",
      "geometry": {
        "type": "Point",
        "coordinates": [
          140.7508449,
          42.9024933
        ]
      },
      "properties": {
        "id": "l00060",
        "name": "STAY LIVING NISEKO",
        "name_en": null,
        "kind": "hotel",
        "stars": null,
        "rooms": null,
        "phone": null,
        "website": null,
        "operator": null,
        "address": null,
        "near_town": "n204672378",
        "near_town_name": "倶知安町",
        "osm_id": "w1054900934"
      }
    },
    {
      "type": "Feature",
      "geometry": {
        "type": "Point",
        "coordinates": [
          140.6702502,
          42.8422409
        ]
      },
      "properties": {
        "id": "l00061",
        "name": "東山山荘",
        "name_en": "higashiyama sanso",
        "kind": "hotel",
        "stars": null,
        "rooms": null,
        "phone": null,
        "website": null,
        "operator": null,
        "address": null,
        "near_town": "n460416755",
        "near_town_name": "ニセコ町",
        "osm_id": "n1957047053",
        "name_ko": "히가시야마 산소"
      }
    },
    {
      "type": "Feature",
      "geometry": {
        "type": "Point",
        "coordinates": [
          140.6753203,
          42.8351007
        ]
      },
      "properties": {
        "id": "l00062",
        "name": "コテージ　ボンゴ広場",
        "name_en": null,
        "kind": "hotel",
        "stars": null,
        "rooms": null,
        "phone": null,
        "website": null,
        "operator": null,
        "address": null,
        "near_town": "n460416755",
        "near_town_name": "ニセコ町",
        "osm_id": "n1957047087"
      }
    },
    {
      "type": "Feature",
      "geometry": {
        "type": "Point",
        "coordinates": [
          140.6610896,
          42.8313429
        ]
      },
      "properties": {
        "id": "l00063",
        "name": "ペンションレストラン・YOUYOU",
        "name_en": null,
        "kind": "hotel",
        "stars": null,
        "rooms": null,
        "phone": null,
        "website": null,
        "operator": null,
        "address": null,
        "near_town": "n460416755",
        "near_town_name": "ニセコ町",
        "osm_id": "n1957047101"
      }
    },
    {
      "type": "Feature",
      "geometry": {
        "type": "Point",
        "coordinates": [
          140.6781312,
          42.8328348
        ]
      },
      "properties": {
        "id": "l00064",
        "name": "ロッジ・モンブラン",
        "name_en": null,
        "kind": "hotel",
        "stars": null,
        "rooms": null,
        "phone": null,
        "website": null,
        "operator": null,
        "address": null,
        "near_town": "n460416755",
        "near_town_name": "ニセコ町",
        "osm_id": "n1957047162"
      }
    },
    {
      "type": "Feature",
      "geometry": {
        "type": "Point",
        "coordinates": [
          140.6599351,
          42.8325673
        ]
      },
      "properties": {
        "id": "l00065",
        "name": "田舎宿キートス",
        "name_en": null,
        "kind": "hotel",
        "stars": null,
        "rooms": null,
        "phone": null,
        "website": null,
        "operator": null,
        "address": null,
        "near_town": "n460416755",
        "near_town_name": "ニセコ町",
        "osm_id": "n1957047169"
      }
    },
    {
      "type": "Feature",
      "geometry": {
        "type": "Point",
        "coordinates": [
          140.674432,
          42.8382701
        ]
      },
      "properties": {
        "id": "l00066",
        "name": "ニセコアワグラス",
        "name_en": null,
        "kind": "hotel",
        "stars": null,
        "rooms": null,
        "phone": null,
        "website": null,
        "operator": null,
        "address": null,
        "near_town": "n460416755",
        "near_town_name": "ニセコ町",
        "osm_id": "n1957047228"
      }
    },
    {
      "type": "Feature",
      "geometry": {
        "type": "Point",
        "coordinates": [
          140.6696769,
          42.8253126
        ]
      },
      "properties": {
        "id": "l00067",
        "name": "ルート66ニセコ",
        "name_en": "Route 66 Niseko",
        "kind": "hotel",
        "stars": null,
        "rooms": null,
        "phone": null,
        "website": null,
        "operator": null,
        "address": null,
        "near_town": "n460416755",
        "near_town_name": "ニセコ町",
        "osm_id": "n1957047237",
        "name_ko": "루트 66 니세코"
      }
    },
    {
      "type": "Feature",
      "geometry": {
        "type": "Point",
        "coordinates": [
          140.6598493,
          42.8315602
        ]
      },
      "properties": {
        "id": "l00068",
        "name": "ふみふみ",
        "name_en": null,
        "kind": "hotel",
        "stars": null,
        "rooms": null,
        "phone": null,
        "website": null,
        "operator": null,
        "address": null,
        "near_town": "n460416755",
        "near_town_name": "ニセコ町",
        "osm_id": "n1957047257"
      }
    },
    {
      "type": "Feature",
      "geometry": {
        "type": "Point",
        "coordinates": [
          140.6709831,
          42.8403973
        ]
      },
      "properties": {
        "id": "l00069",
        "name": "ルポーゼ",
        "name_en": null,
        "kind": "hotel",
        "stars": null,
        "rooms": null,
        "phone": null,
        "website": null,
        "operator": null,
        "address": null,
        "near_town": "n460416755",
        "near_town_name": "ニセコ町",
        "osm_id": "n1957047259"
      }
    },
    {
      "type": "Feature",
      "geometry": {
        "type": "Point",
        "coordinates": [
          140.6735795,
          42.8388297
        ]
      },
      "properties": {
        "id": "l00070",
        "name": "ペンション二輪館",
        "name_en": null,
        "kind": "hostel",
        "stars": null,
        "rooms": null,
        "phone": null,
        "website": null,
        "operator": null,
        "address": null,
        "near_town": "n460416755",
        "near_town_name": "ニセコ町",
        "osm_id": "n1957047269"
      }
    },
    {
      "type": "Feature",
      "geometry": {
        "type": "Point",
        "coordinates": [
          140.7093825,
          42.8437355
        ]
      },
      "properties": {
        "id": "l00071",
        "name": "ほたる",
        "name_en": null,
        "kind": "hotel",
        "stars": null,
        "rooms": null,
        "phone": null,
        "website": null,
        "operator": null,
        "address": null,
        "near_town": "n460416755",
        "near_town_name": "ニセコ町",
        "osm_id": "n1958420018"
      }
    },
    {
      "type": "Feature",
      "geometry": {
        "type": "Point",
        "coordinates": [
          140.7217095,
          42.7877708
        ]
      },
      "properties": {
        "id": "l00072",
        "name": "home3niseko",
        "name_en": "home3niseko",
        "kind": "hostel",
        "stars": null,
        "rooms": null,
        "phone": null,
        "website": null,
        "operator": null,
        "address": null,
        "near_town": "n460416755",
        "near_town_name": "ニセコ町",
        "osm_id": "n4542695090",
        "name_ko": "호메3니세코"
      }
    },
    {
      "type": "Feature",
      "geometry": {
        "type": "Point",
        "coordinates": [
          140.6755919,
          42.8332978
        ]
      },
      "properties": {
        "id": "l00073",
        "name": "Cottage BONGO",
        "name_en": "Cottage BONGO",
        "kind": "chalet",
        "stars": null,
        "rooms": null,
        "phone": "+81 136 442098",
        "website": "https://www.bongoniseko.com",
        "operator": null,
        "address": null,
        "near_town": "n460416755",
        "near_town_name": "ニセコ町",
        "osm_id": "n5077071098",
        "name_ko": "코티지 본고"
      }
    },
    {
      "type": "Feature",
      "geometry": {
        "type": "Point",
        "coordinates": [
          140.6737518,
          42.8402225
        ]
      },
      "properties": {
        "id": "l00074",
        "name": "ニセコ東山ハウス",
        "name_en": "Niseko Higashiyama House",
        "kind": "hostel",
        "stars": null,
        "rooms": null,
        "phone": null,
        "website": null,
        "operator": null,
        "address": null,
        "near_town": "n460416755",
        "near_town_name": "ニセコ町",
        "osm_id": "n6339145178",
        "name_ko": "니세코 히가시야마 하우스"
      }
    },
    {
      "type": "Feature",
      "geometry": {
        "type": "Point",
        "coordinates": [
          140.6933004,
          42.8053032
        ]
      },
      "properties": {
        "id": "l00075",
        "name": "Niseko House",
        "name_en": "Niseko House",
        "kind": "guest_house",
        "stars": null,
        "rooms": null,
        "phone": null,
        "website": null,
        "operator": null,
        "address": null,
        "near_town": "n460416755",
        "near_town_name": "ニセコ町",
        "osm_id": "n12693324014",
        "name_ko": "니세코 하우스"
      }
    },
    {
      "type": "Feature",
      "geometry": {
        "type": "Point",
        "coordinates": [
          140.6740604,
          42.8395647
        ]
      },
      "properties": {
        "id": "l00076",
        "name": "FOXWOOD CHALETS",
        "name_en": null,
        "kind": "apartment",
        "stars": null,
        "rooms": null,
        "phone": null,
        "website": null,
        "operator": null,
        "address": null,
        "near_town": "n460416755",
        "near_town_name": "ニセコ町",
        "osm_id": "n13284291187"
      }
    },
    {
      "type": "Feature",
      "geometry": {
        "type": "Point",
        "coordinates": [
          140.702583,
          42.8459956
        ]
      },
      "properties": {
        "id": "l00077",
        "name": "Pension Nohda",
        "name_en": null,
        "kind": "guest_house",
        "stars": null,
        "rooms": null,
        "phone": null,
        "website": null,
        "operator": null,
        "address": null,
        "near_town": "n460416755",
        "near_town_name": "ニセコ町",
        "osm_id": "w193432947"
      }
    },
    {
      "type": "Feature",
      "geometry": {
        "type": "Point",
        "coordinates": [
          140.6763832,
          42.8465993
        ]
      },
      "properties": {
        "id": "l00078",
        "name": "The Green Leaf Niseko Village, Tapestry Collection by Hilton",
        "name_en": "The Green Leaf Niseko Village, Tapestry Collection by Hilton",
        "kind": "hotel",
        "stars": "4",
        "rooms": "200",
        "phone": "+81 136-44-3311",
        "website": "https://www.hilton.com/en/hotels/ctsglup-the-green-leaf-niseko-village/",
        "operator": null,
        "address": "北海道 ニセコ町",
        "near_town": "n460416755",
        "near_town_name": "ニセコ町",
        "osm_id": "w194714244",
        "name_ko": "t헤 그린 레아후 니세코 빗라게, 타페stry c옷레c치온 by 히르톤"
      }
    },
    {
      "type": "Feature",
      "geometry": {
        "type": "Point",
        "coordinates": [
          140.6726128,
          42.840497
        ]
      },
      "properties": {
        "id": "l00079",
        "name": "リバティーハウス",
        "name_en": "Liberty House",
        "kind": "hostel",
        "stars": null,
        "rooms": null,
        "phone": null,
        "website": null,
        "operator": null,
        "address": null,
        "near_town": "n460416755",
        "near_town_name": "ニセコ町",
        "osm_id": "w194714283",
        "name_ko": "리베rty 하우스"
      }
    },
    {
      "type": "Feature",
      "geometry": {
        "type": "Point",
        "coordinates": [
          140.6734343,
          42.8391396
        ]
      },
      "properties": {
        "id": "l00080",
        "name": "Hooting Owl Lodge",
        "name_en": null,
        "kind": "hostel",
        "stars": null,
        "rooms": null,
        "phone": "+81 080 136-43-2388",
        "website": null,
        "operator": null,
        "address": null,
        "near_town": "n460416755",
        "near_town_name": "ニセコ町",
        "osm_id": "w194714310"
      }
    },
    {
      "type": "Feature",
      "geometry": {
        "type": "Point",
        "coordinates": [
          140.6728677,
          42.8403922
        ]
      },
      "properties": {
        "id": "l00081",
        "name": "Freeride Pension",
        "name_en": null,
        "kind": "hostel",
        "stars": null,
        "rooms": null,
        "phone": null,
        "website": null,
        "operator": null,
        "address": null,
        "near_town": "n460416755",
        "near_town_name": "ニセコ町",
        "osm_id": "w194714317"
      }
    },
    {
      "type": "Feature",
      "geometry": {
        "type": "Point",
        "coordinates": [
          140.6739885,
          42.839205
        ]
      },
      "properties": {
        "id": "l00082",
        "name": "Niseko East Mountain Chalets",
        "name_en": null,
        "kind": "chalet",
        "stars": null,
        "rooms": null,
        "phone": null,
        "website": null,
        "operator": null,
        "address": null,
        "near_town": "n460416755",
        "near_town_name": "ニセコ町",
        "osm_id": "w194714345"
      }
    },
    {
      "type": "Feature",
      "geometry": {
        "type": "Point",
        "coordinates": [
          140.6701612,
          42.8410966
        ]
      },
      "properties": {
        "id": "l00083",
        "name": "バンフ",
        "name_en": "Banff",
        "kind": "hostel",
        "stars": null,
        "rooms": null,
        "phone": null,
        "website": null,
        "operator": null,
        "address": null,
        "near_town": "n460416755",
        "near_town_name": "ニセコ町",
        "osm_id": "w194714392",
        "name_ko": "반ㅅ후"
      }
    },
    {
      "type": "Feature",
      "geometry": {
        "type": "Point",
        "coordinates": [
          140.6726593,
          42.8417434
        ]
      },
      "properties": {
        "id": "l00084",
        "name": "ブラックダイヤモンドロッジ",
        "name_en": "Black Diamond Lodge",
        "kind": "hostel",
        "stars": null,
        "rooms": null,
        "phone": "+81 136 441144",
        "website": "https://www.bdlodge.com/",
        "operator": null,
        "address": null,
        "near_town": "n460416755",
        "near_town_name": "ニセコ町",
        "osm_id": "w194714416",
        "name_ko": "b라ck 지아몬d 롯지"
      }
    },
    {
      "type": "Feature",
      "geometry": {
        "type": "Point",
        "coordinates": [
          140.6702976,
          42.8407768
        ]
      },
      "properties": {
        "id": "l00085",
        "name": "ペンションブルック",
        "name_en": "Pension Brook",
        "kind": "hostel",
        "stars": null,
        "rooms": null,
        "phone": null,
        "website": null,
        "operator": null,
        "address": null,
        "near_town": "n460416755",
        "near_town_name": "ニセコ町",
        "osm_id": "w194714431",
        "name_ko": "펜션 b로오k"
      }
    },
    {
      "type": "Feature",
      "geometry": {
        "type": "Point",
        "coordinates": [
          140.6465553,
          42.82763
        ]
      },
      "properties": {
        "id": "l00086",
        "name": "YHA Niseko Fujiyama Karimpani",
        "name_en": "YHA Niseko Fujiyama Karimpani",
        "kind": "hostel",
        "stars": null,
        "rooms": null,
        "phone": "+81 136 441171",
        "website": "https://www.karimpani-niseko.com",
        "operator": null,
        "address": null,
        "near_town": "n460416755",
        "near_town_name": "ニセコ町",
        "osm_id": "w194743451",
        "name_ko": "y하 니세코 후지야마 카리m파니"
      }
    },
    {
      "type": "Feature",
      "geometry": {
        "type": "Point",
        "coordinates": [
          140.7149056,
          42.8414165
        ]
      },
      "properties": {
        "id": "l00087",
        "name": "232 Bankei",
        "name_en": null,
        "kind": "chalet",
        "stars": null,
        "rooms": null,
        "phone": null,
        "website": null,
        "operator": null,
        "address": null,
        "near_town": "n460416755",
        "near_town_name": "ニセコ町",
        "osm_id": "w465149362"
      }
    },
    {
      "type": "Feature",
      "geometry": {
        "type": "Point",
        "coordinates": [
          140.7145503,
          42.8417982
        ]
      },
      "properties": {
        "id": "l00088",
        "name": "2214 Birds Nest",
        "name_en": null,
        "kind": "chalet",
        "stars": null,
        "rooms": null,
        "phone": null,
        "website": null,
        "operator": null,
        "address": null,
        "near_town": "n460416755",
        "near_town_name": "ニセコ町",
        "osm_id": "w465149363"
      }
    },
    {
      "type": "Feature",
      "geometry": {
        "type": "Point",
        "coordinates": [
          140.7145066,
          42.8419538
        ]
      },
      "properties": {
        "id": "l00089",
        "name": "215 Kamui",
        "name_en": null,
        "kind": "chalet",
        "stars": null,
        "rooms": null,
        "phone": null,
        "website": null,
        "operator": null,
        "address": null,
        "near_town": "n460416755",
        "near_town_name": "ニセコ町",
        "osm_id": "w465149364"
      }
    },
    {
      "type": "Feature",
      "geometry": {
        "type": "Point",
        "coordinates": [
          140.7145104,
          42.842105
        ]
      },
      "properties": {
        "id": "l00090",
        "name": "216 Shakotan",
        "name_en": null,
        "kind": "chalet",
        "stars": null,
        "rooms": null,
        "phone": null,
        "website": null,
        "operator": null,
        "address": null,
        "near_town": "n460416755",
        "near_town_name": "ニセコ町",
        "osm_id": "w465149365"
      }
    },
    {
      "type": "Feature",
      "geometry": {
        "type": "Point",
        "coordinates": [
          140.714521,
          42.8422415
        ]
      },
      "properties": {
        "id": "l00091",
        "name": "217 Kotobuki",
        "name_en": null,
        "kind": "chalet",
        "stars": null,
        "rooms": null,
        "phone": null,
        "website": null,
        "operator": null,
        "address": null,
        "near_town": "n460416755",
        "near_town_name": "ニセコ町",
        "osm_id": "w465149366"
      }
    },
    {
      "type": "Feature",
      "geometry": {
        "type": "Point",
        "coordinates": [
          140.7145015,
          42.8423932
        ]
      },
      "properties": {
        "id": "l00092",
        "name": "218 Shirebetsu",
        "name_en": null,
        "kind": "chalet",
        "stars": null,
        "rooms": null,
        "phone": null,
        "website": null,
        "operator": null,
        "address": null,
        "near_town": "n460416755",
        "near_town_name": "ニセコ町",
        "osm_id": "w465149367"
      }
    },
    {
      "type": "Feature",
      "geometry": {
        "type": "Point",
        "coordinates": [
          140.7144963,
          42.8425316
        ]
      },
      "properties": {
        "id": "l00093",
        "name": "219 Hangetsu",
        "name_en": null,
        "kind": "chalet",
        "stars": null,
        "rooms": null,
        "phone": null,
        "website": null,
        "operator": null,
        "address": null,
        "near_town": "n460416755",
        "near_town_name": "ニセコ町",
        "osm_id": "w465149368"
      }
    },
    {
      "type": "Feature",
      "geometry": {
        "type": "Point",
        "coordinates": [
          140.7145552,
          42.8433196
        ]
      },
      "properties": {
        "id": "l00094",
        "name": "162 Atsuma",
        "name_en": null,
        "kind": "chalet",
        "stars": null,
        "rooms": null,
        "phone": null,
        "website": null,
        "operator": null,
        "address": null,
        "near_town": "n460416755",
        "near_town_name": "ニセコ町",
        "osm_id": "w465149369"
      }
    },
    {
      "type": "Feature",
      "geometry": {
        "type": "Point",
        "coordinates": [
          140.7145847,
          42.8434485
        ]
      },
      "properties": {
        "id": "l00095",
        "name": "161 Kusharo",
        "name_en": null,
        "kind": "chalet",
        "stars": null,
        "rooms": null,
        "phone": null,
        "website": null,
        "operator": null,
        "address": null,
        "near_town": "n460416755",
        "near_town_name": "ニセコ町",
        "osm_id": "w465149370"
      }
    },
    {
      "type": "Feature",
      "geometry": {
        "type": "Point",
        "coordinates": [
          140.7146335,
          42.8436269
        ]
      },
      "properties": {
        "id": "l00096",
        "name": "160 Kurodake",
        "name_en": null,
        "kind": "chalet",
        "stars": null,
        "rooms": null,
        "phone": null,
        "website": null,
        "operator": null,
        "address": null,
        "near_town": "n460416755",
        "near_town_name": "ニセコ町",
        "osm_id": "w465149371"
      }
    },
    {
      "type": "Feature",
      "geometry": {
        "type": "Point",
        "coordinates": [
          140.7148769,
          42.8425469
        ]
      },
      "properties": {
        "id": "l00097",
        "name": "212 Tenryu",
        "name_en": null,
        "kind": "chalet",
        "stars": null,
        "rooms": null,
        "phone": null,
        "website": null,
        "operator": null,
        "address": null,
        "near_town": "n460416755",
        "near_town_name": "ニセコ町",
        "osm_id": "w465150097"
      }
    },
    {
      "type": "Feature",
      "geometry": {
        "type": "Point",
        "coordinates": [
          140.715449,
          42.8425236
        ]
      },
      "properties": {
        "id": "l00098",
        "name": "198 Shiretoko",
        "name_en": null,
        "kind": "chalet",
        "stars": null,
        "rooms": null,
        "phone": null,
        "website": null,
        "operator": null,
        "address": null,
        "near_town": "n460416755",
        "near_town_name": "ニセコ町",
        "osm_id": "w465150100"
      }
    },
    {
      "type": "Feature",
      "geometry": {
        "type": "Point",
        "coordinates": [
          140.7157593,
          42.8423846
        ]
      },
      "properties": {
        "id": "l00099",
        "name": "255 Notoro",
        "name_en": null,
        "kind": "chalet",
        "stars": null,
        "rooms": null,
        "phone": null,
        "website": null,
        "operator": null,
        "address": null,
        "near_town": "n460416755",
        "near_town_name": "ニセコ町",
        "osm_id": "w465150102"
      }
    },
    {
      "type": "Feature",
      "geometry": {
        "type": "Point",
        "coordinates": [
          140.7156592,
          42.8421341
        ]
      },
      "properties": {
        "id": "l00100",
        "name": "254 Towada",
        "name_en": null,
        "kind": "chalet",
        "stars": null,
        "rooms": null,
        "phone": null,
        "website": null,
        "operator": null,
        "address": null,
        "near_town": "n460416755",
        "near_town_name": "ニセコ町",
        "osm_id": "w465150105"
      }
    },
    {
      "type": "Feature",
      "geometry": {
        "type": "Point",
        "coordinates": [
          140.7154952,
          42.841786
        ]
      },
      "properties": {
        "id": "l00101",
        "name": "253 Hamana",
        "name_en": null,
        "kind": "chalet",
        "stars": null,
        "rooms": null,
        "phone": null,
        "website": null,
        "operator": null,
        "address": null,
        "near_town": "n460416755",
        "near_town_name": "ニセコ町",
        "osm_id": "w465150107"
      }
    },
    {
      "type": "Feature",
      "geometry": {
        "type": "Point",
        "coordinates": [
          140.7153857,
          42.8419872
        ]
      },
      "properties": {
        "id": "l00102",
        "name": "250 Nakaumi",
        "name_en": null,
        "kind": "chalet",
        "stars": null,
        "rooms": null,
        "phone": null,
        "website": null,
        "operator": null,
        "address": null,
        "near_town": "n460416755",
        "near_town_name": "ニセコ町",
        "osm_id": "w465150108"
      }
    },
    {
      "type": "Feature",
      "geometry": {
        "type": "Point",
        "coordinates": [
          140.715376,
          42.8416073
        ]
      },
      "properties": {
        "id": "l00103",
        "name": "252 Saroma",
        "name_en": null,
        "kind": "chalet",
        "stars": null,
        "rooms": null,
        "phone": null,
        "website": null,
        "operator": null,
        "address": null,
        "near_town": "n460416755",
        "near_town_name": "ニセコ町",
        "osm_id": "w465150109"
      }
    },
    {
      "type": "Feature",
      "geometry": {
        "type": "Point",
        "coordinates": [
          140.7151733,
          42.8412508
        ]
      },
      "properties": {
        "id": "l00104",
        "name": "233 Shikotsu",
        "name_en": null,
        "kind": "chalet",
        "stars": null,
        "rooms": null,
        "phone": null,
        "website": null,
        "operator": null,
        "address": null,
        "near_town": "n460416755",
        "near_town_name": "ニセコ町",
        "osm_id": "w465150110"
      }
    },
    {
      "type": "Feature",
      "geometry": {
        "type": "Point",
        "coordinates": [
          140.7163592,
          42.842793
        ]
      },
      "properties": {
        "id": "l00105",
        "name": "245 Shimano",
        "name_en": null,
        "kind": "chalet",
        "stars": null,
        "rooms": null,
        "phone": null,
        "website": null,
        "operator": null,
        "address": null,
        "near_town": "n460416755",
        "near_town_name": "ニセコ町",
        "osm_id": "w465152766"
      }
    },
    {
      "type": "Feature",
      "geometry": {
        "type": "Point",
        "coordinates": [
          140.7165064,
          42.8430215
        ]
      },
      "properties": {
        "id": "l00106",
        "name": "244 Hakusan",
        "name_en": null,
        "kind": "chalet",
        "stars": null,
        "rooms": null,
        "phone": null,
        "website": null,
        "operator": null,
        "address": null,
        "near_town": "n460416755",
        "near_town_name": "ニセコ町",
        "osm_id": "w465152767"
      }
    },
    {
      "type": "Feature",
      "geometry": {
        "type": "Point",
        "coordinates": [
          140.7165715,
          42.8432414
        ]
      },
      "properties": {
        "id": "l00107",
        "name": "183 Miyama",
        "name_en": null,
        "kind": "chalet",
        "stars": null,
        "rooms": null,
        "phone": null,
        "website": null,
        "operator": null,
        "address": null,
        "near_town": "n460416755",
        "near_town_name": "ニセコ町",
        "osm_id": "w465152768"
      }
    },
    {
      "type": "Feature",
      "geometry": {
        "type": "Point",
        "coordinates": [
          140.7164699,
          42.8435557
        ]
      },
      "properties": {
        "id": "l00108",
        "name": "107 Maruyama",
        "name_en": null,
        "kind": "chalet",
        "stars": null,
        "rooms": null,
        "phone": null,
        "website": null,
        "operator": null,
        "address": null,
        "near_town": "n460416755",
        "near_town_name": "ニセコ町",
        "osm_id": "w465152769"
      }
    },
    {
      "type": "Feature",
      "geometry": {
        "type": "Point",
        "coordinates": [
          140.7156092,
          42.8437536
        ]
      },
      "properties": {
        "id": "l00109",
        "name": "176 Omono",
        "name_en": null,
        "kind": "chalet",
        "stars": null,
        "rooms": null,
        "phone": null,
        "website": null,
        "operator": null,
        "address": null,
        "near_town": "n460416755",
        "near_town_name": "ニセコ町",
        "osm_id": "w465152770"
      }
    },
    {
      "type": "Feature",
      "geometry": {
        "type": "Point",
        "coordinates": [
          140.7157783,
          42.8435466
        ]
      },
      "properties": {
        "id": "l00110",
        "name": "226 Nagatoro",
        "name_en": null,
        "kind": "chalet",
        "stars": null,
        "rooms": null,
        "phone": null,
        "website": null,
        "operator": null,
        "address": null,
        "near_town": "n460416755",
        "near_town_name": "ニセコ町",
        "osm_id": "w465152771"
      }
    },
    {
      "type": "Feature",
      "geometry": {
        "type": "Point",
        "coordinates": [
          140.7157406,
          42.8433405
        ]
      },
      "properties": {
        "id": "l00111",
        "name": "178 Yoneshiro",
        "name_en": null,
        "kind": "chalet",
        "stars": null,
        "rooms": null,
        "phone": null,
        "website": null,
        "operator": null,
        "address": null,
        "near_town": "n460416755",
        "near_town_name": "ニセコ町",
        "osm_id": "w465152772"
      }
    },
    {
      "type": "Feature",
      "geometry": {
        "type": "Point",
        "coordinates": [
          140.7155087,
          42.842853
        ]
      },
      "properties": {
        "id": "l00112",
        "name": "173 Ishikari",
        "name_en": null,
        "kind": "chalet",
        "stars": null,
        "rooms": null,
        "phone": null,
        "website": null,
        "operator": null,
        "address": null,
        "near_town": "n460416755",
        "near_town_name": "ニセコ町",
        "osm_id": "w465152773"
      }
    },
    {
      "type": "Feature",
      "geometry": {
        "type": "Point",
        "coordinates": [
          140.7158991,
          42.8418509
        ]
      },
      "properties": {
        "id": "l00113",
        "name": "192 Kuttara",
        "name_en": null,
        "kind": "chalet",
        "stars": null,
        "rooms": null,
        "phone": null,
        "website": null,
        "operator": null,
        "address": null,
        "near_town": "n460416755",
        "near_town_name": "ニセコ町",
        "osm_id": "w465154405"
      }
    },
    {
      "type": "Feature",
      "geometry": {
        "type": "Point",
        "coordinates": [
          140.7159502,
          42.8419921
        ]
      },
      "properties": {
        "id": "l00114",
        "name": "191 Daisetsuzan",
        "name_en": null,
        "kind": "chalet",
        "stars": null,
        "rooms": null,
        "phone": null,
        "website": null,
        "operator": null,
        "address": null,
        "near_town": "n460416755",
        "near_town_name": "ニセコ町",
        "osm_id": "w465154406"
      }
    },
    {
      "type": "Feature",
      "geometry": {
        "type": "Point",
        "coordinates": [
          140.7160751,
          42.8422295
        ]
      },
      "properties": {
        "id": "l00115",
        "name": "190 Konokawa",
        "name_en": null,
        "kind": "chalet",
        "stars": null,
        "rooms": null,
        "phone": null,
        "website": null,
        "operator": null,
        "address": null,
        "near_town": "n460416755",
        "near_town_name": "ニセコ町",
        "osm_id": "w465154407"
      }
    },
    {
      "type": "Feature",
      "geometry": {
        "type": "Point",
        "coordinates": [
          140.7162414,
          42.8425187
        ]
      },
      "properties": {
        "id": "l00116",
        "name": "247 Erimo",
        "name_en": null,
        "kind": "chalet",
        "stars": null,
        "rooms": null,
        "phone": null,
        "website": null,
        "operator": null,
        "address": null,
        "near_town": "n460416755",
        "near_town_name": "ニセコ町",
        "osm_id": "w465154408"
      }
    },
    {
      "type": "Feature",
      "geometry": {
        "type": "Point",
        "coordinates": [
          140.7146833,
          42.8440866
        ]
      },
      "properties": {
        "id": "l00117",
        "name": "157 Tazawa",
        "name_en": null,
        "kind": "chalet",
        "stars": null,
        "rooms": null,
        "phone": null,
        "website": null,
        "operator": null,
        "address": null,
        "near_town": "n460416755",
        "near_town_name": "ニセコ町",
        "osm_id": "w465155713"
      }
    },
    {
      "type": "Feature",
      "geometry": {
        "type": "Point",
        "coordinates": [
          140.715322,
          42.8440633
        ]
      },
      "properties": {
        "id": "l00118",
        "name": "155 Akkeshi",
        "name_en": null,
        "kind": "chalet",
        "stars": null,
        "rooms": null,
        "phone": null,
        "website": null,
        "operator": null,
        "address": null,
        "near_town": "n460416755",
        "near_town_name": "ニセコ町",
        "osm_id": "w465155714"
      }
    },
    {
      "type": "Feature",
      "geometry": {
        "type": "Point",
        "coordinates": [
          140.7159015,
          42.8440117
        ]
      },
      "properties": {
        "id": "l00119",
        "name": "153 Rishiri",
        "name_en": null,
        "kind": "chalet",
        "stars": null,
        "rooms": null,
        "phone": null,
        "website": null,
        "operator": null,
        "address": null,
        "near_town": "n460416755",
        "near_town_name": "ニセコ町",
        "osm_id": "w465155715"
      }
    },
    {
      "type": "Feature",
      "geometry": {
        "type": "Point",
        "coordinates": [
          140.7157258,
          42.8442706
        ]
      },
      "properties": {
        "id": "l00120",
        "name": "243 NOSAPPU",
        "name_en": null,
        "kind": "chalet",
        "stars": null,
        "rooms": null,
        "phone": null,
        "website": null,
        "operator": null,
        "address": null,
        "near_town": "n460416755",
        "near_town_name": "ニセコ町",
        "osm_id": "w465155716"
      }
    },
    {
      "type": "Feature",
      "geometry": {
        "type": "Point",
        "coordinates": [
          140.7175785,
          42.8440023
        ]
      },
      "properties": {
        "id": "l00121",
        "name": "102 Rausudake",
        "name_en": null,
        "kind": "chalet",
        "stars": null,
        "rooms": null,
        "phone": null,
        "website": null,
        "operator": null,
        "address": null,
        "near_town": "n460416755",
        "near_town_name": "ニセコ町",
        "osm_id": "w465155718"
      }
    },
    {
      "type": "Feature",
      "geometry": {
        "type": "Point",
        "coordinates": [
          140.7055217,
          42.8368184
        ]
      },
      "properties": {
        "id": "l00122",
        "name": "Trees 11",
        "name_en": null,
        "kind": "chalet",
        "stars": null,
        "rooms": null,
        "phone": null,
        "website": null,
        "operator": null,
        "address": null,
        "near_town": "n460416755",
        "near_town_name": "ニセコ町",
        "osm_id": "w558390425"
      }
    },
    {
      "type": "Feature",
      "geometry": {
        "type": "Point",
        "coordinates": [
          140.7056057,
          42.8371078
        ]
      },
      "properties": {
        "id": "l00123",
        "name": "Trees 10",
        "name_en": null,
        "kind": "chalet",
        "stars": null,
        "rooms": null,
        "phone": null,
        "website": null,
        "operator": null,
        "address": null,
        "near_town": "n460416755",
        "near_town_name": "ニセコ町",
        "osm_id": "w558390903"
      }
    },
    {
      "type": "Feature",
      "geometry": {
        "type": "Point",
        "coordinates": [
          140.6847529,
          42.8465144
        ]
      },
      "properties": {
        "id": "l00124",
        "name": "Hilton Niseko Village",
        "name_en": "Hilton Niseko Village",
        "kind": "hotel",
        "stars": "4",
        "rooms": "506",
        "phone": "+81136441111",
        "website": "https://www.hilton.com/en/hotels/ctsnvhi-hilton-niseko-village/",
        "operator": "Hilton",
        "address": "Niseko Niseko Higashiyama Onsen",
        "near_town": "n460416755",
        "near_town_name": "ニセコ町",
        "osm_id": "w616199591",
        "name_ko": "히르톤 니세코 빌리지"
      }
    },
    {
      "type": "Feature",
      "geometry": {
        "type": "Point",
        "coordinates": [
          140.6742346,
          42.839279
        ]
      },
      "properties": {
        "id": "l00125",
        "name": "Niseko East Mountain Chalets",
        "name_en": null,
        "kind": "chalet",
        "stars": null,
        "rooms": null,
        "phone": null,
        "website": null,
        "operator": null,
        "address": null,
        "near_town": "n460416755",
        "near_town_name": "ニセコ町",
        "osm_id": "w662613352"
      }
    },
    {
      "type": "Feature",
      "geometry": {
        "type": "Point",
        "coordinates": [
          140.6741193,
          42.8392496
        ]
      },
      "properties": {
        "id": "l00126",
        "name": "Niseko East Mountain Chalets",
        "name_en": null,
        "kind": "chalet",
        "stars": null,
        "rooms": null,
        "phone": null,
        "website": null,
        "operator": null,
        "address": null,
        "near_town": "n460416755",
        "near_town_name": "ニセコ町",
        "osm_id": "w662613354"
      }
    },
    {
      "type": "Feature",
      "geometry": {
        "type": "Point",
        "coordinates": [
          140.6770507,
          42.8457325
        ]
      },
      "properties": {
        "id": "l00127",
        "name": "Kasara Townhouses",
        "name_en": null,
        "kind": "apartment",
        "stars": null,
        "rooms": null,
        "phone": null,
        "website": null,
        "operator": null,
        "address": null,
        "near_town": "n460416755",
        "near_town_name": "ニセコ町",
        "osm_id": "w662795457"
      }
    },
    {
      "type": "Feature",
      "geometry": {
        "type": "Point",
        "coordinates": [
          140.6768416,
          42.8459705
        ]
      },
      "properties": {
        "id": "l00128",
        "name": "Kasara Townhouses",
        "name_en": null,
        "kind": "apartment",
        "stars": null,
        "rooms": null,
        "phone": null,
        "website": null,
        "operator": null,
        "address": null,
        "near_town": "n460416755",
        "near_town_name": "ニセコ町",
        "osm_id": "w662795458"
      }
    },
    {
      "type": "Feature",
      "geometry": {
        "type": "Point",
        "coordinates": [
          140.715482,
          42.8423163
        ]
      },
      "properties": {
        "id": "l00129",
        "name": "249",
        "name_en": null,
        "kind": "chalet",
        "stars": null,
        "rooms": null,
        "phone": null,
        "website": null,
        "operator": null,
        "address": null,
        "near_town": "n460416755",
        "near_town_name": "ニセコ町",
        "osm_id": "w666390712"
      }
    },
    {
      "type": "Feature",
      "geometry": {
        "type": "Point",
        "coordinates": [
          140.7068539,
          42.8373335
        ]
      },
      "properties": {
        "id": "l00130",
        "name": "Miru Niseko",
        "name_en": null,
        "kind": "hotel",
        "stars": null,
        "rooms": null,
        "phone": "+81 (0) 136-55-6688",
        "website": null,
        "operator": null,
        "address": null,
        "near_town": "n460416755",
        "near_town_name": "ニセコ町",
        "osm_id": "w761162611"
      }
    },
    {
      "type": "Feature",
      "geometry": {
        "type": "Point",
        "coordinates": [
          140.6756747,
          42.8445251
        ]
      },
      "properties": {
        "id": "l00131",
        "name": "Hinode Hills Niseko Village",
        "name_en": null,
        "kind": "hotel",
        "stars": "4",
        "rooms": "87",
        "phone": "+81 136-43-2078",
        "website": "https://www.hilton.com/en/hotels/ctshnqq-hinode-hills-niseko-village/",
        "operator": null,
        "address": "北海道 ニセコ町",
        "near_town": "n460416755",
        "near_town_name": "ニセコ町",
        "osm_id": "w1106776580"
      }
    },
    {
      "type": "Feature",
      "geometry": {
        "type": "Point",
        "coordinates": [
          140.6828443,
          42.843582
        ]
      },
      "properties": {
        "id": "l00132",
        "name": "Higashiyama Niseko Village, a Ritz-Carlton Reserve",
        "name_en": "Higashiyama Niseko Village, a Ritz-Carlton Reserve",
        "kind": "hotel",
        "stars": null,
        "rooms": null,
        "phone": null,
        "website": null,
        "operator": null,
        "address": null,
        "near_town": "n460416755",
        "near_town_name": "ニセコ町",
        "osm_id": "w1106776584",
        "name_ko": "히가시야마 니세코 빌리지, 아 리tz-c아r르톤 레세r베"
      }
    },
    {
      "type": "Feature",
      "geometry": {
        "type": "Point",
        "coordinates": [
          140.484126,
          40.5980627
        ]
      },
      "properties": {
        "id": "l00133",
        "name": "ホテルニューシティ弘前",
        "name_en": null,
        "kind": "hotel",
        "stars": null,
        "rooms": null,
        "phone": null,
        "website": null,
        "operator": null,
        "address": null,
        "near_town": "n734876473",
        "near_town_name": "弘前市",
        "osm_id": "n1512752136"
      }
    },
    {
      "type": "Feature",
      "geometry": {
        "type": "Point",
        "coordinates": [
          140.4842069,
          40.5996329
        ]
      },
      "properties": {
        "id": "l00134",
        "name": "東横イン",
        "name_en": "Toyoko Inn",
        "kind": "hotel",
        "stars": null,
        "rooms": null,
        "phone": null,
        "website": null,
        "operator": null,
        "address": null,
        "near_town": "n734876473",
        "near_town_name": "弘前市",
        "osm_id": "n1512752165",
        "name_ko": "도요코 인"
      }
    },
    {
      "type": "Feature",
      "geometry": {
        "type": "Point",
        "coordinates": [
          140.4686541,
          40.6005396
        ]
      },
      "properties": {
        "id": "l00135",
        "name": "ドーミーイン弘前",
        "name_en": "Hotel Dormy Inn",
        "kind": "hotel",
        "stars": null,
        "rooms": null,
        "phone": null,
        "website": null,
        "operator": "共立メンテナンス",
        "address": null,
        "near_town": "n734876473",
        "near_town_name": "弘前市",
        "osm_id": "n1513929758",
        "name_ko": "호텔 도미 인"
      }
    },
    {
      "type": "Feature",
      "geometry": {
        "type": "Point",
        "coordinates": [
          140.4760871,
          40.5975115
        ]
      },
      "properties": {
        "id": "l00136",
        "name": "スーパーホテル弘前",
        "name_en": null,
        "kind": "hotel",
        "stars": null,
        "rooms": null,
        "phone": null,
        "website": null,
        "operator": null,
        "address": null,
        "near_town": "n734876473",
        "near_town_name": "弘前市",
        "osm_id": "n3014252033"
      }
    },
    {
      "type": "Feature",
      "geometry": {
        "type": "Point",
        "coordinates": [
          140.469895,
          40.603514
        ]
      },
      "properties": {
        "id": "l00137",
        "name": "弘前グランドホテル",
        "name_en": null,
        "kind": "hotel",
        "stars": null,
        "rooms": null,
        "phone": null,
        "website": null,
        "operator": null,
        "address": null,
        "near_town": "n734876473",
        "near_town_name": "弘前市",
        "osm_id": "n3696150287"
      }
    },
    {
      "type": "Feature",
      "geometry": {
        "type": "Point",
        "coordinates": [
          140.4733105,
          40.6005776
        ]
      },
      "properties": {
        "id": "l00138",
        "name": "スマイルホテル",
        "name_en": "Smile Hotel",
        "kind": "hotel",
        "stars": null,
        "rooms": null,
        "phone": "+81 172-37-5550",
        "website": null,
        "operator": null,
        "address": null,
        "near_town": "n734876473",
        "near_town_name": "弘前市",
        "osm_id": "n4239712126",
        "name_ko": "스마일 호텔"
      }
    },
    {
      "type": "Feature",
      "geometry": {
        "type": "Point",
        "coordinates": [
          140.476586,
          40.5968921
        ]
      },
      "properties": {
        "id": "l00139",
        "name": "弘前東栄ホテル",
        "name_en": null,
        "kind": "hotel",
        "stars": null,
        "rooms": null,
        "phone": null,
        "website": null,
        "operator": null,
        "address": null,
        "near_town": "n734876473",
        "near_town_name": "弘前市",
        "osm_id": "n4239735318"
      }
    },
    {
      "type": "Feature",
      "geometry": {
        "type": "Point",
        "coordinates": [
          140.4801139,
          40.6038166
        ]
      },
      "properties": {
        "id": "l00140",
        "name": "弘前プラザホテル",
        "name_en": null,
        "kind": "hotel",
        "stars": null,
        "rooms": null,
        "phone": null,
        "website": null,
        "operator": null,
        "address": null,
        "near_town": "n734876473",
        "near_town_name": "弘前市",
        "osm_id": "n4239735994"
      }
    },
    {
      "type": "Feature",
      "geometry": {
        "type": "Point",
        "coordinates": [
          140.4755868,
          40.5987965
        ]
      },
      "properties": {
        "id": "l00141",
        "name": "弘前パークホテル",
        "name_en": null,
        "kind": "hotel",
        "stars": null,
        "rooms": null,
        "phone": null,
        "website": null,
        "operator": null,
        "address": null,
        "near_town": "n734876473",
        "near_town_name": "弘前市",
        "osm_id": "n4239736804"
      }
    },
    {
      "type": "Feature",
      "geometry": {
        "type": "Point",
        "coordinates": [
          140.5045142,
          40.5934632
        ]
      },
      "properties": {
        "id": "l00142",
        "name": "合宿所",
        "name_en": null,
        "kind": "guest_house",
        "stars": null,
        "rooms": null,
        "phone": null,
        "website": null,
        "operator": null,
        "address": null,
        "near_town": "n734876473",
        "near_town_name": "弘前市",
        "osm_id": "n4430759562"
      }
    },
    {
      "type": "Feature",
      "geometry": {
        "type": "Point",
        "coordinates": [
          140.4824342,
          40.5986111
        ]
      },
      "properties": {
        "id": "l00143",
        "name": "弘前ホテル",
        "name_en": null,
        "kind": "hotel",
        "stars": null,
        "rooms": null,
        "phone": null,
        "website": null,
        "operator": null,
        "address": null,
        "near_town": "n734876473",
        "near_town_name": "弘前市",
        "osm_id": "n7643004812"
      }
    },
    {
      "type": "Feature",
      "geometry": {
        "type": "Point",
        "coordinates": [
          140.4836757,
          40.5987413
        ]
      },
      "properties": {
        "id": "l00144",
        "name": "ルートイン弘前",
        "name_en": null,
        "kind": "hotel",
        "stars": null,
        "rooms": null,
        "phone": null,
        "website": null,
        "operator": null,
        "address": null,
        "near_town": "n734876473",
        "near_town_name": "弘前市",
        "osm_id": "w274159794"
      }
    },
    {
      "type": "Feature",
      "geometry": {
        "type": "Point",
        "coordinates": [
          140.4830818,
          40.6016125
        ]
      },
      "properties": {
        "id": "l00145",
        "name": "弘前プリンスホテル",
        "name_en": "Hirosaki Prince Hotel",
        "kind": "hotel",
        "stars": null,
        "rooms": null,
        "phone": "33-5000",
        "website": null,
        "operator": null,
        "address": null,
        "near_town": "n734876473",
        "near_town_name": "弘前市",
        "osm_id": "w274159829",
        "name_ko": "히로사키 프린스 호텔"
      }
    },
    {
      "type": "Feature",
      "geometry": {
        "type": "Point",
        "coordinates": [
          140.4826842,
          40.5983301
        ]
      },
      "properties": {
        "id": "l00146",
        "name": "ブロッサムホテル弘前",
        "name_en": null,
        "kind": "hotel",
        "stars": null,
        "rooms": null,
        "phone": null,
        "website": null,
        "operator": null,
        "address": null,
        "near_town": "n734876473",
        "near_town_name": "弘前市",
        "osm_id": "w274159830"
      }
    },
    {
      "type": "Feature",
      "geometry": {
        "type": "Point",
        "coordinates": [
          140.4714596,
          40.60489
        ]
      },
      "properties": {
        "id": "l00147",
        "name": "ホテルニューキャッスル",
        "name_en": null,
        "kind": "hotel",
        "stars": null,
        "rooms": null,
        "phone": null,
        "website": null,
        "operator": null,
        "address": null,
        "near_town": "n734876473",
        "near_town_name": "弘前市",
        "osm_id": "w375168310"
      }
    },
    {
      "type": "Feature",
      "geometry": {
        "type": "Point",
        "coordinates": [
          140.4826153,
          40.600633
        ]
      },
      "properties": {
        "id": "l00148",
        "name": "津軽の宿弘前屋",
        "name_en": null,
        "kind": "hotel",
        "stars": null,
        "rooms": null,
        "phone": null,
        "website": null,
        "operator": null,
        "address": null,
        "near_town": "n734876473",
        "near_town_name": "弘前市",
        "osm_id": "w384613454"
      }
    },
    {
      "type": "Feature",
      "geometry": {
        "type": "Point",
        "coordinates": [
          140.4505235,
          40.608738
        ]
      },
      "properties": {
        "id": "l00149",
        "name": "ホテルドラゴンリゾート",
        "name_en": null,
        "kind": "hotel",
        "stars": null,
        "rooms": null,
        "phone": null,
        "website": null,
        "operator": null,
        "address": null,
        "near_town": "n734876473",
        "near_town_name": "弘前市",
        "osm_id": "w654094806"
      }
    },
    {
      "type": "Feature",
      "geometry": {
        "type": "Point",
        "coordinates": [
          140.4989188,
          40.6032267
        ]
      },
      "properties": {
        "id": "l00150",
        "name": "ホテルルートイン弘前城東",
        "name_en": null,
        "kind": "hotel",
        "stars": null,
        "rooms": null,
        "phone": null,
        "website": null,
        "operator": null,
        "address": null,
        "near_town": "n734876473",
        "near_town_name": "弘前市",
        "osm_id": "w693708406"
      }
    },
    {
      "type": "Feature",
      "geometry": {
        "type": "Point",
        "coordinates": [
          140.4595391,
          40.8065592
        ]
      },
      "properties": {
        "id": "l00151",
        "name": "ごしょがわら温泉ホテル",
        "name_en": null,
        "kind": "hotel",
        "stars": null,
        "rooms": null,
        "phone": null,
        "website": null,
        "operator": null,
        "address": null,
        "near_town": "n734876468",
        "near_town_name": "五所川原市",
        "osm_id": "n12014527626"
      }
    },
    {
      "type": "Feature",
      "geometry": {
        "type": "Point",
        "coordinates": [
          140.4448339,
          40.8086342
        ]
      },
      "properties": {
        "id": "l00152",
        "name": "ホテルサンルート五所川原",
        "name_en": null,
        "kind": "hotel",
        "stars": null,
        "rooms": null,
        "phone": "0173-34-8811",
        "website": "https://sunroute-goshogawara.com/",
        "operator": null,
        "address": "青森県 五所川原市",
        "near_town": "n734876468",
        "near_town_name": "五所川原市",
        "osm_id": "w340767192"
      }
    },
    {
      "type": "Feature",
      "geometry": {
        "type": "Point",
        "coordinates": [
          140.4549162,
          40.7970942
        ]
      },
      "properties": {
        "id": "l00153",
        "name": "パークイン五所川原",
        "name_en": null,
        "kind": "hotel",
        "stars": null,
        "rooms": null,
        "phone": null,
        "website": null,
        "operator": null,
        "address": null,
        "near_town": "n734876468",
        "near_town_name": "五所川原市",
        "osm_id": "w755395544"
      }
    },
    {
      "type": "Feature",
      "geometry": {
        "type": "Point",
        "coordinates": [
          140.4463415,
          40.8125434
        ]
      },
      "properties": {
        "id": "l00154",
        "name": "旅館たなべ",
        "name_en": null,
        "kind": "hotel",
        "stars": null,
        "rooms": null,
        "phone": null,
        "website": null,
        "operator": null,
        "address": "青森県 五所川原市",
        "near_town": "n734876468",
        "near_town_name": "五所川原市",
        "osm_id": "w875390495"
      }
    },
    {
      "type": "Feature",
      "geometry": {
        "type": "Point",
        "coordinates": [
          140.4472391,
          40.8108408
        ]
      },
      "properties": {
        "id": "l00155",
        "name": "芝楽旅館",
        "name_en": null,
        "kind": "hotel",
        "stars": null,
        "rooms": null,
        "phone": null,
        "website": null,
        "operator": null,
        "address": null,
        "near_town": "n734876468",
        "near_town_name": "五所川原市",
        "osm_id": "w1041349458"
      }
    },
    {
      "type": "Feature",
      "geometry": {
        "type": "Point",
        "coordinates": [
          140.735782,
          40.8285455
        ]
      },
      "properties": {
        "id": "l00156",
        "name": "ルートイン青森",
        "name_en": null,
        "kind": "hotel",
        "stars": null,
        "rooms": null,
        "phone": null,
        "website": null,
        "operator": null,
        "address": null,
        "near_town": "n734876517",
        "near_town_name": "青森市",
        "osm_id": "n1506150146"
      }
    },
    {
      "type": "Feature",
      "geometry": {
        "type": "Point",
        "coordinates": [
          140.7360289,
          40.8287634
        ]
      },
      "properties": {
        "id": "l00157",
        "name": "東横イン 青森駅前",
        "name_en": "Toyoko Inn",
        "kind": "hotel",
        "stars": null,
        "rooms": null,
        "phone": null,
        "website": null,
        "operator": null,
        "address": null,
        "near_town": "n734876517",
        "near_town_name": "青森市",
        "osm_id": "n2509344111",
        "name_ko": "도요코 인"
      }
    },
    {
      "type": "Feature",
      "geometry": {
        "type": "Point",
        "coordinates": [
          140.7528302,
          40.8258021
        ]
      },
      "properties": {
        "id": "l00158",
        "name": "ホテルクラウンパレス",
        "name_en": null,
        "kind": "hotel",
        "stars": null,
        "rooms": null,
        "phone": null,
        "website": null,
        "operator": null,
        "address": null,
        "near_town": "n734876517",
        "near_town_name": "青森市",
        "osm_id": "n3012229834"
      }
    },
    {
      "type": "Feature",
      "geometry": {
        "type": "Point",
        "coordinates": [
          140.750942,
          40.825257
        ]
      },
      "properties": {
        "id": "l00159",
        "name": "アルファホテル青森",
        "name_en": null,
        "kind": "hotel",
        "stars": null,
        "rooms": null,
        "phone": null,
        "website": null,
        "operator": null,
        "address": null,
        "near_town": "n734876517",
        "near_town_name": "青森市",
        "osm_id": "n3012246233"
      }
    },
    {
      "type": "Feature",
      "geometry": {
        "type": "Point",
        "coordinates": [
          140.7367111,
          40.8238547
        ]
      },
      "properties": {
        "id": "l00160",
        "name": "ホテルセレクトイン青森",
        "name_en": "Hotel Select Inn Aomori",
        "kind": "hotel",
        "stars": null,
        "rooms": null,
        "phone": null,
        "website": null,
        "operator": null,
        "address": null,
        "near_town": "n734876517",
        "near_town_name": "青森市",
        "osm_id": "n3093340808",
        "name_ko": "호텔 세레ct 인 아오모리"
      }
    },
    {
      "type": "Feature",
      "geometry": {
        "type": "Point",
        "coordinates": [
          140.74638,
          40.826716
        ]
      },
      "properties": {
        "id": "l00161",
        "name": "青森グリーンパークホテルアネックス",
        "name_en": "Aomori greenpark hotel annex",
        "kind": "hotel",
        "stars": null,
        "rooms": null,
        "phone": null,
        "website": null,
        "operator": null,
        "address": null,
        "near_town": "n734876517",
        "near_town_name": "青森市",
        "osm_id": "n3093340819",
        "name_ko": "아오모리 g레엔파rk 호텔 별관"
      }
    },
    {
      "type": "Feature",
      "geometry": {
        "type": "Point",
        "coordinates": [
          140.732003,
          40.8280621
        ]
      },
      "properties": {
        "id": "l00162",
        "name": "はれやま旅館",
        "name_en": "Hareyama Ryokan",
        "kind": "hotel",
        "stars": null,
        "rooms": null,
        "phone": "+81 17 781 8066",
        "website": null,
        "operator": null,
        "address": null,
        "near_town": "n734876517",
        "near_town_name": "青森市",
        "osm_id": "n6154938790",
        "name_ko": "하레야마 료칸"
      }
    },
    {
      "type": "Feature",
      "geometry": {
        "type": "Point",
        "coordinates": [
          140.7448202,
          40.823354
        ]
      },
      "properties": {
        "id": "l00163",
        "name": "リッチモンドホテル青森",
        "name_en": "Richmond Hotel Aomori",
        "kind": "hotel",
        "stars": null,
        "rooms": null,
        "phone": null,
        "website": null,
        "operator": null,
        "address": null,
        "near_town": "n734876517",
        "near_town_name": "青森市",
        "osm_id": "n6357726945",
        "name_ko": "리치먼드 호텔 아오모리"
      }
    },
    {
      "type": "Feature",
      "geometry": {
        "type": "Point",
        "coordinates": [
          140.7363109,
          40.8286032
        ]
      },
      "properties": {
        "id": "l00164",
        "name": "いろは旅館",
        "name_en": null,
        "kind": "hotel",
        "stars": null,
        "rooms": null,
        "phone": null,
        "website": null,
        "operator": null,
        "address": null,
        "near_town": "n734876517",
        "near_town_name": "青森市",
        "osm_id": "n7012821424"
      }
    },
    {
      "type": "Feature",
      "geometry": {
        "type": "Point",
        "coordinates": [
          140.7380572,
          40.8279822
        ]
      },
      "properties": {
        "id": "l00165",
        "name": "チトセ",
        "name_en": null,
        "kind": "hotel",
        "stars": null,
        "rooms": null,
        "phone": null,
        "website": null,
        "operator": null,
        "address": null,
        "near_town": "n734876517",
        "near_town_name": "青森市",
        "osm_id": "n7012821427"
      }
    },
    {
      "type": "Feature",
      "geometry": {
        "type": "Point",
        "coordinates": [
          140.7423965,
          40.8258647
        ]
      },
      "properties": {
        "id": "l00166",
        "name": "Art hotel colors",
        "name_en": null,
        "kind": "hotel",
        "stars": null,
        "rooms": null,
        "phone": null,
        "website": null,
        "operator": null,
        "address": null,
        "near_town": "n734876517",
        "near_town_name": "青森市",
        "osm_id": "n7012933719"
      }
    },
    {
      "type": "Feature",
      "geometry": {
        "type": "Point",
        "coordinates": [
          140.754343,
          40.82719
        ]
      },
      "properties": {
        "id": "l00167",
        "name": "民宿 もがみ",
        "name_en": "Minshuku Mogami",
        "kind": "guest_house",
        "stars": null,
        "rooms": null,
        "phone": "+81 17 734 4423",
        "website": "https://www.m-mogami.com/",
        "operator": null,
        "address": null,
        "near_town": "n734876517",
        "near_town_name": "青森市",
        "osm_id": "n7226630023",
        "name_ko": "민슈쿠 모가미"
      }
    },
    {
      "type": "Feature",
      "geometry": {
        "type": "Point",
        "coordinates": [
          140.7581631,
          40.8270586
        ]
      },
      "properties": {
        "id": "l00168",
        "name": "民泊 工藤",
        "name_en": null,
        "kind": "guest_house",
        "stars": null,
        "rooms": null,
        "phone": null,
        "website": null,
        "operator": null,
        "address": null,
        "near_town": "n734876517",
        "near_town_name": "青森市",
        "osm_id": "n7226638787"
      }
    },
    {
      "type": "Feature",
      "geometry": {
        "type": "Point",
        "coordinates": [
          140.7500546,
          40.8237152
        ]
      },
      "properties": {
        "id": "l00169",
        "name": "いわき旅館",
        "name_en": "Iwaki Ryokan",
        "kind": "hotel",
        "stars": null,
        "rooms": null,
        "phone": "+81 17 776 4877",
        "website": null,
        "operator": null,
        "address": null,
        "near_town": "n734876517",
        "near_town_name": "青森市",
        "osm_id": "n7226642721",
        "name_ko": "이와키 료칸"
      }
    },
    {
      "type": "Feature",
      "geometry": {
        "type": "Point",
        "coordinates": [
          140.7498559,
          40.8236695
        ]
      },
      "properties": {
        "id": "l00170",
        "name": "青森グリーンパークホテル",
        "name_en": "Aomori Green Park Hotel",
        "kind": "hotel",
        "stars": null,
        "rooms": null,
        "phone": "+81 17 723 5500",
        "website": "http://greenpark-hotels.com",
        "operator": null,
        "address": null,
        "near_town": "n734876517",
        "near_town_name": "青森市",
        "osm_id": "n7226651491",
        "name_ko": "아오모리 그린 파크 호텔"
      }
    },
    {
      "type": "Feature",
      "geometry": {
        "type": "Point",
        "coordinates": [
          140.7468785,
          40.8258813
        ]
      },
      "properties": {
        "id": "l00171",
        "name": "青森グリーンパークホテル アネックス",
        "name_en": "Aomori Green Park Hotel Annex",
        "kind": "hotel",
        "stars": null,
        "rooms": null,
        "phone": "+81 17 723 3200",
        "website": "http://greenpark-hotels.com",
        "operator": null,
        "address": null,
        "near_town": "n734876517",
        "near_town_name": "青森市",
        "osm_id": "n7226659815",
        "name_ko": "아오모리 그린 파크 호텔 별관"
      }
    },
    {
      "type": "Feature",
      "geometry": {
        "type": "Point",
        "coordinates": [
          140.7407008,
          40.82734
        ]
      },
      "properties": {
        "id": "l00172",
        "name": "ホテル赤い風船",
        "name_en": null,
        "kind": "hotel",
        "stars": null,
        "rooms": null,
        "phone": null,
        "website": null,
        "operator": null,
        "address": null,
        "near_town": "n734876517",
        "near_town_name": "青森市",
        "osm_id": "n7226660435"
      }
    },
    {
      "type": "Feature",
      "geometry": {
        "type": "Point",
        "coordinates": [
          140.739386,
          40.8269117
        ]
      },
      "properties": {
        "id": "l00173",
        "name": "ダイワロイネットホテル青森",
        "name_en": "Daiwa Roynet Hotel Aomori",
        "kind": "hotel",
        "stars": null,
        "rooms": null,
        "phone": "+81 17 732 7380",
        "website": "https://daiwaroynet.jp/",
        "operator": null,
        "address": null,
        "near_town": "n734876517",
        "near_town_name": "青森市",
        "osm_id": "n7226667908",
        "name_ko": "다이와 로이넷 호텔 아오모리"
      }
    },
    {
      "type": "Feature",
      "geometry": {
        "type": "Point",
        "coordinates": [
          140.7379306,
          40.829128
        ]
      },
      "properties": {
        "id": "l00174",
        "name": "ホテルふじた",
        "name_en": "Hotel Fujita",
        "kind": "hotel",
        "stars": null,
        "rooms": null,
        "phone": "+81 17 723 1562",
        "website": null,
        "operator": null,
        "address": null,
        "near_town": "n734876517",
        "near_town_name": "青森市",
        "osm_id": "n7226667919",
        "name_ko": "호텔 후지타"
      }
    },
    {
      "type": "Feature",
      "geometry": {
        "type": "Point",
        "coordinates": [
          140.7381664,
          40.828207
        ]
      },
      "properties": {
        "id": "l00175",
        "name": "ウィークリー翔 ホテルチトセ",
        "name_en": "Hotel Chitose",
        "kind": "hotel",
        "stars": null,
        "rooms": null,
        "phone": "+81 17 723 1000",
        "website": "https://www.weekly-sho.jp/",
        "operator": null,
        "address": null,
        "near_town": "n734876517",
        "near_town_name": "青森市",
        "osm_id": "n7226673988",
        "name_ko": "호텔 치토세"
      }
    },
    {
      "type": "Feature",
      "geometry": {
        "type": "Point",
        "coordinates": [
          140.7358884,
          40.8250462
        ]
      },
      "properties": {
        "id": "l00176",
        "name": "青森センターホテル",
        "name_en": "Aomori Center Hotel",
        "kind": "hotel",
        "stars": null,
        "rooms": null,
        "phone": "+81 17 762 7500",
        "website": "https://aomori.atinnhotels.com/",
        "operator": null,
        "address": null,
        "near_town": "n734876517",
        "near_town_name": "青森市",
        "osm_id": "n7226679292",
        "name_ko": "아오모리 센터 호텔"
      }
    },
    {
      "type": "Feature",
      "geometry": {
        "type": "Point",
        "coordinates": [
          140.7345099,
          40.8254562
        ]
      },
      "properties": {
        "id": "l00177",
        "name": "巴旅館",
        "name_en": "Tomoe Ryokan",
        "kind": "hotel",
        "stars": null,
        "rooms": null,
        "phone": "+81 17 722 7770",
        "website": null,
        "operator": null,
        "address": null,
        "near_town": "n734876517",
        "near_town_name": "青森市",
        "osm_id": "n7226683188",
        "name_ko": "토모에 료칸"
      }
    },
    {
      "type": "Feature",
      "geometry": {
        "type": "Point",
        "coordinates": [
          140.7278381,
          40.8165848
        ]
      },
      "properties": {
        "id": "l00178",
        "name": "賀津恵旅館",
        "name_en": null,
        "kind": "hotel",
        "stars": null,
        "rooms": null,
        "phone": "+81 17 781 1761",
        "website": null,
        "operator": null,
        "address": null,
        "near_town": "n734876517",
        "near_town_name": "青森市",
        "osm_id": "n7241640420"
      }
    },
    {
      "type": "Feature",
      "geometry": {
        "type": "Point",
        "coordinates": [
          140.7623701,
          40.7861501
        ]
      },
      "properties": {
        "id": "l00179",
        "name": "ホテルサマンサ",
        "name_en": "Hotel Samantha",
        "kind": "hotel",
        "stars": null,
        "rooms": null,
        "phone": "+81 17 738 4730",
        "website": null,
        "operator": null,
        "address": null,
        "near_town": "n734876517",
        "near_town_name": "青森市",
        "osm_id": "n7241662801",
        "name_ko": "호텔 사만t하"
      }
    },
    {
      "type": "Feature",
      "geometry": {
        "type": "Point",
        "coordinates": [
          140.7604306,
          40.7872576
        ]
      },
      "properties": {
        "id": "l00180",
        "name": "幸旅館",
        "name_en": null,
        "kind": "hotel",
        "stars": null,
        "rooms": null,
        "phone": null,
        "website": null,
        "operator": null,
        "address": null,
        "near_town": "n734876517",
        "near_town_name": "青森市",
        "osm_id": "n7241662802"
      }
    },
    {
      "type": "Feature",
      "geometry": {
        "type": "Point",
        "coordinates": [
          140.7368219,
          40.8170394
        ]
      },
      "properties": {
        "id": "l00181",
        "name": "港荘旅館",
        "name_en": null,
        "kind": "hotel",
        "stars": null,
        "rooms": null,
        "phone": "+8 17 777 3760",
        "website": null,
        "operator": null,
        "address": null,
        "near_town": "n734876517",
        "near_town_name": "青森市",
        "osm_id": "n7273447188"
      }
    },
    {
      "type": "Feature",
      "geometry": {
        "type": "Point",
        "coordinates": [
          140.7366211,
          40.8211119
        ]
      },
      "properties": {
        "id": "l00182",
        "name": "ホテル山上",
        "name_en": "Hotel Yamagami",
        "kind": "hotel",
        "stars": null,
        "rooms": null,
        "phone": "+81 17 723 1661",
        "website": "http://hotel-yamagami.com",
        "operator": null,
        "address": null,
        "near_town": "n734876517",
        "near_town_name": "青森市",
        "osm_id": "n7273447490",
        "name_ko": "호텔 야마가미"
      }
    },
    {
      "type": "Feature",
      "geometry": {
        "type": "Point",
        "coordinates": [
          140.7470509,
          40.8201071
        ]
      },
      "properties": {
        "id": "l00183",
        "name": "旅館 嶋口",
        "name_en": null,
        "kind": "hotel",
        "stars": null,
        "rooms": null,
        "phone": null,
        "website": null,
        "operator": null,
        "address": null,
        "near_town": "n734876517",
        "near_town_name": "青森市",
        "osm_id": "n11065468057"
      }
    },
    {
      "type": "Feature",
      "geometry": {
        "type": "Point",
        "coordinates": [
          140.7375512,
          40.8270294
        ]
      },
      "properties": {
        "id": "l00184",
        "name": "ホテルマイステイズ青森駅前",
        "name_en": "Hotel Mystays Aomori Station",
        "kind": "hotel",
        "stars": null,
        "rooms": null,
        "phone": null,
        "website": "https://www.mystays.com/hotel-mystays-aomori-station-aomori/",
        "operator": null,
        "address": null,
        "near_town": "n734876517",
        "near_town_name": "青森市",
        "osm_id": "n11217824922",
        "name_ko": "호텔 마이스테이즈 아오모리 역"
      }
    },
    {
      "type": "Feature",
      "geometry": {
        "type": "Point",
        "coordinates": [
          140.7464095,
          40.826037
        ]
      },
      "properties": {
        "id": "l00185",
        "name": "スマイルホテル青森",
        "name_en": "Smile Hotel Aomori",
        "kind": "hotel",
        "stars": null,
        "rooms": null,
        "phone": null,
        "website": "https://smile-hotels.com/",
        "operator": null,
        "address": "本町",
        "near_town": "n734876517",
        "near_town_name": "青森市",
        "osm_id": "n13165597101",
        "name_ko": "스마일 호텔 아오모리"
      }
    },
    {
      "type": "Feature",
      "geometry": {
        "type": "Point",
        "coordinates": [
          140.7416654,
          40.8260013
        ]
      },
      "properties": {
        "id": "l00186",
        "name": "ドーミーイン青森",
        "name_en": "Dormy Inn Aomori",
        "kind": "hotel",
        "stars": null,
        "rooms": null,
        "phone": null,
        "website": null,
        "operator": "共立メンテナンス",
        "address": null,
        "near_town": "n734876517",
        "near_town_name": "青森市",
        "osm_id": "n13380724385",
        "name_ko": "도미 인 아오모리"
      }
    },
    {
      "type": "Feature",
      "geometry": {
        "type": "Point",
        "coordinates": [
          140.7583863,
          40.7945252
        ]
      },
      "properties": {
        "id": "l00187",
        "name": "ホテルルートイン",
        "name_en": null,
        "kind": "hotel",
        "stars": null,
        "rooms": null,
        "phone": null,
        "website": null,
        "operator": null,
        "address": null,
        "near_town": "n734876517",
        "near_town_name": "青森市",
        "osm_id": "w345282575"
      }
    },
    {
      "type": "Feature",
      "geometry": {
        "type": "Point",
        "coordinates": [
          140.7362859,
          40.8287941
        ]
      },
      "properties": {
        "id": "l00188",
        "name": "ホテルニュームラコシ",
        "name_en": null,
        "kind": "hotel",
        "stars": null,
        "rooms": null,
        "phone": "+81 17-722-8095",
        "website": null,
        "operator": null,
        "address": null,
        "near_town": "n734876517",
        "near_town_name": "青森市",
        "osm_id": "w352627337"
      }
    },
    {
      "type": "Feature",
      "geometry": {
        "type": "Point",
        "coordinates": [
          140.746356,
          40.8271862
        ]
      },
      "properties": {
        "id": "l00189",
        "name": "アートホテル青森",
        "name_en": null,
        "kind": "hotel",
        "stars": null,
        "rooms": null,
        "phone": "+81 17 775 7111",
        "website": "https://www.art-aomori.com/",
        "operator": null,
        "address": "青森県 青森市",
        "near_town": "n734876517",
        "near_town_name": "青森市",
        "osm_id": "w543966107"
      }
    },
    {
      "type": "Feature",
      "geometry": {
        "type": "Point",
        "coordinates": [
          140.7554332,
          40.8251664
        ]
      },
      "properties": {
        "id": "l00190",
        "name": "ホテル青森",
        "name_en": null,
        "kind": "hotel",
        "stars": null,
        "rooms": null,
        "phone": null,
        "website": null,
        "operator": null,
        "address": null,
        "near_town": "n734876517",
        "near_town_name": "青森市",
        "osm_id": "w584353582"
      }
    },
    {
      "type": "Feature",
      "geometry": {
        "type": "Point",
        "coordinates": [
          140.741532,
          40.8274305
        ]
      },
      "properties": {
        "id": "l00191",
        "name": "アパホテル 青森駅県庁通",
        "name_en": "APA Hotel",
        "kind": "hotel",
        "stars": null,
        "rooms": null,
        "phone": null,
        "website": null,
        "operator": null,
        "address": null,
        "near_town": "n734876517",
        "near_town_name": "青森市",
        "osm_id": "w677844671",
        "name_ko": "APA 호텔"
      }
    },
    {
      "type": "Feature",
      "geometry": {
        "type": "Point",
        "coordinates": [
          140.7389723,
          40.8278751
        ]
      },
      "properties": {
        "id": "l00192",
        "name": "アパホテル 青森駅東",
        "name_en": "APA Hotel",
        "kind": "hotel",
        "stars": null,
        "rooms": null,
        "phone": null,
        "website": null,
        "operator": null,
        "address": null,
        "near_town": "n734876517",
        "near_town_name": "青森市",
        "osm_id": "w677846134",
        "name_ko": "APA 호텔"
      }
    },
    {
      "type": "Feature",
      "geometry": {
        "type": "Point",
        "coordinates": [
          140.7404905,
          40.8275233
        ]
      },
      "properties": {
        "id": "l00193",
        "name": "ホテルJALシティ青森",
        "name_en": "HOTEL JAL CITY AOMORI",
        "kind": "hotel",
        "stars": null,
        "rooms": null,
        "phone": "+81 17 732 2580",
        "website": null,
        "operator": null,
        "address": null,
        "near_town": "n734876517",
        "near_town_name": "青森市",
        "osm_id": "w677846138",
        "name_ko": "호텔 자르 c이ty 아오모리"
      }
    },
    {
      "type": "Feature",
      "geometry": {
        "type": "Point",
        "coordinates": [
          140.750729,
          40.8236084
        ]
      },
      "properties": {
        "id": "l00194",
        "name": "スーパーホテル青森",
        "name_en": "Super Hotel",
        "kind": "hotel",
        "stars": null,
        "rooms": null,
        "phone": null,
        "website": null,
        "operator": null,
        "address": null,
        "near_town": "n734876517",
        "near_town_name": "青森市",
        "osm_id": "w703349846",
        "name_ko": "슈퍼 호텔"
      }
    },
    {
      "type": "Feature",
      "geometry": {
        "type": "Point",
        "coordinates": [
          140.694044,
          40.8298204
        ]
      },
      "properties": {
        "id": "l00195",
        "name": "東横INN 新青森駅東口",
        "name_en": "Toyoko Inn",
        "kind": "hotel",
        "stars": null,
        "rooms": null,
        "phone": "+81 17 761 1045",
        "website": "http://toyoko-inn.com",
        "operator": null,
        "address": null,
        "near_town": "n734876517",
        "near_town_name": "青森市",
        "osm_id": "w834105277",
        "name_ko": "도요코 인"
      }
    },
    {
      "type": "Feature",
      "geometry": {
        "type": "Point",
        "coordinates": [
          140.7541162,
          40.8180094
        ]
      },
      "properties": {
        "id": "l00196",
        "name": "ホテル彩彩",
        "name_en": null,
        "kind": "hotel",
        "stars": null,
        "rooms": null,
        "phone": null,
        "website": null,
        "operator": null,
        "address": null,
        "near_town": "n734876517",
        "near_town_name": "青森市",
        "osm_id": "w1081535357"
      }
    },
    {
      "type": "Feature",
      "geometry": {
        "type": "Point",
        "coordinates": [
          140.7636235,
          40.8212573
        ]
      },
      "properties": {
        "id": "l00197",
        "name": "松原の家",
        "name_en": null,
        "kind": "guest_house",
        "stars": null,
        "rooms": null,
        "phone": null,
        "website": null,
        "operator": null,
        "address": null,
        "near_town": "n734876517",
        "near_town_name": "青森市",
        "osm_id": "w1120711083"
      }
    },
    {
      "type": "Feature",
      "geometry": {
        "type": "Point",
        "coordinates": [
          140.7510567,
          40.82262
        ]
      },
      "properties": {
        "id": "l00198",
        "name": "中村屋旅館",
        "name_en": null,
        "kind": "hotel",
        "stars": null,
        "rooms": null,
        "phone": null,
        "website": null,
        "operator": null,
        "address": null,
        "near_town": "n734876517",
        "near_town_name": "青森市",
        "osm_id": "w1121154431"
      }
    },
    {
      "type": "Feature",
      "geometry": {
        "type": "Point",
        "coordinates": [
          140.752941,
          40.8232695
        ]
      },
      "properties": {
        "id": "l00199",
        "name": "ホテル2135",
        "name_en": null,
        "kind": "hotel",
        "stars": null,
        "rooms": null,
        "phone": null,
        "website": null,
        "operator": null,
        "address": "青森県 青森市",
        "near_town": "n734876517",
        "near_town_name": "青森市",
        "osm_id": "w1121241664"
      }
    },
    {
      "type": "Feature",
      "geometry": {
        "type": "Point",
        "coordinates": [
          140.6110066,
          40.6273077
        ]
      },
      "properties": {
        "id": "l00200",
        "name": "宝温泉　黒石",
        "name_en": null,
        "kind": "hotel",
        "stars": null,
        "rooms": null,
        "phone": null,
        "website": null,
        "operator": null,
        "address": null,
        "near_town": "n734876454",
        "near_town_name": "黒石市",
        "osm_id": "w1313391086"
      }
    },
    {
      "type": "Feature",
      "geometry": {
        "type": "Point",
        "coordinates": [
          141.1158255,
          39.7094055
        ]
      },
      "properties": {
        "id": "l00201",
        "name": "国土交通省盛岡稲荷町宿舎",
        "name_en": null,
        "kind": "apartment",
        "stars": null,
        "rooms": null,
        "phone": null,
        "website": null,
        "operator": null,
        "address": null,
        "near_town": "n691229944",
        "near_town_name": "滝沢市",
        "osm_id": "n4725980169"
      }
    },
    {
      "type": "Feature",
      "geometry": {
        "type": "Point",
        "coordinates": [
          141.1431272,
          39.7000667
        ]
      },
      "properties": {
        "id": "l00202",
        "name": "Kumagai Ryokan",
        "name_en": null,
        "kind": "hotel",
        "stars": null,
        "rooms": null,
        "phone": "+81 19 651 3020",
        "website": "https://kumagairyokan.com/",
        "operator": null,
        "address": "岩手県盛岡市 Osawakawara",
        "near_town": "n471357225",
        "near_town_name": "盛岡市",
        "osm_id": "n2826512901"
      }
    },
    {
      "type": "Feature",
      "geometry": {
        "type": "Point",
        "coordinates": [
          141.1357338,
          39.7027593
        ]
      },
      "properties": {
        "id": "l00203",
        "name": "ホテルメトロポリタン盛岡 本館",
        "name_en": "Hotel Metropolitan Morioka",
        "kind": "hotel",
        "stars": null,
        "rooms": null,
        "phone": null,
        "website": "https://morioka.metropolitan.jp/",
        "operator": "JR東日本",
        "address": null,
        "near_town": "n471357225",
        "near_town_name": "盛岡市",
        "osm_id": "n4266229952",
        "name_ko": "호텔 메t로포리탄 모리오카"
      }
    },
    {
      "type": "Feature",
      "geometry": {
        "type": "Point",
        "coordinates": [
          141.1372162,
          39.7027189
        ]
      },
      "properties": {
        "id": "l00204",
        "name": "東横イン",
        "name_en": "Toyoko Inn",
        "kind": "hotel",
        "stars": null,
        "rooms": null,
        "phone": null,
        "website": null,
        "operator": null,
        "address": null,
        "near_town": "n471357225",
        "near_town_name": "盛岡市",
        "osm_id": "n5235817624",
        "name_ko": "도요코 인"
      }
    },
    {
      "type": "Feature",
      "geometry": {
        "type": "Point",
        "coordinates": [
          141.1391393,
          39.7015473
        ]
      },
      "properties": {
        "id": "l00205",
        "name": "東横イン　盛岡駅南口駅前",
        "name_en": "Toyoko Inn",
        "kind": "hotel",
        "stars": null,
        "rooms": null,
        "phone": null,
        "website": null,
        "operator": null,
        "address": null,
        "near_town": "n471357225",
        "near_town_name": "盛岡市",
        "osm_id": "n8870981051",
        "name_ko": "도요코 인"
      }
    },
    {
      "type": "Feature",
      "geometry": {
        "type": "Point",
        "coordinates": [
          141.1361764,
          39.7032893
        ]
      },
      "properties": {
        "id": "l00206",
        "name": "扇屋旅館",
        "name_en": null,
        "kind": "hotel",
        "stars": null,
        "rooms": null,
        "phone": null,
        "website": null,
        "operator": null,
        "address": null,
        "near_town": "n471357225",
        "near_town_name": "盛岡市",
        "osm_id": "n8870981064"
      }
    },
    {
      "type": "Feature",
      "geometry": {
        "type": "Point",
        "coordinates": [
          141.1377508,
          39.7033003
        ]
      },
      "properties": {
        "id": "l00207",
        "name": "盛岡ニューシティホテル",
        "name_en": null,
        "kind": "hotel",
        "stars": null,
        "rooms": null,
        "phone": null,
        "website": null,
        "operator": null,
        "address": null,
        "near_town": "n471357225",
        "near_town_name": "盛岡市",
        "osm_id": "n8870981078"
      }
    },
    {
      "type": "Feature",
      "geometry": {
        "type": "Point",
        "coordinates": [
          141.1372618,
          39.7033598
        ]
      },
      "properties": {
        "id": "l00208",
        "name": "滝沢旅館",
        "name_en": null,
        "kind": "hotel",
        "stars": null,
        "rooms": null,
        "phone": null,
        "website": null,
        "operator": null,
        "address": null,
        "near_town": "n471357225",
        "near_town_name": "盛岡市",
        "osm_id": "n8870981093"
      }
    },
    {
      "type": "Feature",
      "geometry": {
        "type": "Point",
        "coordinates": [
          141.1613433,
          39.7120957
        ]
      },
      "properties": {
        "id": "l00209",
        "name": "盛岡グランドホテル",
        "name_en": null,
        "kind": "hotel",
        "stars": null,
        "rooms": null,
        "phone": null,
        "website": null,
        "operator": null,
        "address": null,
        "near_town": "n471357225",
        "near_town_name": "盛岡市",
        "osm_id": "n8925226305"
      }
    },
    {
      "type": "Feature",
      "geometry": {
        "type": "Point",
        "coordinates": [
          141.1355114,
          39.7037612
        ]
      },
      "properties": {
        "id": "l00210",
        "name": "ホテル盛岡ヒルズ",
        "name_en": null,
        "kind": "hotel",
        "stars": null,
        "rooms": null,
        "phone": null,
        "website": null,
        "operator": null,
        "address": null,
        "near_town": "n471357225",
        "near_town_name": "盛岡市",
        "osm_id": "n8940373065"
      }
    },
    {
      "type": "Feature",
      "geometry": {
        "type": "Point",
        "coordinates": [
          141.1344578,
          39.707102
        ]
      },
      "properties": {
        "id": "l00211",
        "name": "スーパーホテル盛岡",
        "name_en": null,
        "kind": "hotel",
        "stars": null,
        "rooms": null,
        "phone": null,
        "website": null,
        "operator": null,
        "address": null,
        "near_town": "n471357225",
        "near_town_name": "盛岡市",
        "osm_id": "n8940373073"
      }
    },
    {
      "type": "Feature",
      "geometry": {
        "type": "Point",
        "coordinates": [
          141.1313128,
          39.7027258
        ]
      },
      "properties": {
        "id": "l00212",
        "name": "ホテルJIN　盛岡駅前",
        "name_en": null,
        "kind": "hotel",
        "stars": null,
        "rooms": null,
        "phone": null,
        "website": null,
        "operator": null,
        "address": null,
        "near_town": "n471357225",
        "near_town_name": "盛岡市",
        "osm_id": "n9053313761"
      }
    },
    {
      "type": "Feature",
      "geometry": {
        "type": "Point",
        "coordinates": [
          141.1468223,
          39.7014264
        ]
      },
      "properties": {
        "id": "l00213",
        "name": "(이름 없음)",
        "name_en": null,
        "kind": "hotel",
        "stars": null,
        "rooms": null,
        "phone": null,
        "website": null,
        "operator": null,
        "address": null,
        "near_town": "n471357225",
        "near_town_name": "盛岡市",
        "osm_id": "n9063440100"
      }
    },
    {
      "type": "Feature",
      "geometry": {
        "type": "Point",
        "coordinates": [
          141.1497356,
          39.7027989
        ]
      },
      "properties": {
        "id": "l00214",
        "name": "エスポワールいわて",
        "name_en": null,
        "kind": "hotel",
        "stars": null,
        "rooms": null,
        "phone": null,
        "website": null,
        "operator": null,
        "address": null,
        "near_town": "n471357225",
        "near_town_name": "盛岡市",
        "osm_id": "n9063488480"
      }
    },
    {
      "type": "Feature",
      "geometry": {
        "type": "Point",
        "coordinates": [
          141.1477186,
          39.7035143
        ]
      },
      "properties": {
        "id": "l00215",
        "name": "ダイワロイネットホテル盛岡",
        "name_en": null,
        "kind": "hotel",
        "stars": null,
        "rooms": null,
        "phone": null,
        "website": null,
        "operator": null,
        "address": null,
        "near_town": "n471357225",
        "near_town_name": "盛岡市",
        "osm_id": "n9063488510"
      }
    },
    {
      "type": "Feature",
      "geometry": {
        "type": "Point",
        "coordinates": [
          141.1481012,
          39.7037385
        ]
      },
      "properties": {
        "id": "l00216",
        "name": "盛岡グランドホテルアネックス",
        "name_en": null,
        "kind": "hotel",
        "stars": null,
        "rooms": null,
        "phone": null,
        "website": null,
        "operator": null,
        "address": null,
        "near_town": "n471357225",
        "near_town_name": "盛岡市",
        "osm_id": "n9063488516"
      }
    },
    {
      "type": "Feature",
      "geometry": {
        "type": "Point",
        "coordinates": [
          141.1436568,
          39.7000898
        ]
      },
      "properties": {
        "id": "l00217",
        "name": "大正館旅館",
        "name_en": null,
        "kind": "hotel",
        "stars": null,
        "rooms": null,
        "phone": null,
        "website": null,
        "operator": null,
        "address": null,
        "near_town": "n471357225",
        "near_town_name": "盛岡市",
        "osm_id": "n9401696588"
      }
    },
    {
      "type": "Feature",
      "geometry": {
        "type": "Point",
        "coordinates": [
          141.144787,
          39.7012606
        ]
      },
      "properties": {
        "id": "l00218",
        "name": "ホテルコラソン",
        "name_en": null,
        "kind": "hotel",
        "stars": null,
        "rooms": null,
        "phone": null,
        "website": null,
        "operator": null,
        "address": null,
        "near_town": "n471357225",
        "near_town_name": "盛岡市",
        "osm_id": "n9401696600"
      }
    },
    {
      "type": "Feature",
      "geometry": {
        "type": "Point",
        "coordinates": [
          141.1459739,
          39.7016184
        ]
      },
      "properties": {
        "id": "l00219",
        "name": "ホテルニューカリーナ",
        "name_en": null,
        "kind": "hotel",
        "stars": null,
        "rooms": null,
        "phone": null,
        "website": null,
        "operator": null,
        "address": null,
        "near_town": "n471357225",
        "near_town_name": "盛岡市",
        "osm_id": "n9488618734"
      }
    },
    {
      "type": "Feature",
      "geometry": {
        "type": "Point",
        "coordinates": [
          141.1389853,
          39.7018462
        ]
      },
      "properties": {
        "id": "l00220",
        "name": "ダイワロイネットホテル 盛岡駅前",
        "name_en": null,
        "kind": "hotel",
        "stars": "3",
        "rooms": null,
        "phone": "+81-19-621-8555",
        "website": "https://www.daiwaroynet.jp/morioka-ekimae/",
        "operator": null,
        "address": "岩手県 盛岡市",
        "near_town": "n471357225",
        "near_town_name": "盛岡市",
        "osm_id": "n10879806672"
      }
    },
    {
      "type": "Feature",
      "geometry": {
        "type": "Point",
        "coordinates": [
          141.1553252,
          39.693601
        ]
      },
      "properties": {
        "id": "l00221",
        "name": "ととと ー盛岡の泊まれるたまり場ー",
        "name_en": "Tototo Morioka",
        "kind": "guest_house",
        "stars": null,
        "rooms": null,
        "phone": null,
        "website": null,
        "operator": null,
        "address": null,
        "near_town": "n471357225",
        "near_town_name": "盛岡市",
        "osm_id": "n13165573202",
        "name_ko": "토토토 모리오카"
      }
    },
    {
      "type": "Feature",
      "geometry": {
        "type": "Point",
        "coordinates": [
          141.138491,
          39.7006983
        ]
      },
      "properties": {
        "id": "l00222",
        "name": "ホテル ルートイン",
        "name_en": null,
        "kind": "hotel",
        "stars": null,
        "rooms": null,
        "phone": null,
        "website": null,
        "operator": null,
        "address": null,
        "near_town": "n471357225",
        "near_town_name": "盛岡市",
        "osm_id": "w238064676"
      }
    },
    {
      "type": "Feature",
      "geometry": {
        "type": "Point",
        "coordinates": [
          141.1378907,
          39.7025102
        ]
      },
      "properties": {
        "id": "l00223",
        "name": "R&Bホテル盛岡駅前",
        "name_en": "R&B Hotel Morioka Ekimae",
        "kind": "hotel",
        "stars": null,
        "rooms": null,
        "phone": "+81 196533838",
        "website": "http://randb.jp/morioka/",
        "operator": null,
        "address": null,
        "near_town": "n471357225",
        "near_town_name": "盛岡市",
        "osm_id": "w290767728",
        "name_ko": "r&b 호텔 모리오카 에키마에"
      }
    },
    {
      "type": "Feature",
      "geometry": {
        "type": "Point",
        "coordinates": [
          141.1381958,
          39.701831
        ]
      },
      "properties": {
        "id": "l00224",
        "name": "盛岡シティホテル",
        "name_en": null,
        "kind": "hotel",
        "stars": null,
        "rooms": null,
        "phone": null,
        "website": null,
        "operator": null,
        "address": null,
        "near_town": "n471357225",
        "near_town_name": "盛岡市",
        "osm_id": "w293664488"
      }
    },
    {
      "type": "Feature",
      "geometry": {
        "type": "Point",
        "coordinates": [
          141.136654,
          39.7043699
        ]
      },
      "properties": {
        "id": "l00225",
        "name": "ホテルメトロポリタン盛岡 ニューウイング",
        "name_en": "Hotel Metropolitan Morioka New Wing",
        "kind": "hotel",
        "stars": null,
        "rooms": null,
        "phone": null,
        "website": "https://morioka.metropolitan.jp/",
        "operator": "JR東日本",
        "address": null,
        "near_town": "n471357225",
        "near_town_name": "盛岡市",
        "osm_id": "w427395880",
        "name_ko": "호텔 메t로포리탄 모리오카 네w 윙"
      }
    },
    {
      "type": "Feature",
      "geometry": {
        "type": "Point",
        "coordinates": [
          141.1425671,
          39.7038438
        ]
      },
      "properties": {
        "id": "l00226",
        "name": "アートホテル盛岡",
        "name_en": "Art Hotel Morioka",
        "kind": "hotel",
        "stars": null,
        "rooms": null,
        "phone": null,
        "website": "https://art-morioka.com/",
        "operator": null,
        "address": "盛岡市",
        "near_town": "n471357225",
        "near_town_name": "盛岡市",
        "osm_id": "w599253341",
        "name_ko": "아rt 호텔 모리오카"
      }
    },
    {
      "type": "Feature",
      "geometry": {
        "type": "Point",
        "coordinates": [
          141.1445407,
          39.7075373
        ]
      },
      "properties": {
        "id": "l00227",
        "name": "三和旅館",
        "name_en": null,
        "kind": "hotel",
        "stars": null,
        "rooms": null,
        "phone": null,
        "website": null,
        "operator": null,
        "address": null,
        "near_town": "n471357225",
        "near_town_name": "盛岡市",
        "osm_id": "w1150659281"
      }
    },
    {
      "type": "Feature",
      "geometry": {
        "type": "Point",
        "coordinates": [
          141.1445541,
          39.7053403
        ]
      },
      "properties": {
        "id": "l00228",
        "name": "ドーミーイン盛岡",
        "name_en": "Dormy Inn Morioka",
        "kind": "hotel",
        "stars": null,
        "rooms": null,
        "phone": "+81 19 622 5489",
        "website": null,
        "operator": "共立メンテナンス",
        "address": null,
        "near_town": "n471357225",
        "near_town_name": "盛岡市",
        "osm_id": "w1360288233",
        "name_ko": "도미 인 모리오카"
      }
    },
    {
      "type": "Feature",
      "geometry": {
        "type": "Point",
        "coordinates": [
          141.5284559,
          39.3281593
        ]
      },
      "properties": {
        "id": "l00229",
        "name": "あえりあ遠野",
        "name_en": null,
        "kind": "hotel",
        "stars": null,
        "rooms": null,
        "phone": null,
        "website": null,
        "operator": null,
        "address": null,
        "near_town": "n691229931",
        "near_town_name": "遠野市",
        "osm_id": "n2600980552"
      }
    },
    {
      "type": "Feature",
      "geometry": {
        "type": "Point",
        "coordinates": [
          141.5617336,
          39.3583242
        ]
      },
      "properties": {
        "id": "l00230",
        "name": "Tono youth hostel",
        "name_en": null,
        "kind": "hostel",
        "stars": null,
        "rooms": null,
        "phone": null,
        "website": "http://www1.odn.ne.jp/tono-yh/index-e.htm",
        "operator": null,
        "address": null,
        "near_town": "n691229931",
        "near_town_name": "遠野市",
        "osm_id": "n2742506510"
      }
    },
    {
      "type": "Feature",
      "geometry": {
        "type": "Point",
        "coordinates": [
          141.1134313,
          39.3898315
        ]
      },
      "properties": {
        "id": "l00231",
        "name": "玉川旅館",
        "name_en": null,
        "kind": "hotel",
        "stars": null,
        "rooms": null,
        "phone": null,
        "website": null,
        "operator": null,
        "address": null,
        "near_town": "n401419538",
        "near_town_name": "花巻市",
        "osm_id": "n685371854"
      }
    },
    {
      "type": "Feature",
      "geometry": {
        "type": "Point",
        "coordinates": [
          141.1076101,
          39.393901
        ]
      },
      "properties": {
        "id": "l00232",
        "name": "ビジネスホテル オラシオン",
        "name_en": "Hotel Oracion",
        "kind": "hotel",
        "stars": null,
        "rooms": null,
        "phone": "+81 198 22 4920",
        "website": null,
        "operator": null,
        "address": null,
        "near_town": "n401419538",
        "near_town_name": "花巻市",
        "osm_id": "n5434711126",
        "name_ko": "호텔 오라c이온"
      }
    },
    {
      "type": "Feature",
      "geometry": {
        "type": "Point",
        "coordinates": [
          141.1070377,
          39.393511
        ]
      },
      "properties": {
        "id": "l00233",
        "name": "ビジネスホテル ブドリ",
        "name_en": null,
        "kind": "hotel",
        "stars": null,
        "rooms": null,
        "phone": "+81 198 21 4350",
        "website": null,
        "operator": null,
        "address": null,
        "near_town": "n401419538",
        "near_town_name": "花巻市",
        "osm_id": "n5434712350"
      }
    },
    {
      "type": "Feature",
      "geometry": {
        "type": "Point",
        "coordinates": [
          141.1687569,
          39.4067019
        ]
      },
      "properties": {
        "id": "l00234",
        "name": "ケンジの宿",
        "name_en": "Kenji no yado",
        "kind": "hotel",
        "stars": null,
        "rooms": null,
        "phone": null,
        "website": null,
        "operator": null,
        "address": null,
        "near_town": "n401419538",
        "near_town_name": "花巻市",
        "osm_id": "n5931456487",
        "name_ko": "켄지 의 야도"
      }
    },
    {
      "type": "Feature",
      "geometry": {
        "type": "Point",
        "coordinates": [
          141.1116466,
          39.3925529
        ]
      },
      "properties": {
        "id": "l00235",
        "name": "ホテルグランシェール花巻",
        "name_en": null,
        "kind": "hotel",
        "stars": null,
        "rooms": null,
        "phone": null,
        "website": null,
        "operator": null,
        "address": "岩手県 花巻市",
        "near_town": "n401419538",
        "near_town_name": "花巻市",
        "osm_id": "w264965750"
      }
    },
    {
      "type": "Feature",
      "geometry": {
        "type": "Point",
        "coordinates": [
          141.1276344,
          39.41507
        ]
      },
      "properties": {
        "id": "l00236",
        "name": "ホテルルートイン花巻",
        "name_en": "Hotel Route-Inn Hanamaki",
        "kind": "hotel",
        "stars": null,
        "rooms": null,
        "phone": null,
        "website": null,
        "operator": null,
        "address": null,
        "near_town": "n401419538",
        "near_town_name": "花巻市",
        "osm_id": "w327566950",
        "name_ko": "호텔 루트인 하나마키"
      }
    },
    {
      "type": "Feature",
      "geometry": {
        "type": "Point",
        "coordinates": [
          141.110863,
          39.3936059
        ]
      },
      "properties": {
        "id": "l00237",
        "name": "ホテル狩野",
        "name_en": null,
        "kind": "hotel",
        "stars": null,
        "rooms": null,
        "phone": "+81 198 23 4811",
        "website": null,
        "operator": null,
        "address": null,
        "near_town": "n401419538",
        "near_town_name": "花巻市",
        "osm_id": "w785340375"
      }
    },
    {
      "type": "Feature",
      "geometry": {
        "type": "Point",
        "coordinates": [
          141.1123908,
          39.3926244
        ]
      },
      "properties": {
        "id": "l00238",
        "name": "かほる旅館",
        "name_en": null,
        "kind": "hotel",
        "stars": null,
        "rooms": null,
        "phone": null,
        "website": null,
        "operator": null,
        "address": null,
        "near_town": "n401419538",
        "near_town_name": "花巻市",
        "osm_id": "w788024921"
      }
    },
    {
      "type": "Feature",
      "geometry": {
        "type": "Point",
        "coordinates": [
          139.8943992,
          39.2045498
        ]
      },
      "properties": {
        "id": "l00239",
        "name": "叶屋海月荘",
        "name_en": null,
        "kind": "guest_house",
        "stars": null,
        "rooms": null,
        "phone": "+81 184 43 2172",
        "website": null,
        "operator": null,
        "address": null,
        "near_town": "n752195621",
        "near_town_name": "にかほ市",
        "osm_id": "n5166937637"
      }
    },
    {
      "type": "Feature",
      "geometry": {
        "type": "Point",
        "coordinates": [
          139.9027463,
          39.2074968
        ]
      },
      "properties": {
        "id": "l00240",
        "name": "しなの旅館",
        "name_en": "Shinano Ryokan",
        "kind": "hotel",
        "stars": null,
        "rooms": null,
        "phone": "+81 184 43 5815",
        "website": null,
        "operator": null,
        "address": null,
        "near_town": "n752195621",
        "near_town_name": "にかほ市",
        "osm_id": "n5166966521",
        "name_ko": "시나노 료칸"
      }
    },
    {
      "type": "Feature",
      "geometry": {
        "type": "Point",
        "coordinates": [
          139.901044,
          39.2069749
        ]
      },
      "properties": {
        "id": "l00241",
        "name": "山形屋旅館",
        "name_en": "Yamagataya Ryokan",
        "kind": "hotel",
        "stars": null,
        "rooms": null,
        "phone": "+81 184 43 3066",
        "website": null,
        "operator": null,
        "address": null,
        "near_town": "n752195621",
        "near_town_name": "にかほ市",
        "osm_id": "n5166966522",
        "name_ko": "야마가타야 료칸"
      }
    },
    {
      "type": "Feature",
      "geometry": {
        "type": "Point",
        "coordinates": [
          139.9132737,
          39.2386857
        ]
      },
      "properties": {
        "id": "l00242",
        "name": "にかほ市温泉保養センター はまなす",
        "name_en": null,
        "kind": "hotel",
        "stars": null,
        "rooms": null,
        "phone": null,
        "website": null,
        "operator": null,
        "address": null,
        "near_town": "n752195621",
        "near_town_name": "にかほ市",
        "osm_id": "n5167183024"
      }
    },
    {
      "type": "Feature",
      "geometry": {
        "type": "Point",
        "coordinates": [
          139.9443638,
          39.1875027
        ]
      },
      "properties": {
        "id": "l00243",
        "name": "白滝旅館",
        "name_en": null,
        "kind": "hotel",
        "stars": null,
        "rooms": null,
        "phone": null,
        "website": null,
        "operator": null,
        "address": null,
        "near_town": "n752195621",
        "near_town_name": "にかほ市",
        "osm_id": "w918999200"
      }
    },
    {
      "type": "Feature",
      "geometry": {
        "type": "Point",
        "coordinates": [
          139.9010748,
          39.2013546
        ]
      },
      "properties": {
        "id": "l00244",
        "name": "ホテル&コテージ 潮さい",
        "name_en": "Hotel Shiosai",
        "kind": "hotel",
        "stars": null,
        "rooms": null,
        "phone": "+81 184 43 3135",
        "website": null,
        "operator": null,
        "address": null,
        "near_town": "n752195621",
        "near_town_name": "にかほ市",
        "osm_id": "w927071006",
        "name_ko": "호텔 시오사이"
      }
    },
    {
      "type": "Feature",
      "geometry": {
        "type": "Point",
        "coordinates": [
          139.8953593,
          39.2056191
        ]
      },
      "properties": {
        "id": "l00245",
        "name": "ろふう草 日本海",
        "name_en": null,
        "kind": "guest_house",
        "stars": null,
        "rooms": null,
        "phone": "+81 184 43 2228",
        "website": null,
        "operator": null,
        "address": null,
        "near_town": "n752195621",
        "near_town_name": "にかほ市",
        "osm_id": "w927557080"
      }
    },
    {
      "type": "Feature",
      "geometry": {
        "type": "Point",
        "coordinates": [
          139.9023049,
          39.2046823
        ]
      },
      "properties": {
        "id": "l00246",
        "name": "たつみ寛洋ホテル",
        "name_en": "Tatsumi Kanyo Hotel",
        "kind": "hotel",
        "stars": null,
        "rooms": null,
        "phone": "+81 184 32 5555",
        "website": null,
        "operator": null,
        "address": null,
        "near_town": "n752195621",
        "near_town_name": "にかほ市",
        "osm_id": "w927659432",
        "name_ko": "타쓰미 카뇨 호텔"
      }
    },
    {
      "type": "Feature",
      "geometry": {
        "type": "Point",
        "coordinates": [
          139.8982355,
          39.207074
        ]
      },
      "properties": {
        "id": "l00247",
        "name": "ホテルシティパレス",
        "name_en": "Hotel City Palace",
        "kind": "hotel",
        "stars": null,
        "rooms": null,
        "phone": "+81 184 43 5111",
        "website": null,
        "operator": null,
        "address": null,
        "near_town": "n752195621",
        "near_town_name": "にかほ市",
        "osm_id": "w928141177",
        "name_ko": "호텔 c이ty 팰리스"
      }
    },
    {
      "type": "Feature",
      "geometry": {
        "type": "Point",
        "coordinates": [
          139.8985718,
          39.2070212
        ]
      },
      "properties": {
        "id": "l00248",
        "name": "森一",
        "name_en": null,
        "kind": "hotel",
        "stars": null,
        "rooms": null,
        "phone": "+81 184 43 3061",
        "website": null,
        "operator": null,
        "address": null,
        "near_town": "n752195621",
        "near_town_name": "にかほ市",
        "osm_id": "w928141180"
      }
    },
    {
      "type": "Feature",
      "geometry": {
        "type": "Point",
        "coordinates": [
          139.8990754,
          39.216539
        ]
      },
      "properties": {
        "id": "l00249",
        "name": "象潟夕日の宿 さんねむ温泉",
        "name_en": null,
        "kind": "hotel",
        "stars": null,
        "rooms": null,
        "phone": "+81 184 43 4960",
        "website": null,
        "operator": null,
        "address": null,
        "near_town": "n752195621",
        "near_town_name": "にかほ市",
        "osm_id": "w928351942"
      }
    },
    {
      "type": "Feature",
      "geometry": {
        "type": "Point",
        "coordinates": [
          139.8970137,
          39.2165105
        ]
      },
      "properties": {
        "id": "l00250",
        "name": "ホテル海苑蕉風荘",
        "name_en": null,
        "kind": "hotel",
        "stars": null,
        "rooms": null,
        "phone": null,
        "website": null,
        "operator": null,
        "address": null,
        "near_town": "n752195621",
        "near_town_name": "にかほ市",
        "osm_id": "w928351945"
      }
    },
    {
      "type": "Feature",
      "geometry": {
        "type": "Point",
        "coordinates": [
          139.8792476,
          39.0503283
        ]
      },
      "properties": {
        "id": "l00251",
        "name": "山形県海浜青年の家",
        "name_en": null,
        "kind": "guest_house",
        "stars": null,
        "rooms": null,
        "phone": null,
        "website": null,
        "operator": null,
        "address": null,
        "near_town": "n3277862975",
        "near_town_name": "遊佐町",
        "osm_id": "n5021916135"
      }
    },
    {
      "type": "Feature",
      "geometry": {
        "type": "Point",
        "coordinates": [
          139.9553225,
          39.0379199
        ]
      },
      "properties": {
        "id": "l00252",
        "name": "四季の森 しらい自然館",
        "name_en": null,
        "kind": "hotel",
        "stars": null,
        "rooms": null,
        "phone": null,
        "website": null,
        "operator": null,
        "address": null,
        "near_town": "n3277862975",
        "near_town_name": "遊佐町",
        "osm_id": "n9057685622"
      }
    },
    {
      "type": "Feature",
      "geometry": {
        "type": "Point",
        "coordinates": [
          139.9118998,
          39.0150013
        ]
      },
      "properties": {
        "id": "l00253",
        "name": "鶴屋旅館",
        "name_en": "鶴屋旅館",
        "kind": "hotel",
        "stars": null,
        "rooms": null,
        "phone": null,
        "website": null,
        "operator": null,
        "address": null,
        "near_town": "n3277862975",
        "near_town_name": "遊佐町",
        "osm_id": "w1326436047"
      }
    },
    {
      "type": "Feature",
      "geometry": {
        "type": "Point",
        "coordinates": [
          140.1319074,
          38.430501
        ]
      },
      "properties": {
        "id": "l00254",
        "name": "出羽屋",
        "name_en": null,
        "kind": "hotel",
        "stars": null,
        "rooms": null,
        "phone": null,
        "website": null,
        "operator": null,
        "address": null,
        "near_town": "n752206817",
        "near_town_name": "西川町",
        "osm_id": "n5116737424"
      }
    },
    {
      "type": "Feature",
      "geometry": {
        "type": "Point",
        "coordinates": [
          140.2084489,
          38.379872
        ]
      },
      "properties": {
        "id": "l00255",
        "name": "西田旅館",
        "name_en": null,
        "kind": "hotel",
        "stars": null,
        "rooms": null,
        "phone": null,
        "website": null,
        "operator": null,
        "address": null,
        "near_town": "n752206834",
        "near_town_name": "大江町",
        "osm_id": "n5106801352"
      }
    },
    {
      "type": "Feature",
      "geometry": {
        "type": "Point",
        "coordinates": [
          140.2085692,
          38.3813746
        ]
      },
      "properties": {
        "id": "l00256",
        "name": "玉川旅館",
        "name_en": null,
        "kind": "hotel",
        "stars": null,
        "rooms": null,
        "phone": "+81 237 62 2061",
        "website": null,
        "operator": null,
        "address": null,
        "near_town": "n752206834",
        "near_town_name": "大江町",
        "osm_id": "n5106806853"
      }
    },
    {
      "type": "Feature",
      "geometry": {
        "type": "Point",
        "coordinates": [
          140.2583135,
          38.3638093
        ]
      },
      "properties": {
        "id": "l00257",
        "name": "チェリーパークホテル",
        "name_en": null,
        "kind": "hotel",
        "stars": null,
        "rooms": null,
        "phone": null,
        "website": null,
        "operator": null,
        "address": null,
        "near_town": "n752206834",
        "near_town_name": "大江町",
        "osm_id": "w412869874"
      }
    },
    {
      "type": "Feature",
      "geometry": {
        "type": "Point",
        "coordinates": [
          140.2554852,
          38.3640531
        ]
      },
      "properties": {
        "id": "l00258",
        "name": "ファミリーロッジ旅籠屋寒河江店",
        "name_en": null,
        "kind": "motel",
        "stars": null,
        "rooms": null,
        "phone": null,
        "website": null,
        "operator": null,
        "address": null,
        "near_town": "n752206834",
        "near_town_name": "大江町",
        "osm_id": "w655148352"
      }
    },
    {
      "type": "Feature",
      "geometry": {
        "type": "Point",
        "coordinates": [
          140.2564134,
          38.3639729
        ]
      },
      "properties": {
        "id": "l00259",
        "name": "シンフォニーアネックス",
        "name_en": null,
        "kind": "hotel",
        "stars": null,
        "rooms": null,
        "phone": null,
        "website": null,
        "operator": null,
        "address": null,
        "near_town": "n752206834",
        "near_town_name": "大江町",
        "osm_id": "w1330347521"
      }
    },
    {
      "type": "Feature",
      "geometry": {
        "type": "Point",
        "coordinates": [
          140.0348348,
          38.1208348
        ]
      },
      "properties": {
        "id": "l00260",
        "name": "割烹旅館柳",
        "name_en": null,
        "kind": "hotel",
        "stars": null,
        "rooms": null,
        "phone": null,
        "website": null,
        "operator": null,
        "address": null,
        "near_town": "n752206811",
        "near_town_name": "長井市",
        "osm_id": "n5110467521"
      }
    },
    {
      "type": "Feature",
      "geometry": {
        "type": "Point",
        "coordinates": [
          140.0372151,
          38.1099909
        ]
      },
      "properties": {
        "id": "l00261",
        "name": "割烹旅館とらや",
        "name_en": null,
        "kind": "hotel",
        "stars": null,
        "rooms": null,
        "phone": null,
        "website": null,
        "operator": null,
        "address": null,
        "near_town": "n752206811",
        "near_town_name": "長井市",
        "osm_id": "n5110636744"
      }
    },
    {
      "type": "Feature",
      "geometry": {
        "type": "Point",
        "coordinates": [
          140.0395052,
          38.1079975
        ]
      },
      "properties": {
        "id": "l00262",
        "name": "土田旅館",
        "name_en": null,
        "kind": "hotel",
        "stars": null,
        "rooms": null,
        "phone": null,
        "website": null,
        "operator": null,
        "address": null,
        "near_town": "n752206811",
        "near_town_name": "長井市",
        "osm_id": "n5110636750"
      }
    },
    {
      "type": "Feature",
      "geometry": {
        "type": "Point",
        "coordinates": [
          140.0399127,
          38.1077191
        ]
      },
      "properties": {
        "id": "l00263",
        "name": "旅館 最上荘",
        "name_en": null,
        "kind": "hotel",
        "stars": null,
        "rooms": null,
        "phone": null,
        "website": null,
        "operator": null,
        "address": null,
        "near_town": "n752206811",
        "near_town_name": "長井市",
        "osm_id": "n5110637342"
      }
    },
    {
      "type": "Feature",
      "geometry": {
        "type": "Point",
        "coordinates": [
          140.0374494,
          38.1125298
        ]
      },
      "properties": {
        "id": "l00264",
        "name": "会津屋旅館",
        "name_en": null,
        "kind": "hotel",
        "stars": null,
        "rooms": null,
        "phone": null,
        "website": null,
        "operator": null,
        "address": null,
        "near_town": "n752206811",
        "near_town_name": "長井市",
        "osm_id": "n5110638022"
      }
    },
    {
      "type": "Feature",
      "geometry": {
        "type": "Point",
        "coordinates": [
          140.0383868,
          38.1033681
        ]
      },
      "properties": {
        "id": "l00265",
        "name": "ビジネスホテル 長井屋",
        "name_en": null,
        "kind": "hotel",
        "stars": null,
        "rooms": null,
        "phone": null,
        "website": null,
        "operator": null,
        "address": null,
        "near_town": "n752206811",
        "near_town_name": "長井市",
        "osm_id": "n5110688726"
      }
    },
    {
      "type": "Feature",
      "geometry": {
        "type": "Point",
        "coordinates": [
          140.0400681,
          38.1017812
        ]
      },
      "properties": {
        "id": "l00266",
        "name": "旅館佐々木屋",
        "name_en": null,
        "kind": "hotel",
        "stars": null,
        "rooms": null,
        "phone": null,
        "website": null,
        "operator": null,
        "address": null,
        "near_town": "n752206811",
        "near_town_name": "長井市",
        "osm_id": "n5112313942"
      }
    },
    {
      "type": "Feature",
      "geometry": {
        "type": "Point",
        "coordinates": [
          140.0369016,
          38.0902944
        ]
      },
      "properties": {
        "id": "l00267",
        "name": "ビジネスホテル シンシア",
        "name_en": null,
        "kind": "hotel",
        "stars": null,
        "rooms": null,
        "phone": null,
        "website": null,
        "operator": null,
        "address": null,
        "near_town": "n752206811",
        "near_town_name": "長井市",
        "osm_id": "n5112434646"
      }
    },
    {
      "type": "Feature",
      "geometry": {
        "type": "Point",
        "coordinates": [
          140.0433785,
          38.101304
        ]
      },
      "properties": {
        "id": "l00268",
        "name": "タス・パーク・ホテル",
        "name_en": null,
        "kind": "hotel",
        "stars": null,
        "rooms": null,
        "phone": null,
        "website": null,
        "operator": null,
        "address": null,
        "near_town": "n752206811",
        "near_town_name": "長井市",
        "osm_id": "w641534256"
      }
    },
    {
      "type": "Feature",
      "geometry": {
        "type": "Point",
        "coordinates": [
          140.0435433,
          38.1038183
        ]
      },
      "properties": {
        "id": "l00269",
        "name": "民宿サンホーム",
        "name_en": null,
        "kind": "guest_house",
        "stars": null,
        "rooms": null,
        "phone": null,
        "website": null,
        "operator": null,
        "address": null,
        "near_town": "n752206811",
        "near_town_name": "長井市",
        "osm_id": "w641898009"
      }
    },
    {
      "type": "Feature",
      "geometry": {
        "type": "Point",
        "coordinates": [
          140.1495598,
          38.3016787
        ]
      },
      "properties": {
        "id": "l00270",
        "name": "大丸屋旅館",
        "name_en": "Daimaruya Ryokan",
        "kind": "hotel",
        "stars": null,
        "rooms": null,
        "phone": "+81 237 67 2155",
        "website": null,
        "operator": null,
        "address": null,
        "near_town": "n752206807",
        "near_town_name": "朝日町",
        "osm_id": "n5108874122",
        "name_ko": "다이마루야 료칸"
      }
    },
    {
      "type": "Feature",
      "geometry": {
        "type": "Point",
        "coordinates": [
          140.3278453,
          38.2485724
        ]
      },
      "properties": {
        "id": "l00271",
        "name": "ホテルメトロポリタン山形",
        "name_en": "Hotel metropolitan yamagata",
        "kind": "hotel",
        "stars": null,
        "rooms": null,
        "phone": null,
        "website": "https://yamagata.metropolitan.jp/",
        "operator": null,
        "address": null,
        "near_town": "n752206840",
        "near_town_name": "山形市",
        "osm_id": "n3093340794",
        "name_ko": "호텔 메t로포리탄 야마가타"
      }
    },
    {
      "type": "Feature",
      "geometry": {
        "type": "Point",
        "coordinates": [
          140.3362232,
          38.2473162
        ]
      },
      "properties": {
        "id": "l00272",
        "name": "Hotel α-1 山形",
        "name_en": null,
        "kind": "hotel",
        "stars": null,
        "rooms": null,
        "phone": null,
        "website": null,
        "operator": null,
        "address": null,
        "near_town": "n752206840",
        "near_town_name": "山形市",
        "osm_id": "n3093340795"
      }
    },
    {
      "type": "Feature",
      "geometry": {
        "type": "Point",
        "coordinates": [
          140.3285814,
          38.2476493
        ]
      },
      "properties": {
        "id": "l00273",
        "name": "ソーレ・イン・ホテルズ",
        "name_en": "Sole inn hotels",
        "kind": "hotel",
        "stars": null,
        "rooms": null,
        "phone": null,
        "website": "http://www.sole-inn.com/",
        "operator": null,
        "address": null,
        "near_town": "n752206840",
        "near_town_name": "山形市",
        "osm_id": "n3093340798",
        "name_ko": "소레 인 호테르s"
      }
    },
    {
      "type": "Feature",
      "geometry": {
        "type": "Point",
        "coordinates": [
          140.33664,
          38.24517
        ]
      },
      "properties": {
        "id": "l00274",
        "name": "アパホテル",
        "name_en": "APA Hotel",
        "kind": "hotel",
        "stars": null,
        "rooms": null,
        "phone": null,
        "website": null,
        "operator": null,
        "address": null,
        "near_town": "n752206840",
        "near_town_name": "山形市",
        "osm_id": "n3093340802",
        "name_ko": "APA 호텔"
      }
    },
    {
      "type": "Feature",
      "geometry": {
        "type": "Point",
        "coordinates": [
          140.3292471,
          38.2479755
        ]
      },
      "properties": {
        "id": "l00275",
        "name": "コンフォートホテル山形",
        "name_en": "Comfort Hotel Yamagata",
        "kind": "hotel",
        "stars": null,
        "rooms": null,
        "phone": null,
        "website": "https://www.choice-hotels.jp/cfyamaga/",
        "operator": null,
        "address": null,
        "near_town": "n752206840",
        "near_town_name": "山形市",
        "osm_id": "n3093340803",
        "name_ko": "컴포트 호텔 야마가타"
      }
    },
    {
      "type": "Feature",
      "geometry": {
        "type": "Point",
        "coordinates": [
          140.33058,
          38.248941
        ]
      },
      "properties": {
        "id": "l00276",
        "name": "ホテルサンルート山形",
        "name_en": "Hotel Sunroute Yamagata",
        "kind": "hotel",
        "stars": null,
        "rooms": null,
        "phone": null,
        "website": "http://www.sunroute-yamagata.com/",
        "operator": null,
        "address": null,
        "near_town": "n752206840",
        "near_town_name": "山形市",
        "osm_id": "n3093340807",
        "name_ko": "호텔 슨로우테 야마가타"
      }
    },
    {
      "type": "Feature",
      "geometry": {
        "type": "Point",
        "coordinates": [
          140.3301,
          38.247021
        ]
      },
      "properties": {
        "id": "l00277",
        "name": "ホテルニューマーブル",
        "name_en": "Hotel New Marble",
        "kind": "hotel",
        "stars": null,
        "rooms": null,
        "phone": null,
        "website": "https://newmarble.jp/",
        "operator": null,
        "address": null,
        "near_town": "n752206840",
        "near_town_name": "山形市",
        "osm_id": "n3093340809",
        "name_ko": "호텔 네w 마rb레"
      }
    },
    {
      "type": "Feature",
      "geometry": {
        "type": "Point",
        "coordinates": [
          140.3334405,
          38.2466126
        ]
      },
      "properties": {
        "id": "l00278",
        "name": "ホテルリモージュ",
        "name_en": null,
        "kind": "hotel",
        "stars": null,
        "rooms": null,
        "phone": null,
        "website": null,
        "operator": null,
        "address": null,
        "near_town": "n752206840",
        "near_town_name": "山形市",
        "osm_id": "n3093340810"
      }
    },
    {
      "type": "Feature",
      "geometry": {
        "type": "Point",
        "coordinates": [
          140.33707,
          38.250686
        ]
      },
      "properties": {
        "id": "l00279",
        "name": "山形グランドホテル",
        "name_en": "Yamagata Grand Hotel",
        "kind": "hotel",
        "stars": null,
        "rooms": null,
        "phone": null,
        "website": null,
        "operator": null,
        "address": null,
        "near_town": "n752206840",
        "near_town_name": "山形市",
        "osm_id": "n3093340816",
        "name_ko": "야마가타 그랜드 호텔"
      }
    },
    {
      "type": "Feature",
      "geometry": {
        "type": "Point",
        "coordinates": [
          140.329581,
          38.2473076
        ]
      },
      "properties": {
        "id": "l00280",
        "name": "ダイワロイネットホテル山形駅前",
        "name_en": "Daiwa Roynet Hotel YAMAGATA-EKIMAE",
        "kind": "hotel",
        "stars": null,
        "rooms": null,
        "phone": "+81-23-627-7255",
        "website": "https://www.daiwaroynet.jp/yamagata-ekimae/",
        "operator": null,
        "address": "山形県 山形市",
        "near_town": "n752206840",
        "near_town_name": "山形市",
        "osm_id": "n3093365896",
        "name_ko": "다이와 로이넷 호텔 야마가타-에키마에"
      }
    },
    {
      "type": "Feature",
      "geometry": {
        "type": "Point",
        "coordinates": [
          140.3300833,
          38.2499904
        ]
      },
      "properties": {
        "id": "l00281",
        "name": "ビジネスホテルおかざわ",
        "name_en": "Hotel Okazawa",
        "kind": "hotel",
        "stars": null,
        "rooms": null,
        "phone": "+81 23 633 1616",
        "website": null,
        "operator": null,
        "address": null,
        "near_town": "n752206840",
        "near_town_name": "山形市",
        "osm_id": "n5001260522",
        "name_ko": "호텔 오카자와"
      }
    },
    {
      "type": "Feature",
      "geometry": {
        "type": "Point",
        "coordinates": [
          140.3297138,
          38.2509095
        ]
      },
      "properties": {
        "id": "l00282",
        "name": "ホテルイーストワン",
        "name_en": "Hotel East One",
        "kind": "hotel",
        "stars": null,
        "rooms": null,
        "phone": "+81 23 635 0303",
        "website": null,
        "operator": null,
        "address": null,
        "near_town": "n752206840",
        "near_town_name": "山形市",
        "osm_id": "n5001262426",
        "name_ko": "호텔 에아st 오네"
      }
    },
    {
      "type": "Feature",
      "geometry": {
        "type": "Point",
        "coordinates": [
          140.3272966,
          38.2432205
        ]
      },
      "properties": {
        "id": "l00283",
        "name": "ホテルキャピタルイン山形",
        "name_en": "Hotel Capital Inn Yamagata",
        "kind": "hotel",
        "stars": null,
        "rooms": null,
        "phone": "+81 23 634 7400",
        "website": null,
        "operator": null,
        "address": null,
        "near_town": "n752206840",
        "near_town_name": "山形市",
        "osm_id": "n5001262466",
        "name_ko": "호텔 c아피타르 인 야마가타"
      }
    },
    {
      "type": "Feature",
      "geometry": {
        "type": "Point",
        "coordinates": [
          140.3293469,
          38.2468032
        ]
      },
      "properties": {
        "id": "l00284",
        "name": "ビジネスホテル ヨシダ",
        "name_en": null,
        "kind": "hotel",
        "stars": null,
        "rooms": null,
        "phone": "+81 23 632 5420",
        "website": null,
        "operator": null,
        "address": null,
        "near_town": "n752206840",
        "near_town_name": "山形市",
        "osm_id": "n5001340722"
      }
    },
    {
      "type": "Feature",
      "geometry": {
        "type": "Point",
        "coordinates": [
          140.329075,
          38.246498
        ]
      },
      "properties": {
        "id": "l00285",
        "name": "小林旅館",
        "name_en": "Kobayashi Ryokan",
        "kind": "hotel",
        "stars": null,
        "rooms": null,
        "phone": "+81 23 622 8576",
        "website": null,
        "operator": null,
        "address": null,
        "near_town": "n752206840",
        "near_town_name": "山形市",
        "osm_id": "n5001341621",
        "name_ko": "코바야시 료칸"
      }
    },
    {
      "type": "Feature",
      "geometry": {
        "type": "Point",
        "coordinates": [
          140.3355057,
          38.2521065
        ]
      },
      "properties": {
        "id": "l00286",
        "name": "旅館仙台屋",
        "name_en": "Ryokan Sendaiya",
        "kind": "hotel",
        "stars": null,
        "rooms": null,
        "phone": "+81 23 642 0913",
        "website": null,
        "operator": null,
        "address": null,
        "near_town": "n752206840",
        "near_town_name": "山形市",
        "osm_id": "n5001344025",
        "name_ko": "료칸 센다이야"
      }
    },
    {
      "type": "Feature",
      "geometry": {
        "type": "Point",
        "coordinates": [
          140.326807,
          38.249743
        ]
      },
      "properties": {
        "id": "l00287",
        "name": "山形駅西口ワシントンホテル",
        "name_en": "Yamagata Eki Nishiguchi Washington Hotel",
        "kind": "hotel",
        "stars": null,
        "rooms": null,
        "phone": "+81 23 647 1111",
        "website": null,
        "operator": null,
        "address": null,
        "near_town": "n752206840",
        "near_town_name": "山形市",
        "osm_id": "n5002314421",
        "name_ko": "야마가타 에키 니시구치 와신g톤 호텔"
      }
    },
    {
      "type": "Feature",
      "geometry": {
        "type": "Point",
        "coordinates": [
          140.327086,
          38.218862
        ]
      },
      "properties": {
        "id": "l00288",
        "name": "ホテルナイト",
        "name_en": null,
        "kind": "hotel",
        "stars": null,
        "rooms": null,
        "phone": null,
        "website": null,
        "operator": null,
        "address": null,
        "near_town": "n752206840",
        "near_town_name": "山形市",
        "osm_id": "n5002782615"
      }
    },
    {
      "type": "Feature",
      "geometry": {
        "type": "Point",
        "coordinates": [
          140.3415579,
          38.2509659
        ]
      },
      "properties": {
        "id": "l00289",
        "name": "旅館 今野屋",
        "name_en": null,
        "kind": "hotel",
        "stars": null,
        "rooms": null,
        "phone": null,
        "website": null,
        "operator": null,
        "address": null,
        "near_town": "n752206840",
        "near_town_name": "山形市",
        "osm_id": "n5587712123"
      }
    },
    {
      "type": "Feature",
      "geometry": {
        "type": "Point",
        "coordinates": [
          140.3262217,
          38.2349837
        ]
      },
      "properties": {
        "id": "l00290",
        "name": "ホテルセンチュリー山形",
        "name_en": "Hotel Century Yamagata",
        "kind": "hotel",
        "stars": null,
        "rooms": null,
        "phone": "+81 23 631 1766",
        "website": null,
        "operator": null,
        "address": null,
        "near_town": "n752206840",
        "near_town_name": "山形市",
        "osm_id": "n5599540734",
        "name_ko": "호텔 c엔쓰ry 야마가타"
      }
    },
    {
      "type": "Feature",
      "geometry": {
        "type": "Point",
        "coordinates": [
          140.3226178,
          38.2469504
        ]
      },
      "properties": {
        "id": "l00291",
        "name": "SUPER HOTEL Yamagata Station West",
        "name_en": null,
        "kind": "hotel",
        "stars": null,
        "rooms": null,
        "phone": null,
        "website": "https://www.superhotel.co.jp/s_hotels/yamagata/",
        "operator": null,
        "address": null,
        "near_town": "n752206840",
        "near_town_name": "山形市",
        "osm_id": "n11173439946"
      }
    },
    {
      "type": "Feature",
      "geometry": {
        "type": "Point",
        "coordinates": [
          140.3313757,
          38.2458247
        ]
      },
      "properties": {
        "id": "l00292",
        "name": "山形国際ホテル",
        "name_en": "Yamagata Kokusai Hotel",
        "kind": "hotel",
        "stars": null,
        "rooms": null,
        "phone": "+81-23-633-1313",
        "website": "https://www.kokusaihotel.com/",
        "operator": null,
        "address": null,
        "near_town": "n752206840",
        "near_town_name": "山形市",
        "osm_id": "n12172319002",
        "name_ko": "야마가타 코쿠사이 호텔"
      }
    },
    {
      "type": "Feature",
      "geometry": {
        "type": "Point",
        "coordinates": [
          140.3276713,
          38.2478408
        ]
      },
      "properties": {
        "id": "l00293",
        "name": "ホテルメトロポリタン",
        "name_en": null,
        "kind": "hotel",
        "stars": null,
        "rooms": null,
        "phone": null,
        "website": null,
        "operator": null,
        "address": null,
        "near_town": "n752206840",
        "near_town_name": "山形市",
        "osm_id": "n12194086764"
      }
    },
    {
      "type": "Feature",
      "geometry": {
        "type": "Point",
        "coordinates": [
          140.3401208,
          38.2535427
        ]
      },
      "properties": {
        "id": "l00294",
        "name": "ホテルステイイン七日町",
        "name_en": null,
        "kind": "hotel",
        "stars": null,
        "rooms": null,
        "phone": null,
        "website": null,
        "operator": null,
        "address": null,
        "near_town": "n752206840",
        "near_town_name": "山形市",
        "osm_id": "n12194086796"
      }
    },
    {
      "type": "Feature",
      "geometry": {
        "type": "Point",
        "coordinates": [
          140.3246165,
          38.248747
        ]
      },
      "properties": {
        "id": "l00295",
        "name": "Richmond Hotel Yamagata Ekimae",
        "name_en": "Richmond Hotel Yamagata Ekimae",
        "kind": "hotel",
        "stars": null,
        "rooms": null,
        "phone": null,
        "website": null,
        "operator": null,
        "address": null,
        "near_town": "n752206840",
        "near_town_name": "山形市",
        "osm_id": "w406121524",
        "name_ko": "리치먼드 호텔 야마가타 에키마에"
      }
    },
    {
      "type": "Feature",
      "geometry": {
        "type": "Point",
        "coordinates": [
          140.3249455,
          38.2494393
        ]
      },
      "properties": {
        "id": "l00296",
        "name": "ホテルルートイン",
        "name_en": null,
        "kind": "hotel",
        "stars": null,
        "rooms": "214",
        "phone": "+81-23-647-1050",
        "website": "https://www.route-inn.co.jp/hotel_list/yamagata/index_hotel_id_232/",
        "operator": null,
        "address": "山形県 山形市",
        "near_town": "n752206840",
        "near_town_name": "山形市",
        "osm_id": "w753521389"
      }
    },
    {
      "type": "Feature",
      "geometry": {
        "type": "Point",
        "coordinates": [
          140.32909,
          38.2450661
        ]
      },
      "properties": {
        "id": "l00297",
        "name": "ホテルさくらんぼ",
        "name_en": "Hotel Sakurambo",
        "kind": "hotel",
        "stars": null,
        "rooms": null,
        "phone": null,
        "website": null,
        "operator": null,
        "address": null,
        "near_town": "n752206840",
        "near_town_name": "山形市",
        "osm_id": "w753521410",
        "name_ko": "호텔 사쿠라m보"
      }
    },
    {
      "type": "Feature",
      "geometry": {
        "type": "Point",
        "coordinates": [
          140.3239148,
          38.2502991
        ]
      },
      "properties": {
        "id": "l00298",
        "name": "東横イン",
        "name_en": "Toyoko Inn",
        "kind": "hotel",
        "stars": null,
        "rooms": null,
        "phone": null,
        "website": null,
        "operator": null,
        "address": null,
        "near_town": "n752206840",
        "near_town_name": "山形市",
        "osm_id": "w753521459",
        "name_ko": "도요코 인"
      }
    },
    {
      "type": "Feature",
      "geometry": {
        "type": "Point",
        "coordinates": [
          140.3609661,
          38.2411271
        ]
      },
      "properties": {
        "id": "l00299",
        "name": "あこや会館",
        "name_en": null,
        "kind": "hostel",
        "stars": null,
        "rooms": null,
        "phone": null,
        "website": null,
        "operator": null,
        "address": null,
        "near_town": "n752206840",
        "near_town_name": "山形市",
        "osm_id": "w863297525"
      }
    },
    {
      "type": "Feature",
      "geometry": {
        "type": "Point",
        "coordinates": [
          140.3374579,
          38.2454464
        ]
      },
      "properties": {
        "id": "l00300",
        "name": "泉景旅館",
        "name_en": null,
        "kind": "hotel",
        "stars": null,
        "rooms": null,
        "phone": null,
        "website": null,
        "operator": null,
        "address": null,
        "near_town": "n752206840",
        "near_town_name": "山形市",
        "osm_id": "w865334224"
      }
    },
    {
      "type": "Feature",
      "geometry": {
        "type": "Point",
        "coordinates": [
          140.3337183,
          38.2460795
        ]
      },
      "properties": {
        "id": "l00301",
        "name": "アパホテル 山形駅前大通",
        "name_en": "APA Hotel",
        "kind": "hotel",
        "stars": null,
        "rooms": null,
        "phone": null,
        "website": null,
        "operator": null,
        "address": null,
        "near_town": "n752206840",
        "near_town_name": "山形市",
        "osm_id": "w908946086",
        "name_ko": "APA 호텔"
      }
    },
    {
      "type": "Feature",
      "geometry": {
        "type": "Point",
        "coordinates": [
          140.3334807,
          38.2572153
        ]
      },
      "properties": {
        "id": "l00302",
        "name": "ミンタロハット",
        "name_en": "Mintaro Hut",
        "kind": "guest_house",
        "stars": null,
        "rooms": "4",
        "phone": "00819027971687",
        "website": "https://mintarohut.com",
        "operator": null,
        "address": null,
        "near_town": "n752206840",
        "near_town_name": "山形市",
        "osm_id": "w1007539178",
        "name_ko": "민타로 후t"
      }
    },
    {
      "type": "Feature",
      "geometry": {
        "type": "Point",
        "coordinates": [
          140.2796227,
          38.1591395
        ]
      },
      "properties": {
        "id": "l00303",
        "name": "旅の宿さいとう",
        "name_en": null,
        "kind": "guest_house",
        "stars": null,
        "rooms": null,
        "phone": null,
        "website": null,
        "operator": null,
        "address": null,
        "near_town": "n752206808",
        "near_town_name": "上山市",
        "osm_id": "n5132411232"
      }
    },
    {
      "type": "Feature",
      "geometry": {
        "type": "Point",
        "coordinates": [
          140.2765089,
          38.1607873
        ]
      },
      "properties": {
        "id": "l00304",
        "name": "ふぢ金旅館",
        "name_en": null,
        "kind": "hotel",
        "stars": null,
        "rooms": null,
        "phone": null,
        "website": null,
        "operator": null,
        "address": null,
        "near_town": "n752206808",
        "near_town_name": "上山市",
        "osm_id": "n5132411240"
      }
    },
    {
      "type": "Feature",
      "geometry": {
        "type": "Point",
        "coordinates": [
          140.2734836,
          38.1568619
        ]
      },
      "properties": {
        "id": "l00305",
        "name": "上山温泉 菊屋ホテル",
        "name_en": "Hotel Kikuya",
        "kind": "hotel",
        "stars": null,
        "rooms": null,
        "phone": "+81236958187",
        "website": null,
        "operator": null,
        "address": null,
        "near_town": "n752206808",
        "near_town_name": "上山市",
        "osm_id": "n5132411247",
        "name_ko": "호텔 키쿠야"
      }
    },
    {
      "type": "Feature",
      "geometry": {
        "type": "Point",
        "coordinates": [
          140.2762247,
          38.1608613
        ]
      },
      "properties": {
        "id": "l00306",
        "name": "鶴の湯長十郎旅館",
        "name_en": null,
        "kind": "hotel",
        "stars": null,
        "rooms": null,
        "phone": null,
        "website": null,
        "operator": null,
        "address": null,
        "near_town": "n752206808",
        "near_town_name": "上山市",
        "osm_id": "n5132412333"
      }
    },
    {
      "type": "Feature",
      "geometry": {
        "type": "Point",
        "coordinates": [
          140.2763627,
          38.1607904
        ]
      },
      "properties": {
        "id": "l00307",
        "name": "ホテル山内",
        "name_en": null,
        "kind": "hotel",
        "stars": null,
        "rooms": null,
        "phone": null,
        "website": null,
        "operator": null,
        "address": null,
        "near_town": "n752206808",
        "near_town_name": "上山市",
        "osm_id": "n5132412334"
      }
    },
    {
      "type": "Feature",
      "geometry": {
        "type": "Point",
        "coordinates": [
          140.2761668,
          38.1605413
        ]
      },
      "properties": {
        "id": "l00308",
        "name": "花明りの宿 月の池",
        "name_en": null,
        "kind": "hotel",
        "stars": null,
        "rooms": null,
        "phone": null,
        "website": null,
        "operator": null,
        "address": null,
        "near_town": "n752206808",
        "near_town_name": "上山市",
        "osm_id": "n5132412335"
      }
    },
    {
      "type": "Feature",
      "geometry": {
        "type": "Point",
        "coordinates": [
          140.2759239,
          38.1606526
        ]
      },
      "properties": {
        "id": "l00309",
        "name": "姫の湯 伊勢屋",
        "name_en": null,
        "kind": "hotel",
        "stars": null,
        "rooms": null,
        "phone": null,
        "website": null,
        "operator": null,
        "address": null,
        "near_town": "n752206808",
        "near_town_name": "上山市",
        "osm_id": "n5132412336"
      }
    },
    {
      "type": "Feature",
      "geometry": {
        "type": "Point",
        "coordinates": [
          140.2720999,
          38.1581065
        ]
      },
      "properties": {
        "id": "l00310",
        "name": "材木栄屋旅館",
        "name_en": null,
        "kind": "hotel",
        "stars": null,
        "rooms": null,
        "phone": null,
        "website": null,
        "operator": null,
        "address": null,
        "near_town": "n752206808",
        "near_town_name": "上山市",
        "osm_id": "n5132412340"
      }
    },
    {
      "type": "Feature",
      "geometry": {
        "type": "Point",
        "coordinates": [
          140.2748162,
          38.1552194
        ]
      },
      "properties": {
        "id": "l00311",
        "name": "よね本旅館",
        "name_en": null,
        "kind": "hotel",
        "stars": null,
        "rooms": null,
        "phone": null,
        "website": null,
        "operator": null,
        "address": null,
        "near_town": "n752206808",
        "near_town_name": "上山市",
        "osm_id": "n5132577925"
      }
    },
    {
      "type": "Feature",
      "geometry": {
        "type": "Point",
        "coordinates": [
          140.260892,
          38.1483293
        ]
      },
      "properties": {
        "id": "l00312",
        "name": "彩花亭時代屋",
        "name_en": null,
        "kind": "hotel",
        "stars": null,
        "rooms": null,
        "phone": null,
        "website": null,
        "operator": null,
        "address": null,
        "near_town": "n752206808",
        "near_town_name": "上山市",
        "osm_id": "n5132577933"
      }
    },
    {
      "type": "Feature",
      "geometry": {
        "type": "Point",
        "coordinates": [
          140.2628278,
          38.1482623
        ]
      },
      "properties": {
        "id": "l00313",
        "name": "はたごの心 橋本屋",
        "name_en": null,
        "kind": "hotel",
        "stars": null,
        "rooms": null,
        "phone": null,
        "website": null,
        "operator": null,
        "address": null,
        "near_town": "n752206808",
        "near_town_name": "上山市",
        "osm_id": "n5132577934"
      }
    },
    {
      "type": "Feature",
      "geometry": {
        "type": "Point",
        "coordinates": [
          140.2636916,
          38.1482514
        ]
      },
      "properties": {
        "id": "l00314",
        "name": "寒河江屋旅館",
        "name_en": null,
        "kind": "hotel",
        "stars": null,
        "rooms": null,
        "phone": null,
        "website": null,
        "operator": null,
        "address": null,
        "near_town": "n752206808",
        "near_town_name": "上山市",
        "osm_id": "n5132577935"
      }
    },
    {
      "type": "Feature",
      "geometry": {
        "type": "Point",
        "coordinates": [
          140.265041,
          38.1480759
        ]
      },
      "properties": {
        "id": "l00315",
        "name": "三木屋旅館",
        "name_en": null,
        "kind": "hotel",
        "stars": null,
        "rooms": null,
        "phone": null,
        "website": null,
        "operator": null,
        "address": null,
        "near_town": "n752206808",
        "near_town_name": "上山市",
        "osm_id": "n5132577938"
      }
    },
    {
      "type": "Feature",
      "geometry": {
        "type": "Point",
        "coordinates": [
          140.2750684,
          38.1542424
        ]
      },
      "properties": {
        "id": "l00316",
        "name": "旅館佐藤屋",
        "name_en": null,
        "kind": "hotel",
        "stars": null,
        "rooms": null,
        "phone": null,
        "website": null,
        "operator": null,
        "address": null,
        "near_town": "n752206808",
        "near_town_name": "上山市",
        "osm_id": "n5132578131"
      }
    },
    {
      "type": "Feature",
      "geometry": {
        "type": "Point",
        "coordinates": [
          140.2640202,
          38.1521618
        ]
      },
      "properties": {
        "id": "l00317",
        "name": "別館ふじや旅館",
        "name_en": null,
        "kind": "hotel",
        "stars": null,
        "rooms": null,
        "phone": null,
        "website": null,
        "operator": null,
        "address": null,
        "near_town": "n752206808",
        "near_town_name": "上山市",
        "osm_id": "n5132578135"
      }
    },
    {
      "type": "Feature",
      "geometry": {
        "type": "Point",
        "coordinates": [
          140.2637212,
          38.1503976
        ]
      },
      "properties": {
        "id": "l00318",
        "name": "おやど森の音",
        "name_en": null,
        "kind": "hotel",
        "stars": null,
        "rooms": null,
        "phone": null,
        "website": null,
        "operator": null,
        "address": null,
        "near_town": "n752206808",
        "near_town_name": "上山市",
        "osm_id": "n5132578136"
      }
    },
    {
      "type": "Feature",
      "geometry": {
        "type": "Point",
        "coordinates": [
          140.2722488,
          38.1574199
        ]
      },
      "properties": {
        "id": "l00319",
        "name": "はたや旅館",
        "name_en": null,
        "kind": "hotel",
        "stars": null,
        "rooms": null,
        "phone": null,
        "website": null,
        "operator": null,
        "address": null,
        "near_town": "n752206808",
        "near_town_name": "上山市",
        "osm_id": "n5132587121"
      }
    },
    {
      "type": "Feature",
      "geometry": {
        "type": "Point",
        "coordinates": [
          140.2626564,
          38.1487177
        ]
      },
      "properties": {
        "id": "l00320",
        "name": "静山壮",
        "name_en": null,
        "kind": "hotel",
        "stars": null,
        "rooms": null,
        "phone": null,
        "website": null,
        "operator": null,
        "address": null,
        "near_town": "n752206808",
        "near_town_name": "上山市",
        "osm_id": "n6564196434"
      }
    },
    {
      "type": "Feature",
      "geometry": {
        "type": "Point",
        "coordinates": [
          140.2609158,
          38.1483511
        ]
      },
      "properties": {
        "id": "l00321",
        "name": "彩花亭時代屋",
        "name_en": null,
        "kind": "hotel",
        "stars": null,
        "rooms": null,
        "phone": null,
        "website": null,
        "operator": null,
        "address": null,
        "near_town": "n752206808",
        "near_town_name": "上山市",
        "osm_id": "w699018730"
      }
    },
    {
      "type": "Feature",
      "geometry": {
        "type": "Point",
        "coordinates": [
          140.263187,
          38.1507161
        ]
      },
      "properties": {
        "id": "l00322",
        "name": "おやど森の音",
        "name_en": null,
        "kind": "hotel",
        "stars": null,
        "rooms": null,
        "phone": null,
        "website": null,
        "operator": null,
        "address": null,
        "near_town": "n752206808",
        "near_town_name": "上山市",
        "osm_id": "w699018733"
      }
    },
    {
      "type": "Feature",
      "geometry": {
        "type": "Point",
        "coordinates": [
          140.2640765,
          38.1522433
        ]
      },
      "properties": {
        "id": "l00323",
        "name": "別館ふじや旅館",
        "name_en": null,
        "kind": "hotel",
        "stars": null,
        "rooms": null,
        "phone": null,
        "website": null,
        "operator": null,
        "address": null,
        "near_town": "n752206808",
        "near_town_name": "上山市",
        "osm_id": "w699018734"
      }
    },
    {
      "type": "Feature",
      "geometry": {
        "type": "Point",
        "coordinates": [
          140.2648918,
          38.1478285
        ]
      },
      "properties": {
        "id": "l00324",
        "name": "三木屋旅館",
        "name_en": null,
        "kind": "hotel",
        "stars": null,
        "rooms": null,
        "phone": null,
        "website": null,
        "operator": null,
        "address": null,
        "near_town": "n752206808",
        "near_town_name": "上山市",
        "osm_id": "w699018735"
      }
    },
    {
      "type": "Feature",
      "geometry": {
        "type": "Point",
        "coordinates": [
          140.2635469,
          38.1481474
        ]
      },
      "properties": {
        "id": "l00325",
        "name": "寒河江屋旅館",
        "name_en": null,
        "kind": "hotel",
        "stars": null,
        "rooms": null,
        "phone": null,
        "website": null,
        "operator": null,
        "address": null,
        "near_town": "n752206808",
        "near_town_name": "上山市",
        "osm_id": "w699018736"
      }
    },
    {
      "type": "Feature",
      "geometry": {
        "type": "Point",
        "coordinates": [
          140.2628163,
          38.1482617
        ]
      },
      "properties": {
        "id": "l00326",
        "name": "はたごの心 橋本屋",
        "name_en": null,
        "kind": "hotel",
        "stars": null,
        "rooms": null,
        "phone": null,
        "website": null,
        "operator": null,
        "address": null,
        "near_town": "n752206808",
        "near_town_name": "上山市",
        "osm_id": "w699018737"
      }
    },
    {
      "type": "Feature",
      "geometry": {
        "type": "Point",
        "coordinates": [
          140.2620461,
          38.1480436
        ]
      },
      "properties": {
        "id": "l00327",
        "name": "葉山館",
        "name_en": null,
        "kind": "hotel",
        "stars": null,
        "rooms": null,
        "phone": null,
        "website": null,
        "operator": null,
        "address": null,
        "near_town": "n752206808",
        "near_town_name": "上山市",
        "osm_id": "w699018738"
      }
    },
    {
      "type": "Feature",
      "geometry": {
        "type": "Point",
        "coordinates": [
          140.2627589,
          38.1477522
        ]
      },
      "properties": {
        "id": "l00328",
        "name": "旅館三恵",
        "name_en": null,
        "kind": "hotel",
        "stars": null,
        "rooms": null,
        "phone": null,
        "website": null,
        "operator": null,
        "address": null,
        "near_town": "n752206808",
        "near_town_name": "上山市",
        "osm_id": "w699018739"
      }
    },
    {
      "type": "Feature",
      "geometry": {
        "type": "Point",
        "coordinates": [
          140.2613766,
          38.1480027
        ]
      },
      "properties": {
        "id": "l00329",
        "name": "日本の宿古釜",
        "name_en": null,
        "kind": "hotel",
        "stars": null,
        "rooms": null,
        "phone": null,
        "website": null,
        "operator": null,
        "address": null,
        "near_town": "n752206808",
        "near_town_name": "上山市",
        "osm_id": "w699018740"
      }
    },
    {
      "type": "Feature",
      "geometry": {
        "type": "Point",
        "coordinates": [
          140.2626598,
          38.1487
        ]
      },
      "properties": {
        "id": "l00330",
        "name": "静山壮",
        "name_en": null,
        "kind": "hotel",
        "stars": null,
        "rooms": null,
        "phone": null,
        "website": null,
        "operator": null,
        "address": null,
        "near_town": "n752206808",
        "near_town_name": "上山市",
        "osm_id": "w699018741"
      }
    },
    {
      "type": "Feature",
      "geometry": {
        "type": "Point",
        "coordinates": [
          140.575801,
          38.025055
        ]
      },
      "properties": {
        "id": "l00331",
        "name": "すずきや旅館",
        "name_en": null,
        "kind": "hotel",
        "stars": null,
        "rooms": null,
        "phone": null,
        "website": null,
        "operator": null,
        "address": null,
        "near_town": "n752184876",
        "near_town_name": "白石市",
        "osm_id": "n2285338568"
      }
    },
    {
      "type": "Feature",
      "geometry": {
        "type": "Point",
        "coordinates": [
          140.574897,
          38.024627
        ]
      },
      "properties": {
        "id": "l00332",
        "name": "湯主 一條",
        "name_en": null,
        "kind": "hotel",
        "stars": null,
        "rooms": null,
        "phone": null,
        "website": null,
        "operator": null,
        "address": null,
        "near_town": "n752184876",
        "near_town_name": "白石市",
        "osm_id": "n2285345560"
      }
    },
    {
      "type": "Feature",
      "geometry": {
        "type": "Point",
        "coordinates": [
          140.574671,
          38.022842
        ]
      },
      "properties": {
        "id": "l00333",
        "name": "四季の宿 みちのく庵",
        "name_en": null,
        "kind": "hotel",
        "stars": null,
        "rooms": null,
        "phone": null,
        "website": null,
        "operator": null,
        "address": null,
        "near_town": "n752184876",
        "near_town_name": "白石市",
        "osm_id": "n2285351548"
      }
    },
    {
      "type": "Feature",
      "geometry": {
        "type": "Point",
        "coordinates": [
          140.6263546,
          38.0043054
        ]
      },
      "properties": {
        "id": "l00334",
        "name": "パシフィックホテル白石",
        "name_en": "Pacific Hotel Shiroishi",
        "kind": "hotel",
        "stars": null,
        "rooms": null,
        "phone": "+81 224 25 3000",
        "website": "http://pacific-hotel-shiroishi.com",
        "operator": null,
        "address": null,
        "near_town": "n752184876",
        "near_town_name": "白石市",
        "osm_id": "n4732044021",
        "name_ko": "파c이피c 호텔 시로이시"
      }
    },
    {
      "type": "Feature",
      "geometry": {
        "type": "Point",
        "coordinates": [
          140.6226281,
          38.0016695
        ]
      },
      "properties": {
        "id": "l00335",
        "name": "宮城ホテル",
        "name_en": "Miyagi Hotel",
        "kind": "hotel",
        "stars": null,
        "rooms": null,
        "phone": "+81 224 24 5567",
        "website": null,
        "operator": null,
        "address": null,
        "near_town": "n752184876",
        "near_town_name": "白石市",
        "osm_id": "n4732073524",
        "name_ko": "미야기 호텔"
      }
    },
    {
      "type": "Feature",
      "geometry": {
        "type": "Point",
        "coordinates": [
          140.621251,
          38.0069714
        ]
      },
      "properties": {
        "id": "l00336",
        "name": "岡崎旅館",
        "name_en": "Okazaki Ryokan",
        "kind": "hotel",
        "stars": null,
        "rooms": null,
        "phone": "+81 224 26 2015",
        "website": null,
        "operator": null,
        "address": null,
        "near_town": "n752184876",
        "near_town_name": "白石市",
        "osm_id": "n4734064637",
        "name_ko": "오카자키 료칸"
      }
    },
    {
      "type": "Feature",
      "geometry": {
        "type": "Point",
        "coordinates": [
          140.6161403,
          37.9658334
        ]
      },
      "properties": {
        "id": "l00337",
        "name": "ホテルラビ",
        "name_en": null,
        "kind": "hotel",
        "stars": null,
        "rooms": null,
        "phone": "+81 224 26 1858",
        "website": null,
        "operator": null,
        "address": null,
        "near_town": "n752184876",
        "near_town_name": "白石市",
        "osm_id": "n4741215630"
      }
    },
    {
      "type": "Feature",
      "geometry": {
        "type": "Point",
        "coordinates": [
          140.6263759,
          38.0041869
        ]
      },
      "properties": {
        "id": "l00338",
        "name": "Pacific hotel shiroishi",
        "name_en": "Pacific hotel shiroishi",
        "kind": "hotel",
        "stars": null,
        "rooms": null,
        "phone": null,
        "website": null,
        "operator": null,
        "address": null,
        "near_town": "n752184876",
        "near_town_name": "白石市",
        "osm_id": "n4849382827",
        "name_ko": "파c이피c 호텔 시로이시"
      }
    },
    {
      "type": "Feature",
      "geometry": {
        "type": "Point",
        "coordinates": [
          140.5664805,
          37.9906676
        ]
      },
      "properties": {
        "id": "l00339",
        "name": "旅館しんゆ",
        "name_en": "Ryokan shin-yu",
        "kind": "hotel",
        "stars": null,
        "rooms": null,
        "phone": "+81 224 29 2321",
        "website": null,
        "operator": null,
        "address": null,
        "near_town": "n752184876",
        "near_town_name": "白石市",
        "osm_id": "n5114987231",
        "name_ko": "료칸 신-유"
      }
    },
    {
      "type": "Feature",
      "geometry": {
        "type": "Point",
        "coordinates": [
          140.6332957,
          37.9963069
        ]
      },
      "properties": {
        "id": "l00340",
        "name": "ベネシアンホテル白石蔵王",
        "name_en": "Venezian Hotel Shiroishi Zao",
        "kind": "hotel",
        "stars": null,
        "rooms": null,
        "phone": "+81 224 25 3111",
        "website": "http://venezian.jp",
        "operator": null,
        "address": null,
        "near_town": "n752184876",
        "near_town_name": "白石市",
        "osm_id": "n5466288954",
        "name_ko": "베네지안 호텔 시로이시 자오"
      }
    },
    {
      "type": "Feature",
      "geometry": {
        "type": "Point",
        "coordinates": [
          140.57541,
          38.0252547
        ]
      },
      "properties": {
        "id": "l00341",
        "name": "最上屋旅館",
        "name_en": null,
        "kind": "hotel",
        "stars": null,
        "rooms": null,
        "phone": null,
        "website": null,
        "operator": null,
        "address": null,
        "near_town": "n752184876",
        "near_town_name": "白石市",
        "osm_id": "w218989487"
      }
    },
    {
      "type": "Feature",
      "geometry": {
        "type": "Point",
        "coordinates": [
          140.575006,
          38.0253726
        ]
      },
      "properties": {
        "id": "l00342",
        "name": "湯守 木村屋",
        "name_en": null,
        "kind": "hotel",
        "stars": null,
        "rooms": null,
        "phone": null,
        "website": null,
        "operator": null,
        "address": null,
        "near_town": "n752184876",
        "near_town_name": "白石市",
        "osm_id": "w218989489"
      }
    },
    {
      "type": "Feature",
      "geometry": {
        "type": "Point",
        "coordinates": [
          139.7497013,
          38.0604535
        ]
      },
      "properties": {
        "id": "l00343",
        "name": "ビジネスホテルいづみ",
        "name_en": null,
        "kind": "hotel",
        "stars": null,
        "rooms": null,
        "phone": null,
        "website": null,
        "operator": null,
        "address": null,
        "near_town": "n752206821",
        "near_town_name": "小国町",
        "osm_id": "n5116628222"
      }
    },
    {
      "type": "Feature",
      "geometry": {
        "type": "Point",
        "coordinates": [
          139.7485982,
          38.0584573
        ]
      },
      "properties": {
        "id": "l00344",
        "name": "つたや旅館",
        "name_en": "Tsutaya Ryokan",
        "kind": "hotel",
        "stars": null,
        "rooms": null,
        "phone": null,
        "website": null,
        "operator": null,
        "address": null,
        "near_town": "n752206821",
        "near_town_name": "小国町",
        "osm_id": "n5116629131",
        "name_ko": "쓰타야 료칸"
      }
    },
    {
      "type": "Feature",
      "geometry": {
        "type": "Point",
        "coordinates": [
          140.1080196,
          37.9071558
        ]
      },
      "properties": {
        "id": "l00345",
        "name": "粋の宿 招湯苑",
        "name_en": null,
        "kind": "hotel",
        "stars": null,
        "rooms": null,
        "phone": null,
        "website": null,
        "operator": null,
        "address": null,
        "near_town": "n1201727341",
        "near_town_name": "米沢市",
        "osm_id": "n5146741541"
      }
    },
    {
      "type": "Feature",
      "geometry": {
        "type": "Point",
        "coordinates": [
          140.1130285,
          37.9082946
        ]
      },
      "properties": {
        "id": "l00346",
        "name": "旅館岩城屋",
        "name_en": null,
        "kind": "hotel",
        "stars": null,
        "rooms": null,
        "phone": null,
        "website": null,
        "operator": null,
        "address": null,
        "near_town": "n1201727341",
        "near_town_name": "米沢市",
        "osm_id": "n5146876628"
      }
    },
    {
      "type": "Feature",
      "geometry": {
        "type": "Point",
        "coordinates": [
          140.1057897,
          37.9107585
        ]
      },
      "properties": {
        "id": "l00347",
        "name": "高野屋旅館",
        "name_en": null,
        "kind": "hotel",
        "stars": null,
        "rooms": null,
        "phone": null,
        "website": null,
        "operator": null,
        "address": null,
        "near_town": "n1201727341",
        "near_town_name": "米沢市",
        "osm_id": "n5149222846"
      }
    },
    {
      "type": "Feature",
      "geometry": {
        "type": "Point",
        "coordinates": [
          140.1033158,
          37.9189482
        ]
      },
      "properties": {
        "id": "l00348",
        "name": "五十鈴荘",
        "name_en": null,
        "kind": "hotel",
        "stars": null,
        "rooms": null,
        "phone": null,
        "website": null,
        "operator": null,
        "address": null,
        "near_town": "n1201727341",
        "near_town_name": "米沢市",
        "osm_id": "n5151255233"
      }
    },
    {
      "type": "Feature",
      "geometry": {
        "type": "Point",
        "coordinates": [
          140.1104317,
          37.9167903
        ]
      },
      "properties": {
        "id": "l00349",
        "name": "丸万旅館",
        "name_en": null,
        "kind": "hotel",
        "stars": null,
        "rooms": null,
        "phone": null,
        "website": null,
        "operator": null,
        "address": null,
        "near_town": "n1201727341",
        "near_town_name": "米沢市",
        "osm_id": "n5151255322"
      }
    },
    {
      "type": "Feature",
      "geometry": {
        "type": "Point",
        "coordinates": [
          140.1089136,
          37.9145797
        ]
      },
      "properties": {
        "id": "l00350",
        "name": "旅館一楽荘",
        "name_en": null,
        "kind": "hotel",
        "stars": null,
        "rooms": null,
        "phone": null,
        "website": null,
        "operator": null,
        "address": null,
        "near_town": "n1201727341",
        "near_town_name": "米沢市",
        "osm_id": "n5151255333"
      }
    },
    {
      "type": "Feature",
      "geometry": {
        "type": "Point",
        "coordinates": [
          140.1167375,
          37.9186326
        ]
      },
      "properties": {
        "id": "l00351",
        "name": "ビジネスホテル金池別館",
        "name_en": null,
        "kind": "hotel",
        "stars": null,
        "rooms": null,
        "phone": null,
        "website": null,
        "operator": null,
        "address": null,
        "near_town": "n1201727341",
        "near_town_name": "米沢市",
        "osm_id": "n5154774322"
      }
    },
    {
      "type": "Feature",
      "geometry": {
        "type": "Point",
        "coordinates": [
          140.1102056,
          37.9121212
        ]
      },
      "properties": {
        "id": "l00352",
        "name": "ホテルモントビュー米沢",
        "name_en": null,
        "kind": "hotel",
        "stars": null,
        "rooms": null,
        "phone": null,
        "website": null,
        "operator": null,
        "address": null,
        "near_town": "n1201727341",
        "near_town_name": "米沢市",
        "osm_id": "n13175157292"
      }
    },
    {
      "type": "Feature",
      "geometry": {
        "type": "Point",
        "coordinates": [
          140.1342755,
          37.9100637
        ]
      },
      "properties": {
        "id": "l00353",
        "name": "ホテルルートイン 米沢駅東",
        "name_en": "Route Inn",
        "kind": "hotel",
        "stars": null,
        "rooms": null,
        "phone": null,
        "website": null,
        "operator": null,
        "address": "山形県 米沢市",
        "near_town": "n1201727341",
        "near_town_name": "米沢市",
        "osm_id": "w177258735",
        "name_ko": "루트 인"
      }
    },
    {
      "type": "Feature",
      "geometry": {
        "type": "Point",
        "coordinates": [
          140.1101586,
          37.914768
        ]
      },
      "properties": {
        "id": "l00354",
        "name": "ロイヤルパインズホテル米沢",
        "name_en": null,
        "kind": "hotel",
        "stars": null,
        "rooms": null,
        "phone": null,
        "website": null,
        "operator": null,
        "address": null,
        "near_town": "n1201727341",
        "near_town_name": "米沢市",
        "osm_id": "w196237072"
      }
    },
    {
      "type": "Feature",
      "geometry": {
        "type": "Point",
        "coordinates": [
          140.1114194,
          37.9106985
        ]
      },
      "properties": {
        "id": "l00355",
        "name": "ホテルベネックス米沢",
        "name_en": null,
        "kind": "hotel",
        "stars": null,
        "rooms": null,
        "phone": null,
        "website": null,
        "operator": null,
        "address": null,
        "near_town": "n1201727341",
        "near_town_name": "米沢市",
        "osm_id": "w699527414"
      }
    },
    {
      "type": "Feature",
      "geometry": {
        "type": "Point",
        "coordinates": [
          140.1316376,
          37.9088765
        ]
      },
      "properties": {
        "id": "l00356",
        "name": "スマイルホテル米沢",
        "name_en": null,
        "kind": "hotel",
        "stars": null,
        "rooms": null,
        "phone": null,
        "website": null,
        "operator": "スマイルホテル",
        "address": null,
        "near_town": "n1201727341",
        "near_town_name": "米沢市",
        "osm_id": "w1427339017"
      }
    },
    {
      "type": "Feature",
      "geometry": {
        "type": "Point",
        "coordinates": [
          140.1266073,
          37.9095495
        ]
      },
      "properties": {
        "id": "l00357",
        "name": "ホテルおとわ",
        "name_en": null,
        "kind": "hotel",
        "stars": null,
        "rooms": null,
        "phone": null,
        "website": null,
        "operator": null,
        "address": null,
        "near_town": "n1201727341",
        "near_town_name": "米沢市",
        "osm_id": "w1427612904"
      }
    },
    {
      "type": "Feature",
      "geometry": {
        "type": "Point",
        "coordinates": [
          140.1243111,
          37.9089222
        ]
      },
      "properties": {
        "id": "l00358",
        "name": "ホテル アルファーワン米沢",
        "name_en": null,
        "kind": "hotel",
        "stars": null,
        "rooms": null,
        "phone": null,
        "website": null,
        "operator": null,
        "address": null,
        "near_town": "n1201727341",
        "near_town_name": "米沢市",
        "osm_id": "w1427874072"
      }
    },
    {
      "type": "Feature",
      "geometry": {
        "type": "Point",
        "coordinates": [
          140.1242429,
          37.9089333
        ]
      },
      "properties": {
        "id": "l00359",
        "name": "アルファーワン米沢",
        "name_en": null,
        "kind": "hotel",
        "stars": null,
        "rooms": null,
        "phone": null,
        "website": null,
        "operator": null,
        "address": null,
        "near_town": "n1201727341",
        "near_town_name": "米沢市",
        "osm_id": "w1427874073"
      }
    },
    {
      "type": "Feature",
      "geometry": {
        "type": "Point",
        "coordinates": [
          140.1313318,
          37.9089281
        ]
      },
      "properties": {
        "id": "l00360",
        "name": "(이름 없음)",
        "name_en": null,
        "kind": "hotel",
        "stars": null,
        "rooms": null,
        "phone": null,
        "website": null,
        "operator": null,
        "address": null,
        "near_town": "n1201727341",
        "near_town_name": "米沢市",
        "osm_id": "w1427969509"
      }
    },
    {
      "type": "Feature",
      "geometry": {
        "type": "Point",
        "coordinates": [
          140.1286086,
          37.9067572
        ]
      },
      "properties": {
        "id": "l00361",
        "name": "東横イン米沢駅前",
        "name_en": null,
        "kind": "hotel",
        "stars": null,
        "rooms": null,
        "phone": null,
        "website": null,
        "operator": null,
        "address": null,
        "near_town": "n1201727341",
        "near_town_name": "米沢市",
        "osm_id": "w1427969510"
      }
    },
    {
      "type": "Feature",
      "geometry": {
        "type": "Point",
        "coordinates": [
          140.1343448,
          37.9102326
        ]
      },
      "properties": {
        "id": "l00362",
        "name": "(이름 없음)",
        "name_en": null,
        "kind": "hotel",
        "stars": null,
        "rooms": null,
        "phone": null,
        "website": null,
        "operator": null,
        "address": null,
        "near_town": "n1201727341",
        "near_town_name": "米沢市",
        "osm_id": "w1427988684"
      }
    },
    {
      "type": "Feature",
      "geometry": {
        "type": "Point",
        "coordinates": [
          140.1219444,
          37.9103723
        ]
      },
      "properties": {
        "id": "l00363",
        "name": "水原旅館",
        "name_en": null,
        "kind": "hotel",
        "stars": null,
        "rooms": null,
        "phone": null,
        "website": null,
        "operator": null,
        "address": null,
        "near_town": "n1201727341",
        "near_town_name": "米沢市",
        "osm_id": "w1431106225"
      }
    },
    {
      "type": "Feature",
      "geometry": {
        "type": "Point",
        "coordinates": [
          140.1253326,
          37.9102556
        ]
      },
      "properties": {
        "id": "l00364",
        "name": "丸宮旅館",
        "name_en": null,
        "kind": "hotel",
        "stars": null,
        "rooms": null,
        "phone": null,
        "website": null,
        "operator": null,
        "address": null,
        "near_town": "n1201727341",
        "near_town_name": "米沢市",
        "osm_id": "w1431110512"
      }
    },
    {
      "type": "Feature",
      "geometry": {
        "type": "Point",
        "coordinates": [
          140.115217,
          37.9086603
        ]
      },
      "properties": {
        "id": "l00365",
        "name": "(이름 없음)",
        "name_en": null,
        "kind": "hotel",
        "stars": null,
        "rooms": null,
        "phone": null,
        "website": null,
        "operator": null,
        "address": null,
        "near_town": "n1201727341",
        "near_town_name": "米沢市",
        "osm_id": "w1431173417"
      }
    },
    {
      "type": "Feature",
      "geometry": {
        "type": "Point",
        "coordinates": [
          140.1152493,
          37.9085895
        ]
      },
      "properties": {
        "id": "l00366",
        "name": "つたや",
        "name_en": null,
        "kind": "hotel",
        "stars": null,
        "rooms": null,
        "phone": null,
        "website": null,
        "operator": null,
        "address": null,
        "near_town": "n1201727341",
        "near_town_name": "米沢市",
        "osm_id": "w1431173418"
      }
    },
    {
      "type": "Feature",
      "geometry": {
        "type": "Point",
        "coordinates": [
          140.1195404,
          37.913438
        ]
      },
      "properties": {
        "id": "l00367",
        "name": "米沢パークホテル",
        "name_en": null,
        "kind": "hotel",
        "stars": null,
        "rooms": null,
        "phone": null,
        "website": null,
        "operator": null,
        "address": null,
        "near_town": "n1201727341",
        "near_town_name": "米沢市",
        "osm_id": "w1431443576"
      }
    },
    {
      "type": "Feature",
      "geometry": {
        "type": "Point",
        "coordinates": [
          140.1195907,
          37.9134459
        ]
      },
      "properties": {
        "id": "l00368",
        "name": "米沢パークホテル",
        "name_en": null,
        "kind": "hotel",
        "stars": null,
        "rooms": null,
        "phone": null,
        "website": null,
        "operator": null,
        "address": null,
        "near_town": "n1201727341",
        "near_town_name": "米沢市",
        "osm_id": "w1431443577"
      }
    },
    {
      "type": "Feature",
      "geometry": {
        "type": "Point",
        "coordinates": [
          140.1100823,
          37.914801
        ]
      },
      "properties": {
        "id": "l00369",
        "name": "ロイヤルパインズホテル米沢",
        "name_en": null,
        "kind": "hotel",
        "stars": null,
        "rooms": null,
        "phone": null,
        "website": null,
        "operator": null,
        "address": null,
        "near_town": "n1201727341",
        "near_town_name": "米沢市",
        "osm_id": "w1431443596"
      }
    },
    {
      "type": "Feature",
      "geometry": {
        "type": "Point",
        "coordinates": [
          140.1029618,
          37.9017077
        ]
      },
      "properties": {
        "id": "l00370",
        "name": "ゲストハウスYu",
        "name_en": null,
        "kind": "guest_house",
        "stars": null,
        "rooms": null,
        "phone": null,
        "website": null,
        "operator": "山形大学",
        "address": null,
        "near_town": "n1201727341",
        "near_town_name": "米沢市",
        "osm_id": "w1432003528"
      }
    },
    {
      "type": "Feature",
      "geometry": {
        "type": "Point",
        "coordinates": [
          140.1114331,
          37.9227072
        ]
      },
      "properties": {
        "id": "l00371",
        "name": "ホテル スロービレッジ 米沢",
        "name_en": null,
        "kind": "hotel",
        "stars": null,
        "rooms": null,
        "phone": null,
        "website": null,
        "operator": null,
        "address": null,
        "near_town": "n1201727341",
        "near_town_name": "米沢市",
        "osm_id": "w1432455396"
      }
    },
    {
      "type": "Feature",
      "geometry": {
        "type": "Point",
        "coordinates": [
          140.1115072,
          37.9145619
        ]
      },
      "properties": {
        "id": "l00372",
        "name": "ホテルセレクトイン米沢",
        "name_en": null,
        "kind": "hotel",
        "stars": null,
        "rooms": null,
        "phone": null,
        "website": null,
        "operator": null,
        "address": null,
        "near_town": "n1201727341",
        "near_town_name": "米沢市",
        "osm_id": "w1433547831"
      }
    },
    {
      "type": "Feature",
      "geometry": {
        "type": "Point",
        "coordinates": [
          140.1115223,
          37.9146449
        ]
      },
      "properties": {
        "id": "l00373",
        "name": "ホテルセレクトイン米沢",
        "name_en": null,
        "kind": "hotel",
        "stars": null,
        "rooms": null,
        "phone": null,
        "website": null,
        "operator": null,
        "address": null,
        "near_town": "n1201727341",
        "near_town_name": "米沢市",
        "osm_id": "w1433547832"
      }
    },
    {
      "type": "Feature",
      "geometry": {
        "type": "Point",
        "coordinates": [
          140.1114213,
          37.9106429
        ]
      },
      "properties": {
        "id": "l00374",
        "name": "(이름 없음)",
        "name_en": null,
        "kind": "hotel",
        "stars": null,
        "rooms": null,
        "phone": null,
        "website": null,
        "operator": null,
        "address": null,
        "near_town": "n1201727341",
        "near_town_name": "米沢市",
        "osm_id": "w1433764339"
      }
    },
    {
      "type": "Feature",
      "geometry": {
        "type": "Point",
        "coordinates": [
          140.1376626,
          37.9537008
        ]
      },
      "properties": {
        "id": "l00375",
        "name": "ホテルTOP",
        "name_en": null,
        "kind": "hotel",
        "stars": null,
        "rooms": null,
        "phone": null,
        "website": null,
        "operator": null,
        "address": null,
        "near_town": "n1201727341",
        "near_town_name": "米沢市",
        "osm_id": "w1442059119"
      }
    },
    {
      "type": "Feature",
      "geometry": {
        "type": "Point",
        "coordinates": [
          140.1082266,
          37.9146753
        ]
      },
      "properties": {
        "id": "l00376",
        "name": "ビジネス旅館 一楽荘別館",
        "name_en": null,
        "kind": "hotel",
        "stars": null,
        "rooms": null,
        "phone": null,
        "website": null,
        "operator": null,
        "address": null,
        "near_town": "n1201727341",
        "near_town_name": "米沢市",
        "osm_id": "w1449999969"
      }
    },
    {
      "type": "Feature",
      "geometry": {
        "type": "Point",
        "coordinates": [
          140.083651,
          37.5657227
        ]
      },
      "properties": {
        "id": "l00377",
        "name": "国立磐梯青少年交流の家",
        "name_en": null,
        "kind": "hotel",
        "stars": null,
        "rooms": null,
        "phone": "0242-62-2530",
        "website": "https://bandai.niye.go.jp/",
        "operator": null,
        "address": null,
        "near_town": "n734866071",
        "near_town_name": "猪苗代町",
        "osm_id": "n2588595641"
      }
    },
    {
      "type": "Feature",
      "geometry": {
        "type": "Point",
        "coordinates": [
          140.1078904,
          37.5596942
        ]
      },
      "properties": {
        "id": "l00378",
        "name": "おぐら荘",
        "name_en": null,
        "kind": "guest_house",
        "stars": null,
        "rooms": null,
        "phone": null,
        "website": null,
        "operator": null,
        "address": null,
        "near_town": "n734866071",
        "near_town_name": "猪苗代町",
        "osm_id": "n3008067815"
      }
    },
    {
      "type": "Feature",
      "geometry": {
        "type": "Point",
        "coordinates": [
          140.1067447,
          37.5594896
        ]
      },
      "properties": {
        "id": "l00379",
        "name": "朝日荘",
        "name_en": null,
        "kind": "guest_house",
        "stars": null,
        "rooms": null,
        "phone": null,
        "website": null,
        "operator": null,
        "address": null,
        "near_town": "n734866071",
        "near_town_name": "猪苗代町",
        "osm_id": "n3008068447"
      }
    },
    {
      "type": "Feature",
      "geometry": {
        "type": "Point",
        "coordinates": [
          140.1096893,
          37.5593785
        ]
      },
      "properties": {
        "id": "l00380",
        "name": "神田荘",
        "name_en": null,
        "kind": "guest_house",
        "stars": null,
        "rooms": null,
        "phone": null,
        "website": null,
        "operator": null,
        "address": null,
        "near_town": "n734866071",
        "near_town_name": "猪苗代町",
        "osm_id": "n3008068450"
      }
    },
    {
      "type": "Feature",
      "geometry": {
        "type": "Point",
        "coordinates": [
          140.0608782,
          37.5779373
        ]
      },
      "properties": {
        "id": "l00381",
        "name": "猪苗代リゾートホテル",
        "name_en": null,
        "kind": "hotel",
        "stars": null,
        "rooms": null,
        "phone": null,
        "website": null,
        "operator": null,
        "address": null,
        "near_town": "n734866071",
        "near_town_name": "猪苗代町",
        "osm_id": "w41418586"
      }
    },
    {
      "type": "Feature",
      "geometry": {
        "type": "Point",
        "coordinates": [
          140.1498236,
          37.5424641
        ]
      },
      "properties": {
        "id": "l00382",
        "name": "ウィングタワー",
        "name_en": null,
        "kind": "hotel",
        "stars": null,
        "rooms": null,
        "phone": null,
        "website": null,
        "operator": null,
        "address": null,
        "near_town": "n734866071",
        "near_town_name": "猪苗代町",
        "osm_id": "w252835808"
      }
    },
    {
      "type": "Feature",
      "geometry": {
        "type": "Point",
        "coordinates": [
          140.0319392,
          37.5856969
        ]
      },
      "properties": {
        "id": "l00383",
        "name": "磐梯山温泉ホテル",
        "name_en": "Hoshino Resorts Bandaisan Onsen Hotel",
        "kind": "hotel",
        "stars": null,
        "rooms": null,
        "phone": "+81-50-3134-8094",
        "website": "https://hoshinoresorts.com/ja/hotels/bandai",
        "operator": null,
        "address": "6838-68 Sarashina Shimizudaira, Bandai-machi,Yama-gun, Fukushima 969-3302",
        "near_town": "n734866111",
        "near_town_name": "磐梯町",
        "osm_id": "w253521124",
        "name_ko": "호시노 레소rts 반다이산 온천 호텔"
      }
    },
    {
      "type": "Feature",
      "geometry": {
        "type": "Point",
        "coordinates": [
          140.4643773,
          37.7508883
        ]
      },
      "properties": {
        "id": "l00384",
        "name": "ホテルサンルート福島",
        "name_en": null,
        "kind": "hotel",
        "stars": null,
        "rooms": null,
        "phone": null,
        "website": null,
        "operator": null,
        "address": null,
        "near_town": "n734866113",
        "near_town_name": "福島市",
        "osm_id": "n2036194058"
      }
    },
    {
      "type": "Feature",
      "geometry": {
        "type": "Point",
        "coordinates": [
          140.4579181,
          37.756022
        ]
      },
      "properties": {
        "id": "l00385",
        "name": "リッチモンドホテル福島",
        "name_en": null,
        "kind": "hotel",
        "stars": null,
        "rooms": null,
        "phone": null,
        "website": null,
        "operator": null,
        "address": null,
        "near_town": "n734866113",
        "near_town_name": "福島市",
        "osm_id": "n2445557600"
      }
    },
    {
      "type": "Feature",
      "geometry": {
        "type": "Point",
        "coordinates": [
          140.4616238,
          37.751866
        ]
      },
      "properties": {
        "id": "l00386",
        "name": "Sleep one",
        "name_en": null,
        "kind": "hotel",
        "stars": null,
        "rooms": null,
        "phone": null,
        "website": null,
        "operator": null,
        "address": null,
        "near_town": "n734866113",
        "near_town_name": "福島市",
        "osm_id": "n3093340797"
      }
    },
    {
      "type": "Feature",
      "geometry": {
        "type": "Point",
        "coordinates": [
          140.461626,
          37.7517542
        ]
      },
      "properties": {
        "id": "l00387",
        "name": "ホテル板倉",
        "name_en": null,
        "kind": "hotel",
        "stars": null,
        "rooms": null,
        "phone": null,
        "website": null,
        "operator": null,
        "address": null,
        "near_town": "n734866113",
        "near_town_name": "福島市",
        "osm_id": "n3093340813"
      }
    },
    {
      "type": "Feature",
      "geometry": {
        "type": "Point",
        "coordinates": [
          140.46092,
          37.75656
        ]
      },
      "properties": {
        "id": "l00388",
        "name": "福島リッチホテル",
        "name_en": "Rich hotel",
        "kind": "hotel",
        "stars": null,
        "rooms": null,
        "phone": null,
        "website": null,
        "operator": null,
        "address": null,
        "near_town": "n734866113",
        "near_town_name": "福島市",
        "osm_id": "n3098547919",
        "name_ko": "리ch 호텔"
      }
    },
    {
      "type": "Feature",
      "geometry": {
        "type": "Point",
        "coordinates": [
          140.4569527,
          37.7562521
        ]
      },
      "properties": {
        "id": "l00389",
        "name": "東横INN福島駅西口",
        "name_en": "Toyoko Inn",
        "kind": "hotel",
        "stars": null,
        "rooms": null,
        "phone": null,
        "website": null,
        "operator": null,
        "address": null,
        "near_town": "n734866113",
        "near_town_name": "福島市",
        "osm_id": "n5044927687",
        "name_ko": "도요코 인"
      }
    },
    {
      "type": "Feature",
      "geometry": {
        "type": "Point",
        "coordinates": [
          140.4678726,
          37.7531861
        ]
      },
      "properties": {
        "id": "l00390",
        "name": "ホテルサンキョウフクシマ",
        "name_en": "HOTEL　SANKYO　FUKUSHIMA",
        "kind": "hotel",
        "stars": null,
        "rooms": null,
        "phone": "024-525-2211",
        "website": "https://www.sankyohotel.jp/fukushima/",
        "operator": null,
        "address": "県庁通り",
        "near_town": "n734866113",
        "near_town_name": "福島市",
        "osm_id": "n5455340621",
        "name_ko": "호텔　산쿄　후쿠시마"
      }
    },
    {
      "type": "Feature",
      "geometry": {
        "type": "Point",
        "coordinates": [
          140.4604364,
          37.7532019
        ]
      },
      "properties": {
        "id": "l00391",
        "name": "JR東日本ホテルメッツ 福島",
        "name_en": null,
        "kind": "hotel",
        "stars": null,
        "rooms": null,
        "phone": null,
        "website": null,
        "operator": null,
        "address": null,
        "near_town": "n734866113",
        "near_town_name": "福島市",
        "osm_id": "n6259420199"
      }
    },
    {
      "type": "Feature",
      "geometry": {
        "type": "Point",
        "coordinates": [
          140.4578622,
          37.753608
        ]
      },
      "properties": {
        "id": "l00392",
        "name": "アパホテル 福島駅前",
        "name_en": "APA Hotel",
        "kind": "hotel",
        "stars": null,
        "rooms": null,
        "phone": null,
        "website": null,
        "operator": null,
        "address": "福島県 福島市",
        "near_town": "n734866113",
        "near_town_name": "福島市",
        "osm_id": "n6259420215",
        "name_ko": "APA 호텔"
      }
    },
    {
      "type": "Feature",
      "geometry": {
        "type": "Point",
        "coordinates": [
          140.4614097,
          37.754353
        ]
      },
      "properties": {
        "id": "l00393",
        "name": "グリーンホテル",
        "name_en": null,
        "kind": "hotel",
        "stars": null,
        "rooms": null,
        "phone": null,
        "website": null,
        "operator": null,
        "address": null,
        "near_town": "n734866113",
        "near_town_name": "福島市",
        "osm_id": "n10815644676"
      }
    },
    {
      "type": "Feature",
      "geometry": {
        "type": "Point",
        "coordinates": [
          140.4608794,
          37.7585108
        ]
      },
      "properties": {
        "id": "l00394",
        "name": "(이름 없음)",
        "name_en": null,
        "kind": "hotel",
        "stars": null,
        "rooms": null,
        "phone": null,
        "website": null,
        "operator": null,
        "address": null,
        "near_town": "n734866113",
        "near_town_name": "福島市",
        "osm_id": "n10967688246"
      }
    },
    {
      "type": "Feature",
      "geometry": {
        "type": "Point",
        "coordinates": [
          140.4607347,
          37.7574905
        ]
      },
      "properties": {
        "id": "l00395",
        "name": "東横INN福島駅東口2",
        "name_en": "Toyoko Inn",
        "kind": "hotel",
        "stars": null,
        "rooms": null,
        "phone": null,
        "website": null,
        "operator": null,
        "address": null,
        "near_town": "n734866113",
        "near_town_name": "福島市",
        "osm_id": "n13649274493",
        "name_ko": "도요코 인"
      }
    },
    {
      "type": "Feature",
      "geometry": {
        "type": "Point",
        "coordinates": [
          140.4607356,
          37.7572958
        ]
      },
      "properties": {
        "id": "l00396",
        "name": "東横INN福島駅東口1",
        "name_en": "Toyoko Inn",
        "kind": "hotel",
        "stars": null,
        "rooms": null,
        "phone": null,
        "website": null,
        "operator": null,
        "address": null,
        "near_town": "n734866113",
        "near_town_name": "福島市",
        "osm_id": "n13649274494",
        "name_ko": "도요코 인"
      }
    },
    {
      "type": "Feature",
      "geometry": {
        "type": "Point",
        "coordinates": [
          140.4708842,
          37.7528858
        ]
      },
      "properties": {
        "id": "l00397",
        "name": "ホテル福島ヒルズ",
        "name_en": "Hotel Fukushima Hills",
        "kind": "hotel",
        "stars": null,
        "rooms": null,
        "phone": null,
        "website": null,
        "operator": "BBHグループ",
        "address": null,
        "near_town": "n734866113",
        "near_town_name": "福島市",
        "osm_id": "w187887129",
        "name_ko": "호텔 후쿠시마 힛르s"
      }
    },
    {
      "type": "Feature",
      "geometry": {
        "type": "Point",
        "coordinates": [
          140.4571828,
          37.7546826
        ]
      },
      "properties": {
        "id": "l00398",
        "name": "ザ・セレクトン福島",
        "name_en": null,
        "kind": "hotel",
        "stars": null,
        "rooms": null,
        "phone": null,
        "website": null,
        "operator": null,
        "address": null,
        "near_town": "n734866113",
        "near_town_name": "福島市",
        "osm_id": "w187894843"
      }
    },
    {
      "type": "Feature",
      "geometry": {
        "type": "Point",
        "coordinates": [
          140.4563614,
          37.7546374
        ]
      },
      "properties": {
        "id": "l00399",
        "name": "福島グリーンパレス",
        "name_en": null,
        "kind": "hotel",
        "stars": null,
        "rooms": null,
        "phone": null,
        "website": null,
        "operator": null,
        "address": null,
        "near_town": "n734866113",
        "near_town_name": "福島市",
        "osm_id": "w187894845"
      }
    },
    {
      "type": "Feature",
      "geometry": {
        "type": "Point",
        "coordinates": [
          139.9282697,
          37.49495
        ]
      },
      "properties": {
        "id": "l00400",
        "name": "中村屋旅館",
        "name_en": "Nakamuraya",
        "kind": "hotel",
        "stars": null,
        "rooms": null,
        "phone": null,
        "website": null,
        "operator": null,
        "address": null,
        "near_town": "n734866096",
        "near_town_name": "会津若松市",
        "osm_id": "n1275010631",
        "name_ko": "나카무라야"
      }
    },
    {
      "type": "Feature",
      "geometry": {
        "type": "Point",
        "coordinates": [
          139.9305706,
          37.5067989
        ]
      },
      "properties": {
        "id": "l00401",
        "name": "駅前フジグランドホテル",
        "name_en": "EKIMAE Fuji grand hotel",
        "kind": "hotel",
        "stars": null,
        "rooms": null,
        "phone": "+81 242 24 1111",
        "website": "http://www.fujigrandhotel.co.jp",
        "operator": null,
        "address": null,
        "near_town": "n734866096",
        "near_town_name": "会津若松市",
        "osm_id": "n1345581847",
        "name_ko": "에키마에 후지 그랜드 호텔"
      }
    },
    {
      "type": "Feature",
      "geometry": {
        "type": "Point",
        "coordinates": [
          139.9206426,
          37.5010492
        ]
      },
      "properties": {
        "id": "l00402",
        "name": "宿たかや",
        "name_en": null,
        "kind": "guest_house",
        "stars": null,
        "rooms": null,
        "phone": null,
        "website": null,
        "operator": null,
        "address": null,
        "near_town": "n734866096",
        "near_town_name": "会津若松市",
        "osm_id": "n2047594187"
      }
    },
    {
      "type": "Feature",
      "geometry": {
        "type": "Point",
        "coordinates": [
          139.9586337,
          37.4822953
        ]
      },
      "properties": {
        "id": "l00403",
        "name": "御宿東鳳",
        "name_en": "Onyado_Toho",
        "kind": "hotel",
        "stars": null,
        "rooms": null,
        "phone": null,
        "website": null,
        "operator": null,
        "address": null,
        "near_town": "n734866096",
        "near_town_name": "会津若松市",
        "osm_id": "n2224751104",
        "name_ko": "오냐도_토호"
      }
    },
    {
      "type": "Feature",
      "geometry": {
        "type": "Point",
        "coordinates": [
          139.9523316,
          37.4850649
        ]
      },
      "properties": {
        "id": "l00404",
        "name": "HOTEL M's",
        "name_en": "HOTEL M's",
        "kind": "hotel",
        "stars": null,
        "rooms": null,
        "phone": null,
        "website": null,
        "operator": null,
        "address": null,
        "near_town": "n734866096",
        "near_town_name": "会津若松市",
        "osm_id": "n2224929892",
        "name_ko": "호텔 m's"
      }
    },
    {
      "type": "Feature",
      "geometry": {
        "type": "Point",
        "coordinates": [
          139.9275122,
          37.4988475
        ]
      },
      "properties": {
        "id": "l00405",
        "name": "ホテル大阪屋",
        "name_en": "Hotel Oosakaya",
        "kind": "hotel",
        "stars": null,
        "rooms": null,
        "phone": null,
        "website": null,
        "operator": null,
        "address": null,
        "near_town": "n734866096",
        "near_town_name": "会津若松市",
        "osm_id": "n2270235461",
        "name_ko": "호텔 오오사카야"
      }
    },
    {
      "type": "Feature",
      "geometry": {
        "type": "Point",
        "coordinates": [
          139.9294603,
          37.4778285
        ]
      },
      "properties": {
        "id": "l00406",
        "name": "旅館田園",
        "name_en": "Denen",
        "kind": "hotel",
        "stars": null,
        "rooms": null,
        "phone": null,
        "website": null,
        "operator": null,
        "address": null,
        "near_town": "n734866096",
        "near_town_name": "会津若松市",
        "osm_id": "n2271303704",
        "name_ko": "데넨"
      }
    },
    {
      "type": "Feature",
      "geometry": {
        "type": "Point",
        "coordinates": [
          139.9611133,
          37.4795755
        ]
      },
      "properties": {
        "id": "l00407",
        "name": "新風月",
        "name_en": "Shin Fugetsu",
        "kind": "hotel",
        "stars": null,
        "rooms": null,
        "phone": null,
        "website": null,
        "operator": null,
        "address": null,
        "near_town": "n734866096",
        "near_town_name": "会津若松市",
        "osm_id": "n2272230440",
        "name_ko": "신 후게쓰"
      }
    },
    {
      "type": "Feature",
      "geometry": {
        "type": "Point",
        "coordinates": [
          139.9627998,
          37.4791671
        ]
      },
      "properties": {
        "id": "l00408",
        "name": "くつろぎ宿千代滝",
        "name_en": "Kutsurogijuku Chiyotaki",
        "kind": "hotel",
        "stars": null,
        "rooms": "43",
        "phone": "+81-242-26-0001",
        "website": "https://www.kutsurogijuku.jp/chiyotaki/index.html",
        "operator": null,
        "address": "福島県 会津若松市",
        "near_town": "n734866096",
        "near_town_name": "会津若松市",
        "osm_id": "n2272230446",
        "name_ko": "쿠쓰로기주쿠 치요타키"
      }
    },
    {
      "type": "Feature",
      "geometry": {
        "type": "Point",
        "coordinates": [
          139.9621278,
          37.4743304
        ]
      },
      "properties": {
        "id": "l00409",
        "name": "河鹿荘",
        "name_en": "Kajikasou",
        "kind": "hotel",
        "stars": null,
        "rooms": null,
        "phone": null,
        "website": null,
        "operator": null,
        "address": null,
        "near_town": "n734866096",
        "near_town_name": "会津若松市",
        "osm_id": "n2272235784",
        "name_ko": "카지카소우"
      }
    },
    {
      "type": "Feature",
      "geometry": {
        "type": "Point",
        "coordinates": [
          139.9622985,
          37.4747952
        ]
      },
      "properties": {
        "id": "l00410",
        "name": "原瀧足湯",
        "name_en": "Harataki Foot Spa",
        "kind": "hotel",
        "stars": null,
        "rooms": null,
        "phone": null,
        "website": null,
        "operator": null,
        "address": null,
        "near_town": "n734866096",
        "near_town_name": "会津若松市",
        "osm_id": "n2272241628",
        "name_ko": "하라타키 포오t 스파"
      }
    },
    {
      "type": "Feature",
      "geometry": {
        "type": "Point",
        "coordinates": [
          139.9630026,
          37.4755561
        ]
      },
      "properties": {
        "id": "l00411",
        "name": "芦名",
        "name_en": "Ashina",
        "kind": "hotel",
        "stars": null,
        "rooms": null,
        "phone": null,
        "website": null,
        "operator": null,
        "address": null,
        "near_town": "n734866096",
        "near_town_name": "会津若松市",
        "osm_id": "n2272242003",
        "name_ko": "아시나"
      }
    },
    {
      "type": "Feature",
      "geometry": {
        "type": "Point",
        "coordinates": [
          139.9628415,
          37.4774741
        ]
      },
      "properties": {
        "id": "l00412",
        "name": "新滝",
        "name_en": "Shintaki",
        "kind": "hotel",
        "stars": null,
        "rooms": null,
        "phone": null,
        "website": null,
        "operator": null,
        "address": null,
        "near_town": "n734866096",
        "near_town_name": "会津若松市",
        "osm_id": "n2272243329",
        "name_ko": "신타키"
      }
    },
    {
      "type": "Feature",
      "geometry": {
        "type": "Point",
        "coordinates": [
          139.960143,
          37.4797336
        ]
      },
      "properties": {
        "id": "l00413",
        "name": "瀧の湯",
        "name_en": "Takinoyu",
        "kind": "hotel",
        "stars": null,
        "rooms": null,
        "phone": null,
        "website": null,
        "operator": null,
        "address": null,
        "near_town": "n734866096",
        "near_town_name": "会津若松市",
        "osm_id": "n2272245582",
        "name_ko": "타키노유"
      }
    },
    {
      "type": "Feature",
      "geometry": {
        "type": "Point",
        "coordinates": [
          139.9578968,
          37.4819047
        ]
      },
      "properties": {
        "id": "l00414",
        "name": "Yukkura inn",
        "name_en": "Yukkura inn",
        "kind": "hotel",
        "stars": null,
        "rooms": null,
        "phone": null,
        "website": null,
        "operator": null,
        "address": null,
        "near_town": "n734866096",
        "near_town_name": "会津若松市",
        "osm_id": "n2272249365",
        "name_ko": "윳쿠라 인"
      }
    },
    {
      "type": "Feature",
      "geometry": {
        "type": "Point",
        "coordinates": [
          139.9484544,
          37.4893189
        ]
      },
      "properties": {
        "id": "l00415",
        "name": "オリエント",
        "name_en": null,
        "kind": "hotel",
        "stars": null,
        "rooms": null,
        "phone": null,
        "website": null,
        "operator": null,
        "address": null,
        "near_town": "n734866096",
        "near_town_name": "会津若松市",
        "osm_id": "n2272252480"
      }
    },
    {
      "type": "Feature",
      "geometry": {
        "type": "Point",
        "coordinates": [
          139.9266911,
          37.4955519
        ]
      },
      "properties": {
        "id": "l00416",
        "name": "会津つるやホテル",
        "name_en": "Aizu Tsuruya Hotel",
        "kind": "hotel",
        "stars": null,
        "rooms": null,
        "phone": null,
        "website": null,
        "operator": null,
        "address": null,
        "near_town": "n734866096",
        "near_town_name": "会津若松市",
        "osm_id": "n2278009919",
        "name_ko": "아이즈 쓰루야 호텔"
      }
    },
    {
      "type": "Feature",
      "geometry": {
        "type": "Point",
        "coordinates": [
          139.9418693,
          37.4937243
        ]
      },
      "properties": {
        "id": "l00417",
        "name": "千代屋旅館",
        "name_en": null,
        "kind": "guest_house",
        "stars": null,
        "rooms": null,
        "phone": null,
        "website": null,
        "operator": null,
        "address": null,
        "near_town": "n734866096",
        "near_town_name": "会津若松市",
        "osm_id": "n2278022102"
      }
    },
    {
      "type": "Feature",
      "geometry": {
        "type": "Point",
        "coordinates": [
          139.9412779,
          37.5016281
        ]
      },
      "properties": {
        "id": "l00418",
        "name": "ベルルクス",
        "name_en": null,
        "kind": "guest_house",
        "stars": null,
        "rooms": null,
        "phone": null,
        "website": null,
        "operator": null,
        "address": null,
        "near_town": "n734866096",
        "near_town_name": "会津若松市",
        "osm_id": "n2279085350"
      }
    },
    {
      "type": "Feature",
      "geometry": {
        "type": "Point",
        "coordinates": [
          139.9602144,
          37.4794869
        ]
      },
      "properties": {
        "id": "l00419",
        "name": "松島",
        "name_en": null,
        "kind": "guest_house",
        "stars": null,
        "rooms": null,
        "phone": null,
        "website": null,
        "operator": null,
        "address": null,
        "near_town": "n734866096",
        "near_town_name": "会津若松市",
        "osm_id": "n2279125376"
      }
    },
    {
      "type": "Feature",
      "geometry": {
        "type": "Point",
        "coordinates": [
          139.9602706,
          37.4791926
        ]
      },
      "properties": {
        "id": "l00420",
        "name": "東山ハイマートホテル",
        "name_en": "Higashiyama Highmart",
        "kind": "hotel",
        "stars": null,
        "rooms": null,
        "phone": null,
        "website": null,
        "operator": null,
        "address": null,
        "near_town": "n734866096",
        "near_town_name": "会津若松市",
        "osm_id": "n2393486400",
        "name_ko": "히가시야마 히gh마rt"
      }
    },
    {
      "type": "Feature",
      "geometry": {
        "type": "Point",
        "coordinates": [
          139.9632843,
          37.4753031
        ]
      },
      "properties": {
        "id": "l00421",
        "name": "ホテル玉屋",
        "name_en": "Tamaya",
        "kind": "hotel",
        "stars": null,
        "rooms": null,
        "phone": null,
        "website": null,
        "operator": null,
        "address": null,
        "near_town": "n734866096",
        "near_town_name": "会津若松市",
        "osm_id": "n2393491067",
        "name_ko": "타마야"
      }
    },
    {
      "type": "Feature",
      "geometry": {
        "type": "Point",
        "coordinates": [
          139.9630143,
          37.4782702
        ]
      },
      "properties": {
        "id": "l00422",
        "name": "二洸旅館",
        "name_en": "Niko_ryokan",
        "kind": "hotel",
        "stars": null,
        "rooms": null,
        "phone": null,
        "website": null,
        "operator": null,
        "address": null,
        "near_town": "n734866096",
        "near_town_name": "会津若松市",
        "osm_id": "n2393491068",
        "name_ko": "니코_료칸"
      }
    },
    {
      "type": "Feature",
      "geometry": {
        "type": "Point",
        "coordinates": [
          139.9632361,
          37.4743615
        ]
      },
      "properties": {
        "id": "l00423",
        "name": "会津東山閣キャニオン",
        "name_en": "Higashiyama Canyon",
        "kind": "hotel",
        "stars": null,
        "rooms": null,
        "phone": null,
        "website": null,
        "operator": null,
        "address": null,
        "near_town": "n734866096",
        "near_town_name": "会津若松市",
        "osm_id": "n2393491069",
        "name_ko": "히가시야마 c아뇬"
      }
    },
    {
      "type": "Feature",
      "geometry": {
        "type": "Point",
        "coordinates": [
          139.9307979,
          37.5065306
        ]
      },
      "properties": {
        "id": "l00424",
        "name": "ホテルα1",
        "name_en": "Hotel alpha",
        "kind": "hotel",
        "stars": null,
        "rooms": null,
        "phone": null,
        "website": null,
        "operator": null,
        "address": null,
        "near_town": "n734866096",
        "near_town_name": "会津若松市",
        "osm_id": "n3126865708",
        "name_ko": "호텔 아르p하"
      }
    },
    {
      "type": "Feature",
      "geometry": {
        "type": "Point",
        "coordinates": [
          139.925289,
          37.4973941
        ]
      },
      "properties": {
        "id": "l00425",
        "name": "シティホテル石橋",
        "name_en": "City Hotel Ishibashi",
        "kind": "hotel",
        "stars": null,
        "rooms": null,
        "phone": null,
        "website": null,
        "operator": null,
        "address": null,
        "near_town": "n734866096",
        "near_town_name": "会津若松市",
        "osm_id": "n3356319020",
        "name_ko": "c이ty 호텔 이시바시"
      }
    },
    {
      "type": "Feature",
      "geometry": {
        "type": "Point",
        "coordinates": [
          139.9270322,
          37.495738
        ]
      },
      "properties": {
        "id": "l00426",
        "name": "中町フジグランドホテル",
        "name_en": "Nakamachi Fuji Grand Hotel",
        "kind": "hotel",
        "stars": null,
        "rooms": null,
        "phone": null,
        "website": "http://www.fujigrandhotel.co.jp",
        "operator": null,
        "address": null,
        "near_town": "n734866096",
        "near_town_name": "会津若松市",
        "osm_id": "n3356319604",
        "name_ko": "나카마치 후지 그랜드 호텔"
      }
    },
    {
      "type": "Feature",
      "geometry": {
        "type": "Point",
        "coordinates": [
          139.9266101,
          37.4965339
        ]
      },
      "properties": {
        "id": "l00427",
        "name": "ニューパレス",
        "name_en": "Hotel New Palace",
        "kind": "hotel",
        "stars": null,
        "rooms": null,
        "phone": null,
        "website": null,
        "operator": null,
        "address": null,
        "near_town": "n734866096",
        "near_town_name": "会津若松市",
        "osm_id": "n3725638235",
        "name_ko": "호텔 네w 팰리스"
      }
    },
    {
      "type": "Feature",
      "geometry": {
        "type": "Point",
        "coordinates": [
          139.9297339,
          37.5056958
        ]
      },
      "properties": {
        "id": "l00428",
        "name": "ふじみ旅館",
        "name_en": "Fujimi",
        "kind": "hotel",
        "stars": null,
        "rooms": null,
        "phone": null,
        "website": null,
        "operator": null,
        "address": null,
        "near_town": "n734866096",
        "near_town_name": "会津若松市",
        "osm_id": "n4194163738",
        "name_ko": "후지미"
      }
    },
    {
      "type": "Feature",
      "geometry": {
        "type": "Point",
        "coordinates": [
          139.9344275,
          37.4969925
        ]
      },
      "properties": {
        "id": "l00429",
        "name": "会津若松センチェリーホテル",
        "name_en": "Century Hotel Aizu-Wakamatsu",
        "kind": "hotel",
        "stars": null,
        "rooms": null,
        "phone": null,
        "website": null,
        "operator": null,
        "address": null,
        "near_town": "n734866096",
        "near_town_name": "会津若松市",
        "osm_id": "n4840805837",
        "name_ko": "c엔쓰ry 호텔 아이즈-와카마쓰"
      }
    },
    {
      "type": "Feature",
      "geometry": {
        "type": "Point",
        "coordinates": [
          139.92859,
          37.4951138
        ]
      },
      "properties": {
        "id": "l00430",
        "name": "Hotelタカコー",
        "name_en": "Hotel Takakoh",
        "kind": "hotel",
        "stars": null,
        "rooms": null,
        "phone": null,
        "website": "https://takakoh.com/",
        "operator": null,
        "address": null,
        "near_town": "n734866096",
        "near_town_name": "会津若松市",
        "osm_id": "n4840836907",
        "name_ko": "호텔 타카코h"
      }
    },
    {
      "type": "Feature",
      "geometry": {
        "type": "Point",
        "coordinates": [
          139.9310633,
          37.4965585
        ]
      },
      "properties": {
        "id": "l00431",
        "name": "Exseed II",
        "name_en": null,
        "kind": "guest_house",
        "stars": null,
        "rooms": null,
        "phone": null,
        "website": null,
        "operator": null,
        "address": null,
        "near_town": "n734866096",
        "near_town_name": "会津若松市",
        "osm_id": "n12339250301"
      }
    },
    {
      "type": "Feature",
      "geometry": {
        "type": "Point",
        "coordinates": [
          139.9330767,
          37.5059404
        ]
      },
      "properties": {
        "id": "l00432",
        "name": "グリーンホテル",
        "name_en": null,
        "kind": "hotel",
        "stars": null,
        "rooms": null,
        "phone": null,
        "website": null,
        "operator": null,
        "address": null,
        "near_town": "n734866096",
        "near_town_name": "会津若松市",
        "osm_id": "n13073981721"
      }
    },
    {
      "type": "Feature",
      "geometry": {
        "type": "Point",
        "coordinates": [
          139.9617981,
          37.4740813
        ]
      },
      "properties": {
        "id": "l00433",
        "name": "原瀧 今昔亭",
        "name_en": "Konjakutei",
        "kind": "hotel",
        "stars": null,
        "rooms": null,
        "phone": null,
        "website": null,
        "operator": null,
        "address": null,
        "near_town": "n734866096",
        "near_town_name": "会津若松市",
        "osm_id": "w214983871",
        "name_ko": "콘자쿠테이"
      }
    },
    {
      "type": "Feature",
      "geometry": {
        "type": "Point",
        "coordinates": [
          139.9625146,
          37.475196
        ]
      },
      "properties": {
        "id": "l00434",
        "name": "原瀧",
        "name_en": "Harataki",
        "kind": "hotel",
        "stars": null,
        "rooms": null,
        "phone": null,
        "website": null,
        "operator": null,
        "address": null,
        "near_town": "n734866096",
        "near_town_name": "会津若松市",
        "osm_id": "w214983875",
        "name_ko": "하라타키"
      }
    },
    {
      "type": "Feature",
      "geometry": {
        "type": "Point",
        "coordinates": [
          139.9610528,
          37.4779814
        ]
      },
      "properties": {
        "id": "l00435",
        "name": "向滝",
        "name_en": "Mukaitaki",
        "kind": "hotel",
        "stars": null,
        "rooms": "24",
        "phone": null,
        "website": null,
        "operator": null,
        "address": null,
        "near_town": "n734866096",
        "near_town_name": "会津若松市",
        "osm_id": "w214983879",
        "name_ko": "무카이타키"
      }
    },
    {
      "type": "Feature",
      "geometry": {
        "type": "Point",
        "coordinates": [
          139.9624763,
          37.4678879
        ]
      },
      "properties": {
        "id": "l00436",
        "name": "東山グランドホテル",
        "name_en": "Higashiyama Grand Hotel",
        "kind": "hotel",
        "stars": null,
        "rooms": null,
        "phone": null,
        "website": null,
        "operator": null,
        "address": null,
        "near_town": "n734866096",
        "near_town_name": "会津若松市",
        "osm_id": "w214983885",
        "name_ko": "히가시야마 그랜드 호텔"
      }
    },
    {
      "type": "Feature",
      "geometry": {
        "type": "Point",
        "coordinates": [
          139.9626617,
          37.4733229
        ]
      },
      "properties": {
        "id": "l00437",
        "name": "東山第一ホテル",
        "name_en": "Higashiyama Dai-Ichi Hotel",
        "kind": "hotel",
        "stars": null,
        "rooms": null,
        "phone": null,
        "website": null,
        "operator": null,
        "address": null,
        "near_town": "n734866096",
        "near_town_name": "会津若松市",
        "osm_id": "w214983913",
        "name_ko": "히가시야마 다이-이치 호텔"
      }
    },
    {
      "type": "Feature",
      "geometry": {
        "type": "Point",
        "coordinates": [
          139.9623686,
          37.4735517
        ]
      },
      "properties": {
        "id": "l00438",
        "name": "ホテル伏見荘",
        "name_en": "Hotel Fushimi sou",
        "kind": "hotel",
        "stars": null,
        "rooms": null,
        "phone": null,
        "website": null,
        "operator": null,
        "address": null,
        "near_town": "n734866096",
        "near_town_name": "会津若松市",
        "osm_id": "w214983940",
        "name_ko": "호텔 후시미 소우"
      }
    },
    {
      "type": "Feature",
      "geometry": {
        "type": "Point",
        "coordinates": [
          139.9621955,
          37.4736945
        ]
      },
      "properties": {
        "id": "l00439",
        "name": "おやど東山",
        "name_en": "Oyado Higashiyama",
        "kind": "hotel",
        "stars": null,
        "rooms": null,
        "phone": null,
        "website": null,
        "operator": null,
        "address": null,
        "near_town": "n734866096",
        "near_town_name": "会津若松市",
        "osm_id": "w214983953",
        "name_ko": "오야도 히가시야마"
      }
    },
    {
      "type": "Feature",
      "geometry": {
        "type": "Point",
        "coordinates": [
          139.9336522,
          37.5070293
        ]
      },
      "properties": {
        "id": "l00440",
        "name": "会津若松ワシントンホテル",
        "name_en": "Aizuwakamatsu washington hotel",
        "kind": "hotel",
        "stars": "5",
        "rooms": null,
        "phone": null,
        "website": null,
        "operator": null,
        "address": null,
        "near_town": "n734866096",
        "near_town_name": "会津若松市",
        "osm_id": "w216739319",
        "name_ko": "아이즈와카마쓰 와신g톤 호텔"
      }
    },
    {
      "type": "Feature",
      "geometry": {
        "type": "Point",
        "coordinates": [
          139.9320351,
          37.5083832
        ]
      },
      "properties": {
        "id": "l00441",
        "name": "東横イン会津若松駅前",
        "name_en": "Toyoko inn Aizuwakamatsu",
        "kind": "hotel",
        "stars": null,
        "rooms": null,
        "phone": null,
        "website": null,
        "operator": null,
        "address": null,
        "near_town": "n734866096",
        "near_town_name": "会津若松市",
        "osm_id": "w216739410",
        "name_ko": "도요코 인 아이즈와카마쓰"
      }
    },
    {
      "type": "Feature",
      "geometry": {
        "type": "Point",
        "coordinates": [
          139.9298417,
          37.5057327
        ]
      },
      "properties": {
        "id": "l00442",
        "name": "和光堂",
        "name_en": "Wakoudou",
        "kind": "hotel",
        "stars": null,
        "rooms": null,
        "phone": null,
        "website": null,
        "operator": null,
        "address": null,
        "near_town": "n734866096",
        "near_town_name": "会津若松市",
        "osm_id": "w217617554",
        "name_ko": "와코우도우"
      }
    },
    {
      "type": "Feature",
      "geometry": {
        "type": "Point",
        "coordinates": [
          139.9216243,
          37.4906882
        ]
      },
      "properties": {
        "id": "l00443",
        "name": "旅館　やまと",
        "name_en": "Yamato",
        "kind": "hotel",
        "stars": null,
        "rooms": null,
        "phone": null,
        "website": null,
        "operator": null,
        "address": null,
        "near_town": "n734866096",
        "near_town_name": "会津若松市",
        "osm_id": "w218963213",
        "name_ko": "야마토"
      }
    },
    {
      "type": "Feature",
      "geometry": {
        "type": "Point",
        "coordinates": [
          139.9419547,
          37.5008024
        ]
      },
      "properties": {
        "id": "l00444",
        "name": "ホテルルートイン 会津若松",
        "name_en": "Hotel Route Inn Aizuwakamatsu",
        "kind": "hotel",
        "stars": null,
        "rooms": null,
        "phone": null,
        "website": null,
        "operator": null,
        "address": null,
        "near_town": "n734866096",
        "near_town_name": "会津若松市",
        "osm_id": "w220480313",
        "name_ko": "호텔 루트 인 아이즈와카마쓰"
      }
    },
    {
      "type": "Feature",
      "geometry": {
        "type": "Point",
        "coordinates": [
          139.9084519,
          37.4764345
        ]
      },
      "properties": {
        "id": "l00445",
        "name": "健康倶楽部あいづ 鶴城館",
        "name_en": "Aizu Kakujo Kan",
        "kind": "hotel",
        "stars": null,
        "rooms": null,
        "phone": null,
        "website": null,
        "operator": null,
        "address": null,
        "near_town": "n734866096",
        "near_town_name": "会津若松市",
        "osm_id": "w223118935",
        "name_ko": "아이즈 카쿠조 칸"
      }
    },
    {
      "type": "Feature",
      "geometry": {
        "type": "Point",
        "coordinates": [
          139.8875887,
          37.5238198
        ]
      },
      "properties": {
        "id": "l00446",
        "name": "大江戸温泉物語あいづ",
        "name_en": null,
        "kind": "hotel",
        "stars": null,
        "rooms": null,
        "phone": "0570-011260",
        "website": null,
        "operator": null,
        "address": "福島県会津若松市神指町北四合字東神指77-1",
        "near_town": "n734866096",
        "near_town_name": "会津若松市",
        "osm_id": "w235084415"
      }
    },
    {
      "type": "Feature",
      "geometry": {
        "type": "Point",
        "coordinates": [
          139.8704442,
          37.6485141
        ]
      },
      "properties": {
        "id": "l00447",
        "name": "旅館俵屋",
        "name_en": null,
        "kind": "hotel",
        "stars": null,
        "rooms": null,
        "phone": null,
        "website": null,
        "operator": null,
        "address": null,
        "near_town": "n734866062",
        "near_town_name": "喜多方市",
        "osm_id": "n2699454638"
      }
    },
    {
      "type": "Feature",
      "geometry": {
        "type": "Point",
        "coordinates": [
          139.8917292,
          37.6276865
        ]
      },
      "properties": {
        "id": "l00448",
        "name": "民宿たかだや新館",
        "name_en": null,
        "kind": "guest_house",
        "stars": null,
        "rooms": null,
        "phone": null,
        "website": null,
        "operator": null,
        "address": null,
        "near_town": "n734866062",
        "near_town_name": "喜多方市",
        "osm_id": "n3393345214"
      }
    },
    {
      "type": "Feature",
      "geometry": {
        "type": "Point",
        "coordinates": [
          139.8919652,
          37.6290566
        ]
      },
      "properties": {
        "id": "l00449",
        "name": "旅館・民宿たかだや本館",
        "name_en": null,
        "kind": "guest_house",
        "stars": null,
        "rooms": null,
        "phone": null,
        "website": null,
        "operator": null,
        "address": null,
        "near_town": "n734866062",
        "near_town_name": "喜多方市",
        "osm_id": "n3393346639"
      }
    },
    {
      "type": "Feature",
      "geometry": {
        "type": "Point",
        "coordinates": [
          139.8917421,
          37.6295042
        ]
      },
      "properties": {
        "id": "l00450",
        "name": "民宿えびすや",
        "name_en": null,
        "kind": "guest_house",
        "stars": null,
        "rooms": null,
        "phone": null,
        "website": null,
        "operator": null,
        "address": null,
        "near_town": "n734866062",
        "near_town_name": "喜多方市",
        "osm_id": "n3393346657"
      }
    },
    {
      "type": "Feature",
      "geometry": {
        "type": "Point",
        "coordinates": [
          139.874009,
          37.6527233
        ]
      },
      "properties": {
        "id": "l00451",
        "name": "喜楽荘",
        "name_en": null,
        "kind": "hotel",
        "stars": null,
        "rooms": null,
        "phone": null,
        "website": null,
        "operator": null,
        "address": null,
        "near_town": "n734866062",
        "near_town_name": "喜多方市",
        "osm_id": "n6688325660"
      }
    },
    {
      "type": "Feature",
      "geometry": {
        "type": "Point",
        "coordinates": [
          139.8708398,
          37.6505371
        ]
      },
      "properties": {
        "id": "l00452",
        "name": "笹屋旅館",
        "name_en": null,
        "kind": "hotel",
        "stars": null,
        "rooms": null,
        "phone": null,
        "website": null,
        "operator": null,
        "address": null,
        "near_town": "n734866062",
        "near_town_name": "喜多方市",
        "osm_id": "w292401992"
      }
    },
    {
      "type": "Feature",
      "geometry": {
        "type": "Point",
        "coordinates": [
          139.8720755,
          37.6532737
        ]
      },
      "properties": {
        "id": "l00453",
        "name": "喜多方グリーンホテル",
        "name_en": null,
        "kind": "hotel",
        "stars": null,
        "rooms": null,
        "phone": null,
        "website": null,
        "operator": null,
        "address": null,
        "near_town": "n734866062",
        "near_town_name": "喜多方市",
        "osm_id": "w292402155"
      }
    },
    {
      "type": "Feature",
      "geometry": {
        "type": "Point",
        "coordinates": [
          139.8679055,
          37.6466035
        ]
      },
      "properties": {
        "id": "l00454",
        "name": "喜多方シティホテル",
        "name_en": null,
        "kind": "hotel",
        "stars": null,
        "rooms": null,
        "phone": null,
        "website": null,
        "operator": null,
        "address": null,
        "near_town": "n734866062",
        "near_town_name": "喜多方市",
        "osm_id": "w293173226"
      }
    },
    {
      "type": "Feature",
      "geometry": {
        "type": "Point",
        "coordinates": [
          139.8714754,
          37.6439873
        ]
      },
      "properties": {
        "id": "l00455",
        "name": "みとや旅館",
        "name_en": null,
        "kind": "hotel",
        "stars": null,
        "rooms": null,
        "phone": null,
        "website": null,
        "operator": null,
        "address": null,
        "near_town": "n734866062",
        "near_town_name": "喜多方市",
        "osm_id": "w293173567"
      }
    },
    {
      "type": "Feature",
      "geometry": {
        "type": "Point",
        "coordinates": [
          139.8753314,
          37.6519638
        ]
      },
      "properties": {
        "id": "l00456",
        "name": "あづま旅館",
        "name_en": null,
        "kind": "hotel",
        "stars": null,
        "rooms": null,
        "phone": null,
        "website": null,
        "operator": null,
        "address": null,
        "near_town": "n734866062",
        "near_town_name": "喜多方市",
        "osm_id": "w293236199"
      }
    },
    {
      "type": "Feature",
      "geometry": {
        "type": "Point",
        "coordinates": [
          139.3154763,
          37.3497223
        ]
      },
      "properties": {
        "id": "l00457",
        "name": "只見荘",
        "name_en": "Tadamiso",
        "kind": "guest_house",
        "stars": null,
        "rooms": null,
        "phone": null,
        "website": null,
        "operator": null,
        "address": null,
        "near_town": "n734866082",
        "near_town_name": "只見町",
        "osm_id": "n858111524",
        "name_ko": "타다미소"
      }
    },
    {
      "type": "Feature",
      "geometry": {
        "type": "Point",
        "coordinates": [
          139.321319,
          37.3541966
        ]
      },
      "properties": {
        "id": "l00458",
        "name": "民宿やまね",
        "name_en": null,
        "kind": "hotel",
        "stars": null,
        "rooms": null,
        "phone": null,
        "website": null,
        "operator": null,
        "address": null,
        "near_town": "n734866082",
        "near_town_name": "只見町",
        "osm_id": "n860728360"
      }
    },
    {
      "type": "Feature",
      "geometry": {
        "type": "Point",
        "coordinates": [
          139.3217549,
          37.3543391
        ]
      },
      "properties": {
        "id": "l00459",
        "name": "民宿ふる里",
        "name_en": null,
        "kind": "hotel",
        "stars": null,
        "rooms": null,
        "phone": null,
        "website": null,
        "operator": null,
        "address": null,
        "near_town": "n734866082",
        "near_town_name": "只見町",
        "osm_id": "n860729432"
      }
    },
    {
      "type": "Feature",
      "geometry": {
        "type": "Point",
        "coordinates": [
          139.3223655,
          37.3539781
        ]
      },
      "properties": {
        "id": "l00460",
        "name": "民宿きよお",
        "name_en": null,
        "kind": "hotel",
        "stars": null,
        "rooms": null,
        "phone": null,
        "website": null,
        "operator": null,
        "address": null,
        "near_town": "n734866082",
        "near_town_name": "只見町",
        "osm_id": "n860737030"
      }
    },
    {
      "type": "Feature",
      "geometry": {
        "type": "Point",
        "coordinates": [
          139.3215872,
          37.3589196
        ]
      },
      "properties": {
        "id": "l00461",
        "name": "しゃくなげ荘",
        "name_en": null,
        "kind": "hostel",
        "stars": null,
        "rooms": null,
        "phone": null,
        "website": null,
        "operator": null,
        "address": null,
        "near_town": "n734866082",
        "near_town_name": "只見町",
        "osm_id": "n860765881"
      }
    },
    {
      "type": "Feature",
      "geometry": {
        "type": "Point",
        "coordinates": [
          139.3217505,
          37.3537242
        ]
      },
      "properties": {
        "id": "l00462",
        "name": "民宿 秋葉",
        "name_en": null,
        "kind": "hotel",
        "stars": null,
        "rooms": null,
        "phone": null,
        "website": null,
        "operator": null,
        "address": null,
        "near_town": "n734866082",
        "near_town_name": "只見町",
        "osm_id": "n860770202"
      }
    },
    {
      "type": "Feature",
      "geometry": {
        "type": "Point",
        "coordinates": [
          139.312005,
          37.344215
        ]
      },
      "properties": {
        "id": "l00463",
        "name": "民宿 山木荘",
        "name_en": null,
        "kind": "hotel",
        "stars": null,
        "rooms": null,
        "phone": null,
        "website": null,
        "operator": null,
        "address": null,
        "near_town": "n734866082",
        "near_town_name": "只見町",
        "osm_id": "n862142455"
      }
    },
    {
      "type": "Feature",
      "geometry": {
        "type": "Point",
        "coordinates": [
          139.3184882,
          37.3453639
        ]
      },
      "properties": {
        "id": "l00464",
        "name": "旅館 橋本屋",
        "name_en": null,
        "kind": "hotel",
        "stars": null,
        "rooms": null,
        "phone": "0242-82-2008",
        "website": null,
        "operator": null,
        "address": null,
        "near_town": "n734866082",
        "near_town_name": "只見町",
        "osm_id": "n3697974325"
      }
    },
    {
      "type": "Feature",
      "geometry": {
        "type": "Point",
        "coordinates": [
          139.3175943,
          37.3480989
        ]
      },
      "properties": {
        "id": "l00465",
        "name": "みな川旅館",
        "name_en": null,
        "kind": "hotel",
        "stars": null,
        "rooms": null,
        "phone": "0241822161",
        "website": null,
        "operator": null,
        "address": null,
        "near_town": "n734866082",
        "near_town_name": "只見町",
        "osm_id": "w198706619"
      }
    },
    {
      "type": "Feature",
      "geometry": {
        "type": "Point",
        "coordinates": [
          139.3156957,
          37.3483773
        ]
      },
      "properties": {
        "id": "l00466",
        "name": "丸屋旅館",
        "name_en": null,
        "kind": "hotel",
        "stars": null,
        "rooms": null,
        "phone": null,
        "website": null,
        "operator": null,
        "address": null,
        "near_town": "n734866082",
        "near_town_name": "只見町",
        "osm_id": "w198706624"
      }
    },
    {
      "type": "Feature",
      "geometry": {
        "type": "Point",
        "coordinates": [
          139.3204326,
          37.3497846
        ]
      },
      "properties": {
        "id": "l00467",
        "name": "居酒屋ほんかん",
        "name_en": null,
        "kind": "hotel",
        "stars": null,
        "rooms": null,
        "phone": null,
        "website": null,
        "operator": null,
        "address": null,
        "near_town": "n734866082",
        "near_town_name": "只見町",
        "osm_id": "w198706754"
      }
    },
    {
      "type": "Feature",
      "geometry": {
        "type": "Point",
        "coordinates": [
          139.322047,
          37.3554348
        ]
      },
      "properties": {
        "id": "l00468",
        "name": "ゆの宿 松屋",
        "name_en": null,
        "kind": "hotel",
        "stars": null,
        "rooms": null,
        "phone": null,
        "website": null,
        "operator": null,
        "address": null,
        "near_town": "n734866082",
        "near_town_name": "只見町",
        "osm_id": "w198706796"
      }
    },
    {
      "type": "Feature",
      "geometry": {
        "type": "Point",
        "coordinates": [
          139.3186137,
          37.3471798
        ]
      },
      "properties": {
        "id": "l00469",
        "name": "旅館ますや",
        "name_en": null,
        "kind": "hotel",
        "stars": null,
        "rooms": null,
        "phone": null,
        "website": null,
        "operator": null,
        "address": null,
        "near_town": "n734866082",
        "near_town_name": "只見町",
        "osm_id": "w198706858"
      }
    },
    {
      "type": "Feature",
      "geometry": {
        "type": "Point",
        "coordinates": [
          139.3188913,
          37.3466471
        ]
      },
      "properties": {
        "id": "l00470",
        "name": "旅館扇屋",
        "name_en": null,
        "kind": "hotel",
        "stars": null,
        "rooms": null,
        "phone": null,
        "website": null,
        "operator": null,
        "address": null,
        "near_town": "n734866082",
        "near_town_name": "只見町",
        "osm_id": "w198706859"
      }
    },
    {
      "type": "Feature",
      "geometry": {
        "type": "Point",
        "coordinates": [
          139.320529,
          37.3447918
        ]
      },
      "properties": {
        "id": "l00471",
        "name": "逢川屋",
        "name_en": null,
        "kind": "hotel",
        "stars": null,
        "rooms": null,
        "phone": null,
        "website": null,
        "operator": null,
        "address": null,
        "near_town": "n734866082",
        "near_town_name": "只見町",
        "osm_id": "w198706863"
      }
    },
    {
      "type": "Feature",
      "geometry": {
        "type": "Point",
        "coordinates": [
          139.310891,
          37.3375657
        ]
      },
      "properties": {
        "id": "l00472",
        "name": "(이름 없음)",
        "name_en": null,
        "kind": "chalet",
        "stars": null,
        "rooms": null,
        "phone": null,
        "website": null,
        "operator": null,
        "address": null,
        "near_town": "n734866082",
        "near_town_name": "只見町",
        "osm_id": "w232448946"
      }
    },
    {
      "type": "Feature",
      "geometry": {
        "type": "Point",
        "coordinates": [
          139.3105246,
          37.3375462
        ]
      },
      "properties": {
        "id": "l00473",
        "name": "(이름 없음)",
        "name_en": null,
        "kind": "chalet",
        "stars": null,
        "rooms": null,
        "phone": null,
        "website": null,
        "operator": null,
        "address": null,
        "near_town": "n734866082",
        "near_town_name": "只見町",
        "osm_id": "w232448947"
      }
    },
    {
      "type": "Feature",
      "geometry": {
        "type": "Point",
        "coordinates": [
          139.3104209,
          37.3378651
        ]
      },
      "properties": {
        "id": "l00474",
        "name": "(이름 없음)",
        "name_en": null,
        "kind": "chalet",
        "stars": null,
        "rooms": null,
        "phone": null,
        "website": null,
        "operator": null,
        "address": null,
        "near_town": "n734866082",
        "near_town_name": "只見町",
        "osm_id": "w232448962"
      }
    },
    {
      "type": "Feature",
      "geometry": {
        "type": "Point",
        "coordinates": [
          139.3106265,
          37.3378114
        ]
      },
      "properties": {
        "id": "l00475",
        "name": "(이름 없음)",
        "name_en": null,
        "kind": "chalet",
        "stars": null,
        "rooms": null,
        "phone": null,
        "website": null,
        "operator": null,
        "address": null,
        "near_town": "n734866082",
        "near_town_name": "只見町",
        "osm_id": "w232448963"
      }
    },
    {
      "type": "Feature",
      "geometry": {
        "type": "Point",
        "coordinates": [
          139.3102672,
          37.3377383
        ]
      },
      "properties": {
        "id": "l00476",
        "name": "(이름 없음)",
        "name_en": null,
        "kind": "chalet",
        "stars": null,
        "rooms": null,
        "phone": null,
        "website": null,
        "operator": null,
        "address": null,
        "near_town": "n734866082",
        "near_town_name": "只見町",
        "osm_id": "w232448973"
      }
    },
    {
      "type": "Feature",
      "geometry": {
        "type": "Point",
        "coordinates": [
          139.3103087,
          37.3375826
        ]
      },
      "properties": {
        "id": "l00477",
        "name": "(이름 없음)",
        "name_en": null,
        "kind": "chalet",
        "stars": null,
        "rooms": null,
        "phone": null,
        "website": null,
        "operator": null,
        "address": null,
        "near_town": "n734866082",
        "near_town_name": "只見町",
        "osm_id": "w232448979"
      }
    },
    {
      "type": "Feature",
      "geometry": {
        "type": "Point",
        "coordinates": [
          139.3107433,
          37.3376889
        ]
      },
      "properties": {
        "id": "l00478",
        "name": "(이름 없음)",
        "name_en": null,
        "kind": "chalet",
        "stars": null,
        "rooms": null,
        "phone": null,
        "website": null,
        "operator": null,
        "address": null,
        "near_town": "n734866082",
        "near_town_name": "只見町",
        "osm_id": "w232448991"
      }
    },
    {
      "type": "Feature",
      "geometry": {
        "type": "Point",
        "coordinates": [
          140.0219772,
          36.9320427
        ]
      },
      "properties": {
        "id": "l00479",
        "name": "那須塩原ステーションホテル",
        "name_en": "Nasu-shiobara station hotel",
        "kind": "hotel",
        "stars": null,
        "rooms": null,
        "phone": "0081287651112",
        "website": null,
        "operator": null,
        "address": "栃木県那須塩原市大原間554-25",
        "near_town": "n1108891172",
        "near_town_name": "那須塩原市",
        "osm_id": "n3093340818",
        "name_ko": "나스-시오바라 역 호텔"
      }
    },
    {
      "type": "Feature",
      "geometry": {
        "type": "Point",
        "coordinates": [
          140.0610926,
          36.9830329
        ]
      },
      "properties": {
        "id": "l00480",
        "name": "たんぽぽ",
        "name_en": null,
        "kind": "hotel",
        "stars": null,
        "rooms": null,
        "phone": null,
        "website": null,
        "operator": null,
        "address": null,
        "near_town": "n1108891172",
        "near_town_name": "那須塩原市",
        "osm_id": "n6338848932"
      }
    },
    {
      "type": "Feature",
      "geometry": {
        "type": "Point",
        "coordinates": [
          140.059656,
          37.0010211
        ]
      },
      "properties": {
        "id": "l00481",
        "name": "ポルシェ",
        "name_en": null,
        "kind": "hotel",
        "stars": null,
        "rooms": null,
        "phone": null,
        "website": null,
        "operator": null,
        "address": null,
        "near_town": "n1108891172",
        "near_town_name": "那須塩原市",
        "osm_id": "n8761256934"
      }
    },
    {
      "type": "Feature",
      "geometry": {
        "type": "Point",
        "coordinates": [
          140.0567906,
          36.97184
        ]
      },
      "properties": {
        "id": "l00482",
        "name": "ホテル トップス",
        "name_en": null,
        "kind": "hotel",
        "stars": null,
        "rooms": null,
        "phone": null,
        "website": null,
        "operator": null,
        "address": null,
        "near_town": "n1108891172",
        "near_town_name": "那須塩原市",
        "osm_id": "n9054913107"
      }
    },
    {
      "type": "Feature",
      "geometry": {
        "type": "Point",
        "coordinates": [
          140.0511917,
          36.9718997
        ]
      },
      "properties": {
        "id": "l00483",
        "name": "YADO",
        "name_en": null,
        "kind": "guest_house",
        "stars": null,
        "rooms": null,
        "phone": null,
        "website": null,
        "operator": null,
        "address": null,
        "near_town": "n1108891172",
        "near_town_name": "那須塩原市",
        "osm_id": "n9081493310"
      }
    },
    {
      "type": "Feature",
      "geometry": {
        "type": "Point",
        "coordinates": [
          140.0579587,
          36.9742443
        ]
      },
      "properties": {
        "id": "l00484",
        "name": "旅館ときわ",
        "name_en": null,
        "kind": "hotel",
        "stars": null,
        "rooms": null,
        "phone": null,
        "website": null,
        "operator": null,
        "address": null,
        "near_town": "n1108891172",
        "near_town_name": "那須塩原市",
        "osm_id": "n9177629883"
      }
    },
    {
      "type": "Feature",
      "geometry": {
        "type": "Point",
        "coordinates": [
          140.0542827,
          36.9747959
        ]
      },
      "properties": {
        "id": "l00485",
        "name": "旅館よし乃",
        "name_en": null,
        "kind": "hotel",
        "stars": null,
        "rooms": null,
        "phone": null,
        "website": null,
        "operator": null,
        "address": null,
        "near_town": "n1108891172",
        "near_town_name": "那須塩原市",
        "osm_id": "n9181540809"
      }
    },
    {
      "type": "Feature",
      "geometry": {
        "type": "Point",
        "coordinates": [
          140.0466979,
          36.9831999
        ]
      },
      "properties": {
        "id": "l00486",
        "name": "黒磯温泉かんすい苑 覚楽",
        "name_en": null,
        "kind": "hotel",
        "stars": null,
        "rooms": null,
        "phone": null,
        "website": null,
        "operator": null,
        "address": null,
        "near_town": "n1108891172",
        "near_town_name": "那須塩原市",
        "osm_id": "n9196955795"
      }
    },
    {
      "type": "Feature",
      "geometry": {
        "type": "Point",
        "coordinates": [
          140.0609879,
          36.9754019
        ]
      },
      "properties": {
        "id": "l00487",
        "name": "ホテル早馬屋",
        "name_en": null,
        "kind": "hotel",
        "stars": null,
        "rooms": null,
        "phone": null,
        "website": null,
        "operator": null,
        "address": null,
        "near_town": "n1108891172",
        "near_town_name": "那須塩原市",
        "osm_id": "n9204043898"
      }
    },
    {
      "type": "Feature",
      "geometry": {
        "type": "Point",
        "coordinates": [
          140.0715371,
          36.9709398
        ]
      },
      "properties": {
        "id": "l00488",
        "name": "ニューパレス",
        "name_en": null,
        "kind": "motel",
        "stars": null,
        "rooms": null,
        "phone": null,
        "website": null,
        "operator": null,
        "address": null,
        "near_town": "n1108891172",
        "near_town_name": "那須塩原市",
        "osm_id": "n9647694439"
      }
    },
    {
      "type": "Feature",
      "geometry": {
        "type": "Point",
        "coordinates": [
          140.071745,
          36.9562701
        ]
      },
      "properties": {
        "id": "l00489",
        "name": "ホテルアライ",
        "name_en": null,
        "kind": "hotel",
        "stars": null,
        "rooms": null,
        "phone": null,
        "website": null,
        "operator": null,
        "address": null,
        "near_town": "n1108891172",
        "near_town_name": "那須塩原市",
        "osm_id": "n9664703056"
      }
    },
    {
      "type": "Feature",
      "geometry": {
        "type": "Point",
        "coordinates": [
          140.0954676,
          36.9696805
        ]
      },
      "properties": {
        "id": "l00490",
        "name": "だんどりあん",
        "name_en": null,
        "kind": "guest_house",
        "stars": null,
        "rooms": null,
        "phone": null,
        "website": null,
        "operator": null,
        "address": null,
        "near_town": "n1108891172",
        "near_town_name": "那須塩原市",
        "osm_id": "n9903316295"
      }
    },
    {
      "type": "Feature",
      "geometry": {
        "type": "Point",
        "coordinates": [
          140.0127484,
          36.957463
        ]
      },
      "properties": {
        "id": "l00491",
        "name": "TRAIL NEO那須さきたま",
        "name_en": null,
        "kind": "guest_house",
        "stars": null,
        "rooms": null,
        "phone": null,
        "website": null,
        "operator": null,
        "address": null,
        "near_town": "n1108891172",
        "near_town_name": "那須塩原市",
        "osm_id": "n9920399984"
      }
    },
    {
      "type": "Feature",
      "geometry": {
        "type": "Point",
        "coordinates": [
          140.1866779,
          37.1231058
        ]
      },
      "properties": {
        "id": "l00492",
        "name": "東横イン",
        "name_en": null,
        "kind": "hotel",
        "stars": null,
        "rooms": null,
        "phone": null,
        "website": null,
        "operator": null,
        "address": null,
        "near_town": "n734866093",
        "near_town_name": "白河市",
        "osm_id": "n6041303068"
      }
    },
    {
      "type": "Feature",
      "geometry": {
        "type": "Point",
        "coordinates": [
          140.1892428,
          37.1228401
        ]
      },
      "properties": {
        "id": "l00493",
        "name": "東京第一ホテル 新白河",
        "name_en": null,
        "kind": "hotel",
        "stars": null,
        "rooms": null,
        "phone": null,
        "website": null,
        "operator": null,
        "address": null,
        "near_town": "n734866093",
        "near_town_name": "白河市",
        "osm_id": "n6041303069"
      }
    },
    {
      "type": "Feature",
      "geometry": {
        "type": "Point",
        "coordinates": [
          140.1917712,
          37.1242776
        ]
      },
      "properties": {
        "id": "l00494",
        "name": "ホテルルートイン 新白河駅東",
        "name_en": null,
        "kind": "hotel",
        "stars": null,
        "rooms": null,
        "phone": null,
        "website": null,
        "operator": null,
        "address": null,
        "near_town": "n734866093",
        "near_town_name": "白河市",
        "osm_id": "n6041303070"
      }
    },
    {
      "type": "Feature",
      "geometry": {
        "type": "Point",
        "coordinates": [
          140.1896431,
          37.1209956
        ]
      },
      "properties": {
        "id": "l00495",
        "name": "カーサホテル新白河",
        "name_en": null,
        "kind": "hotel",
        "stars": null,
        "rooms": null,
        "phone": null,
        "website": null,
        "operator": null,
        "address": null,
        "near_town": "n734866093",
        "near_town_name": "白河市",
        "osm_id": "n6043079709"
      }
    },
    {
      "type": "Feature",
      "geometry": {
        "type": "Point",
        "coordinates": [
          140.1899712,
          37.1210423
        ]
      },
      "properties": {
        "id": "l00496",
        "name": "シティホテル新白河",
        "name_en": null,
        "kind": "hotel",
        "stars": null,
        "rooms": null,
        "phone": null,
        "website": null,
        "operator": null,
        "address": null,
        "near_town": "n734866093",
        "near_town_name": "白河市",
        "osm_id": "n6043079710"
      }
    },
    {
      "type": "Feature",
      "geometry": {
        "type": "Point",
        "coordinates": [
          140.1874681,
          37.1249525
        ]
      },
      "properties": {
        "id": "l00497",
        "name": "アークイン",
        "name_en": null,
        "kind": "hotel",
        "stars": null,
        "rooms": null,
        "phone": null,
        "website": null,
        "operator": null,
        "address": null,
        "near_town": "n734866093",
        "near_town_name": "白河市",
        "osm_id": "n6043079711"
      }
    },
    {
      "type": "Feature",
      "geometry": {
        "type": "Point",
        "coordinates": [
          140.1911602,
          37.1243973
        ]
      },
      "properties": {
        "id": "l00498",
        "name": "ホテルルートイン 新白河駅東西館",
        "name_en": null,
        "kind": "hotel",
        "stars": null,
        "rooms": null,
        "phone": null,
        "website": null,
        "operator": null,
        "address": null,
        "near_town": "n734866093",
        "near_town_name": "白河市",
        "osm_id": "n6047688149"
      }
    },
    {
      "type": "Feature",
      "geometry": {
        "type": "Point",
        "coordinates": [
          140.1568311,
          37.1387485
        ]
      },
      "properties": {
        "id": "l00499",
        "name": "かも嶋の湯",
        "name_en": null,
        "kind": "hotel",
        "stars": null,
        "rooms": null,
        "phone": null,
        "website": null,
        "operator": null,
        "address": null,
        "near_town": "n734866093",
        "near_town_name": "白河市",
        "osm_id": "n10970089349"
      }
    },
    {
      "type": "Feature",
      "geometry": {
        "type": "Point",
        "coordinates": [
          140.1801256,
          37.1245001
        ]
      },
      "properties": {
        "id": "l00500",
        "name": "プレミアイン白河",
        "name_en": null,
        "kind": "hotel",
        "stars": null,
        "rooms": null,
        "phone": null,
        "website": null,
        "operator": null,
        "address": null,
        "near_town": "n734866093",
        "near_town_name": "白河市",
        "osm_id": "w241904507"
      }
    },
    {
      "type": "Feature",
      "geometry": {
        "type": "Point",
        "coordinates": [
          138.9530607,
          37.2331142
        ]
      },
      "properties": {
        "id": "l00501",
        "name": "川善旅館",
        "name_en": null,
        "kind": "hotel",
        "stars": null,
        "rooms": null,
        "phone": "025-792-0005",
        "website": null,
        "operator": null,
        "address": "新潟県魚沼市四日町1480",
        "near_town": "n752398591",
        "near_town_name": "魚沼市",
        "osm_id": "n2259015915"
      }
    },
    {
      "type": "Feature",
      "geometry": {
        "type": "Point",
        "coordinates": [
          138.9529218,
          37.2329667
        ]
      },
      "properties": {
        "id": "l00502",
        "name": "ビジネスホテル 船津屋",
        "name_en": null,
        "kind": "hotel",
        "stars": null,
        "rooms": null,
        "phone": "025-792-0079",
        "website": null,
        "operator": null,
        "address": "新潟県魚沼市四日町1482",
        "near_town": "n752398591",
        "near_town_name": "魚沼市",
        "osm_id": "n2259015930"
      }
    },
    {
      "type": "Feature",
      "geometry": {
        "type": "Point",
        "coordinates": [
          138.9529008,
          37.2337052
        ]
      },
      "properties": {
        "id": "l00503",
        "name": "OKABE",
        "name_en": null,
        "kind": "hotel",
        "stars": null,
        "rooms": null,
        "phone": null,
        "website": "https://www.hotelokabe.com/02_koide/koide.html",
        "operator": null,
        "address": null,
        "near_town": "n752398591",
        "near_town_name": "魚沼市",
        "osm_id": "n2259015935"
      }
    },
    {
      "type": "Feature",
      "geometry": {
        "type": "Point",
        "coordinates": [
          138.8457909,
          37.071124
        ]
      },
      "properties": {
        "id": "l00504",
        "name": "むいか温泉リゾート",
        "name_en": null,
        "kind": "hotel",
        "stars": null,
        "rooms": null,
        "phone": null,
        "website": null,
        "operator": null,
        "address": null,
        "near_town": "n752398684",
        "near_town_name": "南魚沼市",
        "osm_id": "n4717666791"
      }
    },
    {
      "type": "Feature",
      "geometry": {
        "type": "Point",
        "coordinates": [
          138.8767965,
          37.0661817
        ]
      },
      "properties": {
        "id": "l00505",
        "name": "大和屋旅館",
        "name_en": null,
        "kind": "hotel",
        "stars": null,
        "rooms": null,
        "phone": null,
        "website": null,
        "operator": null,
        "address": null,
        "near_town": "n752398684",
        "near_town_name": "南魚沼市",
        "osm_id": "w964101598"
      }
    },
    {
      "type": "Feature",
      "geometry": {
        "type": "Point",
        "coordinates": [
          138.8799331,
          37.0626092
        ]
      },
      "properties": {
        "id": "l00506",
        "name": "ホテル ダ・フェール イン 六日町",
        "name_en": null,
        "kind": "hotel",
        "stars": null,
        "rooms": null,
        "phone": null,
        "website": null,
        "operator": null,
        "address": null,
        "near_town": "n752398684",
        "near_town_name": "南魚沼市",
        "osm_id": "w964438158"
      }
    },
    {
      "type": "Feature",
      "geometry": {
        "type": "Point",
        "coordinates": [
          138.8789709,
          37.0635671
        ]
      },
      "properties": {
        "id": "l00507",
        "name": "越前屋旅館",
        "name_en": null,
        "kind": "hotel",
        "stars": null,
        "rooms": null,
        "phone": null,
        "website": null,
        "operator": null,
        "address": null,
        "near_town": "n752398684",
        "near_town_name": "南魚沼市",
        "osm_id": "w964963117"
      }
    },
    {
      "type": "Feature",
      "geometry": {
        "type": "Point",
        "coordinates": [
          138.8764452,
          37.0664534
        ]
      },
      "properties": {
        "id": "l00508",
        "name": "ビジネスホテル ライフ",
        "name_en": null,
        "kind": "hotel",
        "stars": null,
        "rooms": null,
        "phone": null,
        "website": null,
        "operator": null,
        "address": null,
        "near_town": "n752398684",
        "near_town_name": "南魚沼市",
        "osm_id": "w1038936788"
      }
    },
    {
      "type": "Feature",
      "geometry": {
        "type": "Point",
        "coordinates": [
          138.8511547,
          37.0699221
        ]
      },
      "properties": {
        "id": "l00509",
        "name": "龍氣本館",
        "name_en": null,
        "kind": "hotel",
        "stars": null,
        "rooms": null,
        "phone": null,
        "website": null,
        "operator": null,
        "address": null,
        "near_town": "n752398684",
        "near_town_name": "南魚沼市",
        "osm_id": "w1057812924"
      }
    },
    {
      "type": "Feature",
      "geometry": {
        "type": "Point",
        "coordinates": [
          138.8465485,
          37.0709599
        ]
      },
      "properties": {
        "id": "l00510",
        "name": "山麓ロッヂ",
        "name_en": null,
        "kind": "hotel",
        "stars": null,
        "rooms": null,
        "phone": null,
        "website": null,
        "operator": null,
        "address": null,
        "near_town": "n752398684",
        "near_town_name": "南魚沼市",
        "osm_id": "w1057821143"
      }
    },
    {
      "type": "Feature",
      "geometry": {
        "type": "Point",
        "coordinates": [
          138.8480321,
          37.0714481
        ]
      },
      "properties": {
        "id": "l00511",
        "name": "ロッヂ マロン",
        "name_en": null,
        "kind": "hotel",
        "stars": null,
        "rooms": null,
        "phone": null,
        "website": null,
        "operator": null,
        "address": null,
        "near_town": "n752398684",
        "near_town_name": "南魚沼市",
        "osm_id": "w1058188807"
      }
    },
    {
      "type": "Feature",
      "geometry": {
        "type": "Point",
        "coordinates": [
          138.848254,
          37.0712108
        ]
      },
      "properties": {
        "id": "l00512",
        "name": "武蔵ロッヂ",
        "name_en": null,
        "kind": "hotel",
        "stars": null,
        "rooms": null,
        "phone": null,
        "website": null,
        "operator": null,
        "address": null,
        "near_town": "n752398684",
        "near_town_name": "南魚沼市",
        "osm_id": "w1058188809"
      }
    },
    {
      "type": "Feature",
      "geometry": {
        "type": "Point",
        "coordinates": [
          138.8482731,
          37.0706711
        ]
      },
      "properties": {
        "id": "l00513",
        "name": "睦荘",
        "name_en": null,
        "kind": "hotel",
        "stars": null,
        "rooms": null,
        "phone": null,
        "website": null,
        "operator": null,
        "address": null,
        "near_town": "n752398684",
        "near_town_name": "南魚沼市",
        "osm_id": "w1058188817"
      }
    },
    {
      "type": "Feature",
      "geometry": {
        "type": "Point",
        "coordinates": [
          138.8483723,
          37.0703674
        ]
      },
      "properties": {
        "id": "l00514",
        "name": "半二郎",
        "name_en": null,
        "kind": "hotel",
        "stars": null,
        "rooms": null,
        "phone": null,
        "website": null,
        "operator": null,
        "address": null,
        "near_town": "n752398684",
        "near_town_name": "南魚沼市",
        "osm_id": "w1058188823"
      }
    },
    {
      "type": "Feature",
      "geometry": {
        "type": "Point",
        "coordinates": [
          138.8487061,
          37.0687752
        ]
      },
      "properties": {
        "id": "l00515",
        "name": "いろりあん",
        "name_en": null,
        "kind": "hotel",
        "stars": null,
        "rooms": null,
        "phone": null,
        "website": null,
        "operator": null,
        "address": null,
        "near_town": "n752398684",
        "near_town_name": "南魚沼市",
        "osm_id": "w1058188834"
      }
    },
    {
      "type": "Feature",
      "geometry": {
        "type": "Point",
        "coordinates": [
          138.8501721,
          37.0682877
        ]
      },
      "properties": {
        "id": "l00516",
        "name": "湖畔荘",
        "name_en": null,
        "kind": "hotel",
        "stars": null,
        "rooms": null,
        "phone": null,
        "website": null,
        "operator": null,
        "address": null,
        "near_town": "n752398684",
        "near_town_name": "南魚沼市",
        "osm_id": "w1058188838"
      }
    },
    {
      "type": "Feature",
      "geometry": {
        "type": "Point",
        "coordinates": [
          138.8489436,
          37.0668942
        ]
      },
      "properties": {
        "id": "l00517",
        "name": "こぐりやま山荘",
        "name_en": null,
        "kind": "hotel",
        "stars": null,
        "rooms": null,
        "phone": null,
        "website": null,
        "operator": null,
        "address": null,
        "near_town": "n752398684",
        "near_town_name": "南魚沼市",
        "osm_id": "w1058231055"
      }
    },
    {
      "type": "Feature",
      "geometry": {
        "type": "Point",
        "coordinates": [
          138.8498581,
          37.0691133
        ]
      },
      "properties": {
        "id": "l00518",
        "name": "いろりあん別館 さくら・さくら",
        "name_en": null,
        "kind": "hotel",
        "stars": null,
        "rooms": null,
        "phone": null,
        "website": null,
        "operator": null,
        "address": null,
        "near_town": "n752398684",
        "near_town_name": "南魚沼市",
        "osm_id": "w1058232233"
      }
    },
    {
      "type": "Feature",
      "geometry": {
        "type": "Point",
        "coordinates": [
          138.8459636,
          37.0716178
        ]
      },
      "properties": {
        "id": "l00519",
        "name": "ムイカスノーリゾート",
        "name_en": null,
        "kind": "hotel",
        "stars": null,
        "rooms": null,
        "phone": null,
        "website": null,
        "operator": null,
        "address": null,
        "near_town": "n752398684",
        "near_town_name": "南魚沼市",
        "osm_id": "w1058232234"
      }
    },
    {
      "type": "Feature",
      "geometry": {
        "type": "Point",
        "coordinates": [
          138.7551628,
          37.1322745
        ]
      },
      "properties": {
        "id": "l00520",
        "name": "むかでや",
        "name_en": null,
        "kind": "hotel",
        "stars": null,
        "rooms": null,
        "phone": null,
        "website": null,
        "operator": null,
        "address": null,
        "near_town": "n752398696",
        "near_town_name": "十日町市",
        "osm_id": "n3921554713"
      }
    },
    {
      "type": "Feature",
      "geometry": {
        "type": "Point",
        "coordinates": [
          138.7608232,
          37.1337318
        ]
      },
      "properties": {
        "id": "l00521",
        "name": "ホテルニュー十日町",
        "name_en": null,
        "kind": "hotel",
        "stars": null,
        "rooms": null,
        "phone": null,
        "website": null,
        "operator": null,
        "address": null,
        "near_town": "n752398696",
        "near_town_name": "十日町市",
        "osm_id": "n9961089118"
      }
    },
    {
      "type": "Feature",
      "geometry": {
        "type": "Point",
        "coordinates": [
          138.7611617,
          37.1334452
        ]
      },
      "properties": {
        "id": "l00522",
        "name": "ホテルニュー十日町",
        "name_en": null,
        "kind": "hotel",
        "stars": null,
        "rooms": null,
        "phone": null,
        "website": null,
        "operator": null,
        "address": null,
        "near_town": "n752398696",
        "near_town_name": "十日町市",
        "osm_id": "n9961089119"
      }
    },
    {
      "type": "Feature",
      "geometry": {
        "type": "Point",
        "coordinates": [
          138.8045081,
          36.9384002
        ]
      },
      "properties": {
        "id": "l00523",
        "name": "音羽屋旅館",
        "name_en": null,
        "kind": "hotel",
        "stars": null,
        "rooms": null,
        "phone": null,
        "website": null,
        "operator": null,
        "address": null,
        "near_town": "n752398499",
        "near_town_name": "湯沢町",
        "osm_id": "n303100474"
      }
    },
    {
      "type": "Feature",
      "geometry": {
        "type": "Point",
        "coordinates": [
          138.8055381,
          36.9377827
        ]
      },
      "properties": {
        "id": "l00524",
        "name": "湯沢ニューオータニホテル",
        "name_en": null,
        "kind": "hotel",
        "stars": null,
        "rooms": null,
        "phone": null,
        "website": null,
        "operator": null,
        "address": null,
        "near_town": "n752398499",
        "near_town_name": "湯沢町",
        "osm_id": "n1093160382"
      }
    },
    {
      "type": "Feature",
      "geometry": {
        "type": "Point",
        "coordinates": [
          138.805026,
          36.9400379
        ]
      },
      "properties": {
        "id": "l00525",
        "name": "YUZAWA SKI HOUSE",
        "name_en": null,
        "kind": "apartment",
        "stars": null,
        "rooms": null,
        "phone": "+81-25-784-2455",
        "website": "http://21net.co.jp/ysh",
        "operator": null,
        "address": "新潟県 湯沢町 498-1 Yuzawa, Yuzawa-machi, Minamiuonuma-gun, Niigata-ken 949-6101 Japan",
        "near_town": "n752398499",
        "near_town_name": "湯沢町",
        "osm_id": "n3991215810"
      }
    },
    {
      "type": "Feature",
      "geometry": {
        "type": "Point",
        "coordinates": [
          138.8434381,
          36.937862
        ]
      },
      "properties": {
        "id": "l00526",
        "name": "岩原スキー場 ホテルアルパイン",
        "name_en": "Climb Dining",
        "kind": "hotel",
        "stars": null,
        "rooms": null,
        "phone": "+81 25 787 3040",
        "website": "https://climb-dining.com/",
        "operator": null,
        "address": "新潟県 湯沢町 岩原スキー場",
        "near_town": "n752398499",
        "near_town_name": "湯沢町",
        "osm_id": "n4243830242",
        "name_ko": "c리mb 지닌g"
      }
    },
    {
      "type": "Feature",
      "geometry": {
        "type": "Point",
        "coordinates": [
          138.8006264,
          36.944899
        ]
      },
      "properties": {
        "id": "l00527",
        "name": "ホテル一越 HOTEL ICHIKOSH",
        "name_en": "HOTEL ICHIKOSH",
        "kind": "hotel",
        "stars": null,
        "rooms": null,
        "phone": null,
        "website": null,
        "operator": null,
        "address": null,
        "near_town": "n752398499",
        "near_town_name": "湯沢町",
        "osm_id": "n4811031930",
        "name_ko": "호텔 이치코sh"
      }
    },
    {
      "type": "Feature",
      "geometry": {
        "type": "Point",
        "coordinates": [
          138.8435694,
          36.9378603
        ]
      },
      "properties": {
        "id": "l00528",
        "name": "Alpine",
        "name_en": "Alpine",
        "kind": "hotel",
        "stars": null,
        "rooms": null,
        "phone": null,
        "website": null,
        "operator": null,
        "address": null,
        "near_town": "n752398499",
        "near_town_name": "湯沢町",
        "osm_id": "n5061604858",
        "name_ko": "아르피네"
      }
    },
    {
      "type": "Feature",
      "geometry": {
        "type": "Point",
        "coordinates": [
          138.846692,
          36.9103788
        ]
      },
      "properties": {
        "id": "l00529",
        "name": "Nishnoya",
        "name_en": "Nishnoya",
        "kind": "hostel",
        "stars": null,
        "rooms": null,
        "phone": null,
        "website": null,
        "operator": null,
        "address": null,
        "near_town": "n752398499",
        "near_town_name": "湯沢町",
        "osm_id": "n5429236433",
        "name_ko": "니sh노야"
      }
    },
    {
      "type": "Feature",
      "geometry": {
        "type": "Point",
        "coordinates": [
          138.8105278,
          36.9334715
        ]
      },
      "properties": {
        "id": "l00530",
        "name": "ファミールヴィラ越後湯沢",
        "name_en": null,
        "kind": "apartment",
        "stars": null,
        "rooms": null,
        "phone": null,
        "website": null,
        "operator": null,
        "address": null,
        "near_town": "n752398499",
        "near_town_name": "湯沢町",
        "osm_id": "n5732981521"
      }
    },
    {
      "type": "Feature",
      "geometry": {
        "type": "Point",
        "coordinates": [
          138.8389356,
          36.925804
        ]
      },
      "properties": {
        "id": "l00531",
        "name": "ホテル湯沢湯沢でんき屋",
        "name_en": "Hotel Yuzawa Yuzawa Denkiya",
        "kind": "hotel",
        "stars": null,
        "rooms": null,
        "phone": "+81 25-787-3020",
        "website": "https://www.yuzawa-yuzawa.com",
        "operator": null,
        "address": null,
        "near_town": "n752398499",
        "near_town_name": "湯沢町",
        "osm_id": "n6359654757",
        "name_ko": "호텔 유자와 유자와 덴키야"
      }
    },
    {
      "type": "Feature",
      "geometry": {
        "type": "Point",
        "coordinates": [
          138.8456789,
          36.9145305
        ]
      },
      "properties": {
        "id": "l00532",
        "name": "中屋",
        "name_en": null,
        "kind": "hotel",
        "stars": null,
        "rooms": null,
        "phone": null,
        "website": null,
        "operator": null,
        "address": null,
        "near_town": "n752398499",
        "near_town_name": "湯沢町",
        "osm_id": "n6367366516"
      }
    },
    {
      "type": "Feature",
      "geometry": {
        "type": "Point",
        "coordinates": [
          138.8470253,
          36.9097996
        ]
      },
      "properties": {
        "id": "l00533",
        "name": "ワイト・イン・スズヤ",
        "name_en": "White Inn Suzuya",
        "kind": "guest_house",
        "stars": null,
        "rooms": null,
        "phone": null,
        "website": null,
        "operator": null,
        "address": null,
        "near_town": "n752398499",
        "near_town_name": "湯沢町",
        "osm_id": "n6367366517",
        "name_ko": "화이트 인 스즈야"
      }
    },
    {
      "type": "Feature",
      "geometry": {
        "type": "Point",
        "coordinates": [
          138.8474062,
          36.908026
        ]
      },
      "properties": {
        "id": "l00534",
        "name": "旅館いたや",
        "name_en": null,
        "kind": "guest_house",
        "stars": null,
        "rooms": null,
        "phone": null,
        "website": null,
        "operator": null,
        "address": null,
        "near_town": "n752398499",
        "near_town_name": "湯沢町",
        "osm_id": "n6367366518"
      }
    },
    {
      "type": "Feature",
      "geometry": {
        "type": "Point",
        "coordinates": [
          138.8062391,
          36.9375595
        ]
      },
      "properties": {
        "id": "l00535",
        "name": "松泉閣 花月",
        "name_en": null,
        "kind": "hotel",
        "stars": null,
        "rooms": null,
        "phone": null,
        "website": null,
        "operator": null,
        "address": null,
        "near_town": "n752398499",
        "near_town_name": "湯沢町",
        "osm_id": "n11048839685"
      }
    },
    {
      "type": "Feature",
      "geometry": {
        "type": "Point",
        "coordinates": [
          138.807361,
          36.9352999
        ]
      },
      "properties": {
        "id": "l00536",
        "name": "湯沢グランドホテル",
        "name_en": null,
        "kind": "hotel",
        "stars": null,
        "rooms": null,
        "phone": "+81 25 785 5050",
        "website": "https://yuzawagrandhotel.jp/",
        "operator": null,
        "address": null,
        "near_town": "n752398499",
        "near_town_name": "湯沢町",
        "osm_id": "n11048839690"
      }
    },
    {
      "type": "Feature",
      "geometry": {
        "type": "Point",
        "coordinates": [
          138.8068335,
          36.9371435
        ]
      },
      "properties": {
        "id": "l00537",
        "name": "湯けむりの宿 雪の花",
        "name_en": null,
        "kind": "hotel",
        "stars": null,
        "rooms": null,
        "phone": null,
        "website": null,
        "operator": null,
        "address": null,
        "near_town": "n752398499",
        "near_town_name": "湯沢町",
        "osm_id": "n11048839691"
      }
    },
    {
      "type": "Feature",
      "geometry": {
        "type": "Point",
        "coordinates": [
          138.8073951,
          36.9362433
        ]
      },
      "properties": {
        "id": "l00538",
        "name": "越後のお宿 いなもと",
        "name_en": null,
        "kind": "hotel",
        "stars": null,
        "rooms": null,
        "phone": null,
        "website": "https://www.oyadoinamoto.jp/",
        "operator": null,
        "address": null,
        "near_town": "n752398499",
        "near_town_name": "湯沢町",
        "osm_id": "n11048847511"
      }
    },
    {
      "type": "Feature",
      "geometry": {
        "type": "Point",
        "coordinates": [
          138.798928,
          36.9465264
        ]
      },
      "properties": {
        "id": "l00539",
        "name": "湯元眺望閣　湯居間蔵",
        "name_en": null,
        "kind": "hotel",
        "stars": null,
        "rooms": null,
        "phone": null,
        "website": null,
        "operator": null,
        "address": null,
        "near_town": "n752398499",
        "near_town_name": "湯沢町",
        "osm_id": "n12164939008"
      }
    },
    {
      "type": "Feature",
      "geometry": {
        "type": "Point",
        "coordinates": [
          138.799679,
          36.9467986
        ]
      },
      "properties": {
        "id": "l00540",
        "name": "御湯宿　中屋",
        "name_en": null,
        "kind": "hotel",
        "stars": null,
        "rooms": null,
        "phone": null,
        "website": null,
        "operator": null,
        "address": null,
        "near_town": "n752398499",
        "near_town_name": "湯沢町",
        "osm_id": "n12164939032"
      }
    },
    {
      "type": "Feature",
      "geometry": {
        "type": "Point",
        "coordinates": [
          138.7995569,
          36.9472724
        ]
      },
      "properties": {
        "id": "l00541",
        "name": "雪国の宿　高半",
        "name_en": null,
        "kind": "hotel",
        "stars": null,
        "rooms": null,
        "phone": null,
        "website": null,
        "operator": null,
        "address": null,
        "near_town": "n752398499",
        "near_town_name": "湯沢町",
        "osm_id": "n12164939073"
      }
    },
    {
      "type": "Feature",
      "geometry": {
        "type": "Point",
        "coordinates": [
          138.8440279,
          36.9370071
        ]
      },
      "properties": {
        "id": "l00542",
        "name": "Alpha Star",
        "name_en": null,
        "kind": "hotel",
        "stars": null,
        "rooms": null,
        "phone": null,
        "website": null,
        "operator": null,
        "address": null,
        "near_town": "n752398499",
        "near_town_name": "湯沢町",
        "osm_id": "w343206636"
      }
    },
    {
      "type": "Feature",
      "geometry": {
        "type": "Point",
        "coordinates": [
          138.8461366,
          36.9363348
        ]
      },
      "properties": {
        "id": "l00543",
        "name": "Sun Palace",
        "name_en": "Sun Palace",
        "kind": "hotel",
        "stars": null,
        "rooms": null,
        "phone": null,
        "website": null,
        "operator": null,
        "address": null,
        "near_town": "n752398499",
        "near_town_name": "湯沢町",
        "osm_id": "w343206645",
        "name_ko": "선 팰리스"
      }
    },
    {
      "type": "Feature",
      "geometry": {
        "type": "Point",
        "coordinates": [
          138.8463641,
          36.9363233
        ]
      },
      "properties": {
        "id": "l00544",
        "name": "Garden Cress",
        "name_en": "Garden Cress",
        "kind": "guest_house",
        "stars": null,
        "rooms": "14",
        "phone": null,
        "website": null,
        "operator": null,
        "address": "新潟県南魚沼郡湯沢町土樽 岩原スキー場",
        "near_town": "n752398499",
        "near_town_name": "湯沢町",
        "osm_id": "w343206646",
        "name_ko": "가든 c렛s"
      }
    },
    {
      "type": "Feature",
      "geometry": {
        "type": "Point",
        "coordinates": [
          138.8038138,
          36.941728
        ]
      },
      "properties": {
        "id": "l00545",
        "name": "かばさわ",
        "name_en": null,
        "kind": "guest_house",
        "stars": null,
        "rooms": null,
        "phone": null,
        "website": null,
        "operator": null,
        "address": null,
        "near_town": "n752398499",
        "near_town_name": "湯沢町",
        "osm_id": "w396230932"
      }
    },
    {
      "type": "Feature",
      "geometry": {
        "type": "Point",
        "coordinates": [
          138.803432,
          36.9422714
        ]
      },
      "properties": {
        "id": "l00546",
        "name": "民宿 東洋",
        "name_en": null,
        "kind": "guest_house",
        "stars": null,
        "rooms": null,
        "phone": null,
        "website": null,
        "operator": null,
        "address": null,
        "near_town": "n752398499",
        "near_town_name": "湯沢町",
        "osm_id": "w396230941"
      }
    },
    {
      "type": "Feature",
      "geometry": {
        "type": "Point",
        "coordinates": [
          138.8048518,
          36.9404919
        ]
      },
      "properties": {
        "id": "l00547",
        "name": "大峰山荘",
        "name_en": null,
        "kind": "guest_house",
        "stars": null,
        "rooms": null,
        "phone": null,
        "website": null,
        "operator": null,
        "address": null,
        "near_town": "n752398499",
        "near_town_name": "湯沢町",
        "osm_id": "w396232156"
      }
    },
    {
      "type": "Feature",
      "geometry": {
        "type": "Point",
        "coordinates": [
          138.804441,
          36.9404084
        ]
      },
      "properties": {
        "id": "l00548",
        "name": "まことや",
        "name_en": "LODGE MOKATOYA",
        "kind": "guest_house",
        "stars": null,
        "rooms": null,
        "phone": null,
        "website": null,
        "operator": null,
        "address": null,
        "near_town": "n752398499",
        "near_town_name": "湯沢町",
        "osm_id": "w396232160",
        "name_ko": "롯지 모카토야"
      }
    },
    {
      "type": "Feature",
      "geometry": {
        "type": "Point",
        "coordinates": [
          138.8048859,
          36.9403266
        ]
      },
      "properties": {
        "id": "l00549",
        "name": "独留布",
        "name_en": "DORF",
        "kind": "guest_house",
        "stars": null,
        "rooms": null,
        "phone": null,
        "website": null,
        "operator": null,
        "address": null,
        "near_town": "n752398499",
        "near_town_name": "湯沢町",
        "osm_id": "w396232163",
        "name_ko": "도r후"
      }
    },
    {
      "type": "Feature",
      "geometry": {
        "type": "Point",
        "coordinates": [
          138.8074276,
          36.9375163
        ]
      },
      "properties": {
        "id": "l00550",
        "name": "民宿 たつもと",
        "name_en": null,
        "kind": "guest_house",
        "stars": null,
        "rooms": null,
        "phone": null,
        "website": null,
        "operator": null,
        "address": null,
        "near_town": "n752398499",
        "near_town_name": "湯沢町",
        "osm_id": "w396314510"
      }
    },
    {
      "type": "Feature",
      "geometry": {
        "type": "Point",
        "coordinates": [
          138.807475,
          36.9374503
        ]
      },
      "properties": {
        "id": "l00551",
        "name": "民宿 山彦",
        "name_en": null,
        "kind": "guest_house",
        "stars": null,
        "rooms": null,
        "phone": null,
        "website": null,
        "operator": null,
        "address": null,
        "near_town": "n752398499",
        "near_town_name": "湯沢町",
        "osm_id": "w396314511"
      }
    },
    {
      "type": "Feature",
      "geometry": {
        "type": "Point",
        "coordinates": [
          138.7993366,
          36.9642314
        ]
      },
      "properties": {
        "id": "l00552",
        "name": "(이름 없음)",
        "name_en": null,
        "kind": "hotel",
        "stars": null,
        "rooms": null,
        "phone": null,
        "website": null,
        "operator": null,
        "address": null,
        "near_town": "n752398499",
        "near_town_name": "湯沢町",
        "osm_id": "w1049473954"
      }
    },
    {
      "type": "Feature",
      "geometry": {
        "type": "Point",
        "coordinates": [
          138.7989199,
          36.9640577
        ]
      },
      "properties": {
        "id": "l00553",
        "name": "(이름 없음)",
        "name_en": null,
        "kind": "hotel",
        "stars": null,
        "rooms": null,
        "phone": null,
        "website": null,
        "operator": null,
        "address": null,
        "near_town": "n752398499",
        "near_town_name": "湯沢町",
        "osm_id": "w1049473956"
      }
    },
    {
      "type": "Feature",
      "geometry": {
        "type": "Point",
        "coordinates": [
          138.8201036,
          36.9212112
        ]
      },
      "properties": {
        "id": "l00554",
        "name": "ファミーユ神立",
        "name_en": null,
        "kind": "hotel",
        "stars": null,
        "rooms": null,
        "phone": null,
        "website": null,
        "operator": null,
        "address": null,
        "near_town": "n752398499",
        "near_town_name": "湯沢町",
        "osm_id": "w1204088046"
      }
    },
    {
      "type": "Feature",
      "geometry": {
        "type": "Point",
        "coordinates": [
          138.8434773,
          36.9280849
        ]
      },
      "properties": {
        "id": "l00555",
        "name": "セーナインふじや",
        "name_en": null,
        "kind": "hotel",
        "stars": null,
        "rooms": null,
        "phone": null,
        "website": null,
        "operator": null,
        "address": null,
        "near_town": "n752398499",
        "near_town_name": "湯沢町",
        "osm_id": "w1204088067"
      }
    },
    {
      "type": "Feature",
      "geometry": {
        "type": "Point",
        "coordinates": [
          138.8428984,
          36.9272357
        ]
      },
      "properties": {
        "id": "l00556",
        "name": "南屋旅館",
        "name_en": null,
        "kind": "hotel",
        "stars": null,
        "rooms": null,
        "phone": null,
        "website": null,
        "operator": null,
        "address": null,
        "near_town": "n752398499",
        "near_town_name": "湯沢町",
        "osm_id": "w1204088071"
      }
    },
    {
      "type": "Feature",
      "geometry": {
        "type": "Point",
        "coordinates": [
          138.8424464,
          36.9266402
        ]
      },
      "properties": {
        "id": "l00557",
        "name": "加賀屋旅館",
        "name_en": null,
        "kind": "hotel",
        "stars": null,
        "rooms": null,
        "phone": null,
        "website": null,
        "operator": null,
        "address": null,
        "near_town": "n752398499",
        "near_town_name": "湯沢町",
        "osm_id": "w1204088074"
      }
    },
    {
      "type": "Feature",
      "geometry": {
        "type": "Point",
        "coordinates": [
          138.8414327,
          36.9259902
        ]
      },
      "properties": {
        "id": "l00558",
        "name": "林屋旅館",
        "name_en": null,
        "kind": "hotel",
        "stars": null,
        "rooms": null,
        "phone": null,
        "website": null,
        "operator": null,
        "address": null,
        "near_town": "n752398499",
        "near_town_name": "湯沢町",
        "osm_id": "w1204088083"
      }
    },
    {
      "type": "Feature",
      "geometry": {
        "type": "Point",
        "coordinates": [
          138.8391995,
          36.9262821
        ]
      },
      "properties": {
        "id": "l00559",
        "name": "浦子の湯　高野屋",
        "name_en": null,
        "kind": "hotel",
        "stars": null,
        "rooms": null,
        "phone": null,
        "website": null,
        "operator": null,
        "address": null,
        "near_town": "n752398499",
        "near_town_name": "湯沢町",
        "osm_id": "w1204088103"
      }
    },
    {
      "type": "Feature",
      "geometry": {
        "type": "Point",
        "coordinates": [
          138.8398645,
          36.9250859
        ]
      },
      "properties": {
        "id": "l00560",
        "name": "ロッジ南雲",
        "name_en": null,
        "kind": "hotel",
        "stars": null,
        "rooms": null,
        "phone": null,
        "website": null,
        "operator": null,
        "address": null,
        "near_town": "n752398499",
        "near_town_name": "湯沢町",
        "osm_id": "w1204095524"
      }
    },
    {
      "type": "Feature",
      "geometry": {
        "type": "Point",
        "coordinates": [
          138.8429833,
          36.9216023
        ]
      },
      "properties": {
        "id": "l00561",
        "name": "トスラブ湯沢",
        "name_en": null,
        "kind": "hotel",
        "stars": null,
        "rooms": null,
        "phone": null,
        "website": null,
        "operator": null,
        "address": null,
        "near_town": "n752398499",
        "near_town_name": "湯沢町",
        "osm_id": "w1204095550"
      }
    },
    {
      "type": "Feature",
      "geometry": {
        "type": "Point",
        "coordinates": [
          138.804162,
          36.9375385
        ]
      },
      "properties": {
        "id": "l00562",
        "name": "ホテル双葉",
        "name_en": null,
        "kind": "hotel",
        "stars": null,
        "rooms": null,
        "phone": "+81257843357",
        "website": "http://www.hotel-futaba.com/sp/",
        "operator": null,
        "address": null,
        "near_town": "n752398499",
        "near_town_name": "湯沢町",
        "osm_id": "w1301335832"
      }
    },
    {
      "type": "Feature",
      "geometry": {
        "type": "Point",
        "coordinates": [
          139.0902785,
          36.6602157
        ]
      },
      "properties": {
        "id": "l00563",
        "name": "旅籠屋沼田店",
        "name_en": null,
        "kind": "motel",
        "stars": null,
        "rooms": null,
        "phone": null,
        "website": null,
        "operator": null,
        "address": null,
        "near_town": "n8813540059",
        "near_town_name": "沼田市",
        "osm_id": "n6138881080"
      }
    },
    {
      "type": "Feature",
      "geometry": {
        "type": "Point",
        "coordinates": [
          139.0488566,
          36.6461206
        ]
      },
      "properties": {
        "id": "l00564",
        "name": "ホテル・ベラヴィータ",
        "name_en": null,
        "kind": "hotel",
        "stars": null,
        "rooms": null,
        "phone": null,
        "website": null,
        "operator": null,
        "address": null,
        "near_town": "n8813540059",
        "near_town_name": "沼田市",
        "osm_id": "w292984306"
      }
    },
    {
      "type": "Feature",
      "geometry": {
        "type": "Point",
        "coordinates": [
          139.0536412,
          36.6470875
        ]
      },
      "properties": {
        "id": "l00565",
        "name": "沼田パブリックホテル",
        "name_en": null,
        "kind": "hotel",
        "stars": null,
        "rooms": null,
        "phone": null,
        "website": null,
        "operator": null,
        "address": null,
        "near_town": "n8813540059",
        "near_town_name": "沼田市",
        "osm_id": "w292984321"
      }
    },
    {
      "type": "Feature",
      "geometry": {
        "type": "Point",
        "coordinates": [
          139.0900914,
          36.6600718
        ]
      },
      "properties": {
        "id": "l00566",
        "name": "ファミリーロッジ旅籠屋沼田店",
        "name_en": null,
        "kind": "motel",
        "stars": null,
        "rooms": null,
        "phone": null,
        "website": null,
        "operator": null,
        "address": null,
        "near_town": "n8813540059",
        "near_town_name": "沼田市",
        "osm_id": "w655178755"
      }
    },
    {
      "type": "Feature",
      "geometry": {
        "type": "Point",
        "coordinates": [
          137.8899935,
          37.0520894
        ]
      },
      "properties": {
        "id": "l00567",
        "name": "ペンション・クルー　Pension Crew",
        "name_en": null,
        "kind": "guest_house",
        "stars": null,
        "rooms": null,
        "phone": null,
        "website": null,
        "operator": "Pension Crew",
        "address": "新潟県糸魚川市大和川 国道８号",
        "near_town": "n752398712",
        "near_town_name": "糸魚川市",
        "osm_id": "n4024800629"
      }
    },
    {
      "type": "Feature",
      "geometry": {
        "type": "Point",
        "coordinates": [
          137.8614167,
          37.0441302
        ]
      },
      "properties": {
        "id": "l00568",
        "name": "ホテル ジオパーク",
        "name_en": "Hotel Geopark",
        "kind": "hotel",
        "stars": null,
        "rooms": null,
        "phone": null,
        "website": null,
        "operator": null,
        "address": null,
        "near_town": "n752398712",
        "near_town_name": "糸魚川市",
        "osm_id": "n4569813066",
        "name_ko": "호텔 게오파rk"
      }
    },
    {
      "type": "Feature",
      "geometry": {
        "type": "Point",
        "coordinates": [
          137.8607454,
          37.0443747
        ]
      },
      "properties": {
        "id": "l00569",
        "name": "ホテルえびや",
        "name_en": null,
        "kind": "hotel",
        "stars": null,
        "rooms": null,
        "phone": null,
        "website": null,
        "operator": null,
        "address": null,
        "near_town": "n752398712",
        "near_town_name": "糸魚川市",
        "osm_id": "n9961088717"
      }
    },
    {
      "type": "Feature",
      "geometry": {
        "type": "Point",
        "coordinates": [
          137.854203,
          37.0320342
        ]
      },
      "properties": {
        "id": "l00570",
        "name": "ホテル糸魚川インター",
        "name_en": null,
        "kind": "hotel",
        "stars": null,
        "rooms": null,
        "phone": null,
        "website": null,
        "operator": null,
        "address": null,
        "near_town": "n752398712",
        "near_town_name": "糸魚川市",
        "osm_id": "n12280784329"
      }
    },
    {
      "type": "Feature",
      "geometry": {
        "type": "Point",
        "coordinates": [
          137.8490291,
          37.0414591
        ]
      },
      "properties": {
        "id": "l00571",
        "name": "たつみ旅館別館",
        "name_en": null,
        "kind": "hotel",
        "stars": null,
        "rooms": null,
        "phone": null,
        "website": null,
        "operator": null,
        "address": null,
        "near_town": "n752398712",
        "near_town_name": "糸魚川市",
        "osm_id": "w671423997"
      }
    },
    {
      "type": "Feature",
      "geometry": {
        "type": "Point",
        "coordinates": [
          137.8486913,
          37.0411117
        ]
      },
      "properties": {
        "id": "l00572",
        "name": "たつみ旅館",
        "name_en": null,
        "kind": "hotel",
        "stars": null,
        "rooms": null,
        "phone": null,
        "website": null,
        "operator": null,
        "address": null,
        "near_town": "n752398712",
        "near_town_name": "糸魚川市",
        "osm_id": "w671423999"
      }
    },
    {
      "type": "Feature",
      "geometry": {
        "type": "Point",
        "coordinates": [
          137.8522082,
          37.0425233
        ]
      },
      "properties": {
        "id": "l00573",
        "name": "ホテルルートイン",
        "name_en": null,
        "kind": "hotel",
        "stars": null,
        "rooms": null,
        "phone": null,
        "website": null,
        "operator": null,
        "address": null,
        "near_town": "n752398712",
        "near_town_name": "糸魚川市",
        "osm_id": "w671511646"
      }
    },
    {
      "type": "Feature",
      "geometry": {
        "type": "Point",
        "coordinates": [
          138.2046054,
          36.8254425
        ]
      },
      "properties": {
        "id": "l00574",
        "name": "LAMP",
        "name_en": "LAMP",
        "kind": "hostel",
        "stars": null,
        "rooms": null,
        "phone": "+81 26 258 2978",
        "website": "https://lamp-guesthouse.com",
        "operator": null,
        "address": null,
        "near_town": "n702987402",
        "near_town_name": "信濃町",
        "osm_id": "n5060866458",
        "name_ko": "라mp"
      }
    },
    {
      "type": "Feature",
      "geometry": {
        "type": "Point",
        "coordinates": [
          138.2081764,
          36.8323611
        ]
      },
      "properties": {
        "id": "l00575",
        "name": "一番館",
        "name_en": "Ichibankan",
        "kind": "hostel",
        "stars": null,
        "rooms": null,
        "phone": null,
        "website": null,
        "operator": null,
        "address": null,
        "near_town": "n702987402",
        "near_town_name": "信濃町",
        "osm_id": "n6283802890",
        "name_ko": "이치반칸"
      }
    },
    {
      "type": "Feature",
      "geometry": {
        "type": "Point",
        "coordinates": [
          138.2075647,
          36.8321825
        ]
      },
      "properties": {
        "id": "l00576",
        "name": "宮川旅館",
        "name_en": null,
        "kind": "hotel",
        "stars": null,
        "rooms": null,
        "phone": null,
        "website": null,
        "operator": null,
        "address": null,
        "near_town": "n702987402",
        "near_town_name": "信濃町",
        "osm_id": "n6283802903"
      }
    },
    {
      "type": "Feature",
      "geometry": {
        "type": "Point",
        "coordinates": [
          138.2088756,
          36.8322844
        ]
      },
      "properties": {
        "id": "l00577",
        "name": "小松屋ホテル",
        "name_en": "Komatsuya Hotel",
        "kind": "hotel",
        "stars": null,
        "rooms": null,
        "phone": null,
        "website": null,
        "operator": null,
        "address": null,
        "near_town": "n702987402",
        "near_town_name": "信濃町",
        "osm_id": "n6283802904",
        "name_ko": "코마쓰야 호텔"
      }
    },
    {
      "type": "Feature",
      "geometry": {
        "type": "Point",
        "coordinates": [
          138.2091499,
          36.8325811
        ]
      },
      "properties": {
        "id": "l00578",
        "name": "藤屋",
        "name_en": "Fujiya",
        "kind": "hotel",
        "stars": null,
        "rooms": null,
        "phone": null,
        "website": null,
        "operator": null,
        "address": null,
        "near_town": "n702987402",
        "near_town_name": "信濃町",
        "osm_id": "w671102167",
        "name_ko": "후지야"
      }
    },
    {
      "type": "Feature",
      "geometry": {
        "type": "Point",
        "coordinates": [
          138.2100106,
          36.8370123
        ]
      },
      "properties": {
        "id": "l00579",
        "name": "Elan Hotel Lake Nojiri",
        "name_en": null,
        "kind": "hotel",
        "stars": null,
        "rooms": null,
        "phone": null,
        "website": null,
        "operator": null,
        "address": null,
        "near_town": "n702987402",
        "near_town_name": "信濃町",
        "osm_id": "w1466111520"
      }
    },
    {
      "type": "Feature",
      "geometry": {
        "type": "Point",
        "coordinates": [
          138.6258611,
          37.0029341
        ]
      },
      "properties": {
        "id": "l00580",
        "name": "越後田中温泉 しなの荘",
        "name_en": null,
        "kind": "hotel",
        "stars": null,
        "rooms": null,
        "phone": null,
        "website": null,
        "operator": null,
        "address": null,
        "near_town": "n3358907728",
        "near_town_name": "津南町",
        "osm_id": "w675386441"
      }
    },
    {
      "type": "Feature",
      "geometry": {
        "type": "Point",
        "coordinates": [
          138.6681201,
          37.0480919
        ]
      },
      "properties": {
        "id": "l00581",
        "name": "渓泉荘",
        "name_en": null,
        "kind": "hotel",
        "stars": null,
        "rooms": null,
        "phone": null,
        "website": null,
        "operator": null,
        "address": null,
        "near_town": "n3358907728",
        "near_town_name": "津南町",
        "osm_id": "w675770013"
      }
    },
    {
      "type": "Feature",
      "geometry": {
        "type": "Point",
        "coordinates": [
          138.6497736,
          37.0122576
        ]
      },
      "properties": {
        "id": "l00582",
        "name": "綿屋旅館",
        "name_en": null,
        "kind": "hotel",
        "stars": null,
        "rooms": null,
        "phone": null,
        "website": null,
        "operator": null,
        "address": null,
        "near_town": "n3358907728",
        "near_town_name": "津南町",
        "osm_id": "w789173478"
      }
    },
    {
      "type": "Feature",
      "geometry": {
        "type": "Point",
        "coordinates": [
          138.672855,
          37.0493857
        ]
      },
      "properties": {
        "id": "l00583",
        "name": "だいすきさんが－旧三箇小学校",
        "name_en": null,
        "kind": "motel",
        "stars": null,
        "rooms": null,
        "phone": null,
        "website": null,
        "operator": null,
        "address": null,
        "near_town": "n3358907728",
        "near_town_name": "津南町",
        "osm_id": "w978178179"
      }
    },
    {
      "type": "Feature",
      "geometry": {
        "type": "Point",
        "coordinates": [
          138.2277531,
          37.0286544
        ]
      },
      "properties": {
        "id": "l00584",
        "name": "スーパーホテル新井・新潟",
        "name_en": null,
        "kind": "hotel",
        "stars": null,
        "rooms": null,
        "phone": null,
        "website": null,
        "operator": null,
        "address": null,
        "near_town": "n752398751",
        "near_town_name": "妙高市",
        "osm_id": "n529136261"
      }
    },
    {
      "type": "Feature",
      "geometry": {
        "type": "Point",
        "coordinates": [
          138.3632062,
          36.8574783
        ]
      },
      "properties": {
        "id": "l00585",
        "name": "ビジネスホテル ノーブル飯山",
        "name_en": "Business Hotel Noble Iiyama",
        "kind": "hotel",
        "stars": null,
        "rooms": null,
        "phone": "0269-62-0165",
        "website": null,
        "operator": null,
        "address": null,
        "near_town": "n5901282260",
        "near_town_name": "飯山市",
        "osm_id": "n8896719918",
        "name_ko": "비즈니스 호텔 노b레 이야마"
      }
    },
    {
      "type": "Feature",
      "geometry": {
        "type": "Point",
        "coordinates": [
          138.3613593,
          36.8480705
        ]
      },
      "properties": {
        "id": "l00586",
        "name": "(이름 없음)",
        "name_en": null,
        "kind": "hotel",
        "stars": null,
        "rooms": null,
        "phone": null,
        "website": null,
        "operator": null,
        "address": null,
        "near_town": "n5901282260",
        "near_town_name": "飯山市",
        "osm_id": "w478550650"
      }
    },
    {
      "type": "Feature",
      "geometry": {
        "type": "Point",
        "coordinates": [
          138.4040175,
          36.8286416
        ]
      },
      "properties": {
        "id": "l00587",
        "name": "Koshasanroku Miyukino mori",
        "name_en": "Koshasanroku Miyukino mori",
        "kind": "hostel",
        "stars": null,
        "rooms": null,
        "phone": "+81 26 982 4551",
        "website": "https://www.miyukinoyh.com",
        "operator": null,
        "address": null,
        "near_town": "n5901282260",
        "near_town_name": "飯山市",
        "osm_id": "w955303370",
        "name_ko": "코샤산로쿠 미유키노 모리"
      }
    },
    {
      "type": "Feature",
      "geometry": {
        "type": "Point",
        "coordinates": [
          138.1867337,
          36.6439304
        ]
      },
      "properties": {
        "id": "l00588",
        "name": "ホテルサンルート長野",
        "name_en": null,
        "kind": "hotel",
        "stars": null,
        "rooms": null,
        "phone": null,
        "website": null,
        "operator": null,
        "address": null,
        "near_town": "n702987391",
        "near_town_name": "長野市",
        "osm_id": "n2738206701"
      }
    },
    {
      "type": "Feature",
      "geometry": {
        "type": "Point",
        "coordinates": [
          138.1905409,
          36.6474737
        ]
      },
      "properties": {
        "id": "l00589",
        "name": "Hotel Nagano avenue",
        "name_en": null,
        "kind": "hotel",
        "stars": null,
        "rooms": null,
        "phone": null,
        "website": null,
        "operator": null,
        "address": null,
        "near_town": "n702987391",
        "near_town_name": "長野市",
        "osm_id": "n3136203929"
      }
    },
    {
      "type": "Feature",
      "geometry": {
        "type": "Point",
        "coordinates": [
          138.1874213,
          36.6528492
        ]
      },
      "properties": {
        "id": "l00590",
        "name": "Worldtreck diner & Guesthouse - Pise",
        "name_en": "Worldtreck diner & Guesthouse - Pise",
        "kind": "hostel",
        "stars": null,
        "rooms": null,
        "phone": "+81 26 214 5656",
        "website": "https://nagano-guesthouse.com/",
        "operator": null,
        "address": null,
        "near_town": "n702987391",
        "near_town_name": "長野市",
        "osm_id": "n4155884218",
        "name_ko": "오r르dt레ck 지네r & 게스트하우스 - 피세"
      }
    },
    {
      "type": "Feature",
      "geometry": {
        "type": "Point",
        "coordinates": [
          138.188699,
          36.6583415
        ]
      },
      "properties": {
        "id": "l00591",
        "name": "Dot Hostel Nagano",
        "name_en": "Dot Hostel Nagano",
        "kind": "hostel",
        "stars": null,
        "rooms": null,
        "phone": "+81 26 219 6769",
        "website": "https://dothostel-nagano.com/",
        "operator": null,
        "address": null,
        "near_town": "n702987391",
        "near_town_name": "長野市",
        "osm_id": "n5060712742",
        "name_ko": "도t 호스텔 나가노"
      }
    },
    {
      "type": "Feature",
      "geometry": {
        "type": "Point",
        "coordinates": [
          138.1852374,
          36.6416356
        ]
      },
      "properties": {
        "id": "l00592",
        "name": "森と水バックパッカーズ",
        "name_en": "Moritomizu Backpackers",
        "kind": "hostel",
        "stars": null,
        "rooms": null,
        "phone": "+81 26 217 5188",
        "website": "https://www.morimizu.net",
        "operator": null,
        "address": null,
        "near_town": "n702987391",
        "near_town_name": "長野市",
        "osm_id": "n5060762807",
        "name_ko": "모리토미즈 백패커스"
      }
    },
    {
      "type": "Feature",
      "geometry": {
        "type": "Point",
        "coordinates": [
          138.1855852,
          36.6456498
        ]
      },
      "properties": {
        "id": "l00593",
        "name": "AUN",
        "name_en": null,
        "kind": "guest_house",
        "stars": null,
        "rooms": null,
        "phone": null,
        "website": null,
        "operator": null,
        "address": null,
        "near_town": "n702987391",
        "near_town_name": "長野市",
        "osm_id": "n5643560451"
      }
    },
    {
      "type": "Feature",
      "geometry": {
        "type": "Point",
        "coordinates": [
          138.1810368,
          36.6425684
        ]
      },
      "properties": {
        "id": "l00594",
        "name": "ホテル信濃路",
        "name_en": null,
        "kind": "hotel",
        "stars": null,
        "rooms": null,
        "phone": null,
        "website": null,
        "operator": null,
        "address": null,
        "near_town": "n702987391",
        "near_town_name": "長野市",
        "osm_id": "n5800513768"
      }
    },
    {
      "type": "Feature",
      "geometry": {
        "type": "Point",
        "coordinates": [
          138.2076076,
          36.6347119
        ]
      },
      "properties": {
        "id": "l00595",
        "name": "ホテルルートイン",
        "name_en": null,
        "kind": "hotel",
        "stars": null,
        "rooms": null,
        "phone": null,
        "website": null,
        "operator": null,
        "address": null,
        "near_town": "n702987391",
        "near_town_name": "長野市",
        "osm_id": "n5859904354"
      }
    },
    {
      "type": "Feature",
      "geometry": {
        "type": "Point",
        "coordinates": [
          138.2077667,
          36.633889
        ]
      },
      "properties": {
        "id": "l00596",
        "name": "ホテルルートイン",
        "name_en": null,
        "kind": "hotel",
        "stars": null,
        "rooms": null,
        "phone": null,
        "website": null,
        "operator": null,
        "address": null,
        "near_town": "n702987391",
        "near_town_name": "長野市",
        "osm_id": "n5859904356"
      }
    },
    {
      "type": "Feature",
      "geometry": {
        "type": "Point",
        "coordinates": [
          138.1875763,
          36.655317
        ]
      },
      "properties": {
        "id": "l00597",
        "name": "中央館 清水屋旅館",
        "name_en": null,
        "kind": "hotel",
        "stars": null,
        "rooms": null,
        "phone": null,
        "website": null,
        "operator": null,
        "address": null,
        "near_town": "n702987391",
        "near_town_name": "長野市",
        "osm_id": "n5886925842"
      }
    },
    {
      "type": "Feature",
      "geometry": {
        "type": "Point",
        "coordinates": [
          138.1844176,
          36.6667528
        ]
      },
      "properties": {
        "id": "l00598",
        "name": "山の神温泉",
        "name_en": null,
        "kind": "hotel",
        "stars": null,
        "rooms": null,
        "phone": null,
        "website": null,
        "operator": null,
        "address": null,
        "near_town": "n702987391",
        "near_town_name": "長野市",
        "osm_id": "n5914899789"
      }
    },
    {
      "type": "Feature",
      "geometry": {
        "type": "Point",
        "coordinates": [
          138.1826024,
          36.6265743
        ]
      },
      "properties": {
        "id": "l00599",
        "name": "ビジネス旅館 八景館",
        "name_en": null,
        "kind": "hotel",
        "stars": null,
        "rooms": null,
        "phone": null,
        "website": null,
        "operator": null,
        "address": null,
        "near_town": "n702987391",
        "near_town_name": "長野市",
        "osm_id": "n6043053563"
      }
    },
    {
      "type": "Feature",
      "geometry": {
        "type": "Point",
        "coordinates": [
          138.2021062,
          36.6265084
        ]
      },
      "properties": {
        "id": "l00600",
        "name": "旅館大橋",
        "name_en": null,
        "kind": "hotel",
        "stars": null,
        "rooms": null,
        "phone": null,
        "website": null,
        "operator": null,
        "address": null,
        "near_town": "n702987391",
        "near_town_name": "長野市",
        "osm_id": "n6144686794"
      }
    },
    {
      "type": "Feature",
      "geometry": {
        "type": "Point",
        "coordinates": [
          138.1899105,
          36.6447739
        ]
      },
      "properties": {
        "id": "l00601",
        "name": "長野第一ホテル",
        "name_en": null,
        "kind": "hotel",
        "stars": null,
        "rooms": null,
        "phone": null,
        "website": null,
        "operator": null,
        "address": null,
        "near_town": "n702987391",
        "near_town_name": "長野市",
        "osm_id": "n6673213756"
      }
    },
    {
      "type": "Feature",
      "geometry": {
        "type": "Point",
        "coordinates": [
          138.1865682,
          36.64573
        ]
      },
      "properties": {
        "id": "l00602",
        "name": "Mash Cafe & Bed",
        "name_en": null,
        "kind": "hotel",
        "stars": null,
        "rooms": null,
        "phone": null,
        "website": null,
        "operator": null,
        "address": "中央通り",
        "near_town": "n702987391",
        "near_town_name": "長野市",
        "osm_id": "n6728997689"
      }
    },
    {
      "type": "Feature",
      "geometry": {
        "type": "Point",
        "coordinates": [
          138.1875868,
          36.6440987
        ]
      },
      "properties": {
        "id": "l00603",
        "name": "ホテルアベスト",
        "name_en": null,
        "kind": "hotel",
        "stars": null,
        "rooms": null,
        "phone": null,
        "website": null,
        "operator": null,
        "address": null,
        "near_town": "n702987391",
        "near_town_name": "長野市",
        "osm_id": "n8871736050"
      }
    },
    {
      "type": "Feature",
      "geometry": {
        "type": "Point",
        "coordinates": [
          138.1829667,
          36.6284181
        ]
      },
      "properties": {
        "id": "l00604",
        "name": "犀川温泉旅館",
        "name_en": null,
        "kind": "hotel",
        "stars": null,
        "rooms": null,
        "phone": null,
        "website": null,
        "operator": null,
        "address": null,
        "near_town": "n702987391",
        "near_town_name": "長野市",
        "osm_id": "n10605246542"
      }
    },
    {
      "type": "Feature",
      "geometry": {
        "type": "Point",
        "coordinates": [
          138.1902429,
          36.6539937
        ]
      },
      "properties": {
        "id": "l00605",
        "name": "Hotel Unicorn",
        "name_en": "Hotel Unicorn",
        "kind": "hotel",
        "stars": null,
        "rooms": null,
        "phone": null,
        "website": null,
        "operator": null,
        "address": null,
        "near_town": "n702987391",
        "near_town_name": "長野市",
        "osm_id": "n10833061505",
        "name_ko": "호텔 우니c오rㄴ"
      }
    },
    {
      "type": "Feature",
      "geometry": {
        "type": "Point",
        "coordinates": [
          138.1869911,
          36.6428174
        ]
      },
      "properties": {
        "id": "l00606",
        "name": "Hotel Metropolitan Nagano",
        "name_en": "Hotel Metropolitan Nagano",
        "kind": "hotel",
        "stars": null,
        "rooms": null,
        "phone": null,
        "website": null,
        "operator": null,
        "address": null,
        "near_town": "n702987391",
        "near_town_name": "長野市",
        "osm_id": "n13108130301",
        "name_ko": "호텔 메t로포리탄 나가노"
      }
    },
    {
      "type": "Feature",
      "geometry": {
        "type": "Point",
        "coordinates": [
          138.1836378,
          36.6529225
        ]
      },
      "properties": {
        "id": "l00607",
        "name": "ホテル犀北館",
        "name_en": null,
        "kind": "hotel",
        "stars": null,
        "rooms": null,
        "phone": null,
        "website": null,
        "operator": null,
        "address": null,
        "near_town": "n702987391",
        "near_town_name": "長野市",
        "osm_id": "w160893542"
      }
    },
    {
      "type": "Feature",
      "geometry": {
        "type": "Point",
        "coordinates": [
          138.187653,
          36.6484463
        ]
      },
      "properties": {
        "id": "l00608",
        "name": "ホテルJALシティ",
        "name_en": null,
        "kind": "hotel",
        "stars": null,
        "rooms": null,
        "phone": null,
        "website": null,
        "operator": null,
        "address": null,
        "near_town": "n702987391",
        "near_town_name": "長野市",
        "osm_id": "w161027600"
      }
    },
    {
      "type": "Feature",
      "geometry": {
        "type": "Point",
        "coordinates": [
          138.1824371,
          36.6519702
        ]
      },
      "properties": {
        "id": "l00609",
        "name": "ホテル国際21",
        "name_en": "Hotel Kokusai 21",
        "kind": "hotel",
        "stars": null,
        "rooms": null,
        "phone": null,
        "website": null,
        "operator": null,
        "address": null,
        "near_town": "n702987391",
        "near_town_name": "長野市",
        "osm_id": "w161028043",
        "name_ko": "호텔 코쿠사이 21"
      }
    },
    {
      "type": "Feature",
      "geometry": {
        "type": "Point",
        "coordinates": [
          138.1869918,
          36.6428175
        ]
      },
      "properties": {
        "id": "l00610",
        "name": "ホテルメトロポリタン長野",
        "name_en": "Hotel Metropolitan Nagano",
        "kind": "hotel",
        "stars": null,
        "rooms": null,
        "phone": null,
        "website": null,
        "operator": null,
        "address": null,
        "near_town": "n702987391",
        "near_town_name": "長野市",
        "osm_id": "w168985081",
        "name_ko": "호텔 메t로포리탄 나가노"
      }
    },
    {
      "type": "Feature",
      "geometry": {
        "type": "Point",
        "coordinates": [
          138.1903321,
          36.6457063
        ]
      },
      "properties": {
        "id": "l00611",
        "name": "コンフォートホテル長野",
        "name_en": null,
        "kind": "hotel",
        "stars": null,
        "rooms": null,
        "phone": null,
        "website": null,
        "operator": null,
        "address": null,
        "near_town": "n702987391",
        "near_town_name": "長野市",
        "osm_id": "w219678165"
      }
    },
    {
      "type": "Feature",
      "geometry": {
        "type": "Point",
        "coordinates": [
          138.1881717,
          36.6451605
        ]
      },
      "properties": {
        "id": "l00612",
        "name": "NEW NAGANO NeXT",
        "name_en": null,
        "kind": "hotel",
        "stars": null,
        "rooms": null,
        "phone": null,
        "website": null,
        "operator": null,
        "address": null,
        "near_town": "n702987391",
        "near_town_name": "長野市",
        "osm_id": "w220074121"
      }
    },
    {
      "type": "Feature",
      "geometry": {
        "type": "Point",
        "coordinates": [
          138.1868133,
          36.6443646
        ]
      },
      "properties": {
        "id": "l00613",
        "name": "長野セントラルホテル",
        "name_en": null,
        "kind": "hotel",
        "stars": null,
        "rooms": null,
        "phone": null,
        "website": null,
        "operator": null,
        "address": null,
        "near_town": "n702987391",
        "near_town_name": "長野市",
        "osm_id": "w220539746"
      }
    },
    {
      "type": "Feature",
      "geometry": {
        "type": "Point",
        "coordinates": [
          138.1919594,
          36.6460189
        ]
      },
      "properties": {
        "id": "l00614",
        "name": "チサン グランド 長野",
        "name_en": null,
        "kind": "hotel",
        "stars": null,
        "rooms": null,
        "phone": null,
        "website": null,
        "operator": null,
        "address": null,
        "near_town": "n702987391",
        "near_town_name": "長野市",
        "osm_id": "w221261199"
      }
    },
    {
      "type": "Feature",
      "geometry": {
        "type": "Point",
        "coordinates": [
          138.1835563,
          36.6530299
        ]
      },
      "properties": {
        "id": "l00615",
        "name": "(이름 없음)",
        "name_en": null,
        "kind": "hotel",
        "stars": null,
        "rooms": null,
        "phone": null,
        "website": null,
        "operator": null,
        "address": null,
        "near_town": "n702987391",
        "near_town_name": "長野市",
        "osm_id": "w221915422"
      }
    },
    {
      "type": "Feature",
      "geometry": {
        "type": "Point",
        "coordinates": [
          138.1837883,
          36.6526902
        ]
      },
      "properties": {
        "id": "l00616",
        "name": "(이름 없음)",
        "name_en": null,
        "kind": "hotel",
        "stars": null,
        "rooms": null,
        "phone": null,
        "website": null,
        "operator": null,
        "address": null,
        "near_town": "n702987391",
        "near_town_name": "長野市",
        "osm_id": "w221915425"
      }
    },
    {
      "type": "Feature",
      "geometry": {
        "type": "Point",
        "coordinates": [
          138.1862931,
          36.6553541
        ]
      },
      "properties": {
        "id": "l00617",
        "name": "1166 Backpackers",
        "name_en": "1166 Backpackers",
        "kind": "hostel",
        "stars": null,
        "rooms": null,
        "phone": "+81 26 217 2816",
        "website": "https://www.1166bp.com/",
        "operator": null,
        "address": "Nagano Nishimachi",
        "near_town": "n702987391",
        "near_town_name": "長野市",
        "osm_id": "w238164642",
        "name_ko": "1166 백패커스"
      }
    },
    {
      "type": "Feature",
      "geometry": {
        "type": "Point",
        "coordinates": [
          138.1854034,
          36.6431246
        ]
      },
      "properties": {
        "id": "l00618",
        "name": "東横INN",
        "name_en": "Toyoko Inn",
        "kind": "hotel",
        "stars": null,
        "rooms": null,
        "phone": "+81-(0)26-228-1045",
        "website": null,
        "operator": null,
        "address": null,
        "near_town": "n702987391",
        "near_town_name": "長野市",
        "osm_id": "w282622298",
        "name_ko": "도요코 인"
      }
    },
    {
      "type": "Feature",
      "geometry": {
        "type": "Point",
        "coordinates": [
          138.1873901,
          36.6591939
        ]
      },
      "properties": {
        "id": "l00619",
        "name": "松屋旅館",
        "name_en": null,
        "kind": "hotel",
        "stars": null,
        "rooms": null,
        "phone": null,
        "website": null,
        "operator": null,
        "address": null,
        "near_town": "n702987391",
        "near_town_name": "長野市",
        "osm_id": "w307455254"
      }
    },
    {
      "type": "Feature",
      "geometry": {
        "type": "Point",
        "coordinates": [
          138.1873437,
          36.6589313
        ]
      },
      "properties": {
        "id": "l00620",
        "name": "いづみや旅館",
        "name_en": null,
        "kind": "hotel",
        "stars": null,
        "rooms": null,
        "phone": null,
        "website": null,
        "operator": null,
        "address": null,
        "near_town": "n702987391",
        "near_town_name": "長野市",
        "osm_id": "w307455258"
      }
    },
    {
      "type": "Feature",
      "geometry": {
        "type": "Point",
        "coordinates": [
          138.189184,
          36.648849
        ]
      },
      "properties": {
        "id": "l00621",
        "name": "アパホテル <長野>",
        "name_en": "APA HOTEL <NAGANO>",
        "kind": "hotel",
        "stars": null,
        "rooms": null,
        "phone": null,
        "website": null,
        "operator": null,
        "address": null,
        "near_town": "n702987391",
        "near_town_name": "長野市",
        "osm_id": "w308354084",
        "name_ko": "APA 호텔 <나가노>"
      }
    },
    {
      "type": "Feature",
      "geometry": {
        "type": "Point",
        "coordinates": [
          138.1910156,
          36.6466632
        ]
      },
      "properties": {
        "id": "l00622",
        "name": "Island Hotel",
        "name_en": null,
        "kind": "hotel",
        "stars": null,
        "rooms": null,
        "phone": null,
        "website": null,
        "operator": null,
        "address": null,
        "near_town": "n702987391",
        "near_town_name": "長野市",
        "osm_id": "w589265092"
      }
    },
    {
      "type": "Feature",
      "geometry": {
        "type": "Point",
        "coordinates": [
          138.1902043,
          36.6421838
        ]
      },
      "properties": {
        "id": "l00623",
        "name": "ホテルコートランド",
        "name_en": null,
        "kind": "hotel",
        "stars": null,
        "rooms": null,
        "phone": null,
        "website": null,
        "operator": null,
        "address": null,
        "near_town": "n702987391",
        "near_town_name": "長野市",
        "osm_id": "w611472577"
      }
    },
    {
      "type": "Feature",
      "geometry": {
        "type": "Point",
        "coordinates": [
          138.1998167,
          36.6290527
        ]
      },
      "properties": {
        "id": "l00624",
        "name": "川端",
        "name_en": null,
        "kind": "hotel",
        "stars": null,
        "rooms": null,
        "phone": null,
        "website": null,
        "operator": null,
        "address": null,
        "near_town": "n702987391",
        "near_town_name": "長野市",
        "osm_id": "w612149789"
      }
    },
    {
      "type": "Feature",
      "geometry": {
        "type": "Point",
        "coordinates": [
          138.1863275,
          36.6427164
        ]
      },
      "properties": {
        "id": "l00625",
        "name": "ナガノプラザホテル",
        "name_en": null,
        "kind": "hotel",
        "stars": null,
        "rooms": null,
        "phone": null,
        "website": null,
        "operator": null,
        "address": null,
        "near_town": "n702987391",
        "near_town_name": "長野市",
        "osm_id": "w619365735"
      }
    },
    {
      "type": "Feature",
      "geometry": {
        "type": "Point",
        "coordinates": [
          138.1891683,
          36.6480468
        ]
      },
      "properties": {
        "id": "l00626",
        "name": "長野リンデンプラザホテル",
        "name_en": null,
        "kind": "hotel",
        "stars": null,
        "rooms": null,
        "phone": null,
        "website": null,
        "operator": null,
        "address": null,
        "near_town": "n702987391",
        "near_town_name": "長野市",
        "osm_id": "w622922443"
      }
    },
    {
      "type": "Feature",
      "geometry": {
        "type": "Point",
        "coordinates": [
          138.1887665,
          36.6522296
        ]
      },
      "properties": {
        "id": "l00627",
        "name": "ホテルやま",
        "name_en": null,
        "kind": "hotel",
        "stars": null,
        "rooms": null,
        "phone": null,
        "website": null,
        "operator": null,
        "address": null,
        "near_town": "n702987391",
        "near_town_name": "長野市",
        "osm_id": "w625476409"
      }
    },
    {
      "type": "Feature",
      "geometry": {
        "type": "Point",
        "coordinates": [
          138.1801115,
          36.6356396
        ]
      },
      "properties": {
        "id": "l00628",
        "name": "SA Inn Hotels Nagano Nakagosyo",
        "name_en": null,
        "kind": "hotel",
        "stars": null,
        "rooms": null,
        "phone": null,
        "website": "https://sainn-hotels.com/",
        "operator": null,
        "address": null,
        "near_town": "n702987391",
        "near_town_name": "長野市",
        "osm_id": "w626304277"
      }
    },
    {
      "type": "Feature",
      "geometry": {
        "type": "Point",
        "coordinates": [
          138.1920205,
          36.6472009
        ]
      },
      "properties": {
        "id": "l00629",
        "name": "ホテル日興",
        "name_en": null,
        "kind": "hotel",
        "stars": null,
        "rooms": null,
        "phone": null,
        "website": null,
        "operator": null,
        "address": null,
        "near_town": "n702987391",
        "near_town_name": "長野市",
        "osm_id": "w663714679"
      }
    },
    {
      "type": "Feature",
      "geometry": {
        "type": "Point",
        "coordinates": [
          138.186868,
          36.6594405
        ]
      },
      "properties": {
        "id": "l00630",
        "name": "徳寿院",
        "name_en": "Tokujuin",
        "kind": "guest_house",
        "stars": null,
        "rooms": null,
        "phone": null,
        "website": null,
        "operator": null,
        "address": null,
        "near_town": "n702987391",
        "near_town_name": "長野市",
        "osm_id": "w663756106",
        "name_ko": "토쿠주인"
      }
    },
    {
      "type": "Feature",
      "geometry": {
        "type": "Point",
        "coordinates": [
          138.1880331,
          36.6580468
        ]
      },
      "properties": {
        "id": "l00631",
        "name": "浄願坊",
        "name_en": null,
        "kind": "guest_house",
        "stars": null,
        "rooms": null,
        "phone": null,
        "website": null,
        "operator": null,
        "address": null,
        "near_town": "n702987391",
        "near_town_name": "長野市",
        "osm_id": "w663756107"
      }
    },
    {
      "type": "Feature",
      "geometry": {
        "type": "Point",
        "coordinates": [
          138.1880516,
          36.6583208
        ]
      },
      "properties": {
        "id": "l00632",
        "name": "正信坊",
        "name_en": null,
        "kind": "guest_house",
        "stars": null,
        "rooms": null,
        "phone": null,
        "website": null,
        "operator": null,
        "address": null,
        "near_town": "n702987391",
        "near_town_name": "長野市",
        "osm_id": "w663756108"
      }
    },
    {
      "type": "Feature",
      "geometry": {
        "type": "Point",
        "coordinates": [
          138.1861619,
          36.6597518
        ]
      },
      "properties": {
        "id": "l00633",
        "name": "薬王院",
        "name_en": null,
        "kind": "guest_house",
        "stars": null,
        "rooms": null,
        "phone": null,
        "website": null,
        "operator": null,
        "address": null,
        "near_town": "n702987391",
        "near_town_name": "長野市",
        "osm_id": "w664287602"
      }
    },
    {
      "type": "Feature",
      "geometry": {
        "type": "Point",
        "coordinates": [
          138.1864314,
          36.6597633
        ]
      },
      "properties": {
        "id": "l00634",
        "name": "光明院",
        "name_en": null,
        "kind": "guest_house",
        "stars": null,
        "rooms": null,
        "phone": null,
        "website": null,
        "operator": null,
        "address": null,
        "near_town": "n702987391",
        "near_town_name": "長野市",
        "osm_id": "w664287603"
      }
    },
    {
      "type": "Feature",
      "geometry": {
        "type": "Point",
        "coordinates": [
          138.1867995,
          36.6587965
        ]
      },
      "properties": {
        "id": "l00635",
        "name": "良性院",
        "name_en": null,
        "kind": "guest_house",
        "stars": null,
        "rooms": null,
        "phone": null,
        "website": null,
        "operator": null,
        "address": null,
        "near_town": "n702987391",
        "near_town_name": "長野市",
        "osm_id": "w664287604"
      }
    },
    {
      "type": "Feature",
      "geometry": {
        "type": "Point",
        "coordinates": [
          138.1868672,
          36.6589794
        ]
      },
      "properties": {
        "id": "l00636",
        "name": "宝林院",
        "name_en": null,
        "kind": "guest_house",
        "stars": null,
        "rooms": null,
        "phone": null,
        "website": null,
        "operator": null,
        "address": null,
        "near_town": "n702987391",
        "near_town_name": "長野市",
        "osm_id": "w664287605"
      }
    },
    {
      "type": "Feature",
      "geometry": {
        "type": "Point",
        "coordinates": [
          138.1868678,
          36.6591079
        ]
      },
      "properties": {
        "id": "l00637",
        "name": "長養院",
        "name_en": null,
        "kind": "guest_house",
        "stars": null,
        "rooms": null,
        "phone": null,
        "website": null,
        "operator": null,
        "address": null,
        "near_town": "n702987391",
        "near_town_name": "長野市",
        "osm_id": "w664287606"
      }
    },
    {
      "type": "Feature",
      "geometry": {
        "type": "Point",
        "coordinates": [
          138.1868678,
          36.659272
        ]
      },
      "properties": {
        "id": "l00638",
        "name": "本覚院",
        "name_en": null,
        "kind": "guest_house",
        "stars": null,
        "rooms": null,
        "phone": null,
        "website": null,
        "operator": null,
        "address": null,
        "near_town": "n702987391",
        "near_town_name": "長野市",
        "osm_id": "w664287608"
      }
    },
    {
      "type": "Feature",
      "geometry": {
        "type": "Point",
        "coordinates": [
          138.1868661,
          36.6596616
        ]
      },
      "properties": {
        "id": "l00639",
        "name": "最勝院",
        "name_en": "Saisyoin",
        "kind": "guest_house",
        "stars": null,
        "rooms": null,
        "phone": null,
        "website": null,
        "operator": null,
        "address": null,
        "near_town": "n702987391",
        "near_town_name": "長野市",
        "osm_id": "w664287609",
        "name_ko": "사이s요인"
      }
    },
    {
      "type": "Feature",
      "geometry": {
        "type": "Point",
        "coordinates": [
          138.1850474,
          36.645956
        ]
      },
      "properties": {
        "id": "l00640",
        "name": "自彊館",
        "name_en": null,
        "kind": "hotel",
        "stars": null,
        "rooms": null,
        "phone": null,
        "website": null,
        "operator": null,
        "address": null,
        "near_town": "n702987391",
        "near_town_name": "長野市",
        "osm_id": "w664297805"
      }
    },
    {
      "type": "Feature",
      "geometry": {
        "type": "Point",
        "coordinates": [
          138.1881868,
          36.6586825
        ]
      },
      "properties": {
        "id": "l00641",
        "name": "玉照院",
        "name_en": null,
        "kind": "guest_house",
        "stars": null,
        "rooms": null,
        "phone": null,
        "website": null,
        "operator": null,
        "address": null,
        "near_town": "n702987391",
        "near_town_name": "長野市",
        "osm_id": "w664312924"
      }
    },
    {
      "type": "Feature",
      "geometry": {
        "type": "Point",
        "coordinates": [
          138.1881871,
          36.6588057
        ]
      },
      "properties": {
        "id": "l00642",
        "name": "円乗院",
        "name_en": null,
        "kind": "guest_house",
        "stars": null,
        "rooms": null,
        "phone": null,
        "website": null,
        "operator": null,
        "address": null,
        "near_town": "n702987391",
        "near_town_name": "長野市",
        "osm_id": "w664312925"
      }
    },
    {
      "type": "Feature",
      "geometry": {
        "type": "Point",
        "coordinates": [
          138.1881908,
          36.6589111
        ]
      },
      "properties": {
        "id": "l00643",
        "name": "威徳院",
        "name_en": null,
        "kind": "guest_house",
        "stars": null,
        "rooms": null,
        "phone": null,
        "website": null,
        "operator": null,
        "address": null,
        "near_town": "n702987391",
        "near_town_name": "長野市",
        "osm_id": "w664312926"
      }
    },
    {
      "type": "Feature",
      "geometry": {
        "type": "Point",
        "coordinates": [
          138.1881963,
          36.6590133
        ]
      },
      "properties": {
        "id": "l00644",
        "name": "常住院",
        "name_en": null,
        "kind": "guest_house",
        "stars": null,
        "rooms": null,
        "phone": null,
        "website": null,
        "operator": null,
        "address": null,
        "near_town": "n702987391",
        "near_town_name": "長野市",
        "osm_id": "w664312927"
      }
    },
    {
      "type": "Feature",
      "geometry": {
        "type": "Point",
        "coordinates": [
          138.1881982,
          36.6591422
        ]
      },
      "properties": {
        "id": "l00645",
        "name": "世尊院",
        "name_en": null,
        "kind": "guest_house",
        "stars": null,
        "rooms": null,
        "phone": null,
        "website": null,
        "operator": null,
        "address": null,
        "near_town": "n702987391",
        "near_town_name": "長野市",
        "osm_id": "w664312928"
      }
    },
    {
      "type": "Feature",
      "geometry": {
        "type": "Point",
        "coordinates": [
          138.1882007,
          36.6592662
        ]
      },
      "properties": {
        "id": "l00646",
        "name": "蓮華院",
        "name_en": null,
        "kind": "guest_house",
        "stars": null,
        "rooms": null,
        "phone": null,
        "website": null,
        "operator": null,
        "address": null,
        "near_town": "n702987391",
        "near_town_name": "長野市",
        "osm_id": "w664312929"
      }
    },
    {
      "type": "Feature",
      "geometry": {
        "type": "Point",
        "coordinates": [
          138.1882026,
          36.659371
        ]
      },
      "properties": {
        "id": "l00647",
        "name": "尊勝院",
        "name_en": null,
        "kind": "guest_house",
        "stars": null,
        "rooms": null,
        "phone": null,
        "website": null,
        "operator": null,
        "address": null,
        "near_town": "n702987391",
        "near_town_name": "長野市",
        "osm_id": "w664312930"
      }
    },
    {
      "type": "Feature",
      "geometry": {
        "type": "Point",
        "coordinates": [
          138.1882056,
          36.6594751
        ]
      },
      "properties": {
        "id": "l00648",
        "name": "常智院",
        "name_en": null,
        "kind": "guest_house",
        "stars": null,
        "rooms": null,
        "phone": null,
        "website": null,
        "operator": null,
        "address": null,
        "near_town": "n702987391",
        "near_town_name": "長野市",
        "osm_id": "w664312931"
      }
    },
    {
      "type": "Feature",
      "geometry": {
        "type": "Point",
        "coordinates": [
          138.1882101,
          36.6595797
        ]
      },
      "properties": {
        "id": "l00649",
        "name": "善光寺教授院ユースホステル",
        "name_en": "Zenkoji Kyojuin Youth Hostel",
        "kind": "hostel",
        "stars": null,
        "rooms": null,
        "phone": "+81 26 2322768",
        "website": "http://www.jyh.or.jp",
        "operator": null,
        "address": null,
        "near_town": "n702987391",
        "near_town_name": "長野市",
        "osm_id": "w664312932",
        "name_ko": "젠코지 쿄주인 유스 호스텔"
      }
    },
    {
      "type": "Feature",
      "geometry": {
        "type": "Point",
        "coordinates": [
          138.1882127,
          36.6596888
        ]
      },
      "properties": {
        "id": "l00650",
        "name": "吉祥院",
        "name_en": null,
        "kind": "guest_house",
        "stars": null,
        "rooms": null,
        "phone": null,
        "website": null,
        "operator": null,
        "address": null,
        "near_town": "n702987391",
        "near_town_name": "長野市",
        "osm_id": "w664312933"
      }
    },
    {
      "type": "Feature",
      "geometry": {
        "type": "Point",
        "coordinates": [
          138.1881546,
          36.6598063
        ]
      },
      "properties": {
        "id": "l00651",
        "name": "福生院",
        "name_en": null,
        "kind": "guest_house",
        "stars": null,
        "rooms": null,
        "phone": null,
        "website": null,
        "operator": null,
        "address": null,
        "near_town": "n702987391",
        "near_town_name": "長野市",
        "osm_id": "w664312935"
      }
    },
    {
      "type": "Feature",
      "geometry": {
        "type": "Point",
        "coordinates": [
          138.1877531,
          36.657592
        ]
      },
      "properties": {
        "id": "l00652",
        "name": "常円坊",
        "name_en": null,
        "kind": "guest_house",
        "stars": null,
        "rooms": null,
        "phone": null,
        "website": null,
        "operator": null,
        "address": null,
        "near_town": "n702987391",
        "near_town_name": "長野市",
        "osm_id": "w664386021"
      }
    },
    {
      "type": "Feature",
      "geometry": {
        "type": "Point",
        "coordinates": [
          138.1878263,
          36.6577363
        ]
      },
      "properties": {
        "id": "l00653",
        "name": "淵之坊",
        "name_en": null,
        "kind": "guest_house",
        "stars": null,
        "rooms": null,
        "phone": null,
        "website": null,
        "operator": null,
        "address": null,
        "near_town": "n702987391",
        "near_town_name": "長野市",
        "osm_id": "w664386024"
      }
    },
    {
      "type": "Feature",
      "geometry": {
        "type": "Point",
        "coordinates": [
          138.1876921,
          36.6578238
        ]
      },
      "properties": {
        "id": "l00654",
        "name": "兄部坊",
        "name_en": null,
        "kind": "guest_house",
        "stars": null,
        "rooms": null,
        "phone": null,
        "website": null,
        "operator": null,
        "address": null,
        "near_town": "n702987391",
        "near_town_name": "長野市",
        "osm_id": "w664386028"
      }
    },
    {
      "type": "Feature",
      "geometry": {
        "type": "Point",
        "coordinates": [
          138.1877216,
          36.6579072
        ]
      },
      "properties": {
        "id": "l00655",
        "name": "正智坊",
        "name_en": null,
        "kind": "guest_house",
        "stars": null,
        "rooms": null,
        "phone": null,
        "website": null,
        "operator": null,
        "address": null,
        "near_town": "n702987391",
        "near_town_name": "長野市",
        "osm_id": "w664386030"
      }
    },
    {
      "type": "Feature",
      "geometry": {
        "type": "Point",
        "coordinates": [
          138.187771,
          36.6580269
        ]
      },
      "properties": {
        "id": "l00656",
        "name": "白蓮坊",
        "name_en": null,
        "kind": "guest_house",
        "stars": null,
        "rooms": null,
        "phone": null,
        "website": null,
        "operator": null,
        "address": null,
        "near_town": "n702987391",
        "near_town_name": "長野市",
        "osm_id": "w664386033"
      }
    },
    {
      "type": "Feature",
      "geometry": {
        "type": "Point",
        "coordinates": [
          138.1877723,
          36.6581429
        ]
      },
      "properties": {
        "id": "l00657",
        "name": "堂明坊",
        "name_en": null,
        "kind": "guest_house",
        "stars": null,
        "rooms": null,
        "phone": null,
        "website": null,
        "operator": null,
        "address": null,
        "near_town": "n702987391",
        "near_town_name": "長野市",
        "osm_id": "w664386035"
      }
    },
    {
      "type": "Feature",
      "geometry": {
        "type": "Point",
        "coordinates": [
          138.1877722,
          36.6582593
        ]
      },
      "properties": {
        "id": "l00658",
        "name": "堂照坊",
        "name_en": null,
        "kind": "guest_house",
        "stars": null,
        "rooms": null,
        "phone": null,
        "website": null,
        "operator": null,
        "address": null,
        "near_town": "n702987391",
        "near_town_name": "長野市",
        "osm_id": "w664386038"
      }
    },
    {
      "type": "Feature",
      "geometry": {
        "type": "Point",
        "coordinates": [
          138.188254,
          36.6575327
        ]
      },
      "properties": {
        "id": "l00659",
        "name": "随行坊",
        "name_en": null,
        "kind": "guest_house",
        "stars": null,
        "rooms": null,
        "phone": null,
        "website": null,
        "operator": null,
        "address": null,
        "near_town": "n702987391",
        "near_town_name": "長野市",
        "osm_id": "w664513706"
      }
    },
    {
      "type": "Feature",
      "geometry": {
        "type": "Point",
        "coordinates": [
          138.1882579,
          36.657644
        ]
      },
      "properties": {
        "id": "l00660",
        "name": "寿量院",
        "name_en": null,
        "kind": "guest_house",
        "stars": null,
        "rooms": null,
        "phone": null,
        "website": null,
        "operator": null,
        "address": null,
        "near_town": "n702987391",
        "near_town_name": "長野市",
        "osm_id": "w664513709"
      }
    },
    {
      "type": "Feature",
      "geometry": {
        "type": "Point",
        "coordinates": [
          138.1882625,
          36.6577233
        ]
      },
      "properties": {
        "id": "l00661",
        "name": "善行院",
        "name_en": null,
        "kind": "guest_house",
        "stars": null,
        "rooms": null,
        "phone": null,
        "website": null,
        "operator": null,
        "address": null,
        "near_town": "n702987391",
        "near_town_name": "長野市",
        "osm_id": "w664513711"
      }
    },
    {
      "type": "Feature",
      "geometry": {
        "type": "Point",
        "coordinates": [
          138.1882654,
          36.6578059
        ]
      },
      "properties": {
        "id": "l00662",
        "name": "玄証院",
        "name_en": null,
        "kind": "guest_house",
        "stars": null,
        "rooms": null,
        "phone": null,
        "website": null,
        "operator": null,
        "address": null,
        "near_town": "n702987391",
        "near_town_name": "長野市",
        "osm_id": "w664513714"
      }
    },
    {
      "type": "Feature",
      "geometry": {
        "type": "Point",
        "coordinates": [
          138.1882676,
          36.657921
        ]
      },
      "properties": {
        "id": "l00663",
        "name": "甚妙院",
        "name_en": null,
        "kind": "guest_house",
        "stars": null,
        "rooms": null,
        "phone": null,
        "website": null,
        "operator": null,
        "address": null,
        "near_town": "n702987391",
        "near_town_name": "長野市",
        "osm_id": "w664513716"
      }
    },
    {
      "type": "Feature",
      "geometry": {
        "type": "Point",
        "coordinates": [
          138.1882762,
          36.6579989
        ]
      },
      "properties": {
        "id": "l00664",
        "name": "常行院",
        "name_en": null,
        "kind": "guest_house",
        "stars": null,
        "rooms": null,
        "phone": null,
        "website": null,
        "operator": null,
        "address": null,
        "near_town": "n702987391",
        "near_town_name": "長野市",
        "osm_id": "w664513719"
      }
    },
    {
      "type": "Feature",
      "geometry": {
        "type": "Point",
        "coordinates": [
          138.1882782,
          36.6581168
        ]
      },
      "properties": {
        "id": "l00665",
        "name": "徳行坊",
        "name_en": null,
        "kind": "guest_house",
        "stars": null,
        "rooms": null,
        "phone": null,
        "website": null,
        "operator": null,
        "address": null,
        "near_town": "n702987391",
        "near_town_name": "長野市",
        "osm_id": "w664513722"
      }
    },
    {
      "type": "Feature",
      "geometry": {
        "type": "Point",
        "coordinates": [
          138.1882867,
          36.6582808
        ]
      },
      "properties": {
        "id": "l00666",
        "name": "野村坊",
        "name_en": null,
        "kind": "guest_house",
        "stars": null,
        "rooms": null,
        "phone": null,
        "website": null,
        "operator": null,
        "address": null,
        "near_town": "n702987391",
        "near_town_name": "長野市",
        "osm_id": "w664513725"
      }
    },
    {
      "type": "Feature",
      "geometry": {
        "type": "Point",
        "coordinates": [
          138.1882897,
          36.6583664
        ]
      },
      "properties": {
        "id": "l00667",
        "name": "鏡善坊",
        "name_en": null,
        "kind": "guest_house",
        "stars": null,
        "rooms": null,
        "phone": null,
        "website": null,
        "operator": null,
        "address": null,
        "near_town": "n702987391",
        "near_town_name": "長野市",
        "osm_id": "w664513727"
      }
    },
    {
      "type": "Feature",
      "geometry": {
        "type": "Point",
        "coordinates": [
          138.1882943,
          36.6584503
        ]
      },
      "properties": {
        "id": "l00668",
        "name": "向仏坊",
        "name_en": null,
        "kind": "guest_house",
        "stars": null,
        "rooms": null,
        "phone": null,
        "website": null,
        "operator": null,
        "address": null,
        "near_town": "n702987391",
        "near_town_name": "長野市",
        "osm_id": "w664513730"
      }
    },
    {
      "type": "Feature",
      "geometry": {
        "type": "Point",
        "coordinates": [
          138.1923739,
          36.64463
        ]
      },
      "properties": {
        "id": "l00669",
        "name": "シャトレーゼホテル長野",
        "name_en": "CHÂTERAISÉ HOTEL Nagano",
        "kind": "hotel",
        "stars": null,
        "rooms": null,
        "phone": null,
        "website": null,
        "operator": null,
        "address": null,
        "near_town": "n702987391",
        "near_town_name": "長野市",
        "osm_id": "w878406353",
        "name_ko": "châ테라이sé 호텔 나가노"
      }
    },
    {
      "type": "Feature",
      "geometry": {
        "type": "Point",
        "coordinates": [
          138.1847434,
          36.6273224
        ]
      },
      "properties": {
        "id": "l00670",
        "name": "ホテル若里",
        "name_en": null,
        "kind": "hotel",
        "stars": null,
        "rooms": null,
        "phone": null,
        "website": null,
        "operator": null,
        "address": null,
        "near_town": "n702987391",
        "near_town_name": "長野市",
        "osm_id": "w949937902"
      }
    },
    {
      "type": "Feature",
      "geometry": {
        "type": "Point",
        "coordinates": [
          139.68985,
          36.7234393
        ]
      },
      "properties": {
        "id": "l00671",
        "name": "ホテル 村上",
        "name_en": null,
        "kind": "hotel",
        "stars": null,
        "rooms": null,
        "phone": null,
        "website": null,
        "operator": null,
        "address": null,
        "near_town": "n574839709",
        "near_town_name": "日光市",
        "osm_id": "w308893891"
      }
    },
    {
      "type": "Feature",
      "geometry": {
        "type": "Point",
        "coordinates": [
          139.6875436,
          36.7215879
        ]
      },
      "properties": {
        "id": "l00672",
        "name": "熱海館",
        "name_en": null,
        "kind": "hotel",
        "stars": null,
        "rooms": null,
        "phone": null,
        "website": null,
        "operator": null,
        "address": null,
        "near_town": "n574839709",
        "near_town_name": "日光市",
        "osm_id": "w308974359"
      }
    },
    {
      "type": "Feature",
      "geometry": {
        "type": "Point",
        "coordinates": [
          139.6639241,
          36.7407881
        ]
      },
      "properties": {
        "id": "l00673",
        "name": "(이름 없음)",
        "name_en": null,
        "kind": "hotel",
        "stars": null,
        "rooms": null,
        "phone": null,
        "website": null,
        "operator": null,
        "address": null,
        "near_town": "n574839709",
        "near_town_name": "日光市",
        "osm_id": "w1204772319"
      }
    },
    {
      "type": "Feature",
      "geometry": {
        "type": "Point",
        "coordinates": [
          139.7718613,
          36.5938288
        ]
      },
      "properties": {
        "id": "l00674",
        "name": "ニューサンピア栃木",
        "name_en": null,
        "kind": "hotel",
        "stars": null,
        "rooms": null,
        "phone": null,
        "website": null,
        "operator": null,
        "address": null,
        "near_town": "n7319384467",
        "near_town_name": "鹿沼市",
        "osm_id": "w421475269"
      }
    },
    {
      "type": "Feature",
      "geometry": {
        "type": "Point",
        "coordinates": [
          139.762649,
          36.5704446
        ]
      },
      "properties": {
        "id": "l00675",
        "name": "いせや旅館",
        "name_en": null,
        "kind": "hotel",
        "stars": null,
        "rooms": null,
        "phone": null,
        "website": null,
        "operator": null,
        "address": null,
        "near_town": "n7319384467",
        "near_town_name": "鹿沼市",
        "osm_id": "w643079801"
      }
    },
    {
      "type": "Feature",
      "geometry": {
        "type": "Point",
        "coordinates": [
          139.762448,
          36.570441
        ]
      },
      "properties": {
        "id": "l00676",
        "name": "旅館中野屋支店",
        "name_en": null,
        "kind": "hotel",
        "stars": null,
        "rooms": null,
        "phone": null,
        "website": null,
        "operator": null,
        "address": null,
        "near_town": "n7319384467",
        "near_town_name": "鹿沼市",
        "osm_id": "w643079803"
      }
    },
    {
      "type": "Feature",
      "geometry": {
        "type": "Point",
        "coordinates": [
          139.3209061,
          36.3635499
        ]
      },
      "properties": {
        "id": "l00677",
        "name": "ホテルふせじま",
        "name_en": null,
        "kind": "hotel",
        "stars": null,
        "rooms": null,
        "phone": null,
        "website": null,
        "operator": null,
        "address": null,
        "near_town": "n1068823646",
        "near_town_name": "桐生市",
        "osm_id": "n4347310476"
      }
    },
    {
      "type": "Feature",
      "geometry": {
        "type": "Point",
        "coordinates": [
          139.3241588,
          36.3721097
        ]
      },
      "properties": {
        "id": "l00678",
        "name": "群馬県立東毛青少年自然の家",
        "name_en": null,
        "kind": "hostel",
        "stars": null,
        "rooms": null,
        "phone": null,
        "website": null,
        "operator": null,
        "address": null,
        "near_town": "n1068823646",
        "near_town_name": "桐生市",
        "osm_id": "n4347310699"
      }
    },
    {
      "type": "Feature",
      "geometry": {
        "type": "Point",
        "coordinates": [
          139.3061274,
          36.4071083
        ]
      },
      "properties": {
        "id": "l00679",
        "name": "Kiryu Grand Hotel",
        "name_en": "Kiryu Grand Hotel",
        "kind": "hotel",
        "stars": null,
        "rooms": null,
        "phone": null,
        "website": null,
        "operator": null,
        "address": null,
        "near_town": "n1068823646",
        "near_town_name": "桐生市",
        "osm_id": "w533091514",
        "name_ko": "키류 그랜드 호텔"
      }
    },
    {
      "type": "Feature",
      "geometry": {
        "type": "Point",
        "coordinates": [
          139.3326313,
          36.4109694
        ]
      },
      "properties": {
        "id": "l00680",
        "name": "Ace Hotel",
        "name_en": null,
        "kind": "hotel",
        "stars": null,
        "rooms": null,
        "phone": null,
        "website": null,
        "operator": null,
        "address": null,
        "near_town": "n1068823646",
        "near_town_name": "桐生市",
        "osm_id": "w1293414710"
      }
    },
    {
      "type": "Feature",
      "geometry": {
        "type": "Point",
        "coordinates": [
          139.333323,
          36.4107403
        ]
      },
      "properties": {
        "id": "l00681",
        "name": "Park Inn Kiryu",
        "name_en": null,
        "kind": "hotel",
        "stars": null,
        "rooms": null,
        "phone": null,
        "website": null,
        "operator": null,
        "address": null,
        "near_town": "n1068823646",
        "near_town_name": "桐生市",
        "osm_id": "w1293623551"
      }
    },
    {
      "type": "Feature",
      "geometry": {
        "type": "Point",
        "coordinates": [
          139.0124167,
          36.4965871
        ]
      },
      "properties": {
        "id": "l00682",
        "name": "ルートイン",
        "name_en": "Hotel Route-inn",
        "kind": "hotel",
        "stars": null,
        "rooms": null,
        "phone": null,
        "website": null,
        "operator": null,
        "address": null,
        "near_town": "n1068823640",
        "near_town_name": "渋川市",
        "osm_id": "n4920560697",
        "name_ko": "호텔 루트인"
      }
    },
    {
      "type": "Feature",
      "geometry": {
        "type": "Point",
        "coordinates": [
          139.0076003,
          36.4896777
        ]
      },
      "properties": {
        "id": "l00683",
        "name": "Excel Inn Shibukawa",
        "name_en": null,
        "kind": "hotel",
        "stars": null,
        "rooms": null,
        "phone": null,
        "website": null,
        "operator": null,
        "address": null,
        "near_town": "n1068823640",
        "near_town_name": "渋川市",
        "osm_id": "n5800160060"
      }
    },
    {
      "type": "Feature",
      "geometry": {
        "type": "Point",
        "coordinates": [
          139.0058557,
          36.4915185
        ]
      },
      "properties": {
        "id": "l00684",
        "name": "ホテル渋川ヒルズ",
        "name_en": "Hotel Shibukawa Hills",
        "kind": "hotel",
        "stars": null,
        "rooms": null,
        "phone": "+81 279 22 2443",
        "website": null,
        "operator": null,
        "address": "渋川市 辰巳町",
        "near_town": "n1068823640",
        "near_town_name": "渋川市",
        "osm_id": "w885714023",
        "name_ko": "호텔 시부카와 힛르s"
      }
    },
    {
      "type": "Feature",
      "geometry": {
        "type": "Point",
        "coordinates": [
          139.0732616,
          36.3827912
        ]
      },
      "properties": {
        "id": "l00685",
        "name": "東横イン前橋駅前",
        "name_en": null,
        "kind": "hotel",
        "stars": null,
        "rooms": null,
        "phone": null,
        "website": null,
        "operator": null,
        "address": null,
        "near_town": "n574841107",
        "near_town_name": "前橋市",
        "osm_id": "n5388335650"
      }
    },
    {
      "type": "Feature",
      "geometry": {
        "type": "Point",
        "coordinates": [
          139.0602367,
          36.4107873
        ]
      },
      "properties": {
        "id": "l00686",
        "name": "Nippon student apartment 1",
        "name_en": "Nippon student apartment 1",
        "kind": "apartment",
        "stars": null,
        "rooms": null,
        "phone": null,
        "website": null,
        "operator": null,
        "address": null,
        "near_town": "n574841107",
        "near_town_name": "前橋市",
        "osm_id": "n5537305222",
        "name_ko": "닛폰 s쓰덴t 아파rt멘t 1"
      }
    },
    {
      "type": "Feature",
      "geometry": {
        "type": "Point",
        "coordinates": [
          139.0603384,
          36.4108902
        ]
      },
      "properties": {
        "id": "l00687",
        "name": "Maebashi city, Student apartment",
        "name_en": "Maebashi city, Student apartment",
        "kind": "apartment",
        "stars": null,
        "rooms": null,
        "phone": null,
        "website": null,
        "operator": null,
        "address": null,
        "near_town": "n574841107",
        "near_town_name": "前橋市",
        "osm_id": "n5607146221",
        "name_ko": "마에바시 c이ty, s쓰덴t 아파rt멘t"
      }
    },
    {
      "type": "Feature",
      "geometry": {
        "type": "Point",
        "coordinates": [
          139.0500148,
          36.3710646
        ]
      },
      "properties": {
        "id": "l00688",
        "name": "Boys apartment",
        "name_en": "Boys apartment",
        "kind": "apartment",
        "stars": null,
        "rooms": null,
        "phone": null,
        "website": null,
        "operator": null,
        "address": null,
        "near_town": "n574841107",
        "near_town_name": "前橋市",
        "osm_id": "n5607146821",
        "name_ko": "보ys 아파rt멘t"
      }
    },
    {
      "type": "Feature",
      "geometry": {
        "type": "Point",
        "coordinates": [
          139.0728419,
          36.3890825
        ]
      },
      "properties": {
        "id": "l00689",
        "name": "前橋さくらホテル",
        "name_en": null,
        "kind": "hotel",
        "stars": null,
        "rooms": null,
        "phone": null,
        "website": null,
        "operator": null,
        "address": null,
        "near_town": "n574841107",
        "near_town_name": "前橋市",
        "osm_id": "n5658441429"
      }
    },
    {
      "type": "Feature",
      "geometry": {
        "type": "Point",
        "coordinates": [
          139.0545941,
          36.3899336
        ]
      },
      "properties": {
        "id": "l00690",
        "name": "Shine ger",
        "name_en": "Shine ger",
        "kind": "apartment",
        "stars": null,
        "rooms": null,
        "phone": null,
        "website": null,
        "operator": null,
        "address": null,
        "near_town": "n574841107",
        "near_town_name": "前橋市",
        "osm_id": "n5725067221",
        "name_ko": "시네 게r"
      }
    },
    {
      "type": "Feature",
      "geometry": {
        "type": "Point",
        "coordinates": [
          139.0491432,
          36.379712
        ]
      },
      "properties": {
        "id": "l00691",
        "name": "新前橋ステーションホテル",
        "name_en": "Shin-Maebashi Station Hotel",
        "kind": "hotel",
        "stars": null,
        "rooms": null,
        "phone": null,
        "website": null,
        "operator": null,
        "address": null,
        "near_town": "n574841107",
        "near_town_name": "前橋市",
        "osm_id": "n5818608370",
        "name_ko": "신-마에바시 역 호텔"
      }
    },
    {
      "type": "Feature",
      "geometry": {
        "type": "Point",
        "coordinates": [
          139.0485583,
          36.378957
        ]
      },
      "properties": {
        "id": "l00692",
        "name": "新前橋ターミナルホテル",
        "name_en": null,
        "kind": "hotel",
        "stars": null,
        "rooms": null,
        "phone": null,
        "website": null,
        "operator": null,
        "address": null,
        "near_town": "n574841107",
        "near_town_name": "前橋市",
        "osm_id": "n5818650212"
      }
    },
    {
      "type": "Feature",
      "geometry": {
        "type": "Point",
        "coordinates": [
          139.0711803,
          36.3908783
        ]
      },
      "properties": {
        "id": "l00693",
        "name": "茂木ビル",
        "name_en": null,
        "kind": "apartment",
        "stars": null,
        "rooms": null,
        "phone": null,
        "website": null,
        "operator": null,
        "address": null,
        "near_town": "n574841107",
        "near_town_name": "前橋市",
        "osm_id": "n6763341586"
      }
    },
    {
      "type": "Feature",
      "geometry": {
        "type": "Point",
        "coordinates": [
          139.0729129,
          36.3855894
        ]
      },
      "properties": {
        "id": "l00694",
        "name": "コンフォートホテル前橋",
        "name_en": null,
        "kind": "hotel",
        "stars": null,
        "rooms": null,
        "phone": null,
        "website": null,
        "operator": null,
        "address": null,
        "near_town": "n574841107",
        "near_town_name": "前橋市",
        "osm_id": "n10573852650"
      }
    },
    {
      "type": "Feature",
      "geometry": {
        "type": "Point",
        "coordinates": [
          139.0494261,
          36.3775848
        ]
      },
      "properties": {
        "id": "l00695",
        "name": "ホテル ラシーネ新前橋",
        "name_en": null,
        "kind": "hotel",
        "stars": null,
        "rooms": null,
        "phone": null,
        "website": null,
        "operator": null,
        "address": null,
        "near_town": "n574841107",
        "near_town_name": "前橋市",
        "osm_id": "n11862512263"
      }
    },
    {
      "type": "Feature",
      "geometry": {
        "type": "Point",
        "coordinates": [
          139.0700876,
          36.3903325
        ]
      },
      "properties": {
        "id": "l00696",
        "name": "白井屋ホテル",
        "name_en": null,
        "kind": "hotel",
        "stars": null,
        "rooms": null,
        "phone": null,
        "website": "https://www.shiroiya.com/",
        "operator": null,
        "address": null,
        "near_town": "n574841107",
        "near_town_name": "前橋市",
        "osm_id": "n11887775856"
      }
    },
    {
      "type": "Feature",
      "geometry": {
        "type": "Point",
        "coordinates": [
          139.0238459,
          36.4092872
        ]
      },
      "properties": {
        "id": "l00697",
        "name": "Matoi Hostel & Bar",
        "name_en": null,
        "kind": "hostel",
        "stars": null,
        "rooms": null,
        "phone": null,
        "website": null,
        "operator": null,
        "address": null,
        "near_town": "n574841107",
        "near_town_name": "前橋市",
        "osm_id": "n12283286501"
      }
    },
    {
      "type": "Feature",
      "geometry": {
        "type": "Point",
        "coordinates": [
          139.0456329,
          36.3465543
        ]
      },
      "properties": {
        "id": "l00698",
        "name": "(이름 없음)",
        "name_en": null,
        "kind": "hotel",
        "stars": null,
        "rooms": null,
        "phone": null,
        "website": null,
        "operator": null,
        "address": null,
        "near_town": "n574841107",
        "near_town_name": "前橋市",
        "osm_id": "w691629909"
      }
    },
    {
      "type": "Feature",
      "geometry": {
        "type": "Point",
        "coordinates": [
          139.0723899,
          36.3846749
        ]
      },
      "properties": {
        "id": "l00699",
        "name": "青柳旅館",
        "name_en": "aoyagiryokan",
        "kind": "hotel",
        "stars": null,
        "rooms": null,
        "phone": null,
        "website": null,
        "operator": null,
        "address": null,
        "near_town": "n574841107",
        "near_town_name": "前橋市",
        "osm_id": "w721573989",
        "name_ko": "아오야기료칸"
      }
    },
    {
      "type": "Feature",
      "geometry": {
        "type": "Point",
        "coordinates": [
          139.0723203,
          36.3850933
        ]
      },
      "properties": {
        "id": "l00700",
        "name": "ドーミーイン前橋",
        "name_en": "Dormy Inn Maebashi",
        "kind": "hotel",
        "stars": null,
        "rooms": null,
        "phone": "+81 27-220-5489",
        "website": "https://dormy-hotels.com/dormyinn/hotels/maebashi/",
        "operator": "共立メンテナンス",
        "address": "群馬県 前橋市",
        "near_town": "n574841107",
        "near_town_name": "前橋市",
        "osm_id": "w721575992",
        "name_ko": "도미 인 마에바시"
      }
    },
    {
      "type": "Feature",
      "geometry": {
        "type": "Point",
        "coordinates": [
          138.4177672,
          36.740463
        ]
      },
      "properties": {
        "id": "l00701",
        "name": "High Quality Hostel AIBIYA",
        "name_en": "High Quality Hostel AIBIYA",
        "kind": "hostel",
        "stars": null,
        "rooms": null,
        "phone": "+81 269 38 0926",
        "website": "https://www.hostelaibiya.com/",
        "operator": null,
        "address": null,
        "near_town": "n702987403",
        "near_town_name": "中野市",
        "osm_id": "n4938822841",
        "name_ko": "히gh q우아리ty 호스텔 아이비야"
      }
    },
    {
      "type": "Feature",
      "geometry": {
        "type": "Point",
        "coordinates": [
          138.4153774,
          36.7402623
        ]
      },
      "properties": {
        "id": "l00702",
        "name": "御園ホテル",
        "name_en": null,
        "kind": "hotel",
        "stars": null,
        "rooms": null,
        "phone": null,
        "website": null,
        "operator": null,
        "address": null,
        "near_town": "n702987403",
        "near_town_name": "中野市",
        "osm_id": "n6355867687"
      }
    },
    {
      "type": "Feature",
      "geometry": {
        "type": "Point",
        "coordinates": [
          138.4159853,
          36.7392593
        ]
      },
      "properties": {
        "id": "l00703",
        "name": "星川館",
        "name_en": "Hoshikawa-kan",
        "kind": "hotel",
        "stars": null,
        "rooms": null,
        "phone": "+81-269-33-3278",
        "website": null,
        "operator": null,
        "address": null,
        "near_town": "n702987403",
        "near_town_name": "中野市",
        "osm_id": "n6355867692",
        "name_ko": "호시카와-칸"
      }
    },
    {
      "type": "Feature",
      "geometry": {
        "type": "Point",
        "coordinates": [
          138.4198782,
          36.7393108
        ]
      },
      "properties": {
        "id": "l00704",
        "name": "島屋",
        "name_en": null,
        "kind": "hotel",
        "stars": null,
        "rooms": null,
        "phone": "+81-269-33-2151",
        "website": null,
        "operator": null,
        "address": null,
        "near_town": "n702987403",
        "near_town_name": "中野市",
        "osm_id": "n9111118175"
      }
    },
    {
      "type": "Feature",
      "geometry": {
        "type": "Point",
        "coordinates": [
          138.4169841,
          36.7397031
        ]
      },
      "properties": {
        "id": "l00705",
        "name": "ホテル水明館",
        "name_en": "Yudanaka Shibu Onsen-kyo Suimei",
        "kind": "hotel",
        "stars": null,
        "rooms": null,
        "phone": null,
        "website": null,
        "operator": null,
        "address": null,
        "near_town": "n702987403",
        "near_town_name": "中野市",
        "osm_id": "n9123847153",
        "name_ko": "유다나카 시부 온천-쿄 스이메이"
      }
    },
    {
      "type": "Feature",
      "geometry": {
        "type": "Point",
        "coordinates": [
          138.4160171,
          36.7422694
        ]
      },
      "properties": {
        "id": "l00706",
        "name": "ホテル白銀",
        "name_en": null,
        "kind": "hotel",
        "stars": null,
        "rooms": null,
        "phone": null,
        "website": null,
        "operator": null,
        "address": null,
        "near_town": "n702987403",
        "near_town_name": "中野市",
        "osm_id": "n9123890754"
      }
    },
    {
      "type": "Feature",
      "geometry": {
        "type": "Point",
        "coordinates": [
          138.4141517,
          36.7375622
        ]
      },
      "properties": {
        "id": "l00707",
        "name": "ホテル豊生",
        "name_en": null,
        "kind": "hotel",
        "stars": null,
        "rooms": null,
        "phone": null,
        "website": null,
        "operator": null,
        "address": null,
        "near_town": "n702987403",
        "near_town_name": "中野市",
        "osm_id": "n9123890922"
      }
    },
    {
      "type": "Feature",
      "geometry": {
        "type": "Point",
        "coordinates": [
          138.4175983,
          36.7402898
        ]
      },
      "properties": {
        "id": "l00708",
        "name": "Zen Hostel",
        "name_en": null,
        "kind": "hostel",
        "stars": null,
        "rooms": null,
        "phone": null,
        "website": "http://zenhostel.net/",
        "operator": null,
        "address": null,
        "near_town": "n702987403",
        "near_town_name": "中野市",
        "osm_id": "n9123890962"
      }
    },
    {
      "type": "Feature",
      "geometry": {
        "type": "Point",
        "coordinates": [
          138.4171756,
          36.7400889
        ]
      },
      "properties": {
        "id": "l00709",
        "name": "やまのうち　関さん宅",
        "name_en": null,
        "kind": "guest_house",
        "stars": null,
        "rooms": null,
        "phone": "090-2209-9338",
        "website": null,
        "operator": null,
        "address": null,
        "near_town": "n702987403",
        "near_town_name": "中野市",
        "osm_id": "n11036403782"
      }
    },
    {
      "type": "Feature",
      "geometry": {
        "type": "Point",
        "coordinates": [
          138.4160004,
          36.737482
        ]
      },
      "properties": {
        "id": "l00710",
        "name": "あぶらや燈千",
        "name_en": "Aburaya Tousen",
        "kind": "hotel",
        "stars": null,
        "rooms": null,
        "phone": "+81 269 33 3333",
        "website": "https://www.aburaya-tousen.co.jp/",
        "operator": null,
        "address": "山ノ内町 佐野2586",
        "near_town": "n702987403",
        "near_town_name": "中野市",
        "osm_id": "w391688008",
        "name_ko": "아부라야 토우센"
      }
    },
    {
      "type": "Feature",
      "geometry": {
        "type": "Point",
        "coordinates": [
          138.4204832,
          36.7398201
        ]
      },
      "properties": {
        "id": "l00711",
        "name": "よろづや",
        "name_en": "Yorozuya",
        "kind": "hotel",
        "stars": null,
        "rooms": null,
        "phone": null,
        "website": "https://yudanaka-yoroduya.com/",
        "operator": null,
        "address": null,
        "near_town": "n702987403",
        "near_town_name": "中野市",
        "osm_id": "w678842506",
        "name_ko": "요로즈야"
      }
    },
    {
      "type": "Feature",
      "geometry": {
        "type": "Point",
        "coordinates": [
          138.3274639,
          36.7363269
        ]
      },
      "properties": {
        "id": "l00712",
        "name": "OYOホテル トラベルイン 信州中野",
        "name_en": null,
        "kind": "hotel",
        "stars": null,
        "rooms": null,
        "phone": null,
        "website": null,
        "operator": null,
        "address": null,
        "near_town": "n702987403",
        "near_town_name": "中野市",
        "osm_id": "w737386056"
      }
    },
    {
      "type": "Feature",
      "geometry": {
        "type": "Point",
        "coordinates": [
          138.3667774,
          36.7728203
        ]
      },
      "properties": {
        "id": "l00713",
        "name": "ゲストハウスかのか",
        "name_en": null,
        "kind": "guest_house",
        "stars": null,
        "rooms": null,
        "phone": null,
        "website": null,
        "operator": null,
        "address": null,
        "near_town": "n702987403",
        "near_town_name": "中野市",
        "osm_id": "w790629534"
      }
    },
    {
      "type": "Feature",
      "geometry": {
        "type": "Point",
        "coordinates": [
          138.353503,
          36.7543921
        ]
      },
      "properties": {
        "id": "l00714",
        "name": "ホテルルートイン中野",
        "name_en": null,
        "kind": "hotel",
        "stars": null,
        "rooms": null,
        "phone": null,
        "website": null,
        "operator": null,
        "address": null,
        "near_town": "n702987403",
        "near_town_name": "中野市",
        "osm_id": "w966411750"
      }
    },
    {
      "type": "Feature",
      "geometry": {
        "type": "Point",
        "coordinates": [
          138.4184287,
          36.7405102
        ]
      },
      "properties": {
        "id": "l00715",
        "name": "加命の湯",
        "name_en": "Kamei no Yu",
        "kind": "guest_house",
        "stars": null,
        "rooms": "6",
        "phone": null,
        "website": "https://kameinoyu.com/",
        "operator": null,
        "address": null,
        "near_town": "n702987403",
        "near_town_name": "中野市",
        "osm_id": "w1231332088",
        "name_ko": "카메이 의 유"
      }
    },
    {
      "type": "Feature",
      "geometry": {
        "type": "Point",
        "coordinates": [
          138.3140481,
          36.6537016
        ]
      },
      "properties": {
        "id": "l00716",
        "name": "Guest House KURA",
        "name_en": "Guest House KURA",
        "kind": "hostel",
        "stars": null,
        "rooms": null,
        "phone": "+81 26 214 7945",
        "website": "https://www.ghkura.com/",
        "operator": null,
        "address": null,
        "near_town": "n5901282256",
        "near_town_name": "須坂市",
        "osm_id": "n5060798091",
        "name_ko": "게스트 하우스 쿠라"
      }
    },
    {
      "type": "Feature",
      "geometry": {
        "type": "Point",
        "coordinates": [
          138.3177396,
          36.6939655
        ]
      },
      "properties": {
        "id": "l00717",
        "name": "おぶせの風",
        "name_en": "Obuse no Kaze Youth Hostel",
        "kind": "guest_house",
        "stars": null,
        "rooms": null,
        "phone": "+81 26 247-4489",
        "website": "http://obusenokaze.travel.coocan.jp",
        "operator": null,
        "address": null,
        "near_town": "n5901282256",
        "near_town_name": "須坂市",
        "osm_id": "n5060831582",
        "name_ko": "오부세 의 카제 유스 호스텔"
      }
    },
    {
      "type": "Feature",
      "geometry": {
        "type": "Point",
        "coordinates": [
          138.327527,
          36.6873016
        ]
      },
      "properties": {
        "id": "l00718",
        "name": "おぶせ温泉あけびの湯",
        "name_en": null,
        "kind": "hotel",
        "stars": null,
        "rooms": null,
        "phone": null,
        "website": null,
        "operator": null,
        "address": null,
        "near_town": "n5901282256",
        "near_town_name": "須坂市",
        "osm_id": "n5864957891"
      }
    },
    {
      "type": "Feature",
      "geometry": {
        "type": "Point",
        "coordinates": [
          138.3160882,
          36.6945016
        ]
      },
      "properties": {
        "id": "l00719",
        "name": "桝一客殿",
        "name_en": null,
        "kind": "hotel",
        "stars": null,
        "rooms": null,
        "phone": null,
        "website": null,
        "operator": null,
        "address": null,
        "near_town": "n5901282256",
        "near_town_name": "須坂市",
        "osm_id": "n8910846521"
      }
    },
    {
      "type": "Feature",
      "geometry": {
        "type": "Point",
        "coordinates": [
          138.303383,
          36.6582201
        ]
      },
      "properties": {
        "id": "l00720",
        "name": "サンシャインエイト",
        "name_en": null,
        "kind": "hotel",
        "stars": null,
        "rooms": null,
        "phone": null,
        "website": null,
        "operator": null,
        "address": null,
        "near_town": "n5901282256",
        "near_town_name": "須坂市",
        "osm_id": "w133482407"
      }
    },
    {
      "type": "Feature",
      "geometry": {
        "type": "Point",
        "coordinates": [
          138.2750415,
          36.6410871
        ]
      },
      "properties": {
        "id": "l00721",
        "name": "(이름 없음)",
        "name_en": null,
        "kind": "hotel",
        "stars": null,
        "rooms": null,
        "phone": null,
        "website": null,
        "operator": null,
        "address": null,
        "near_town": "n5901282256",
        "near_town_name": "須坂市",
        "osm_id": "w1433688327"
      }
    },
    {
      "type": "Feature",
      "geometry": {
        "type": "Point",
        "coordinates": [
          138.5997794,
          36.6191927
        ]
      },
      "properties": {
        "id": "l00722",
        "name": "ラビスタ草津ヒルズ",
        "name_en": null,
        "kind": "hotel",
        "stars": null,
        "rooms": null,
        "phone": null,
        "website": "https://www.hotespa.net/resort/hotellist/la_kusatsu/",
        "operator": null,
        "address": null,
        "near_town": "n1068823658",
        "near_town_name": "草津町",
        "osm_id": "n1032899174"
      }
    },
    {
      "type": "Feature",
      "geometry": {
        "type": "Point",
        "coordinates": [
          138.5966053,
          36.6262997
        ]
      },
      "properties": {
        "id": "l00723",
        "name": "ホテルベルツ",
        "name_en": null,
        "kind": "hotel",
        "stars": null,
        "rooms": null,
        "phone": null,
        "website": null,
        "operator": null,
        "address": null,
        "near_town": "n1068823658",
        "near_town_name": "草津町",
        "osm_id": "n1032899195"
      }
    },
    {
      "type": "Feature",
      "geometry": {
        "type": "Point",
        "coordinates": [
          138.5975473,
          36.6268194
        ]
      },
      "properties": {
        "id": "l00724",
        "name": "草津温泉ホテル白さぎ",
        "name_en": null,
        "kind": "hotel",
        "stars": null,
        "rooms": null,
        "phone": null,
        "website": null,
        "operator": null,
        "address": null,
        "near_town": "n1068823658",
        "near_town_name": "草津町",
        "osm_id": "n1032899197"
      }
    },
    {
      "type": "Feature",
      "geometry": {
        "type": "Point",
        "coordinates": [
          138.597141,
          36.6220245
        ]
      },
      "properties": {
        "id": "l00725",
        "name": "佳乃や",
        "name_en": null,
        "kind": "hotel",
        "stars": null,
        "rooms": null,
        "phone": null,
        "website": null,
        "operator": null,
        "address": null,
        "near_town": "n1068823658",
        "near_town_name": "草津町",
        "osm_id": "n1742213527"
      }
    },
    {
      "type": "Feature",
      "geometry": {
        "type": "Point",
        "coordinates": [
          138.5971721,
          36.6229417
        ]
      },
      "properties": {
        "id": "l00726",
        "name": "お宿 平の家",
        "name_en": null,
        "kind": "hotel",
        "stars": null,
        "rooms": null,
        "phone": null,
        "website": null,
        "operator": null,
        "address": null,
        "near_town": "n1068823658",
        "near_town_name": "草津町",
        "osm_id": "n2272262014"
      }
    },
    {
      "type": "Feature",
      "geometry": {
        "type": "Point",
        "coordinates": [
          138.5940373,
          36.6190406
        ]
      },
      "properties": {
        "id": "l00727",
        "name": "ホテルせんぱく",
        "name_en": null,
        "kind": "hotel",
        "stars": null,
        "rooms": null,
        "phone": "+81-279-804588",
        "website": null,
        "operator": null,
        "address": null,
        "near_town": "n1068823658",
        "near_town_name": "草津町",
        "osm_id": "n2846039901"
      }
    },
    {
      "type": "Feature",
      "geometry": {
        "type": "Point",
        "coordinates": [
          138.5886521,
          36.6217158
        ]
      },
      "properties": {
        "id": "l00728",
        "name": "草津高原ホテル",
        "name_en": "Kusatsu highland hotel",
        "kind": "hotel",
        "stars": null,
        "rooms": null,
        "phone": null,
        "website": null,
        "operator": null,
        "address": null,
        "near_town": "n1068823658",
        "near_town_name": "草津町",
        "osm_id": "n6355716644",
        "name_ko": "쿠사쓰 히gh란d 호텔"
      }
    },
    {
      "type": "Feature",
      "geometry": {
        "type": "Point",
        "coordinates": [
          138.5987519,
          36.6223229
        ]
      },
      "properties": {
        "id": "l00729",
        "name": "炯 -kei-",
        "name_en": null,
        "kind": "hotel",
        "stars": null,
        "rooms": "7",
        "phone": null,
        "website": "https://kei-kusatsu.com/",
        "operator": null,
        "address": null,
        "near_town": "n1068823658",
        "near_town_name": "草津町",
        "osm_id": "n8843762260"
      }
    },
    {
      "type": "Feature",
      "geometry": {
        "type": "Point",
        "coordinates": [
          138.5975686,
          36.6231078
        ]
      },
      "properties": {
        "id": "l00730",
        "name": "大東舘",
        "name_en": null,
        "kind": "hotel",
        "stars": null,
        "rooms": null,
        "phone": null,
        "website": null,
        "operator": null,
        "address": null,
        "near_town": "n1068823658",
        "near_town_name": "草津町",
        "osm_id": "n8846459557"
      }
    },
    {
      "type": "Feature",
      "geometry": {
        "type": "Point",
        "coordinates": [
          138.5944736,
          36.6229679
        ]
      },
      "properties": {
        "id": "l00731",
        "name": "ホテル望雲",
        "name_en": "Hotel Boun",
        "kind": "hotel",
        "stars": null,
        "rooms": null,
        "phone": null,
        "website": "https://www.hotelboun.com/",
        "operator": null,
        "address": null,
        "near_town": "n1068823658",
        "near_town_name": "草津町",
        "osm_id": "n8848888593",
        "name_ko": "호텔 보운"
      }
    },
    {
      "type": "Feature",
      "geometry": {
        "type": "Point",
        "coordinates": [
          138.6159375,
          36.6248097
        ]
      },
      "properties": {
        "id": "l00732",
        "name": "伊藤園ホテル草津",
        "name_en": null,
        "kind": "hotel",
        "stars": null,
        "rooms": null,
        "phone": null,
        "website": null,
        "operator": null,
        "address": null,
        "near_town": "n1068823658",
        "near_town_name": "草津町",
        "osm_id": "n8887910076"
      }
    },
    {
      "type": "Feature",
      "geometry": {
        "type": "Point",
        "coordinates": [
          138.6043154,
          36.6271015
        ]
      },
      "properties": {
        "id": "l00733",
        "name": "ホテルヴィレッジ",
        "name_en": null,
        "kind": "hotel",
        "stars": null,
        "rooms": null,
        "phone": null,
        "website": "https://www.hotelvillage.co.jp/",
        "operator": "株式会社中沢ヴィレッジ",
        "address": "群馬県 草津町",
        "near_town": "n1068823658",
        "near_town_name": "草津町",
        "osm_id": "n8895098989"
      }
    },
    {
      "type": "Feature",
      "geometry": {
        "type": "Point",
        "coordinates": [
          138.6051722,
          36.6250828
        ]
      },
      "properties": {
        "id": "l00734",
        "name": "コンドミニアムヴィラⅡ",
        "name_en": null,
        "kind": "hotel",
        "stars": null,
        "rooms": null,
        "phone": null,
        "website": "https://www.hotelvillage.co.jp/stay/room06.html",
        "operator": "中沢ヴィレッジ",
        "address": null,
        "near_town": "n1068823658",
        "near_town_name": "草津町",
        "osm_id": "n8895098993"
      }
    },
    {
      "type": "Feature",
      "geometry": {
        "type": "Point",
        "coordinates": [
          138.6076571,
          36.6250859
        ]
      },
      "properties": {
        "id": "l00735",
        "name": "ヴィラⅤ",
        "name_en": null,
        "kind": "apartment",
        "stars": null,
        "rooms": null,
        "phone": null,
        "website": null,
        "operator": "中沢ヴィレッジ",
        "address": null,
        "near_town": "n1068823658",
        "near_town_name": "草津町",
        "osm_id": "n8895098994"
      }
    },
    {
      "type": "Feature",
      "geometry": {
        "type": "Point",
        "coordinates": [
          138.6127215,
          36.6245651
        ]
      },
      "properties": {
        "id": "l00736",
        "name": "ホテルヴィレッジ別棟ログハウス",
        "name_en": null,
        "kind": "hotel",
        "stars": null,
        "rooms": null,
        "phone": null,
        "website": "https://www.hotelvillage.co.jp/stay/room05.html",
        "operator": "中沢ヴィレッジ",
        "address": null,
        "near_town": "n1068823658",
        "near_town_name": "草津町",
        "osm_id": "n8895157418"
      }
    },
    {
      "type": "Feature",
      "geometry": {
        "type": "Point",
        "coordinates": [
          138.5935568,
          36.6191886
        ]
      },
      "properties": {
        "id": "l00737",
        "name": "ビジネスホテルアゼリア",
        "name_en": null,
        "kind": "guest_house",
        "stars": null,
        "rooms": null,
        "phone": null,
        "website": null,
        "operator": null,
        "address": null,
        "near_town": "n1068823658",
        "near_town_name": "草津町",
        "osm_id": "n8898398811"
      }
    },
    {
      "type": "Feature",
      "geometry": {
        "type": "Point",
        "coordinates": [
          138.5981652,
          36.6217036
        ]
      },
      "properties": {
        "id": "l00738",
        "name": "昔心の宿 金みどり",
        "name_en": "Kanemidori",
        "kind": "hotel",
        "stars": null,
        "rooms": null,
        "phone": "+81-2-7988-2522",
        "website": "https://www.kanemidori.co.jp/",
        "operator": null,
        "address": null,
        "near_town": "n1068823658",
        "near_town_name": "草津町",
        "osm_id": "n11289918847",
        "name_ko": "카네미도리"
      }
    },
    {
      "type": "Feature",
      "geometry": {
        "type": "Point",
        "coordinates": [
          138.6037996,
          36.6217124
        ]
      },
      "properties": {
        "id": "l00739",
        "name": "Kiyoshigekan",
        "name_en": null,
        "kind": "hotel",
        "stars": null,
        "rooms": null,
        "phone": "+81-279-88-2272",
        "website": "https://www.kusatsuspa.com/",
        "operator": null,
        "address": null,
        "near_town": "n1068823658",
        "near_town_name": "草津町",
        "osm_id": "n12003063293"
      }
    },
    {
      "type": "Feature",
      "geometry": {
        "type": "Point",
        "coordinates": [
          138.5922722,
          36.6288356
        ]
      },
      "properties": {
        "id": "l00740",
        "name": "Kosatsu Kogen Youth Hostel",
        "name_en": null,
        "kind": "hostel",
        "stars": null,
        "rooms": null,
        "phone": "+81279883895",
        "website": "kusatsuyh.com",
        "operator": null,
        "address": null,
        "near_town": "n1068823658",
        "near_town_name": "草津町",
        "osm_id": "n12095414429"
      }
    },
    {
      "type": "Feature",
      "geometry": {
        "type": "Point",
        "coordinates": [
          138.5988301,
          36.6268028
        ]
      },
      "properties": {
        "id": "l00741",
        "name": "湯の宿みさご",
        "name_en": null,
        "kind": "guest_house",
        "stars": null,
        "rooms": null,
        "phone": null,
        "website": "http://misago.sub.jp/",
        "operator": null,
        "address": null,
        "near_town": "n1068823658",
        "near_town_name": "草津町",
        "osm_id": "n12100568446"
      }
    },
    {
      "type": "Feature",
      "geometry": {
        "type": "Point",
        "coordinates": [
          138.5985425,
          36.6227698
        ]
      },
      "properties": {
        "id": "l00742",
        "name": "旅館たむら",
        "name_en": null,
        "kind": "hotel",
        "stars": null,
        "rooms": null,
        "phone": null,
        "website": "https://ryokan-tamura.co.jp/",
        "operator": null,
        "address": null,
        "near_town": "n1068823658",
        "near_town_name": "草津町",
        "osm_id": "n12103504697"
      }
    },
    {
      "type": "Feature",
      "geometry": {
        "type": "Point",
        "coordinates": [
          138.598086,
          36.6224312
        ]
      },
      "properties": {
        "id": "l00743",
        "name": "裏草津 蕩",
        "name_en": null,
        "kind": "hotel",
        "stars": null,
        "rooms": null,
        "phone": null,
        "website": "https://urakusatsu-tou.com/",
        "operator": null,
        "address": null,
        "near_town": "n1068823658",
        "near_town_name": "草津町",
        "osm_id": "n12103594111"
      }
    },
    {
      "type": "Feature",
      "geometry": {
        "type": "Point",
        "coordinates": [
          138.5972165,
          36.6223875
        ]
      },
      "properties": {
        "id": "l00744",
        "name": "三関屋旅館",
        "name_en": null,
        "kind": "hotel",
        "stars": null,
        "rooms": null,
        "phone": null,
        "website": null,
        "operator": null,
        "address": null,
        "near_town": "n1068823658",
        "near_town_name": "草津町",
        "osm_id": "n12143415602"
      }
    },
    {
      "type": "Feature",
      "geometry": {
        "type": "Point",
        "coordinates": [
          138.5967404,
          36.6220754
        ]
      },
      "properties": {
        "id": "l00745",
        "name": "中村屋旅館",
        "name_en": null,
        "kind": "hotel",
        "stars": null,
        "rooms": null,
        "phone": null,
        "website": null,
        "operator": null,
        "address": null,
        "near_town": "n1068823658",
        "near_town_name": "草津町",
        "osm_id": "n12143415607"
      }
    },
    {
      "type": "Feature",
      "geometry": {
        "type": "Point",
        "coordinates": [
          138.597598,
          36.6208205
        ]
      },
      "properties": {
        "id": "l00746",
        "name": "はなみづき",
        "name_en": null,
        "kind": "guest_house",
        "stars": null,
        "rooms": null,
        "phone": null,
        "website": null,
        "operator": null,
        "address": null,
        "near_town": "n1068823658",
        "near_town_name": "草津町",
        "osm_id": "n13665325542"
      }
    },
    {
      "type": "Feature",
      "geometry": {
        "type": "Point",
        "coordinates": [
          138.5980366,
          36.6210668
        ]
      },
      "properties": {
        "id": "l00747",
        "name": "松乃井旅館",
        "name_en": null,
        "kind": "hotel",
        "stars": null,
        "rooms": null,
        "phone": null,
        "website": null,
        "operator": null,
        "address": null,
        "near_town": "n1068823658",
        "near_town_name": "草津町",
        "osm_id": "n13665325543"
      }
    },
    {
      "type": "Feature",
      "geometry": {
        "type": "Point",
        "coordinates": [
          138.5973947,
          36.6208871
        ]
      },
      "properties": {
        "id": "l00748",
        "name": "草津温泉 田島屋旅館",
        "name_en": "Kusatsu Onsen Tajimaya Ryokan",
        "kind": "hotel",
        "stars": null,
        "rooms": null,
        "phone": "+81 279 88 3392",
        "website": "https://kusatsu-tajimaya.com/",
        "operator": null,
        "address": null,
        "near_town": "n1068823658",
        "near_town_name": "草津町",
        "osm_id": "n13665325544",
        "name_ko": "쿠사쓰 온천 타지마야 료칸"
      }
    },
    {
      "type": "Feature",
      "geometry": {
        "type": "Point",
        "coordinates": [
          138.597695,
          36.6227255
        ]
      },
      "properties": {
        "id": "l00749",
        "name": "源泉一乃湯",
        "name_en": "Gensen Ichinoyu Onsen Ryokan",
        "kind": "hotel",
        "stars": null,
        "rooms": null,
        "phone": null,
        "website": "https://www.kusatsu-ichinoyu.jp",
        "operator": null,
        "address": null,
        "near_town": "n1068823658",
        "near_town_name": "草津町",
        "osm_id": "n13665325545",
        "name_ko": "겐센 이치노유 온천 료칸"
      }
    },
    {
      "type": "Feature",
      "geometry": {
        "type": "Point",
        "coordinates": [
          138.5952901,
          36.6234411
        ]
      },
      "properties": {
        "id": "l00750",
        "name": "湯畑泉水",
        "name_en": null,
        "kind": "hotel",
        "stars": null,
        "rooms": null,
        "phone": null,
        "website": "https://www.kusatsu-sensui.jp/",
        "operator": null,
        "address": null,
        "near_town": "n1068823658",
        "near_town_name": "草津町",
        "osm_id": "n13665325576"
      }
    },
    {
      "type": "Feature",
      "geometry": {
        "type": "Point",
        "coordinates": [
          138.5943623,
          36.6194525
        ]
      },
      "properties": {
        "id": "l00751",
        "name": "Kotodama 宿",
        "name_en": null,
        "kind": "guest_house",
        "stars": null,
        "rooms": null,
        "phone": null,
        "website": null,
        "operator": null,
        "address": null,
        "near_town": "n1068823658",
        "near_town_name": "草津町",
        "osm_id": "w604744294"
      }
    },
    {
      "type": "Feature",
      "geometry": {
        "type": "Point",
        "coordinates": [
          138.5975035,
          36.6211982
        ]
      },
      "properties": {
        "id": "l00752",
        "name": "末広屋旅館",
        "name_en": null,
        "kind": "hotel",
        "stars": null,
        "rooms": null,
        "phone": null,
        "website": null,
        "operator": null,
        "address": null,
        "near_town": "n1068823658",
        "near_town_name": "草津町",
        "osm_id": "w605085514"
      }
    },
    {
      "type": "Feature",
      "geometry": {
        "type": "Point",
        "coordinates": [
          138.5961351,
          36.6229093
        ]
      },
      "properties": {
        "id": "l00753",
        "name": "ホテル一井本館",
        "name_en": "Hotel Ichii",
        "kind": "hotel",
        "stars": "3",
        "rooms": null,
        "phone": "+81 279-88-0011",
        "website": "https://www.hotel-ichii.co.jp/",
        "operator": null,
        "address": null,
        "near_town": "n1068823658",
        "near_town_name": "草津町",
        "osm_id": "w605546948",
        "name_ko": "호텔 이치이"
      }
    },
    {
      "type": "Feature",
      "geometry": {
        "type": "Point",
        "coordinates": [
          138.5950463,
          36.6207297
        ]
      },
      "properties": {
        "id": "l00754",
        "name": "こしゆり",
        "name_en": null,
        "kind": "hotel",
        "stars": null,
        "rooms": null,
        "phone": null,
        "website": null,
        "operator": null,
        "address": null,
        "near_town": "n1068823658",
        "near_town_name": "草津町",
        "osm_id": "w605568035"
      }
    },
    {
      "type": "Feature",
      "geometry": {
        "type": "Point",
        "coordinates": [
          138.596258,
          36.6176386
        ]
      },
      "properties": {
        "id": "l00755",
        "name": "(이름 없음)",
        "name_en": null,
        "kind": "apartment",
        "stars": null,
        "rooms": null,
        "phone": null,
        "website": null,
        "operator": null,
        "address": null,
        "near_town": "n1068823658",
        "near_town_name": "草津町",
        "osm_id": "w727380999"
      }
    },
    {
      "type": "Feature",
      "geometry": {
        "type": "Point",
        "coordinates": [
          138.5955543,
          36.6171371
        ]
      },
      "properties": {
        "id": "l00756",
        "name": "(이름 없음)",
        "name_en": null,
        "kind": "apartment",
        "stars": null,
        "rooms": null,
        "phone": null,
        "website": null,
        "operator": null,
        "address": null,
        "near_town": "n1068823658",
        "near_town_name": "草津町",
        "osm_id": "w727381000"
      }
    },
    {
      "type": "Feature",
      "geometry": {
        "type": "Point",
        "coordinates": [
          138.5961506,
          36.6184094
        ]
      },
      "properties": {
        "id": "l00757",
        "name": "草津温泉ホテルリゾート",
        "name_en": null,
        "kind": "hotel",
        "stars": null,
        "rooms": null,
        "phone": null,
        "website": null,
        "operator": null,
        "address": null,
        "near_town": "n1068823658",
        "near_town_name": "草津町",
        "osm_id": "w727381020"
      }
    },
    {
      "type": "Feature",
      "geometry": {
        "type": "Point",
        "coordinates": [
          138.5969573,
          36.6223252
        ]
      },
      "properties": {
        "id": "l00758",
        "name": "八雲",
        "name_en": null,
        "kind": "hotel",
        "stars": null,
        "rooms": null,
        "phone": null,
        "website": null,
        "operator": null,
        "address": null,
        "near_town": "n1068823658",
        "near_town_name": "草津町",
        "osm_id": "w912422959"
      }
    },
    {
      "type": "Feature",
      "geometry": {
        "type": "Point",
        "coordinates": [
          138.5932103,
          36.6217551
        ]
      },
      "properties": {
        "id": "l00759",
        "name": "草津白根観光ホテル櫻井",
        "name_en": null,
        "kind": "hotel",
        "stars": null,
        "rooms": null,
        "phone": null,
        "website": null,
        "operator": null,
        "address": null,
        "near_town": "n1068823658",
        "near_town_name": "草津町",
        "osm_id": "w912422964"
      }
    },
    {
      "type": "Feature",
      "geometry": {
        "type": "Point",
        "coordinates": [
          138.5979281,
          36.623697
        ]
      },
      "properties": {
        "id": "l00760",
        "name": "大阪屋",
        "name_en": "Osakaya",
        "kind": "hotel",
        "stars": null,
        "rooms": null,
        "phone": null,
        "website": "https://www.osakaya.in/",
        "operator": null,
        "address": null,
        "near_town": "n1068823658",
        "near_town_name": "草津町",
        "osm_id": "w912422974",
        "name_ko": "오사카야"
      }
    },
    {
      "type": "Feature",
      "geometry": {
        "type": "Point",
        "coordinates": [
          138.5920633,
          36.623433
        ]
      },
      "properties": {
        "id": "l00761",
        "name": "ホテルスパックス草津",
        "name_en": null,
        "kind": "hotel",
        "stars": null,
        "rooms": null,
        "phone": null,
        "website": "https://www.hotel-spax.com/",
        "operator": null,
        "address": null,
        "near_town": "n1068823658",
        "near_town_name": "草津町",
        "osm_id": "w948472308"
      }
    },
    {
      "type": "Feature",
      "geometry": {
        "type": "Point",
        "coordinates": [
          138.5951975,
          36.6237585
        ]
      },
      "properties": {
        "id": "l00762",
        "name": "旅の宿よいとこ",
        "name_en": null,
        "kind": "hotel",
        "stars": null,
        "rooms": null,
        "phone": null,
        "website": null,
        "operator": null,
        "address": null,
        "near_town": "n1068823658",
        "near_town_name": "草津町",
        "osm_id": "w948490054"
      }
    },
    {
      "type": "Feature",
      "geometry": {
        "type": "Point",
        "coordinates": [
          138.5957982,
          36.6234442
        ]
      },
      "properties": {
        "id": "l00763",
        "name": "群龍館",
        "name_en": null,
        "kind": "hotel",
        "stars": null,
        "rooms": null,
        "phone": null,
        "website": "http://www21.cx/gunryu/",
        "operator": null,
        "address": null,
        "near_town": "n1068823658",
        "near_town_name": "草津町",
        "osm_id": "w948490082"
      }
    },
    {
      "type": "Feature",
      "geometry": {
        "type": "Point",
        "coordinates": [
          138.5963223,
          36.6231915
        ]
      },
      "properties": {
        "id": "l00764",
        "name": "山本館",
        "name_en": null,
        "kind": "hotel",
        "stars": null,
        "rooms": null,
        "phone": null,
        "website": "http://yamamotokan.com/",
        "operator": null,
        "address": null,
        "near_town": "n1068823658",
        "near_town_name": "草津町",
        "osm_id": "w948490088"
      }
    },
    {
      "type": "Feature",
      "geometry": {
        "type": "Point",
        "coordinates": [
          138.5994286,
          36.6230762
        ]
      },
      "properties": {
        "id": "l00765",
        "name": "ホテル高松",
        "name_en": "Hotel Takamatsu",
        "kind": "hotel",
        "stars": null,
        "rooms": null,
        "phone": null,
        "website": null,
        "operator": null,
        "address": null,
        "near_town": "n1068823658",
        "near_town_name": "草津町",
        "osm_id": "w948527459",
        "name_ko": "호텔 타카마쓰"
      }
    },
    {
      "type": "Feature",
      "geometry": {
        "type": "Point",
        "coordinates": [
          138.5960759,
          36.6233887
        ]
      },
      "properties": {
        "id": "l00766",
        "name": "奈良屋",
        "name_en": null,
        "kind": "hotel",
        "stars": null,
        "rooms": null,
        "phone": null,
        "website": "https://www.kusatsu-naraya.co.jp/index.html",
        "operator": null,
        "address": null,
        "near_town": "n1068823658",
        "near_town_name": "草津町",
        "osm_id": "w954629636"
      }
    },
    {
      "type": "Feature",
      "geometry": {
        "type": "Point",
        "coordinates": [
          138.5960826,
          36.6225658
        ]
      },
      "properties": {
        "id": "l00767",
        "name": "草津館",
        "name_en": null,
        "kind": "hotel",
        "stars": null,
        "rooms": null,
        "phone": "+81 279-88-2027",
        "website": null,
        "operator": null,
        "address": null,
        "near_town": "n1068823658",
        "near_town_name": "草津町",
        "osm_id": "w954786833"
      }
    },
    {
      "type": "Feature",
      "geometry": {
        "type": "Point",
        "coordinates": [
          138.597767,
          36.621701
        ]
      },
      "properties": {
        "id": "l00768",
        "name": "旅館 上村屋",
        "name_en": null,
        "kind": "hotel",
        "stars": null,
        "rooms": null,
        "phone": null,
        "website": null,
        "operator": null,
        "address": null,
        "near_town": "n1068823658",
        "near_town_name": "草津町",
        "osm_id": "w954910753"
      }
    },
    {
      "type": "Feature",
      "geometry": {
        "type": "Point",
        "coordinates": [
          138.5979611,
          36.6215215
        ]
      },
      "properties": {
        "id": "l00769",
        "name": "湯畑源泉 宮崎館",
        "name_en": null,
        "kind": "hotel",
        "stars": null,
        "rooms": null,
        "phone": null,
        "website": null,
        "operator": null,
        "address": null,
        "near_town": "n1068823658",
        "near_town_name": "草津町",
        "osm_id": "w954910759"
      }
    },
    {
      "type": "Feature",
      "geometry": {
        "type": "Point",
        "coordinates": [
          138.5957649,
          36.6231583
        ]
      },
      "properties": {
        "id": "l00770",
        "name": "益成屋",
        "name_en": null,
        "kind": "hotel",
        "stars": null,
        "rooms": null,
        "phone": null,
        "website": "https://www.ekinariya.com/",
        "operator": null,
        "address": null,
        "near_town": "n1068823658",
        "near_town_name": "草津町",
        "osm_id": "w954965052"
      }
    },
    {
      "type": "Feature",
      "geometry": {
        "type": "Point",
        "coordinates": [
          138.5946512,
          36.6235742
        ]
      },
      "properties": {
        "id": "l00771",
        "name": "極楽館",
        "name_en": null,
        "kind": "hotel",
        "stars": null,
        "rooms": null,
        "phone": null,
        "website": "https://www.gokurakukan.com/",
        "operator": null,
        "address": null,
        "near_town": "n1068823658",
        "near_town_name": "草津町",
        "osm_id": "w954965063"
      }
    },
    {
      "type": "Feature",
      "geometry": {
        "type": "Point",
        "coordinates": [
          138.594626,
          36.6233625
        ]
      },
      "properties": {
        "id": "l00772",
        "name": "旅館するがや",
        "name_en": null,
        "kind": "hotel",
        "stars": null,
        "rooms": null,
        "phone": null,
        "website": "https://kusatsu-surugaya.com/",
        "operator": null,
        "address": null,
        "near_town": "n1068823658",
        "near_town_name": "草津町",
        "osm_id": "w954965071"
      }
    },
    {
      "type": "Feature",
      "geometry": {
        "type": "Point",
        "coordinates": [
          138.5953684,
          36.6230957
        ]
      },
      "properties": {
        "id": "l00773",
        "name": "ホテル一井 別館",
        "name_en": "Hotel Ichii",
        "kind": "hotel",
        "stars": null,
        "rooms": null,
        "phone": null,
        "website": null,
        "operator": null,
        "address": null,
        "near_town": "n1068823658",
        "near_town_name": "草津町",
        "osm_id": "w954965075",
        "name_ko": "호텔 이치이"
      }
    },
    {
      "type": "Feature",
      "geometry": {
        "type": "Point",
        "coordinates": [
          138.5948967,
          36.6226986
        ]
      },
      "properties": {
        "id": "l00774",
        "name": "ホテル一井 西館",
        "name_en": "Hotel Ichii",
        "kind": "hotel",
        "stars": null,
        "rooms": null,
        "phone": null,
        "website": null,
        "operator": null,
        "address": null,
        "near_town": "n1068823658",
        "near_town_name": "草津町",
        "osm_id": "w954965076",
        "name_ko": "호텔 이치이"
      }
    },
    {
      "type": "Feature",
      "geometry": {
        "type": "Point",
        "coordinates": [
          138.5980032,
          36.6229483
        ]
      },
      "properties": {
        "id": "l00775",
        "name": "旅館 上野館",
        "name_en": null,
        "kind": "hotel",
        "stars": null,
        "rooms": null,
        "phone": null,
        "website": null,
        "operator": null,
        "address": null,
        "near_town": "n1068823658",
        "near_town_name": "草津町",
        "osm_id": "w955189002"
      }
    },
    {
      "type": "Feature",
      "geometry": {
        "type": "Point",
        "coordinates": [
          138.5981867,
          36.6227258
        ]
      },
      "properties": {
        "id": "l00776",
        "name": "月洲屋",
        "name_en": null,
        "kind": "guest_house",
        "stars": null,
        "rooms": null,
        "phone": null,
        "website": null,
        "operator": null,
        "address": null,
        "near_town": "n1068823658",
        "near_town_name": "草津町",
        "osm_id": "w955354003"
      }
    },
    {
      "type": "Feature",
      "geometry": {
        "type": "Point",
        "coordinates": [
          138.5933327,
          36.623669
        ]
      },
      "properties": {
        "id": "l00777",
        "name": "泉水館",
        "name_en": "Sen-sui-kan",
        "kind": "hotel",
        "stars": null,
        "rooms": null,
        "phone": null,
        "website": "http://sensuikan.jp/",
        "operator": null,
        "address": null,
        "near_town": "n1068823658",
        "near_town_name": "草津町",
        "osm_id": "w955804992",
        "name_ko": "센-스이-칸"
      }
    },
    {
      "type": "Feature",
      "geometry": {
        "type": "Point",
        "coordinates": [
          138.593584,
          36.6230029
        ]
      },
      "properties": {
        "id": "l00778",
        "name": "ホテルみゆき 別館",
        "name_en": null,
        "kind": "hotel",
        "stars": null,
        "rooms": null,
        "phone": null,
        "website": "http://hotelmiyuki.com/",
        "operator": null,
        "address": null,
        "near_town": "n1068823658",
        "near_town_name": "草津町",
        "osm_id": "w955805010"
      }
    },
    {
      "type": "Feature",
      "geometry": {
        "type": "Point",
        "coordinates": [
          138.5946005,
          36.6244356
        ]
      },
      "properties": {
        "id": "l00779",
        "name": "草津保養所アルペンローゼ",
        "name_en": null,
        "kind": "hotel",
        "stars": null,
        "rooms": null,
        "phone": null,
        "website": "http://www.saitama-ctv-kyosai.net/alpenrose/",
        "operator": null,
        "address": null,
        "near_town": "n1068823658",
        "near_town_name": "草津町",
        "osm_id": "w955853337"
      }
    },
    {
      "type": "Feature",
      "geometry": {
        "type": "Point",
        "coordinates": [
          138.5979898,
          36.6219027
        ]
      },
      "properties": {
        "id": "l00780",
        "name": "集栄堂",
        "name_en": null,
        "kind": "hotel",
        "stars": null,
        "rooms": null,
        "phone": null,
        "website": null,
        "operator": null,
        "address": null,
        "near_town": "n1068823658",
        "near_town_name": "草津町",
        "osm_id": "w956109292"
      }
    },
    {
      "type": "Feature",
      "geometry": {
        "type": "Point",
        "coordinates": [
          138.5946507,
          36.6186046
        ]
      },
      "properties": {
        "id": "l00781",
        "name": "アルカディア草津",
        "name_en": null,
        "kind": "hotel",
        "stars": null,
        "rooms": null,
        "phone": null,
        "website": null,
        "operator": null,
        "address": null,
        "near_town": "n1068823658",
        "near_town_name": "草津町",
        "osm_id": "w958315169"
      }
    },
    {
      "type": "Feature",
      "geometry": {
        "type": "Point",
        "coordinates": [
          138.5978344,
          36.6209995
        ]
      },
      "properties": {
        "id": "l00782",
        "name": "川島屋旅館",
        "name_en": null,
        "kind": "hotel",
        "stars": null,
        "rooms": null,
        "phone": null,
        "website": null,
        "operator": null,
        "address": null,
        "near_town": "n1068823658",
        "near_town_name": "草津町",
        "osm_id": "w958325780"
      }
    },
    {
      "type": "Feature",
      "geometry": {
        "type": "Point",
        "coordinates": [
          138.5980998,
          36.6213276
        ]
      },
      "properties": {
        "id": "l00783",
        "name": "うら房",
        "name_en": null,
        "kind": "hotel",
        "stars": null,
        "rooms": null,
        "phone": null,
        "website": null,
        "operator": null,
        "address": null,
        "near_town": "n1068823658",
        "near_town_name": "草津町",
        "osm_id": "w958325793"
      }
    },
    {
      "type": "Feature",
      "geometry": {
        "type": "Point",
        "coordinates": [
          138.5993745,
          36.6264484
        ]
      },
      "properties": {
        "id": "l00784",
        "name": "草津温泉 千",
        "name_en": "Kusatsu Onsen Sen",
        "kind": "hotel",
        "stars": null,
        "rooms": "15",
        "phone": "+81 279 89 8000",
        "website": "https://kusatsusen.com/",
        "operator": null,
        "address": "群馬県 草津町 群馬県吾妻郡草津町草津下滝原547-5",
        "near_town": "n1068823658",
        "near_town_name": "草津町",
        "osm_id": "w960911854",
        "name_ko": "쿠사쓰 온천 센"
      }
    },
    {
      "type": "Feature",
      "geometry": {
        "type": "Point",
        "coordinates": [
          138.6003367,
          36.6197037
        ]
      },
      "properties": {
        "id": "l00785",
        "name": "旅館 ふじ重",
        "name_en": "Pet inn hotel Fujishige",
        "kind": "hotel",
        "stars": null,
        "rooms": null,
        "phone": null,
        "website": "http://www21.cx/fujishige/index.html",
        "operator": null,
        "address": null,
        "near_town": "n1068823658",
        "near_town_name": "草津町",
        "osm_id": "w1018698029",
        "name_ko": "페t 인 호텔 후지시게"
      }
    },
    {
      "type": "Feature",
      "geometry": {
        "type": "Point",
        "coordinates": [
          138.5892664,
          36.626784
        ]
      },
      "properties": {
        "id": "l00786",
        "name": "界 草津",
        "name_en": null,
        "kind": "hotel",
        "stars": null,
        "rooms": "94",
        "phone": null,
        "website": "https://hoshinoresorts.com/ja/hotels/kaikusatsu/",
        "operator": null,
        "address": null,
        "near_town": "n1068823658",
        "near_town_name": "草津町",
        "osm_id": "w1491049275"
      }
    },
    {
      "type": "Feature",
      "geometry": {
        "type": "Point",
        "coordinates": [
          138.2497547,
          36.3955196
        ]
      },
      "properties": {
        "id": "l00787",
        "name": "上田 東急REIホテル",
        "name_en": "Ueda Tokyu REI Hotel",
        "kind": "hotel",
        "stars": null,
        "rooms": null,
        "phone": null,
        "website": "https://www.tokyuhotels.co.jp/ueda-r/",
        "operator": null,
        "address": null,
        "near_town": "n5901282250",
        "near_town_name": "上田市",
        "osm_id": "n288249786",
        "name_ko": "우에다 토큐 레이 호텔"
      }
    },
    {
      "type": "Feature",
      "geometry": {
        "type": "Point",
        "coordinates": [
          138.2489984,
          36.397581
        ]
      },
      "properties": {
        "id": "l00788",
        "name": "上田駅前ロイヤルホテル",
        "name_en": "Ueda Ekimae Royal Hotel",
        "kind": "hotel",
        "stars": null,
        "rooms": null,
        "phone": null,
        "website": "https://www.route-inn.co.jp/search/hotel/index.php?hotel_id=1",
        "operator": null,
        "address": null,
        "near_town": "n5901282250",
        "near_town_name": "上田市",
        "osm_id": "n725872849",
        "name_ko": "우에다 에키마에 로얄 호텔"
      }
    },
    {
      "type": "Feature",
      "geometry": {
        "type": "Point",
        "coordinates": [
          138.2492621,
          36.3979223
        ]
      },
      "properties": {
        "id": "l00789",
        "name": "東横イン",
        "name_en": "Toyoko Inn",
        "kind": "hotel",
        "stars": null,
        "rooms": null,
        "phone": null,
        "website": "https://www.toyoko-inn.com/hotel/00113/",
        "operator": null,
        "address": null,
        "near_town": "n5901282250",
        "near_town_name": "上田市",
        "osm_id": "n725872850",
        "name_ko": "도요코 인"
      }
    },
    {
      "type": "Feature",
      "geometry": {
        "type": "Point",
        "coordinates": [
          138.2508102,
          36.3972915
        ]
      },
      "properties": {
        "id": "l00790",
        "name": "相鉄フレッサイン",
        "name_en": "Hotel Sunroute",
        "kind": "hotel",
        "stars": null,
        "rooms": null,
        "phone": null,
        "website": "http://www.sunroutehotel.jp/ueda/",
        "operator": null,
        "address": null,
        "near_town": "n5901282250",
        "near_town_name": "上田市",
        "osm_id": "n725872851",
        "name_ko": "호텔 슨로우테"
      }
    },
    {
      "type": "Feature",
      "geometry": {
        "type": "Point",
        "coordinates": [
          138.2498869,
          36.3992364
        ]
      },
      "properties": {
        "id": "l00791",
        "name": "祥園",
        "name_en": "Sho-en",
        "kind": "hotel",
        "stars": null,
        "rooms": null,
        "phone": null,
        "website": null,
        "operator": null,
        "address": null,
        "near_town": "n5901282250",
        "near_town_name": "上田市",
        "osm_id": "n5892441586",
        "name_ko": "쇼-엔"
      }
    },
    {
      "type": "Feature",
      "geometry": {
        "type": "Point",
        "coordinates": [
          138.2492242,
          36.3971818
        ]
      },
      "properties": {
        "id": "l00792",
        "name": "Tabist 上田ステーションホテル",
        "name_en": "Tabist Ueda Station Hotel",
        "kind": "hotel",
        "stars": null,
        "rooms": null,
        "phone": null,
        "website": null,
        "operator": null,
        "address": null,
        "near_town": "n5901282250",
        "near_town_name": "上田市",
        "osm_id": "n11038745505",
        "name_ko": "타비st 우에다 역 호텔"
      }
    },
    {
      "type": "Feature",
      "geometry": {
        "type": "Point",
        "coordinates": [
          138.2451537,
          36.3974468
        ]
      },
      "properties": {
        "id": "l00793",
        "name": "南天荘",
        "name_en": null,
        "kind": "hotel",
        "stars": null,
        "rooms": null,
        "phone": null,
        "website": null,
        "operator": null,
        "address": null,
        "near_town": "n5901282250",
        "near_town_name": "上田市",
        "osm_id": "n12065585660"
      }
    },
    {
      "type": "Feature",
      "geometry": {
        "type": "Point",
        "coordinates": [
          138.25467,
          36.3999119
        ]
      },
      "properties": {
        "id": "l00794",
        "name": "Sainotsuno",
        "name_en": null,
        "kind": "guest_house",
        "stars": null,
        "rooms": null,
        "phone": null,
        "website": null,
        "operator": null,
        "address": null,
        "near_town": "n5901282250",
        "near_town_name": "上田市",
        "osm_id": "n13588514002"
      }
    },
    {
      "type": "Feature",
      "geometry": {
        "type": "Point",
        "coordinates": [
          138.2485963,
          36.3988826
        ]
      },
      "properties": {
        "id": "l00795",
        "name": ".ルートインGRAND",
        "name_en": null,
        "kind": "hotel",
        "stars": null,
        "rooms": null,
        "phone": null,
        "website": null,
        "operator": null,
        "address": null,
        "near_town": "n5901282250",
        "near_town_name": "上田市",
        "osm_id": "w625075077"
      }
    },
    {
      "type": "Feature",
      "geometry": {
        "type": "Point",
        "coordinates": [
          138.2538344,
          36.4027489
        ]
      },
      "properties": {
        "id": "l00796",
        "name": "ユーイン上田",
        "name_en": null,
        "kind": "hostel",
        "stars": null,
        "rooms": null,
        "phone": null,
        "website": null,
        "operator": null,
        "address": null,
        "near_town": "n5901282250",
        "near_town_name": "上田市",
        "osm_id": "w799385029"
      }
    },
    {
      "type": "Feature",
      "geometry": {
        "type": "Point",
        "coordinates": [
          138.2438395,
          36.3941222
        ]
      },
      "properties": {
        "id": "l00797",
        "name": "高田屋旅館",
        "name_en": null,
        "kind": "hotel",
        "stars": null,
        "rooms": null,
        "phone": null,
        "website": null,
        "operator": null,
        "address": null,
        "near_town": "n5901282250",
        "near_town_name": "上田市",
        "osm_id": "w1195169467"
      }
    },
    {
      "type": "Feature",
      "geometry": {
        "type": "Point",
        "coordinates": [
          138.4255429,
          36.3292691
        ]
      },
      "properties": {
        "id": "l00798",
        "name": "旅籠つるやホテル",
        "name_en": null,
        "kind": "hotel",
        "stars": null,
        "rooms": null,
        "phone": null,
        "website": null,
        "operator": null,
        "address": null,
        "near_town": "n7844841591",
        "near_town_name": "小諸市",
        "osm_id": "n2273311811"
      }
    },
    {
      "type": "Feature",
      "geometry": {
        "type": "Point",
        "coordinates": [
          138.4224587,
          36.3268835
        ]
      },
      "properties": {
        "id": "l00799",
        "name": "小諸ロイヤルホテル",
        "name_en": null,
        "kind": "hotel",
        "stars": null,
        "rooms": null,
        "phone": null,
        "website": null,
        "operator": null,
        "address": null,
        "near_town": "n7844841591",
        "near_town_name": "小諸市",
        "osm_id": "n2275016003"
      }
    },
    {
      "type": "Feature",
      "geometry": {
        "type": "Point",
        "coordinates": [
          138.4238298,
          36.3255002
        ]
      },
      "properties": {
        "id": "l00800",
        "name": "中藤旅館",
        "name_en": null,
        "kind": "hotel",
        "stars": null,
        "rooms": null,
        "phone": "0267-22-0365",
        "website": "http://www9.ocn.ne.jp/~nakafuji/",
        "operator": null,
        "address": null,
        "near_town": "n7844841591",
        "near_town_name": "小諸市",
        "osm_id": "n2394865120"
      }
    },
    {
      "type": "Feature",
      "geometry": {
        "type": "Point",
        "coordinates": [
          138.4477532,
          36.3634166
        ]
      },
      "properties": {
        "id": "l00801",
        "name": "Yakushikan",
        "name_en": "Yakushikan",
        "kind": "hotel",
        "stars": null,
        "rooms": null,
        "phone": null,
        "website": null,
        "operator": null,
        "address": null,
        "near_town": "n7844841591",
        "near_town_name": "小諸市",
        "osm_id": "n5907689587",
        "name_ko": "야쿠시칸"
      }
    },
    {
      "type": "Feature",
      "geometry": {
        "type": "Point",
        "coordinates": [
          138.4287474,
          36.3256658
        ]
      },
      "properties": {
        "id": "l00802",
        "name": "開魂楼時の門",
        "name_en": null,
        "kind": "hotel",
        "stars": null,
        "rooms": null,
        "phone": null,
        "website": null,
        "operator": null,
        "address": null,
        "near_town": "n7844841591",
        "near_town_name": "小諸市",
        "osm_id": "n10946805535"
      }
    },
    {
      "type": "Feature",
      "geometry": {
        "type": "Point",
        "coordinates": [
          138.4194988,
          36.3285364
        ]
      },
      "properties": {
        "id": "l00803",
        "name": "小諸グランドキャッスルホテル",
        "name_en": null,
        "kind": "hotel",
        "stars": null,
        "rooms": null,
        "phone": null,
        "website": null,
        "operator": null,
        "address": null,
        "near_town": "n7844841591",
        "near_town_name": "小諸市",
        "osm_id": "w169239592"
      }
    },
    {
      "type": "Feature",
      "geometry": {
        "type": "Point",
        "coordinates": [
          138.446438,
          36.3620469
        ]
      },
      "properties": {
        "id": "l00804",
        "name": "常盤館",
        "name_en": null,
        "kind": "hotel",
        "stars": null,
        "rooms": null,
        "phone": null,
        "website": null,
        "operator": null,
        "address": null,
        "near_town": "n7844841591",
        "near_town_name": "小諸市",
        "osm_id": "w761156712"
      }
    },
    {
      "type": "Feature",
      "geometry": {
        "type": "Point",
        "coordinates": [
          138.4643138,
          36.2794028
        ]
      },
      "properties": {
        "id": "l00805",
        "name": "アクアホテル佐久平",
        "name_en": null,
        "kind": "hotel",
        "stars": null,
        "rooms": null,
        "phone": null,
        "website": null,
        "operator": null,
        "address": null,
        "near_town": "n5901282261",
        "near_town_name": "佐久市",
        "osm_id": "n4995905921"
      }
    },
    {
      "type": "Feature",
      "geometry": {
        "type": "Point",
        "coordinates": [
          138.4791758,
          36.2301428
        ]
      },
      "properties": {
        "id": "l00806",
        "name": "清水屋",
        "name_en": null,
        "kind": "hotel",
        "stars": null,
        "rooms": null,
        "phone": null,
        "website": null,
        "operator": null,
        "address": null,
        "near_town": "n5901282261",
        "near_town_name": "佐久市",
        "osm_id": "n9914376102"
      }
    },
    {
      "type": "Feature",
      "geometry": {
        "type": "Point",
        "coordinates": [
          138.4799097,
          36.2539686
        ]
      },
      "properties": {
        "id": "l00807",
        "name": "佐久一萬里温泉ホテルゴールデンセンチュリー",
        "name_en": null,
        "kind": "hotel",
        "stars": null,
        "rooms": null,
        "phone": null,
        "website": null,
        "operator": null,
        "address": null,
        "near_town": "n5901282261",
        "near_town_name": "佐久市",
        "osm_id": "n10312567481"
      }
    },
    {
      "type": "Feature",
      "geometry": {
        "type": "Point",
        "coordinates": [
          138.4560439,
          36.2314801
        ]
      },
      "properties": {
        "id": "l00808",
        "name": "ホテルルートイン",
        "name_en": "Hotel Route Inn",
        "kind": "hotel",
        "stars": null,
        "rooms": null,
        "phone": null,
        "website": null,
        "operator": null,
        "address": "長野県 佐久市 長野県佐久市三塚126-2",
        "near_town": "n5901282261",
        "near_town_name": "佐久市",
        "osm_id": "w1259581672",
        "name_ko": "호텔 루트 인"
      }
    },
    {
      "type": "Feature",
      "geometry": {
        "type": "Point",
        "coordinates": [
          138.4799741,
          36.2737302
        ]
      },
      "properties": {
        "id": "l00809",
        "name": "佐久ホテル",
        "name_en": "Saku Hotel",
        "kind": "hotel",
        "stars": null,
        "rooms": null,
        "phone": null,
        "website": null,
        "operator": null,
        "address": "長野県佐久市岩村田553-1",
        "near_town": "n5901282261",
        "near_town_name": "佐久市",
        "osm_id": "w1305500055",
        "name_ko": "사쿠 호텔"
      }
    },
    {
      "type": "Feature",
      "geometry": {
        "type": "Point",
        "coordinates": [
          138.4630285,
          36.278036
        ]
      },
      "properties": {
        "id": "l00810",
        "name": "東横イン",
        "name_en": "Toyoko Inn",
        "kind": "hotel",
        "stars": null,
        "rooms": null,
        "phone": null,
        "website": null,
        "operator": null,
        "address": "長野県 佐久市",
        "near_town": "n5901282261",
        "near_town_name": "佐久市",
        "osm_id": "w1307020430",
        "name_ko": "도요코 인"
      }
    },
    {
      "type": "Feature",
      "geometry": {
        "type": "Point",
        "coordinates": [
          138.4667359,
          36.2776536
        ]
      },
      "properties": {
        "id": "l00811",
        "name": "佐久平プラザ21",
        "name_en": "Sakudaira Plaza 21",
        "kind": "hotel",
        "stars": null,
        "rooms": null,
        "phone": "+81 267 65 8811",
        "website": "https://sakudaira.ikenotaira-resort.co.jp/",
        "operator": null,
        "address": "長野県 佐久市",
        "near_town": "n5901282261",
        "near_town_name": "佐久市",
        "osm_id": "w1307021769",
        "name_ko": "사쿠다이라 플라자 21"
      }
    },
    {
      "type": "Feature",
      "geometry": {
        "type": "Point",
        "coordinates": [
          138.2963573,
          36.3694193
        ]
      },
      "properties": {
        "id": "l00812",
        "name": "ビジネスホテル八千代",
        "name_en": "Business Hotel Yachiyo",
        "kind": "hotel",
        "stars": null,
        "rooms": null,
        "phone": null,
        "website": null,
        "operator": null,
        "address": null,
        "near_town": "n5901282279",
        "near_town_name": "東御市",
        "osm_id": "n725871893",
        "name_ko": "비즈니스 호텔 야치요"
      }
    },
    {
      "type": "Feature",
      "geometry": {
        "type": "Point",
        "coordinates": [
          138.2954132,
          36.3729289
        ]
      },
      "properties": {
        "id": "l00813",
        "name": "(이름 없음)",
        "name_en": null,
        "kind": "apartment",
        "stars": null,
        "rooms": null,
        "phone": null,
        "website": null,
        "operator": null,
        "address": "大屋",
        "near_town": "n5901282279",
        "near_town_name": "東御市",
        "osm_id": "n10294903911"
      }
    },
    {
      "type": "Feature",
      "geometry": {
        "type": "Point",
        "coordinates": [
          138.325024,
          36.3342114
        ]
      },
      "properties": {
        "id": "l00814",
        "name": "ペンション　さゆーる",
        "name_en": null,
        "kind": "guest_house",
        "stars": null,
        "rooms": null,
        "phone": null,
        "website": null,
        "operator": null,
        "address": null,
        "near_town": "n5901282279",
        "near_town_name": "東御市",
        "osm_id": "w295433368"
      }
    },
    {
      "type": "Feature",
      "geometry": {
        "type": "Point",
        "coordinates": [
          140.1106087,
          36.0818591
        ]
      },
      "properties": {
        "id": "l00815",
        "name": "ダイワロイネットホテル",
        "name_en": "Daiwa Roynet Hotel",
        "kind": "hotel",
        "stars": null,
        "rooms": null,
        "phone": null,
        "website": "https://www.daiwaroynet.jp/",
        "operator": null,
        "address": "茨城県 つくば市",
        "near_town": "n768273008",
        "near_town_name": "つくば市",
        "osm_id": "n1956948812",
        "name_ko": "다이와 로이넷 호텔"
      }
    },
    {
      "type": "Feature",
      "geometry": {
        "type": "Point",
        "coordinates": [
          140.0892865,
          36.0860164
        ]
      },
      "properties": {
        "id": "l00816",
        "name": "東横イン",
        "name_en": "Toyoko Inn",
        "kind": "hotel",
        "stars": null,
        "rooms": null,
        "phone": null,
        "website": null,
        "operator": null,
        "address": null,
        "near_town": "n768273008",
        "near_town_name": "つくば市",
        "osm_id": "n1956980139",
        "name_ko": "도요코 인"
      }
    },
    {
      "type": "Feature",
      "geometry": {
        "type": "Point",
        "coordinates": [
          140.0842779,
          36.0829951
        ]
      },
      "properties": {
        "id": "l00817",
        "name": "ホテルマークワンつくば研究学園",
        "name_en": null,
        "kind": "hotel",
        "stars": null,
        "rooms": null,
        "phone": null,
        "website": null,
        "operator": null,
        "address": null,
        "near_town": "n768273008",
        "near_town_name": "つくば市",
        "osm_id": "n2881521815"
      }
    },
    {
      "type": "Feature",
      "geometry": {
        "type": "Point",
        "coordinates": [
          140.0908074,
          36.0513126
        ]
      },
      "properties": {
        "id": "l00818",
        "name": "ウッディホテルスワ",
        "name_en": null,
        "kind": "hotel",
        "stars": null,
        "rooms": null,
        "phone": "029-836-7123",
        "website": null,
        "operator": null,
        "address": null,
        "near_town": "n768273008",
        "near_town_name": "つくば市",
        "osm_id": "n3881487957"
      }
    },
    {
      "type": "Feature",
      "geometry": {
        "type": "Point",
        "coordinates": [
          140.097489,
          36.1201507
        ]
      },
      "properties": {
        "id": "l00819",
        "name": "Ichinoya Shukusha",
        "name_en": "Ichinoya Shukusha",
        "kind": "apartment",
        "stars": null,
        "rooms": null,
        "phone": null,
        "website": null,
        "operator": null,
        "address": "一の矢学生宿舎２１ 〒305-0006 Ibaraki-ken, Tsukuba-shi, Tennōdai, 2 Chome, 一の矢学生宿舎２１",
        "near_town": "n768273008",
        "near_town_name": "つくば市",
        "osm_id": "n4403882196",
        "name_ko": "이치노야 슈쿠샤"
      }
    },
    {
      "type": "Feature",
      "geometry": {
        "type": "Point",
        "coordinates": [
          140.0971636,
          36.1186953
        ]
      },
      "properties": {
        "id": "l00820",
        "name": "Ichinoya Shukusha",
        "name_en": "Ichinoya Shukusha",
        "kind": "apartment",
        "stars": null,
        "rooms": null,
        "phone": null,
        "website": null,
        "operator": null,
        "address": "一の矢学生宿舎２１ 〒305-0006 Ibaraki-ken, Tsukuba-shi, Tennōdai, 2 Chome, 一の矢学生宿舎２１",
        "near_town": "n768273008",
        "near_town_name": "つくば市",
        "osm_id": "n5587363570",
        "name_ko": "이치노야 슈쿠샤"
      }
    },
    {
      "type": "Feature",
      "geometry": {
        "type": "Point",
        "coordinates": [
          140.0979253,
          36.118496
        ]
      },
      "properties": {
        "id": "l00821",
        "name": "Ichinoya Shukusha",
        "name_en": "Ichinoya Shukusha",
        "kind": "apartment",
        "stars": null,
        "rooms": null,
        "phone": null,
        "website": null,
        "operator": null,
        "address": "一の矢学生宿舎２１ 〒305-0006 Ibaraki-ken, Tsukuba-shi, Tennōdai, 2 Chome, 一の矢学生宿舎２１",
        "near_town": "n768273008",
        "near_town_name": "つくば市",
        "osm_id": "n5587363571",
        "name_ko": "이치노야 슈쿠샤"
      }
    },
    {
      "type": "Feature",
      "geometry": {
        "type": "Point",
        "coordinates": [
          140.0973138,
          36.1195273
        ]
      },
      "properties": {
        "id": "l00822",
        "name": "Ichinoya Shukusha",
        "name_en": "Ichinoya Shukusha",
        "kind": "apartment",
        "stars": null,
        "rooms": null,
        "phone": null,
        "website": null,
        "operator": null,
        "address": "一の矢学生宿舎２１ 〒305-0006 Ibaraki-ken, Tsukuba-shi, Tennōdai, 2 Chome, 一の矢学生宿舎２１",
        "near_town": "n768273008",
        "near_town_name": "つくば市",
        "osm_id": "n5587363572",
        "name_ko": "이치노야 슈쿠샤"
      }
    },
    {
      "type": "Feature",
      "geometry": {
        "type": "Point",
        "coordinates": [
          140.097228,
          36.119146
        ]
      },
      "properties": {
        "id": "l00823",
        "name": "Ichinoya Shukusha",
        "name_en": "Ichinoya Shukusha",
        "kind": "apartment",
        "stars": null,
        "rooms": null,
        "phone": null,
        "website": null,
        "operator": null,
        "address": "一の矢学生宿舎２１ 〒305-0006 Ibaraki-ken, Tsukuba-shi, Tennōdai, 2 Chome, 一の矢学生宿舎２１",
        "near_town": "n768273008",
        "near_town_name": "つくば市",
        "osm_id": "n5587363573",
        "name_ko": "이치노야 슈쿠샤"
      }
    },
    {
      "type": "Feature",
      "geometry": {
        "type": "Point",
        "coordinates": [
          140.0983116,
          36.1180366
        ]
      },
      "properties": {
        "id": "l00824",
        "name": "Ichinoya Shukusha",
        "name_en": "Ichinoya Shukusha",
        "kind": "apartment",
        "stars": null,
        "rooms": null,
        "phone": null,
        "website": null,
        "operator": null,
        "address": "一の矢学生宿舎２１ 〒305-0006 Ibaraki-ken, Tsukuba-shi, Tennōdai, 2 Chome, 一の矢学生宿舎２１",
        "near_town": "n768273008",
        "near_town_name": "つくば市",
        "osm_id": "n5587363575",
        "name_ko": "이치노야 슈쿠샤"
      }
    },
    {
      "type": "Feature",
      "geometry": {
        "type": "Point",
        "coordinates": [
          140.0976678,
          36.1167452
        ]
      },
      "properties": {
        "id": "l00825",
        "name": "Ichinoya Shukusha",
        "name_en": "Ichinoya Shukusha",
        "kind": "apartment",
        "stars": null,
        "rooms": null,
        "phone": null,
        "website": null,
        "operator": null,
        "address": "一の矢学生宿舎２１ 〒305-0006 Ibaraki-ken, Tsukuba-shi, Tennōdai, 2 Chome, 一の矢学生宿舎２１",
        "near_town": "n768273008",
        "near_town_name": "つくば市",
        "osm_id": "n5587363576",
        "name_ko": "이치노야 슈쿠샤"
      }
    },
    {
      "type": "Feature",
      "geometry": {
        "type": "Point",
        "coordinates": [
          140.096949,
          36.1182186
        ]
      },
      "properties": {
        "id": "l00826",
        "name": "Ichinoya Shukusha",
        "name_en": "Ichinoya Shukusha",
        "kind": "apartment",
        "stars": null,
        "rooms": null,
        "phone": null,
        "website": null,
        "operator": null,
        "address": "一の矢学生宿舎２１ 〒305-0006 Ibaraki-ken, Tsukuba-shi, Tennōdai, 2 Chome, 一の矢学生宿舎２１",
        "near_town": "n768273008",
        "near_town_name": "つくば市",
        "osm_id": "n5587363577",
        "name_ko": "이치노야 슈쿠샤"
      }
    },
    {
      "type": "Feature",
      "geometry": {
        "type": "Point",
        "coordinates": [
          140.1219975,
          36.0803865
        ]
      },
      "properties": {
        "id": "l00827",
        "name": "ウエリスつくば竹園",
        "name_en": null,
        "kind": "apartment",
        "stars": null,
        "rooms": null,
        "phone": null,
        "website": null,
        "operator": null,
        "address": null,
        "near_town": "n768273008",
        "near_town_name": "つくば市",
        "osm_id": "n5597370521"
      }
    },
    {
      "type": "Feature",
      "geometry": {
        "type": "Point",
        "coordinates": [
          140.1094116,
          36.1076088
        ]
      },
      "properties": {
        "id": "l00828",
        "name": "シャルドネコ",
        "name_en": null,
        "kind": "apartment",
        "stars": null,
        "rooms": null,
        "phone": null,
        "website": null,
        "operator": null,
        "address": null,
        "near_town": "n768273008",
        "near_town_name": "つくば市",
        "osm_id": "n9706313317"
      }
    },
    {
      "type": "Feature",
      "geometry": {
        "type": "Point",
        "coordinates": [
          140.1255538,
          36.0737751
        ]
      },
      "properties": {
        "id": "l00829",
        "name": "つくばデイリーイン",
        "name_en": null,
        "kind": "hotel",
        "stars": null,
        "rooms": null,
        "phone": null,
        "website": null,
        "operator": null,
        "address": null,
        "near_town": "n768273008",
        "near_town_name": "つくば市",
        "osm_id": "n12623043030"
      }
    },
    {
      "type": "Feature",
      "geometry": {
        "type": "Point",
        "coordinates": [
          140.1134809,
          36.0827076
        ]
      },
      "properties": {
        "id": "l00830",
        "name": "ホテル日航つくば Annex",
        "name_en": "Hotel Nikko Tsukuba Annex",
        "kind": "hotel",
        "stars": null,
        "rooms": null,
        "phone": null,
        "website": null,
        "operator": null,
        "address": null,
        "near_town": "n768273008",
        "near_town_name": "つくば市",
        "osm_id": "w134012536",
        "name_ko": "호텔 닛코 쓰쿠바 별관"
      }
    },
    {
      "type": "Feature",
      "geometry": {
        "type": "Point",
        "coordinates": [
          140.1139063,
          36.0822675
        ]
      },
      "properties": {
        "id": "l00831",
        "name": "ホテル日航つくば",
        "name_en": "Hotel Nikko Tsukuba",
        "kind": "hotel",
        "stars": null,
        "rooms": null,
        "phone": null,
        "website": null,
        "operator": null,
        "address": null,
        "near_town": "n768273008",
        "near_town_name": "つくば市",
        "osm_id": "w134014143",
        "name_ko": "호텔 닛코 쓰쿠바"
      }
    },
    {
      "type": "Feature",
      "geometry": {
        "type": "Point",
        "coordinates": [
          140.0814407,
          36.0824332
        ]
      },
      "properties": {
        "id": "l00832",
        "name": "ホテルベストランド",
        "name_en": "Hotel Bestland",
        "kind": "hotel",
        "stars": null,
        "rooms": null,
        "phone": null,
        "website": null,
        "operator": null,
        "address": null,
        "near_town": "n768273008",
        "near_town_name": "つくば市",
        "osm_id": "w252454244",
        "name_ko": "호텔 베st란d"
      }
    },
    {
      "type": "Feature",
      "geometry": {
        "type": "Point",
        "coordinates": [
          140.1222547,
          36.0781676
        ]
      },
      "properties": {
        "id": "l00833",
        "name": "ホテルニューたかはし　竹園店",
        "name_en": "Hotel New Takahashi Takezono",
        "kind": "hotel",
        "stars": null,
        "rooms": null,
        "phone": "+ 81 29 851 2255",
        "website": "https://www.new-takahashi.co.jp/",
        "operator": null,
        "address": "茨城県 つくば市",
        "near_town": "n768273008",
        "near_town_name": "つくば市",
        "osm_id": "w262785461",
        "name_ko": "호텔 네w 타카하시 타케조노"
      }
    },
    {
      "type": "Feature",
      "geometry": {
        "type": "Point",
        "coordinates": [
          140.1161425,
          36.0770805
        ]
      },
      "properties": {
        "id": "l00834",
        "name": "JAL CITY つくばエポカル",
        "name_en": "Hotel JAL City TSUKUBA EPOCHAL",
        "kind": "hotel",
        "stars": null,
        "rooms": null,
        "phone": null,
        "website": null,
        "operator": null,
        "address": null,
        "near_town": "n768273008",
        "near_town_name": "つくば市",
        "osm_id": "w381170738",
        "name_ko": "호텔 자르 c이ty 쓰쿠바 에포챠르"
      }
    },
    {
      "type": "Feature",
      "geometry": {
        "type": "Point",
        "coordinates": [
          140.1073821,
          36.1040083
        ]
      },
      "properties": {
        "id": "l00835",
        "name": "合宿所",
        "name_en": "Tsukuba Training Lodge",
        "kind": "hostel",
        "stars": null,
        "rooms": null,
        "phone": null,
        "website": null,
        "operator": null,
        "address": null,
        "near_town": "n768273008",
        "near_town_name": "つくば市",
        "osm_id": "w564228970",
        "name_ko": "쓰쿠바 t라이닌g 롯지"
      }
    },
    {
      "type": "Feature",
      "geometry": {
        "type": "Point",
        "coordinates": [
          140.1071172,
          36.0798857
        ]
      },
      "properties": {
        "id": "l00836",
        "name": "ホテル松島",
        "name_en": "Hotel Matsushima",
        "kind": "hotel",
        "stars": null,
        "rooms": null,
        "phone": null,
        "website": null,
        "operator": null,
        "address": null,
        "near_town": "n768273008",
        "near_town_name": "つくば市",
        "osm_id": "w587772212",
        "name_ko": "호텔 마쓰시마"
      }
    },
    {
      "type": "Feature",
      "geometry": {
        "type": "Point",
        "coordinates": [
          140.1258164,
          36.086194
        ]
      },
      "properties": {
        "id": "l00837",
        "name": "ホテル ルートつくば",
        "name_en": "Hotel Route Tsukuba",
        "kind": "hotel",
        "stars": null,
        "rooms": null,
        "phone": null,
        "website": null,
        "operator": null,
        "address": null,
        "near_town": "n768273008",
        "near_town_name": "つくば市",
        "osm_id": "w869287727",
        "name_ko": "호텔 루트 쓰쿠바"
      }
    },
    {
      "type": "Feature",
      "geometry": {
        "type": "Point",
        "coordinates": [
          139.9650807,
          36.3103497
        ]
      },
      "properties": {
        "id": "l00838",
        "name": "ルートイン下館",
        "name_en": null,
        "kind": "hotel",
        "stars": null,
        "rooms": null,
        "phone": null,
        "website": null,
        "operator": null,
        "address": null,
        "near_town": "n3385454595",
        "near_town_name": "筑西市",
        "osm_id": "n10044094818"
      }
    },
    {
      "type": "Feature",
      "geometry": {
        "type": "Point",
        "coordinates": [
          139.979437,
          36.3036683
        ]
      },
      "properties": {
        "id": "l00839",
        "name": "SANTA",
        "name_en": null,
        "kind": "hotel",
        "stars": null,
        "rooms": null,
        "phone": null,
        "website": null,
        "operator": null,
        "address": null,
        "near_town": "n3385454595",
        "near_town_name": "筑西市",
        "osm_id": "w905646127"
      }
    },
    {
      "type": "Feature",
      "geometry": {
        "type": "Point",
        "coordinates": [
          137.4355861,
          36.8710337
        ]
      },
      "properties": {
        "id": "l00840",
        "name": "ホテルアクア黒部",
        "name_en": "Hotel Aqua Kurobe",
        "kind": "hotel",
        "stars": null,
        "rooms": null,
        "phone": null,
        "website": null,
        "operator": null,
        "address": null,
        "near_town": "n762306861",
        "near_town_name": "黒部市",
        "osm_id": "n5857180681",
        "name_ko": "호텔 아q우아 쿠로베"
      }
    },
    {
      "type": "Feature",
      "geometry": {
        "type": "Point",
        "coordinates": [
          137.4351072,
          36.8703439
        ]
      },
      "properties": {
        "id": "l00841",
        "name": "長谷川旅館",
        "name_en": null,
        "kind": "guest_house",
        "stars": null,
        "rooms": null,
        "phone": null,
        "website": null,
        "operator": null,
        "address": null,
        "near_town": "n762306861",
        "near_town_name": "黒部市",
        "osm_id": "n5992404746"
      }
    },
    {
      "type": "Feature",
      "geometry": {
        "type": "Point",
        "coordinates": [
          137.4352495,
          36.8703508
        ]
      },
      "properties": {
        "id": "l00842",
        "name": "名水の里やすらぎの宿 芳の屋",
        "name_en": "Yoshino-ya",
        "kind": "guest_house",
        "stars": null,
        "rooms": null,
        "phone": "+81 765 52 0207",
        "website": null,
        "operator": null,
        "address": "黒部市 天神新",
        "near_town": "n762306861",
        "near_town_name": "黒部市",
        "osm_id": "n5992404747",
        "name_ko": "요시노-야"
      }
    },
    {
      "type": "Feature",
      "geometry": {
        "type": "Point",
        "coordinates": [
          137.4387497,
          36.8719358
        ]
      },
      "properties": {
        "id": "l00843",
        "name": "黒部旅館",
        "name_en": null,
        "kind": "guest_house",
        "stars": null,
        "rooms": null,
        "phone": null,
        "website": null,
        "operator": null,
        "address": null,
        "near_town": "n762306861",
        "near_town_name": "黒部市",
        "osm_id": "n5992959350"
      }
    },
    {
      "type": "Feature",
      "geometry": {
        "type": "Point",
        "coordinates": [
          137.4145027,
          36.8988228
        ]
      },
      "properties": {
        "id": "l00844",
        "name": "Tanakaya 生地温泉 たなかや",
        "name_en": null,
        "kind": "hotel",
        "stars": null,
        "rooms": null,
        "phone": null,
        "website": null,
        "operator": null,
        "address": null,
        "near_town": "n762306861",
        "near_town_name": "黒部市",
        "osm_id": "n6125639921"
      }
    },
    {
      "type": "Feature",
      "geometry": {
        "type": "Point",
        "coordinates": [
          137.4398824,
          36.8857057
        ]
      },
      "properties": {
        "id": "l00845",
        "name": "ファミリーロッジ・旅籠屋黒部店",
        "name_en": null,
        "kind": "motel",
        "stars": null,
        "rooms": null,
        "phone": null,
        "website": null,
        "operator": null,
        "address": null,
        "near_town": "n762306861",
        "near_town_name": "黒部市",
        "osm_id": "n6139809013"
      }
    },
    {
      "type": "Feature",
      "geometry": {
        "type": "Point",
        "coordinates": [
          137.4367231,
          36.8394591
        ]
      },
      "properties": {
        "id": "l00846",
        "name": "Kintarou Onsen 金太郎温泉 カルナの館",
        "name_en": null,
        "kind": "hotel",
        "stars": null,
        "rooms": null,
        "phone": null,
        "website": null,
        "operator": null,
        "address": null,
        "near_town": "n762306861",
        "near_town_name": "黒部市",
        "osm_id": "n6173486420"
      }
    },
    {
      "type": "Feature",
      "geometry": {
        "type": "Point",
        "coordinates": [
          137.4369993,
          36.8381498
        ]
      },
      "properties": {
        "id": "l00847",
        "name": "金太郎温泉 光風閣",
        "name_en": null,
        "kind": "hotel",
        "stars": null,
        "rooms": null,
        "phone": null,
        "website": null,
        "operator": null,
        "address": null,
        "near_town": "n762306861",
        "near_town_name": "黒部市",
        "osm_id": "n6173486421"
      }
    },
    {
      "type": "Feature",
      "geometry": {
        "type": "Point",
        "coordinates": [
          137.4157708,
          36.8910698
        ]
      },
      "properties": {
        "id": "l00848",
        "name": "住定夢の館（黒部市定住体験施設）",
        "name_en": null,
        "kind": "hotel",
        "stars": null,
        "rooms": null,
        "phone": null,
        "website": null,
        "operator": null,
        "address": null,
        "near_town": "n762306861",
        "near_town_name": "黒部市",
        "osm_id": "n6221831578"
      }
    },
    {
      "type": "Feature",
      "geometry": {
        "type": "Point",
        "coordinates": [
          137.8081325,
          36.528539
        ]
      },
      "properties": {
        "id": "l00849",
        "name": "かしわ荘",
        "name_en": null,
        "kind": "hotel",
        "stars": null,
        "rooms": null,
        "phone": null,
        "website": null,
        "operator": null,
        "address": null,
        "near_town": "n702987319",
        "near_town_name": "大町市",
        "osm_id": "n1744291637"
      }
    },
    {
      "type": "Feature",
      "geometry": {
        "type": "Point",
        "coordinates": [
          137.8435847,
          36.5437636
        ]
      },
      "properties": {
        "id": "l00850",
        "name": "(이름 없음)",
        "name_en": null,
        "kind": "guest_house",
        "stars": null,
        "rooms": null,
        "phone": null,
        "website": null,
        "operator": null,
        "address": null,
        "near_town": "n702987319",
        "near_town_name": "大町市",
        "osm_id": "n1932205399"
      }
    },
    {
      "type": "Feature",
      "geometry": {
        "type": "Point",
        "coordinates": [
          137.8427618,
          36.5448702
        ]
      },
      "properties": {
        "id": "l00851",
        "name": "(이름 없음)",
        "name_en": null,
        "kind": "guest_house",
        "stars": null,
        "rooms": null,
        "phone": null,
        "website": null,
        "operator": null,
        "address": null,
        "near_town": "n702987319",
        "near_town_name": "大町市",
        "osm_id": "n1932205403"
      }
    },
    {
      "type": "Feature",
      "geometry": {
        "type": "Point",
        "coordinates": [
          137.8435058,
          36.5439675
        ]
      },
      "properties": {
        "id": "l00852",
        "name": "民宿達磨屋",
        "name_en": null,
        "kind": "guest_house",
        "stars": null,
        "rooms": null,
        "phone": null,
        "website": null,
        "operator": null,
        "address": null,
        "near_town": "n702987319",
        "near_town_name": "大町市",
        "osm_id": "n1932205457"
      }
    },
    {
      "type": "Feature",
      "geometry": {
        "type": "Point",
        "coordinates": [
          137.8077082,
          36.5244109
        ]
      },
      "properties": {
        "id": "l00853",
        "name": "ときしらずの宿 織花",
        "name_en": null,
        "kind": "hotel",
        "stars": null,
        "rooms": null,
        "phone": null,
        "website": null,
        "operator": null,
        "address": null,
        "near_town": "n702987319",
        "near_town_name": "大町市",
        "osm_id": "n6919589760"
      }
    },
    {
      "type": "Feature",
      "geometry": {
        "type": "Point",
        "coordinates": [
          137.8906274,
          36.5317253
        ]
      },
      "properties": {
        "id": "l00854",
        "name": "ひと粒屋",
        "name_en": null,
        "kind": "guest_house",
        "stars": null,
        "rooms": null,
        "phone": null,
        "website": null,
        "operator": null,
        "address": null,
        "near_town": "n702987319",
        "near_town_name": "大町市",
        "osm_id": "n9006215374"
      }
    },
    {
      "type": "Feature",
      "geometry": {
        "type": "Point",
        "coordinates": [
          137.7976888,
          36.5133846
        ]
      },
      "properties": {
        "id": "l00855",
        "name": "Omachi-sanso",
        "name_en": null,
        "kind": "hotel",
        "stars": null,
        "rooms": null,
        "phone": null,
        "website": null,
        "operator": null,
        "address": null,
        "near_town": "n702987319",
        "near_town_name": "大町市",
        "osm_id": "n12306542362"
      }
    },
    {
      "type": "Feature",
      "geometry": {
        "type": "Point",
        "coordinates": [
          137.8601716,
          36.4999854
        ]
      },
      "properties": {
        "id": "l00856",
        "name": "ホテルルートイン",
        "name_en": null,
        "kind": "hotel",
        "stars": null,
        "rooms": null,
        "phone": "+81 50 5576 7888",
        "website": null,
        "operator": null,
        "address": "長野県 大町市",
        "near_town": "n702987319",
        "near_town_name": "大町市",
        "osm_id": "w1292602144"
      }
    },
    {
      "type": "Feature",
      "geometry": {
        "type": "Point",
        "coordinates": [
          137.4100219,
          36.8260602
        ]
      },
      "properties": {
        "id": "l00857",
        "name": "Hotel Granmirage (グランミラージュ）",
        "name_en": null,
        "kind": "hotel",
        "stars": null,
        "rooms": null,
        "phone": null,
        "website": null,
        "operator": null,
        "address": null,
        "near_town": "n762306868",
        "near_town_name": "魚津市",
        "osm_id": "n924799296"
      }
    },
    {
      "type": "Feature",
      "geometry": {
        "type": "Point",
        "coordinates": [
          137.4189809,
          36.8253254
        ]
      },
      "properties": {
        "id": "l00858",
        "name": "ベストイン魚津",
        "name_en": "Best Inn Uozu",
        "kind": "hotel",
        "stars": null,
        "rooms": null,
        "phone": null,
        "website": null,
        "operator": null,
        "address": null,
        "near_town": "n762306868",
        "near_town_name": "魚津市",
        "osm_id": "n6004813149",
        "name_ko": "베st 인 우오즈"
      }
    },
    {
      "type": "Feature",
      "geometry": {
        "type": "Point",
        "coordinates": [
          137.3949352,
          36.8208273
        ]
      },
      "properties": {
        "id": "l00859",
        "name": "渚泊魚津丸",
        "name_en": null,
        "kind": "hotel",
        "stars": null,
        "rooms": null,
        "phone": null,
        "website": null,
        "operator": null,
        "address": null,
        "near_town": "n762306868",
        "near_town_name": "魚津市",
        "osm_id": "n8932814303"
      }
    },
    {
      "type": "Feature",
      "geometry": {
        "type": "Point",
        "coordinates": [
          137.4064371,
          36.8272634
        ]
      },
      "properties": {
        "id": "l00860",
        "name": "APA HOTEL (魚津駅前)",
        "name_en": null,
        "kind": "hotel",
        "stars": null,
        "rooms": null,
        "phone": null,
        "website": null,
        "operator": null,
        "address": null,
        "near_town": "n762306868",
        "near_town_name": "魚津市",
        "osm_id": "w526587803"
      }
    },
    {
      "type": "Feature",
      "geometry": {
        "type": "Point",
        "coordinates": [
          137.3906008,
          36.6616694
        ]
      },
      "properties": {
        "id": "l00861",
        "name": "旅館 大岩館",
        "name_en": null,
        "kind": "hotel",
        "stars": null,
        "rooms": null,
        "phone": null,
        "website": null,
        "operator": null,
        "address": null,
        "near_town": "n1862512891",
        "near_town_name": "上市町",
        "osm_id": "n7682864623"
      }
    },
    {
      "type": "Feature",
      "geometry": {
        "type": "Point",
        "coordinates": [
          137.3908155,
          36.6617027
        ]
      },
      "properties": {
        "id": "l00862",
        "name": "旅館 だんごや",
        "name_en": null,
        "kind": "hotel",
        "stars": null,
        "rooms": null,
        "phone": null,
        "website": null,
        "operator": null,
        "address": null,
        "near_town": "n1862512891",
        "near_town_name": "上市町",
        "osm_id": "n7682864624"
      }
    },
    {
      "type": "Feature",
      "geometry": {
        "type": "Point",
        "coordinates": [
          137.3904425,
          36.6619324
        ]
      },
      "properties": {
        "id": "l00863",
        "name": "旅館 いとや",
        "name_en": null,
        "kind": "hotel",
        "stars": null,
        "rooms": null,
        "phone": null,
        "website": null,
        "operator": null,
        "address": null,
        "near_town": "n1862512891",
        "near_town_name": "上市町",
        "osm_id": "n7682864625"
      }
    },
    {
      "type": "Feature",
      "geometry": {
        "type": "Point",
        "coordinates": [
          137.3901901,
          36.662156
        ]
      },
      "properties": {
        "id": "l00864",
        "name": "旅館 門前館",
        "name_en": null,
        "kind": "hotel",
        "stars": null,
        "rooms": null,
        "phone": null,
        "website": null,
        "operator": null,
        "address": null,
        "near_town": "n1862512891",
        "near_town_name": "上市町",
        "osm_id": "n7682864626"
      }
    },
    {
      "type": "Feature",
      "geometry": {
        "type": "Point",
        "coordinates": [
          137.2121602,
          36.6996279
        ]
      },
      "properties": {
        "id": "l00865",
        "name": "エクセルホテル東急",
        "name_en": "Excel Hotel Tokyu",
        "kind": "hotel",
        "stars": null,
        "rooms": null,
        "phone": null,
        "website": null,
        "operator": null,
        "address": null,
        "near_town": "n762306892",
        "near_town_name": "富山市",
        "osm_id": "n1400111655",
        "name_ko": "에크스c에르 호텔 토큐"
      }
    },
    {
      "type": "Feature",
      "geometry": {
        "type": "Point",
        "coordinates": [
          137.2136056,
          36.6990295
        ]
      },
      "properties": {
        "id": "l00866",
        "name": "アパヴィラホテル富山駅前",
        "name_en": "APA VILLA HOTEL〈TOYAMA-EKIMAE〉",
        "kind": "hotel",
        "stars": null,
        "rooms": null,
        "phone": "+81 76 431 3111",
        "website": "https://www.apahotel.com/hotel/hokuriku/16v_toyama-ekimae/",
        "operator": null,
        "address": "富山県富山市桜町1丁目5-20",
        "near_town": "n762306892",
        "near_town_name": "富山市",
        "osm_id": "n1400111661",
        "name_ko": "APA 빗라 호테르〈토야마-에키마에〉"
      }
    },
    {
      "type": "Feature",
      "geometry": {
        "type": "Point",
        "coordinates": [
          137.2136989,
          36.6998008
        ]
      },
      "properties": {
        "id": "l00867",
        "name": "東横イン 富山駅新幹線口2",
        "name_en": "Toyoko Inn",
        "kind": "hotel",
        "stars": null,
        "rooms": null,
        "phone": "076-405-1045",
        "website": "https://www.toyoko-inn.com/search/detail/00004/",
        "operator": null,
        "address": "富山県 富山市",
        "near_town": "n762306892",
        "near_town_name": "富山市",
        "osm_id": "n1400111663",
        "name_ko": "도요코 인"
      }
    },
    {
      "type": "Feature",
      "geometry": {
        "type": "Point",
        "coordinates": [
          137.2176762,
          36.6980434
        ]
      },
      "properties": {
        "id": "l00868",
        "name": "高志会館",
        "name_en": null,
        "kind": "hotel",
        "stars": null,
        "rooms": null,
        "phone": null,
        "website": null,
        "operator": null,
        "address": null,
        "near_town": "n762306892",
        "near_town_name": "富山市",
        "osm_id": "n2292391983"
      }
    },
    {
      "type": "Feature",
      "geometry": {
        "type": "Point",
        "coordinates": [
          137.2117825,
          36.6979151
        ]
      },
      "properties": {
        "id": "l00869",
        "name": "hotel prime Toyama",
        "name_en": null,
        "kind": "hotel",
        "stars": null,
        "rooms": null,
        "phone": null,
        "website": null,
        "operator": null,
        "address": null,
        "near_town": "n762306892",
        "near_town_name": "富山市",
        "osm_id": "n4199750289"
      }
    },
    {
      "type": "Feature",
      "geometry": {
        "type": "Point",
        "coordinates": [
          137.2306826,
          36.7069982
        ]
      },
      "properties": {
        "id": "l00870",
        "name": "アパホテル富山",
        "name_en": null,
        "kind": "hotel",
        "stars": null,
        "rooms": null,
        "phone": null,
        "website": null,
        "operator": null,
        "address": "富山県 富山市",
        "near_town": "n762306892",
        "near_town_name": "富山市",
        "osm_id": "n4887633890"
      }
    },
    {
      "type": "Feature",
      "geometry": {
        "type": "Point",
        "coordinates": [
          137.2115149,
          36.699664
        ]
      },
      "properties": {
        "id": "l00871",
        "name": "ウィークリー翔ホテル富山",
        "name_en": null,
        "kind": "hotel",
        "stars": null,
        "rooms": null,
        "phone": null,
        "website": null,
        "operator": null,
        "address": null,
        "near_town": "n762306892",
        "near_town_name": "富山市",
        "osm_id": "n5138815004"
      }
    },
    {
      "type": "Feature",
      "geometry": {
        "type": "Point",
        "coordinates": [
          137.213471,
          36.6983243
        ]
      },
      "properties": {
        "id": "l00872",
        "name": "ホテルリラックスイン富山",
        "name_en": "Hotel Relax Inn Toyama",
        "kind": "hotel",
        "stars": null,
        "rooms": null,
        "phone": null,
        "website": null,
        "operator": null,
        "address": null,
        "near_town": "n762306892",
        "near_town_name": "富山市",
        "osm_id": "n6026304187",
        "name_ko": "호텔 레라크스 인 토야마"
      }
    },
    {
      "type": "Feature",
      "geometry": {
        "type": "Point",
        "coordinates": [
          137.210842,
          36.7010091
        ]
      },
      "properties": {
        "id": "l00873",
        "name": "Comfort Inn",
        "name_en": null,
        "kind": "hotel",
        "stars": null,
        "rooms": null,
        "phone": null,
        "website": null,
        "operator": null,
        "address": null,
        "near_town": "n762306892",
        "near_town_name": "富山市",
        "osm_id": "n11834312098"
      }
    },
    {
      "type": "Feature",
      "geometry": {
        "type": "Point",
        "coordinates": [
          137.2121306,
          36.6894561
        ]
      },
      "properties": {
        "id": "l00874",
        "name": "御宿 野乃富山",
        "name_en": "Onyano Nono Toyama Natural Hot Spring",
        "kind": "hotel",
        "stars": null,
        "rooms": null,
        "phone": "0764215489",
        "website": null,
        "operator": null,
        "address": null,
        "near_town": "n762306892",
        "near_town_name": "富山市",
        "osm_id": "n12981930103",
        "name_ko": "오냐노 노노 토야마 나쓰라르 호t sp린g"
      }
    },
    {
      "type": "Feature",
      "geometry": {
        "type": "Point",
        "coordinates": [
          137.2141421,
          36.7006984
        ]
      },
      "properties": {
        "id": "l00875",
        "name": "富山地鉄ホテル",
        "name_en": "Toyama Chitetsu Hotel",
        "kind": "hotel",
        "stars": null,
        "rooms": null,
        "phone": null,
        "website": "https://chitetsu-hotel.com/",
        "operator": null,
        "address": null,
        "near_town": "n762306892",
        "near_town_name": "富山市",
        "osm_id": "n13758881356",
        "name_ko": "토야마 치테쓰 호텔"
      }
    },
    {
      "type": "Feature",
      "geometry": {
        "type": "Point",
        "coordinates": [
          137.2121039,
          36.6905767
        ]
      },
      "properties": {
        "id": "l00876",
        "name": "ドーミーイン富山",
        "name_en": null,
        "kind": "hotel",
        "stars": null,
        "rooms": null,
        "phone": null,
        "website": null,
        "operator": null,
        "address": null,
        "near_town": "n762306892",
        "near_town_name": "富山市",
        "osm_id": "w198235103"
      }
    },
    {
      "type": "Feature",
      "geometry": {
        "type": "Point",
        "coordinates": [
          137.2100323,
          36.697274
        ]
      },
      "properties": {
        "id": "l00877",
        "name": "ホテル よし原",
        "name_en": null,
        "kind": "hotel",
        "stars": null,
        "rooms": null,
        "phone": null,
        "website": null,
        "operator": null,
        "address": null,
        "near_town": "n762306892",
        "near_town_name": "富山市",
        "osm_id": "w198291851"
      }
    },
    {
      "type": "Feature",
      "geometry": {
        "type": "Point",
        "coordinates": [
          137.2117812,
          36.7002429
        ]
      },
      "properties": {
        "id": "l00878",
        "name": "ホテルα-1",
        "name_en": null,
        "kind": "hotel",
        "stars": null,
        "rooms": null,
        "phone": "076-433-6000",
        "website": "https://www.alpha1toyama.jp/",
        "operator": null,
        "address": null,
        "near_town": "n762306892",
        "near_town_name": "富山市",
        "osm_id": "w198533824"
      }
    },
    {
      "type": "Feature",
      "geometry": {
        "type": "Point",
        "coordinates": [
          137.2165187,
          36.6978433
        ]
      },
      "properties": {
        "id": "l00879",
        "name": "ホテルグランテラス富山 （旧 名鉄トヤマホテル）",
        "name_en": null,
        "kind": "hotel",
        "stars": null,
        "rooms": null,
        "phone": "076-431-2211",
        "website": "https://breezbay-group.com/m-toyama/",
        "operator": null,
        "address": null,
        "near_town": "n762306892",
        "near_town_name": "富山市",
        "osm_id": "w198538821"
      }
    },
    {
      "type": "Feature",
      "geometry": {
        "type": "Point",
        "coordinates": [
          137.2173752,
          36.7002137
        ]
      },
      "properties": {
        "id": "l00880",
        "name": "アパホテル",
        "name_en": "APA Hotel",
        "kind": "hotel",
        "stars": null,
        "rooms": null,
        "phone": "076-444-5111",
        "website": "https://www.apahotel.com/hotel/hokuriku/02_toyama-ekimae/index.html",
        "operator": null,
        "address": null,
        "near_town": "n762306892",
        "near_town_name": "富山市",
        "osm_id": "w198741399",
        "name_ko": "APA 호텔"
      }
    },
    {
      "type": "Feature",
      "geometry": {
        "type": "Point",
        "coordinates": [
          137.2141419,
          36.7039496
        ]
      },
      "properties": {
        "id": "l00881",
        "name": "オークスカナルパークホテル富山",
        "name_en": "Oarks Canal Park Hotel Toyama",
        "kind": "hotel",
        "stars": null,
        "rooms": null,
        "phone": null,
        "website": null,
        "operator": null,
        "address": null,
        "near_town": "n762306892",
        "near_town_name": "富山市",
        "osm_id": "w198741402",
        "name_ko": "오아rks c아나르 파크 호텔 토야마"
      }
    },
    {
      "type": "Feature",
      "geometry": {
        "type": "Point",
        "coordinates": [
          137.2118177,
          36.6989318
        ]
      },
      "properties": {
        "id": "l00882",
        "name": "ホテル ルートイン 富山駅前",
        "name_en": null,
        "kind": "hotel",
        "stars": null,
        "rooms": null,
        "phone": null,
        "website": null,
        "operator": null,
        "address": null,
        "near_town": "n762306892",
        "near_town_name": "富山市",
        "osm_id": "w198878326"
      }
    },
    {
      "type": "Feature",
      "geometry": {
        "type": "Point",
        "coordinates": [
          137.2146073,
          36.6993684
        ]
      },
      "properties": {
        "id": "l00883",
        "name": "ウィステリア ホテル 富山",
        "name_en": null,
        "kind": "hotel",
        "stars": null,
        "rooms": null,
        "phone": null,
        "website": null,
        "operator": null,
        "address": null,
        "near_town": "n762306892",
        "near_town_name": "富山市",
        "osm_id": "w198887124"
      }
    },
    {
      "type": "Feature",
      "geometry": {
        "type": "Point",
        "coordinates": [
          137.2119388,
          36.6915723
        ]
      },
      "properties": {
        "id": "l00884",
        "name": "ANAクラウンプラザ ホテル富山",
        "name_en": "ANA Crowne Plaza",
        "kind": "hotel",
        "stars": null,
        "rooms": null,
        "phone": null,
        "website": null,
        "operator": null,
        "address": null,
        "near_town": "n762306892",
        "near_town_name": "富山市",
        "osm_id": "w199142931",
        "name_ko": "아나 c로w네 플라자"
      }
    },
    {
      "type": "Feature",
      "geometry": {
        "type": "Point",
        "coordinates": [
          137.1643778,
          36.700037
        ]
      },
      "properties": {
        "id": "l00885",
        "name": "呉羽ハイツ",
        "name_en": null,
        "kind": "hotel",
        "stars": null,
        "rooms": null,
        "phone": null,
        "website": null,
        "operator": null,
        "address": null,
        "near_town": "n762306892",
        "near_town_name": "富山市",
        "osm_id": "w205016536"
      }
    },
    {
      "type": "Feature",
      "geometry": {
        "type": "Point",
        "coordinates": [
          137.2100352,
          36.7017134
        ]
      },
      "properties": {
        "id": "l00886",
        "name": "和休",
        "name_en": null,
        "kind": "hotel",
        "stars": null,
        "rooms": null,
        "phone": null,
        "website": null,
        "operator": null,
        "address": null,
        "near_town": "n762306892",
        "near_town_name": "富山市",
        "osm_id": "w219862099"
      }
    },
    {
      "type": "Feature",
      "geometry": {
        "type": "Point",
        "coordinates": [
          137.2162929,
          36.6951518
        ]
      },
      "properties": {
        "id": "l00887",
        "name": "マンテン ホテル",
        "name_en": "Manten Hotel",
        "kind": "hotel",
        "stars": null,
        "rooms": null,
        "phone": null,
        "website": null,
        "operator": null,
        "address": null,
        "near_town": "n762306892",
        "near_town_name": "富山市",
        "osm_id": "w226331660",
        "name_ko": "만텐 호텔"
      }
    },
    {
      "type": "Feature",
      "geometry": {
        "type": "Point",
        "coordinates": [
          137.2274927,
          36.6992214
        ]
      },
      "properties": {
        "id": "l00888",
        "name": "いなり鉱泉",
        "name_en": "Inari Kousen",
        "kind": "hotel",
        "stars": null,
        "rooms": null,
        "phone": null,
        "website": "https://www.inari-kousen.com/",
        "operator": null,
        "address": "Toyama Toyama",
        "near_town": "n762306892",
        "near_town_name": "富山市",
        "osm_id": "w550977874",
        "name_ko": "이나리 코우센"
      }
    },
    {
      "type": "Feature",
      "geometry": {
        "type": "Point",
        "coordinates": [
          137.2118749,
          36.701311
        ]
      },
      "properties": {
        "id": "l00889",
        "name": "ホテルヴィスキオ富山",
        "name_en": "Hotel Vischio Toyama",
        "kind": "hotel",
        "stars": null,
        "rooms": null,
        "phone": "+81 76 464 6639",
        "website": "https://www.hotelvischio-toyama.jp/",
        "operator": "ジェイアール西日本ホテル開発",
        "address": null,
        "near_town": "n762306892",
        "near_town_name": "富山市",
        "osm_id": "w1043461951",
        "name_ko": "호텔 비s치오 토야마"
      }
    },
    {
      "type": "Feature",
      "geometry": {
        "type": "Point",
        "coordinates": [
          137.2123588,
          36.699751
        ]
      },
      "properties": {
        "id": "l00890",
        "name": "(이름 없음)",
        "name_en": null,
        "kind": "hotel",
        "stars": null,
        "rooms": null,
        "phone": null,
        "website": null,
        "operator": null,
        "address": null,
        "near_town": "n762306892",
        "near_town_name": "富山市",
        "osm_id": "w1082621895"
      }
    },
    {
      "type": "Feature",
      "geometry": {
        "type": "Point",
        "coordinates": [
          137.2092545,
          36.7001178
        ]
      },
      "properties": {
        "id": "l00891",
        "name": "東横INN",
        "name_en": "Toyoko Inn",
        "kind": "hotel",
        "stars": null,
        "rooms": null,
        "phone": "+81764331045",
        "website": "https://www.toyoko-inn.com/search/detail/00201/",
        "operator": "東横INN",
        "address": null,
        "near_town": "n762306892",
        "near_town_name": "富山市",
        "osm_id": "w1180991196",
        "name_ko": "도요코 인"
      }
    },
    {
      "type": "Feature",
      "geometry": {
        "type": "Point",
        "coordinates": [
          137.2102742,
          36.7011943
        ]
      },
      "properties": {
        "id": "l00892",
        "name": "JAL City",
        "name_en": null,
        "kind": "hotel",
        "stars": null,
        "rooms": null,
        "phone": null,
        "website": null,
        "operator": null,
        "address": null,
        "near_town": "n762306892",
        "near_town_name": "富山市",
        "osm_id": "w1193386886"
      }
    },
    {
      "type": "Feature",
      "geometry": {
        "type": "Point",
        "coordinates": [
          137.2142184,
          36.6994723
        ]
      },
      "properties": {
        "id": "l00893",
        "name": "ダイワロイネットホテル富山駅前",
        "name_en": "Daiwa Roynet Hotel Toyamaekimae",
        "kind": "hotel",
        "stars": null,
        "rooms": null,
        "phone": null,
        "website": null,
        "operator": null,
        "address": null,
        "near_town": "n762306892",
        "near_town_name": "富山市",
        "osm_id": "w1369530719",
        "name_ko": "다이와 로이넷 호텔 토야마에키마에"
      }
    },
    {
      "type": "Feature",
      "geometry": {
        "type": "Point",
        "coordinates": [
          137.8894918,
          36.3357407
        ]
      },
      "properties": {
        "id": "l00894",
        "name": "穂高タウンホテル",
        "name_en": null,
        "kind": "hotel",
        "stars": null,
        "rooms": null,
        "phone": null,
        "website": null,
        "operator": null,
        "address": null,
        "near_town": "n702987365",
        "near_town_name": "安曇野市",
        "osm_id": "n4875657924"
      }
    },
    {
      "type": "Feature",
      "geometry": {
        "type": "Point",
        "coordinates": [
          137.9270485,
          36.2994736
        ]
      },
      "properties": {
        "id": "l00895",
        "name": "Love Hotel Coco Club Azumino",
        "name_en": "Love Hotel Coco Club Azumino",
        "kind": "hotel",
        "stars": null,
        "rooms": null,
        "phone": null,
        "website": null,
        "operator": null,
        "address": null,
        "near_town": "n702987365",
        "near_town_name": "安曇野市",
        "osm_id": "n10825626105",
        "name_ko": "로베 호텔 c오c오 c루b 아즈미노"
      }
    },
    {
      "type": "Feature",
      "geometry": {
        "type": "Point",
        "coordinates": [
          137.8896453,
          36.3386784
        ]
      },
      "properties": {
        "id": "l00896",
        "name": "Pension & Cafe Laligurans",
        "name_en": null,
        "kind": "hostel",
        "stars": null,
        "rooms": null,
        "phone": null,
        "website": null,
        "operator": null,
        "address": null,
        "near_town": "n702987365",
        "near_town_name": "安曇野市",
        "osm_id": "n11846778913"
      }
    },
    {
      "type": "Feature",
      "geometry": {
        "type": "Point",
        "coordinates": [
          137.9013144,
          36.2987643
        ]
      },
      "properties": {
        "id": "l00897",
        "name": "ルートインコート",
        "name_en": null,
        "kind": "hotel",
        "stars": null,
        "rooms": null,
        "phone": "0263730011",
        "website": null,
        "operator": null,
        "address": null,
        "near_town": "n702987365",
        "near_town_name": "安曇野市",
        "osm_id": "w1453012796"
      }
    },
    {
      "type": "Feature",
      "geometry": {
        "type": "Point",
        "coordinates": [
          137.8455546,
          36.4113102
        ]
      },
      "properties": {
        "id": "l00898",
        "name": "すずむし荘",
        "name_en": null,
        "kind": "hotel",
        "stars": null,
        "rooms": null,
        "phone": null,
        "website": null,
        "operator": null,
        "address": null,
        "near_town": "n702987373",
        "near_town_name": "池田町",
        "osm_id": "n5416852197"
      }
    },
    {
      "type": "Feature",
      "geometry": {
        "type": "Point",
        "coordinates": [
          137.8563988,
          36.4260067
        ]
      },
      "properties": {
        "id": "l00899",
        "name": "福寿屋旅館",
        "name_en": null,
        "kind": "hotel",
        "stars": null,
        "rooms": null,
        "phone": null,
        "website": null,
        "operator": null,
        "address": null,
        "near_town": "n702987373",
        "near_town_name": "池田町",
        "osm_id": "n5448094683"
      }
    },
    {
      "type": "Feature",
      "geometry": {
        "type": "Point",
        "coordinates": [
          137.9655426,
          36.2339842
        ]
      },
      "properties": {
        "id": "l00900",
        "name": "ホテルマツモトよろづや",
        "name_en": null,
        "kind": "hotel",
        "stars": null,
        "rooms": null,
        "phone": "0263-39-8123",
        "website": "http://www.yorozuya.in/",
        "operator": null,
        "address": "長野県 松本市",
        "near_town": "n470328639",
        "near_town_name": "松本市",
        "osm_id": "n2057323298"
      }
    },
    {
      "type": "Feature",
      "geometry": {
        "type": "Point",
        "coordinates": [
          137.9649028,
          36.2347301
        ]
      },
      "properties": {
        "id": "l00901",
        "name": "(이름 없음)",
        "name_en": null,
        "kind": "hotel",
        "stars": null,
        "rooms": null,
        "phone": null,
        "website": null,
        "operator": null,
        "address": null,
        "near_town": "n470328639",
        "near_town_name": "松本市",
        "osm_id": "n2057346195"
      }
    },
    {
      "type": "Feature",
      "geometry": {
        "type": "Point",
        "coordinates": [
          137.9647472,
          36.2351542
        ]
      },
      "properties": {
        "id": "l00902",
        "name": "(이름 없음)",
        "name_en": null,
        "kind": "hotel",
        "stars": null,
        "rooms": null,
        "phone": null,
        "website": null,
        "operator": null,
        "address": null,
        "near_town": "n470328639",
        "near_town_name": "松本市",
        "osm_id": "n2057346203"
      }
    },
    {
      "type": "Feature",
      "geometry": {
        "type": "Point",
        "coordinates": [
          137.9821415,
          36.2509836
        ]
      },
      "properties": {
        "id": "l00903",
        "name": "旅館 静風荘",
        "name_en": "Ryokan Seifuso",
        "kind": "guest_house",
        "stars": null,
        "rooms": null,
        "phone": null,
        "website": null,
        "operator": null,
        "address": null,
        "near_town": "n470328639",
        "near_town_name": "松本市",
        "osm_id": "n2327933668",
        "name_ko": "료칸 세이후소"
      }
    },
    {
      "type": "Feature",
      "geometry": {
        "type": "Point",
        "coordinates": [
          137.9724408,
          36.2360501
        ]
      },
      "properties": {
        "id": "l00904",
        "name": "松本 ホテル 花月",
        "name_en": "Matsumoto Hotel Kagetsu",
        "kind": "hotel",
        "stars": null,
        "rooms": null,
        "phone": "+81-263-32-0114",
        "website": "http://hotel-kagetsu.jp/",
        "operator": null,
        "address": null,
        "near_town": "n470328639",
        "near_town_name": "松本市",
        "osm_id": "n3205809954",
        "name_ko": "마쓰모토 호텔 카게쓰"
      }
    },
    {
      "type": "Feature",
      "geometry": {
        "type": "Point",
        "coordinates": [
          137.972385,
          36.2342717
        ]
      },
      "properties": {
        "id": "l00905",
        "name": "Marumo",
        "name_en": null,
        "kind": "hotel",
        "stars": null,
        "rooms": null,
        "phone": null,
        "website": null,
        "operator": null,
        "address": null,
        "near_town": "n470328639",
        "near_town_name": "松本市",
        "osm_id": "n3696012387"
      }
    },
    {
      "type": "Feature",
      "geometry": {
        "type": "Point",
        "coordinates": [
          137.9663063,
          36.2397621
        ]
      },
      "properties": {
        "id": "l00906",
        "name": "バックパッカーズ松本の宿",
        "name_en": "Backpackers Matsumoto no yado",
        "kind": "hostel",
        "stars": null,
        "rooms": null,
        "phone": null,
        "website": null,
        "operator": null,
        "address": null,
        "near_town": "n470328639",
        "near_town_name": "松本市",
        "osm_id": "n4239006990",
        "name_ko": "백패커스 마쓰모토 의 야도"
      }
    },
    {
      "type": "Feature",
      "geometry": {
        "type": "Point",
        "coordinates": [
          137.9739902,
          36.2325518
        ]
      },
      "properties": {
        "id": "l00907",
        "name": "Engiya",
        "name_en": "Engiya",
        "kind": "guest_house",
        "stars": null,
        "rooms": null,
        "phone": null,
        "website": null,
        "operator": null,
        "address": null,
        "near_town": "n470328639",
        "near_town_name": "松本市",
        "osm_id": "n4448676089",
        "name_ko": "엔기야"
      }
    },
    {
      "type": "Feature",
      "geometry": {
        "type": "Point",
        "coordinates": [
          137.9540278,
          36.216981
        ]
      },
      "properties": {
        "id": "l00908",
        "name": "Alpha foxtrot",
        "name_en": null,
        "kind": "guest_house",
        "stars": null,
        "rooms": null,
        "phone": null,
        "website": null,
        "operator": null,
        "address": null,
        "near_town": "n470328639",
        "near_town_name": "松本市",
        "osm_id": "n4794113221"
      }
    },
    {
      "type": "Feature",
      "geometry": {
        "type": "Point",
        "coordinates": [
          137.9981603,
          36.2472055
        ]
      },
      "properties": {
        "id": "l00909",
        "name": "Tsuki no Shizuka",
        "name_en": null,
        "kind": "hotel",
        "stars": null,
        "rooms": null,
        "phone": "+81263356200",
        "website": null,
        "operator": null,
        "address": null,
        "near_town": "n470328639",
        "near_town_name": "松本市",
        "osm_id": "n5136149435"
      }
    },
    {
      "type": "Feature",
      "geometry": {
        "type": "Point",
        "coordinates": [
          137.9838773,
          36.2428279
        ]
      },
      "properties": {
        "id": "l00910",
        "name": "Gosando Ryokan",
        "name_en": null,
        "kind": "hotel",
        "stars": null,
        "rooms": null,
        "phone": null,
        "website": null,
        "operator": null,
        "address": null,
        "near_town": "n470328639",
        "near_town_name": "松本市",
        "osm_id": "n5212891085"
      }
    },
    {
      "type": "Feature",
      "geometry": {
        "type": "Point",
        "coordinates": [
          138.0008217,
          36.2467353
        ]
      },
      "properties": {
        "id": "l00911",
        "name": "Izumiya Zenbe",
        "name_en": null,
        "kind": "hotel",
        "stars": null,
        "rooms": null,
        "phone": "+81263322043",
        "website": "https://www.izumiyaryokan.com/",
        "operator": null,
        "address": "Nagano Matsumoto",
        "near_town": "n470328639",
        "near_town_name": "松本市",
        "osm_id": "n5215775602"
      }
    },
    {
      "type": "Feature",
      "geometry": {
        "type": "Point",
        "coordinates": [
          137.9727871,
          36.2338076
        ]
      },
      "properties": {
        "id": "l00912",
        "name": "Nunoya Ryokan",
        "name_en": "Nunoya Ryokan",
        "kind": "hostel",
        "stars": null,
        "rooms": null,
        "phone": null,
        "website": "https://www.mcci.or.jp/www/nunoya/en/",
        "operator": null,
        "address": null,
        "near_town": "n470328639",
        "near_town_name": "松本市",
        "osm_id": "n5227212621",
        "name_ko": "누노야 료칸"
      }
    },
    {
      "type": "Feature",
      "geometry": {
        "type": "Point",
        "coordinates": [
          137.9644936,
          36.2590876
        ]
      },
      "properties": {
        "id": "l00913",
        "name": "Yokoya Farm",
        "name_en": "Yokoya Farm",
        "kind": "apartment",
        "stars": null,
        "rooms": null,
        "phone": null,
        "website": null,
        "operator": null,
        "address": null,
        "near_town": "n470328639",
        "near_town_name": "松本市",
        "osm_id": "n5863143385",
        "name_ko": "요코야 팜"
      }
    },
    {
      "type": "Feature",
      "geometry": {
        "type": "Point",
        "coordinates": [
          137.9622365,
          36.2330903
        ]
      },
      "properties": {
        "id": "l00914",
        "name": "Matsumoto Backpackers",
        "name_en": null,
        "kind": "hostel",
        "stars": null,
        "rooms": null,
        "phone": null,
        "website": "https://matsumotobp.com/",
        "operator": null,
        "address": "Nagano",
        "near_town": "n470328639",
        "near_town_name": "松本市",
        "osm_id": "n6115312651"
      }
    },
    {
      "type": "Feature",
      "geometry": {
        "type": "Point",
        "coordinates": [
          137.9679354,
          36.2473701
        ]
      },
      "properties": {
        "id": "l00915",
        "name": "昼間は民家カフェ",
        "name_en": null,
        "kind": "guest_house",
        "stars": null,
        "rooms": null,
        "phone": null,
        "website": null,
        "operator": null,
        "address": null,
        "near_town": "n470328639",
        "near_town_name": "松本市",
        "osm_id": "n6421098786"
      }
    },
    {
      "type": "Feature",
      "geometry": {
        "type": "Point",
        "coordinates": [
          137.9728687,
          36.2343867
        ]
      },
      "properties": {
        "id": "l00916",
        "name": "池田屋",
        "name_en": "Ikedaya",
        "kind": "hotel",
        "stars": null,
        "rooms": null,
        "phone": null,
        "website": null,
        "operator": null,
        "address": null,
        "near_town": "n470328639",
        "near_town_name": "松本市",
        "osm_id": "n7745635286",
        "name_ko": "이케다야"
      }
    },
    {
      "type": "Feature",
      "geometry": {
        "type": "Point",
        "coordinates": [
          137.9673019,
          36.2295521
        ]
      },
      "properties": {
        "id": "l00917",
        "name": "Hotel M",
        "name_en": null,
        "kind": "hotel",
        "stars": null,
        "rooms": null,
        "phone": "+81-263-87-4445",
        "website": "https://www.hotelm-matsumoto.com/",
        "operator": null,
        "address": null,
        "near_town": "n470328639",
        "near_town_name": "松本市",
        "osm_id": "n11219792192"
      }
    },
    {
      "type": "Feature",
      "geometry": {
        "type": "Point",
        "coordinates": [
          137.9676067,
          36.2327239
        ]
      },
      "properties": {
        "id": "l00918",
        "name": "リッチモンドホテル",
        "name_en": "Richmond Hotel",
        "kind": "hotel",
        "stars": null,
        "rooms": null,
        "phone": null,
        "website": null,
        "operator": null,
        "address": null,
        "near_town": "n470328639",
        "near_town_name": "松本市",
        "osm_id": "n11733013529",
        "name_ko": "리치먼드 호텔"
      }
    },
    {
      "type": "Feature",
      "geometry": {
        "type": "Point",
        "coordinates": [
          137.9658539,
          36.2300824
        ]
      },
      "properties": {
        "id": "l00919",
        "name": "Ace Inn",
        "name_en": null,
        "kind": "hotel",
        "stars": null,
        "rooms": null,
        "phone": null,
        "website": null,
        "operator": null,
        "address": null,
        "near_town": "n470328639",
        "near_town_name": "松本市",
        "osm_id": "n11846773768"
      }
    },
    {
      "type": "Feature",
      "geometry": {
        "type": "Point",
        "coordinates": [
          137.9447566,
          36.2328065
        ]
      },
      "properties": {
        "id": "l00920",
        "name": "ホテルルートインコート松本インター",
        "name_en": null,
        "kind": "hotel",
        "stars": null,
        "rooms": null,
        "phone": null,
        "website": null,
        "operator": null,
        "address": null,
        "near_town": "n470328639",
        "near_town_name": "松本市",
        "osm_id": "n11928769839"
      }
    },
    {
      "type": "Feature",
      "geometry": {
        "type": "Point",
        "coordinates": [
          137.9441959,
          36.2328288
        ]
      },
      "properties": {
        "id": "l00921",
        "name": "ホテルルートインコート松本インター別館",
        "name_en": null,
        "kind": "hotel",
        "stars": null,
        "rooms": null,
        "phone": null,
        "website": null,
        "operator": null,
        "address": null,
        "near_town": "n470328639",
        "near_town_name": "松本市",
        "osm_id": "n11928769852"
      }
    },
    {
      "type": "Feature",
      "geometry": {
        "type": "Point",
        "coordinates": [
          137.9729968,
          36.1973071
        ]
      },
      "properties": {
        "id": "l00922",
        "name": "泊まれる秘密基地 L-BASE",
        "name_en": "L-Base Guest House",
        "kind": "apartment",
        "stars": null,
        "rooms": null,
        "phone": null,
        "website": "https://l-base.jp/",
        "operator": null,
        "address": null,
        "near_town": "n470328639",
        "near_town_name": "松本市",
        "osm_id": "n11970986162",
        "name_ko": "르-바세 게스트 하우스"
      }
    },
    {
      "type": "Feature",
      "geometry": {
        "type": "Point",
        "coordinates": [
          137.9915323,
          36.2634467
        ]
      },
      "properties": {
        "id": "l00923",
        "name": "松本十帖 「松本本箱」「小柳」",
        "name_en": "Matsumoto Jūjō",
        "kind": "hotel",
        "stars": null,
        "rooms": null,
        "phone": null,
        "website": "https://matsumotojujo.com/",
        "operator": null,
        "address": null,
        "near_town": "n470328639",
        "near_town_name": "松本市",
        "osm_id": "n12248594575",
        "name_ko": "마쓰모토 jūjō"
      }
    },
    {
      "type": "Feature",
      "geometry": {
        "type": "Point",
        "coordinates": [
          137.9587311,
          36.2319169
        ]
      },
      "properties": {
        "id": "l00924",
        "name": "Matsumoto Wellton Hotel",
        "name_en": null,
        "kind": "hotel",
        "stars": null,
        "rooms": null,
        "phone": "0263273000",
        "website": null,
        "operator": null,
        "address": null,
        "near_town": "n470328639",
        "near_town_name": "松本市",
        "osm_id": "n12301261901"
      }
    },
    {
      "type": "Feature",
      "geometry": {
        "type": "Point",
        "coordinates": [
          137.9687774,
          36.2323149
        ]
      },
      "properties": {
        "id": "l00925",
        "name": "壱山宿場",
        "name_en": "Guest House Ichiyama Shukuba",
        "kind": "hostel",
        "stars": null,
        "rooms": null,
        "phone": null,
        "website": null,
        "operator": null,
        "address": null,
        "near_town": "n470328639",
        "near_town_name": "松本市",
        "osm_id": "n12470293191",
        "name_ko": "게스트 하우스 이치야마 슈쿠바"
      }
    },
    {
      "type": "Feature",
      "geometry": {
        "type": "Point",
        "coordinates": [
          137.9665295,
          36.2262613
        ]
      },
      "properties": {
        "id": "l00926",
        "name": "Popotel 3",
        "name_en": null,
        "kind": "guest_house",
        "stars": null,
        "rooms": null,
        "phone": null,
        "website": null,
        "operator": null,
        "address": null,
        "near_town": "n470328639",
        "near_town_name": "松本市",
        "osm_id": "n13306297977"
      }
    },
    {
      "type": "Feature",
      "geometry": {
        "type": "Point",
        "coordinates": [
          137.9693228,
          36.2358591
        ]
      },
      "properties": {
        "id": "l00927",
        "name": "Matsumoto Marunouchi Hoyel",
        "name_en": "Matsumoto Marunouchi Hoyel",
        "kind": "hotel",
        "stars": null,
        "rooms": null,
        "phone": "0263-35-4500",
        "website": "https://www.matsumoto-marunouchi.com/",
        "operator": null,
        "address": null,
        "near_town": "n470328639",
        "near_town_name": "松本市",
        "osm_id": "n13525940501",
        "name_ko": "마쓰모토 마루노우치 호y에르"
      }
    },
    {
      "type": "Feature",
      "geometry": {
        "type": "Point",
        "coordinates": [
          137.9689235,
          36.2318503
        ]
      },
      "properties": {
        "id": "l00928",
        "name": "東横イン",
        "name_en": "Toyoko Inn",
        "kind": "hotel",
        "stars": null,
        "rooms": null,
        "phone": null,
        "website": null,
        "operator": null,
        "address": null,
        "near_town": "n470328639",
        "near_town_name": "松本市",
        "osm_id": "w304535035",
        "name_ko": "도요코 인"
      }
    },
    {
      "type": "Feature",
      "geometry": {
        "type": "Point",
        "coordinates": [
          137.9687499,
          36.2309107
        ]
      },
      "properties": {
        "id": "l00929",
        "name": "ドーミーイン 松本",
        "name_en": "Dormy Inn Matsumoto",
        "kind": "hotel",
        "stars": null,
        "rooms": null,
        "phone": null,
        "website": null,
        "operator": null,
        "address": null,
        "near_town": "n470328639",
        "near_town_name": "松本市",
        "osm_id": "w304535058",
        "name_ko": "도미 인 마쓰모토"
      }
    },
    {
      "type": "Feature",
      "geometry": {
        "type": "Point",
        "coordinates": [
          137.9648267,
          36.2322693
        ]
      },
      "properties": {
        "id": "l00930",
        "name": "ホテルモルシャン",
        "name_en": "Mor-Schein",
        "kind": "hotel",
        "stars": null,
        "rooms": null,
        "phone": null,
        "website": "http://www.mor-schein.co.jp/",
        "operator": null,
        "address": null,
        "near_town": "n470328639",
        "near_town_name": "松本市",
        "osm_id": "w592145352",
        "name_ko": "모r-sc헤인"
      }
    },
    {
      "type": "Feature",
      "geometry": {
        "type": "Point",
        "coordinates": [
          137.9663645,
          36.2296133
        ]
      },
      "properties": {
        "id": "l00931",
        "name": "アルピコプラザホテル",
        "name_en": "Alpico Plaza Hotel",
        "kind": "hotel",
        "stars": null,
        "rooms": null,
        "phone": null,
        "website": null,
        "operator": null,
        "address": null,
        "near_town": "n470328639",
        "near_town_name": "松本市",
        "osm_id": "w754599786",
        "name_ko": "아르피c오 플라자 호텔"
      }
    },
    {
      "type": "Feature",
      "geometry": {
        "type": "Point",
        "coordinates": [
          137.9680906,
          36.2277131
        ]
      },
      "properties": {
        "id": "l00932",
        "name": "ブエナビスタ",
        "name_en": "Bueno Vista",
        "kind": "hotel",
        "stars": null,
        "rooms": null,
        "phone": null,
        "website": null,
        "operator": null,
        "address": null,
        "near_town": "n470328639",
        "near_town_name": "松本市",
        "osm_id": "w754787850",
        "name_ko": "부에노 비s타"
      }
    },
    {
      "type": "Feature",
      "geometry": {
        "type": "Point",
        "coordinates": [
          137.9648141,
          36.231869
        ]
      },
      "properties": {
        "id": "l00933",
        "name": "ホテル飯田屋",
        "name_en": null,
        "kind": "hotel",
        "stars": null,
        "rooms": null,
        "phone": null,
        "website": null,
        "operator": null,
        "address": null,
        "near_town": "n470328639",
        "near_town_name": "松本市",
        "osm_id": "w773160842"
      }
    },
    {
      "type": "Feature",
      "geometry": {
        "type": "Point",
        "coordinates": [
          137.9656624,
          36.22474
        ]
      },
      "properties": {
        "id": "l00934",
        "name": "旅館 松風",
        "name_en": "Ryokan Matzukaze",
        "kind": "hotel",
        "stars": null,
        "rooms": null,
        "phone": "+81 263 25 7318",
        "website": null,
        "operator": null,
        "address": "松本市深志",
        "near_town": "n470328639",
        "near_town_name": "松本市",
        "osm_id": "w783055291",
        "name_ko": "료칸 마t즈카제"
      }
    },
    {
      "type": "Feature",
      "geometry": {
        "type": "Point",
        "coordinates": [
          137.9657639,
          36.2245391
        ]
      },
      "properties": {
        "id": "l00935",
        "name": "旅館松風 別館",
        "name_en": "Ryokan Matzukaze Annex",
        "kind": "hotel",
        "stars": null,
        "rooms": null,
        "phone": null,
        "website": null,
        "operator": null,
        "address": null,
        "near_town": "n470328639",
        "near_town_name": "松本市",
        "osm_id": "w787818046",
        "name_ko": "료칸 마t즈카제 별관"
      }
    },
    {
      "type": "Feature",
      "geometry": {
        "type": "Point",
        "coordinates": [
          137.9659755,
          36.2294319
        ]
      },
      "properties": {
        "id": "l00936",
        "name": "東横イン Toyoko Inn Matsumoto",
        "name_en": "Toyoko Inn Matsumoto",
        "kind": "hotel",
        "stars": null,
        "rooms": null,
        "phone": null,
        "website": null,
        "operator": null,
        "address": null,
        "near_town": "n470328639",
        "near_town_name": "松本市",
        "osm_id": "w1050570460",
        "name_ko": "도요코 인 마쓰모토"
      }
    },
    {
      "type": "Feature",
      "geometry": {
        "type": "Point",
        "coordinates": [
          137.9642599,
          36.2322273
        ]
      },
      "properties": {
        "id": "l00937",
        "name": "ホテルニューステーション",
        "name_en": null,
        "kind": "hotel",
        "stars": null,
        "rooms": null,
        "phone": "+81 263-35-3850",
        "website": "https://www.hotel-ns.com/",
        "operator": null,
        "address": null,
        "near_town": "n470328639",
        "near_town_name": "松本市",
        "osm_id": "w1082582081"
      }
    },
    {
      "type": "Feature",
      "geometry": {
        "type": "Point",
        "coordinates": [
          137.9640893,
          36.2329412
        ]
      },
      "properties": {
        "id": "l00938",
        "name": "スーパーホテル",
        "name_en": "Super Hotel",
        "kind": "hotel",
        "stars": null,
        "rooms": null,
        "phone": null,
        "website": null,
        "operator": null,
        "address": null,
        "near_town": "n470328639",
        "near_town_name": "松本市",
        "osm_id": "w1082584448",
        "name_ko": "슈퍼 호텔"
      }
    },
    {
      "type": "Feature",
      "geometry": {
        "type": "Point",
        "coordinates": [
          137.9887203,
          36.2617031
        ]
      },
      "properties": {
        "id": "l00939",
        "name": "星野リゾート界松本",
        "name_en": null,
        "kind": "hotel",
        "stars": null,
        "rooms": null,
        "phone": null,
        "website": "https://hoshinoresorts.com/ja/hotels/kaimatsumoto/",
        "operator": null,
        "address": null,
        "near_town": "n470328639",
        "near_town_name": "松本市",
        "osm_id": "w1259593193"
      }
    },
    {
      "type": "Feature",
      "geometry": {
        "type": "Point",
        "coordinates": [
          137.9730299,
          36.1971976
        ]
      },
      "properties": {
        "id": "l00940",
        "name": "(이름 없음)",
        "name_en": null,
        "kind": "chalet",
        "stars": null,
        "rooms": null,
        "phone": null,
        "website": null,
        "operator": null,
        "address": null,
        "near_town": "n470328639",
        "near_town_name": "松本市",
        "osm_id": "w1291178026"
      }
    },
    {
      "type": "Feature",
      "geometry": {
        "type": "Point",
        "coordinates": [
          137.9729703,
          36.1971948
        ]
      },
      "properties": {
        "id": "l00941",
        "name": "(이름 없음)",
        "name_en": null,
        "kind": "chalet",
        "stars": null,
        "rooms": null,
        "phone": null,
        "website": null,
        "operator": null,
        "address": null,
        "near_town": "n470328639",
        "near_town_name": "松本市",
        "osm_id": "w1291178027"
      }
    },
    {
      "type": "Feature",
      "geometry": {
        "type": "Point",
        "coordinates": [
          137.9729097,
          36.1971979
        ]
      },
      "properties": {
        "id": "l00942",
        "name": "(이름 없음)",
        "name_en": null,
        "kind": "chalet",
        "stars": null,
        "rooms": null,
        "phone": null,
        "website": null,
        "operator": null,
        "address": null,
        "near_town": "n470328639",
        "near_town_name": "松本市",
        "osm_id": "w1291178028"
      }
    },
    {
      "type": "Feature",
      "geometry": {
        "type": "Point",
        "coordinates": [
          137.9668984,
          36.2277373
        ]
      },
      "properties": {
        "id": "l00943",
        "name": "Natural Hot Spring Azumi no Yu Onyado Nono Matsumoto",
        "name_en": null,
        "kind": "hotel",
        "stars": null,
        "rooms": null,
        "phone": null,
        "website": "https://dormy-hotels.com/dormyinn/hotels/nono_matsumoto/",
        "operator": null,
        "address": null,
        "near_town": "n470328639",
        "near_town_name": "松本市",
        "osm_id": "w1330424536"
      }
    },
    {
      "type": "Feature",
      "geometry": {
        "type": "Point",
        "coordinates": [
          137.9807589,
          36.2115228
        ]
      },
      "properties": {
        "id": "l00944",
        "name": "民芸旅館　深志荘",
        "name_en": "Folkcraft Ryokan Fukashiso",
        "kind": "hotel",
        "stars": null,
        "rooms": "16",
        "phone": "+81-263-28-6500",
        "website": "https://www.fukashiso.com/",
        "operator": null,
        "address": "長野県 松本市",
        "near_town": "n470328639",
        "near_town_name": "松本市",
        "osm_id": "w1353182613",
        "name_ko": "포르kc라후t 료칸 후카시소"
      }
    },
    {
      "type": "Feature",
      "geometry": {
        "type": "Point",
        "coordinates": [
          137.2405929,
          35.81025
        ]
      },
      "properties": {
        "id": "l00945",
        "name": "下呂彩朝楽別館 (Gero Saichōraku Annex)",
        "name_en": "Gero Saichōraku Annex",
        "kind": "hotel",
        "stars": null,
        "rooms": null,
        "phone": null,
        "website": null,
        "operator": null,
        "address": null,
        "near_town": "n1862764750",
        "near_town_name": "下呂市",
        "osm_id": "n1156316412",
        "name_ko": "게로 사이chō라쿠 별관"
      }
    },
    {
      "type": "Feature",
      "geometry": {
        "type": "Point",
        "coordinates": [
          137.240152,
          35.80693
        ]
      },
      "properties": {
        "id": "l00946",
        "name": "民宿割烹松園",
        "name_en": null,
        "kind": "hotel",
        "stars": null,
        "rooms": null,
        "phone": "+81-576-25-2110",
        "website": null,
        "operator": null,
        "address": "下呂市",
        "near_town": "n1862764750",
        "near_town_name": "下呂市",
        "osm_id": "n3159148662"
      }
    },
    {
      "type": "Feature",
      "geometry": {
        "type": "Point",
        "coordinates": [
          137.2416892,
          35.8120652
        ]
      },
      "properties": {
        "id": "l00947",
        "name": "湯之島館",
        "name_en": null,
        "kind": "hostel",
        "stars": null,
        "rooms": null,
        "phone": null,
        "website": null,
        "operator": null,
        "address": null,
        "near_town": "n1862764750",
        "near_town_name": "下呂市",
        "osm_id": "n4199694891"
      }
    },
    {
      "type": "Feature",
      "geometry": {
        "type": "Point",
        "coordinates": [
          137.2386856,
          35.8079656
        ]
      },
      "properties": {
        "id": "l00948",
        "name": "湯本館",
        "name_en": null,
        "kind": "hotel",
        "stars": null,
        "rooms": null,
        "phone": null,
        "website": null,
        "operator": null,
        "address": null,
        "near_town": "n1862764750",
        "near_town_name": "下呂市",
        "osm_id": "n5038001188"
      }
    },
    {
      "type": "Feature",
      "geometry": {
        "type": "Point",
        "coordinates": [
          137.2413245,
          35.8051407
        ]
      },
      "properties": {
        "id": "l00949",
        "name": "水明館",
        "name_en": null,
        "kind": "hotel",
        "stars": null,
        "rooms": null,
        "phone": null,
        "website": null,
        "operator": null,
        "address": null,
        "near_town": "n1862764750",
        "near_town_name": "下呂市",
        "osm_id": "n5038001190"
      }
    },
    {
      "type": "Feature",
      "geometry": {
        "type": "Point",
        "coordinates": [
          137.2419217,
          35.8086321
        ]
      },
      "properties": {
        "id": "l00950",
        "name": "小川屋",
        "name_en": "Ogawaya Onsen Hotel",
        "kind": "hotel",
        "stars": null,
        "rooms": null,
        "phone": null,
        "website": null,
        "operator": null,
        "address": null,
        "near_town": "n1862764750",
        "near_town_name": "下呂市",
        "osm_id": "n7194617683",
        "name_ko": "오가와야 온천 호텔"
      }
    },
    {
      "type": "Feature",
      "geometry": {
        "type": "Point",
        "coordinates": [
          137.2425114,
          35.8123845
        ]
      },
      "properties": {
        "id": "l00951",
        "name": "新館",
        "name_en": "新館",
        "kind": "hotel",
        "stars": null,
        "rooms": null,
        "phone": null,
        "website": null,
        "operator": null,
        "address": null,
        "near_town": "n1862764750",
        "near_town_name": "下呂市",
        "osm_id": "n10891608205"
      }
    },
    {
      "type": "Feature",
      "geometry": {
        "type": "Point",
        "coordinates": [
          137.2374537,
          35.8061558
        ]
      },
      "properties": {
        "id": "l00952",
        "name": "つるつるの湯 下呂温泉 みのり荘",
        "name_en": null,
        "kind": "hotel",
        "stars": null,
        "rooms": null,
        "phone": "0576-25-3038",
        "website": "http://www.minoriso.co.jp/",
        "operator": null,
        "address": "岐阜県 下呂市",
        "near_town": "n1862764750",
        "near_town_name": "下呂市",
        "osm_id": "w1183677050"
      }
    },
    {
      "type": "Feature",
      "geometry": {
        "type": "Point",
        "coordinates": [
          137.2377541,
          35.8116134
        ]
      },
      "properties": {
        "id": "l00953",
        "name": "下呂温泉 望川館",
        "name_en": "Bosenkan",
        "kind": "hotel",
        "stars": null,
        "rooms": null,
        "phone": "0576-25-2048",
        "website": "https://www.bosenkan.co.jp/",
        "operator": null,
        "address": "岐阜県 下呂市",
        "near_town": "n1862764750",
        "near_town_name": "下呂市",
        "osm_id": "w1183679793",
        "name_ko": "보센칸"
      }
    },
    {
      "type": "Feature",
      "geometry": {
        "type": "Point",
        "coordinates": [
          137.2386858,
          35.8109036
        ]
      },
      "properties": {
        "id": "l00954",
        "name": "下呂温泉山形屋",
        "name_en": "Gero Onsen Yamagataya",
        "kind": "hotel",
        "stars": null,
        "rooms": null,
        "phone": "0576-25-2601",
        "website": "https://www.geroyamagataya.com/",
        "operator": null,
        "address": "岐阜県 下呂市",
        "near_town": "n1862764750",
        "near_town_name": "下呂市",
        "osm_id": "w1183681437",
        "name_ko": "게로 온천 야마가타야"
      }
    },
    {
      "type": "Feature",
      "geometry": {
        "type": "Point",
        "coordinates": [
          137.2381754,
          35.8111406
        ]
      },
      "properties": {
        "id": "l00955",
        "name": "旅館瓢きん",
        "name_en": null,
        "kind": "hotel",
        "stars": null,
        "rooms": null,
        "phone": "0576-25-2043",
        "website": null,
        "operator": null,
        "address": "岐阜県 下呂市",
        "near_town": "n1862764750",
        "near_town_name": "下呂市",
        "osm_id": "w1183684187"
      }
    },
    {
      "type": "Feature",
      "geometry": {
        "type": "Point",
        "coordinates": [
          137.2384997,
          35.8113915
        ]
      },
      "properties": {
        "id": "l00956",
        "name": "いずみ荘",
        "name_en": null,
        "kind": "hotel",
        "stars": null,
        "rooms": null,
        "phone": null,
        "website": null,
        "operator": null,
        "address": null,
        "near_town": "n1862764750",
        "near_town_name": "下呂市",
        "osm_id": "w1183691039"
      }
    },
    {
      "type": "Feature",
      "geometry": {
        "type": "Point",
        "coordinates": [
          137.2398226,
          35.8104267
        ]
      },
      "properties": {
        "id": "l00957",
        "name": "下呂温泉　冨岳",
        "name_en": null,
        "kind": "hotel",
        "stars": null,
        "rooms": null,
        "phone": "0576-25-3428",
        "website": "https://gero-fugaku.com/",
        "operator": null,
        "address": "岐阜県 下呂市",
        "near_town": "n1862764750",
        "near_town_name": "下呂市",
        "osm_id": "w1184822841"
      }
    },
    {
      "type": "Feature",
      "geometry": {
        "type": "Point",
        "coordinates": [
          137.6864061,
          35.8064017
        ]
      },
      "properties": {
        "id": "l00958",
        "name": "桟温泉旅館",
        "name_en": null,
        "kind": "hotel",
        "stars": null,
        "rooms": null,
        "phone": null,
        "website": null,
        "operator": null,
        "address": null,
        "near_town": "n702987309",
        "near_town_name": "木曽町",
        "osm_id": "n1674228880"
      }
    },
    {
      "type": "Feature",
      "geometry": {
        "type": "Point",
        "coordinates": [
          137.6979738,
          35.8503931
        ]
      },
      "properties": {
        "id": "l00959",
        "name": "おん宿蔦屋",
        "name_en": "Onyado Tsutaya",
        "kind": "hotel",
        "stars": null,
        "rooms": null,
        "phone": null,
        "website": null,
        "operator": null,
        "address": null,
        "near_town": "n702987309",
        "near_town_name": "木曽町",
        "osm_id": "n3640112342",
        "name_ko": "오냐도 쓰타야"
      }
    },
    {
      "type": "Feature",
      "geometry": {
        "type": "Point",
        "coordinates": [
          137.6973661,
          35.8504758
        ]
      },
      "properties": {
        "id": "l00960",
        "name": "木曽路の宿いわや",
        "name_en": null,
        "kind": "hotel",
        "stars": null,
        "rooms": null,
        "phone": null,
        "website": null,
        "operator": null,
        "address": null,
        "near_town": "n702987309",
        "near_town_name": "木曽町",
        "osm_id": "n3640400763"
      }
    },
    {
      "type": "Feature",
      "geometry": {
        "type": "Point",
        "coordinates": [
          137.676162,
          35.8823332
        ]
      },
      "properties": {
        "id": "l00961",
        "name": "黒川荘",
        "name_en": null,
        "kind": "hotel",
        "stars": null,
        "rooms": null,
        "phone": null,
        "website": null,
        "operator": null,
        "address": null,
        "near_town": "n702987309",
        "near_town_name": "木曽町",
        "osm_id": "n3640489510"
      }
    },
    {
      "type": "Feature",
      "geometry": {
        "type": "Point",
        "coordinates": [
          137.6955003,
          35.8493881
        ]
      },
      "properties": {
        "id": "l00962",
        "name": "森富旅館",
        "name_en": null,
        "kind": "hotel",
        "stars": null,
        "rooms": null,
        "phone": null,
        "website": null,
        "operator": null,
        "address": null,
        "near_town": "n702987309",
        "near_town_name": "木曽町",
        "osm_id": "n5310857357"
      }
    },
    {
      "type": "Feature",
      "geometry": {
        "type": "Point",
        "coordinates": [
          137.7361536,
          35.8502808
        ]
      },
      "properties": {
        "id": "l00963",
        "name": "木曽駒高原ホテル",
        "name_en": "Kisokomakogen Hotel",
        "kind": "hotel",
        "stars": null,
        "rooms": null,
        "phone": "+81 264 23 7221",
        "website": null,
        "operator": null,
        "address": null,
        "near_town": "n702987309",
        "near_town_name": "木曽町",
        "osm_id": "n6030395162",
        "name_ko": "키소코마코겐 호텔"
      }
    },
    {
      "type": "Feature",
      "geometry": {
        "type": "Point",
        "coordinates": [
          137.7350544,
          35.8429096
        ]
      },
      "properties": {
        "id": "l00964",
        "name": "Morino Hotel Kiso",
        "name_en": "Morino Hotel Kiso",
        "kind": "hotel",
        "stars": null,
        "rooms": null,
        "phone": null,
        "website": null,
        "operator": null,
        "address": null,
        "near_town": "n702987309",
        "near_town_name": "木曽町",
        "osm_id": "n13108168201",
        "name_ko": "모리노 호텔 키소"
      }
    },
    {
      "type": "Feature",
      "geometry": {
        "type": "Point",
        "coordinates": [
          137.7424353,
          35.8379452
        ]
      },
      "properties": {
        "id": "l00965",
        "name": "駒の湯",
        "name_en": null,
        "kind": "hotel",
        "stars": null,
        "rooms": null,
        "phone": null,
        "website": null,
        "operator": null,
        "address": null,
        "near_town": "n702987309",
        "near_town_name": "木曽町",
        "osm_id": "w447239452"
      }
    },
    {
      "type": "Feature",
      "geometry": {
        "type": "Point",
        "coordinates": [
          137.6994073,
          35.8510716
        ]
      },
      "properties": {
        "id": "l00966",
        "name": "木曽 三河家",
        "name_en": "Kiso Mikawaya",
        "kind": "guest_house",
        "stars": null,
        "rooms": null,
        "phone": "+81-264-24-3332",
        "website": "https://kiso-mikawaya.com/",
        "operator": null,
        "address": null,
        "near_town": "n702987309",
        "near_town_name": "木曽町",
        "osm_id": "w549804129",
        "name_ko": "키소 미카와야"
      }
    },
    {
      "type": "Feature",
      "geometry": {
        "type": "Point",
        "coordinates": [
          137.9510599,
          36.1114874
        ]
      },
      "properties": {
        "id": "l00967",
        "name": "旅館藤金",
        "name_en": null,
        "kind": "hotel",
        "stars": null,
        "rooms": null,
        "phone": null,
        "website": null,
        "operator": null,
        "address": null,
        "near_town": "n702987349",
        "near_town_name": "塩尻市",
        "osm_id": "n6011956307"
      }
    },
    {
      "type": "Feature",
      "geometry": {
        "type": "Point",
        "coordinates": [
          137.9580923,
          36.1203435
        ]
      },
      "properties": {
        "id": "l00968",
        "name": "おばあちゃん家",
        "name_en": null,
        "kind": "guest_house",
        "stars": null,
        "rooms": null,
        "phone": null,
        "website": null,
        "operator": null,
        "address": null,
        "near_town": "n702987349",
        "near_town_name": "塩尻市",
        "osm_id": "n7311125386"
      }
    },
    {
      "type": "Feature",
      "geometry": {
        "type": "Point",
        "coordinates": [
          137.9510622,
          36.1590755
        ]
      },
      "properties": {
        "id": "l00969",
        "name": "ルートイン塩尻北インター",
        "name_en": "Hotel Route Inn",
        "kind": "hotel",
        "stars": null,
        "rooms": null,
        "phone": null,
        "website": null,
        "operator": null,
        "address": null,
        "near_town": "n702987349",
        "near_town_name": "塩尻市",
        "osm_id": "n13124099846",
        "name_ko": "호텔 루트 인"
      }
    },
    {
      "type": "Feature",
      "geometry": {
        "type": "Point",
        "coordinates": [
          137.9561269,
          36.1691693
        ]
      },
      "properties": {
        "id": "l00970",
        "name": "ABホテル",
        "name_en": null,
        "kind": "hotel",
        "stars": null,
        "rooms": null,
        "phone": null,
        "website": null,
        "operator": null,
        "address": null,
        "near_town": "n702987349",
        "near_town_name": "塩尻市",
        "osm_id": "n13124335437"
      }
    },
    {
      "type": "Feature",
      "geometry": {
        "type": "Point",
        "coordinates": [
          137.9506898,
          36.1135031
        ]
      },
      "properties": {
        "id": "l00971",
        "name": "中村屋",
        "name_en": "Hotel Nakamuraya",
        "kind": "hotel",
        "stars": null,
        "rooms": null,
        "phone": null,
        "website": null,
        "operator": null,
        "address": null,
        "near_town": "n702987349",
        "near_town_name": "塩尻市",
        "osm_id": "w637362337",
        "name_ko": "호텔 나카무라야"
      }
    },
    {
      "type": "Feature",
      "geometry": {
        "type": "Point",
        "coordinates": [
          137.9507346,
          36.1115931
        ]
      },
      "properties": {
        "id": "l00972",
        "name": "あさひ館",
        "name_en": null,
        "kind": "hotel",
        "stars": null,
        "rooms": null,
        "phone": null,
        "website": null,
        "operator": null,
        "address": null,
        "near_town": "n702987349",
        "near_town_name": "塩尻市",
        "osm_id": "w637363511"
      }
    },
    {
      "type": "Feature",
      "geometry": {
        "type": "Point",
        "coordinates": [
          137.9492421,
          36.1143603
        ]
      },
      "properties": {
        "id": "l00973",
        "name": "BizHotel塩尻駅前",
        "name_en": null,
        "kind": "hotel",
        "stars": null,
        "rooms": null,
        "phone": null,
        "website": null,
        "operator": null,
        "address": null,
        "near_town": "n702987349",
        "near_town_name": "塩尻市",
        "osm_id": "w637364009"
      }
    },
    {
      "type": "Feature",
      "geometry": {
        "type": "Point",
        "coordinates": [
          137.953931,
          36.1676215
        ]
      },
      "properties": {
        "id": "l00974",
        "name": "コンフォートイン塩尻北インター",
        "name_en": "Comfort Inn Shiojiri Kita Inter",
        "kind": "hotel",
        "stars": null,
        "rooms": null,
        "phone": null,
        "website": null,
        "operator": null,
        "address": null,
        "near_town": "n702987349",
        "near_town_name": "塩尻市",
        "osm_id": "w1411598772",
        "name_ko": "컴포트 인 시오지리 키타 인테r"
      }
    },
    {
      "type": "Feature",
      "geometry": {
        "type": "Point",
        "coordinates": [
          138.0899088,
          36.0763525
        ]
      },
      "properties": {
        "id": "l00975",
        "name": "中川旅館",
        "name_en": null,
        "kind": "hotel",
        "stars": null,
        "rooms": null,
        "phone": null,
        "website": null,
        "operator": null,
        "address": null,
        "near_town": "n702987348",
        "near_town_name": "岡谷市",
        "osm_id": "n6618135232"
      }
    },
    {
      "type": "Feature",
      "geometry": {
        "type": "Point",
        "coordinates": [
          138.0483175,
          36.06488
        ]
      },
      "properties": {
        "id": "l00976",
        "name": "Hhotel Okuni",
        "name_en": null,
        "kind": "hotel",
        "stars": null,
        "rooms": null,
        "phone": "0266-23-1111",
        "website": "https://royalinn-hotels.jp/",
        "operator": null,
        "address": null,
        "near_town": "n702987348",
        "near_town_name": "岡谷市",
        "osm_id": "n12801309677"
      }
    },
    {
      "type": "Feature",
      "geometry": {
        "type": "Point",
        "coordinates": [
          138.0859842,
          36.076793
        ]
      },
      "properties": {
        "id": "l00977",
        "name": "旅館おくむら",
        "name_en": null,
        "kind": "hotel",
        "stars": null,
        "rooms": null,
        "phone": null,
        "website": null,
        "operator": null,
        "address": "下諏訪町 国道１４２号 長野県諏訪郡下諏訪町塚田町3149-5",
        "near_town": "n702987348",
        "near_town_name": "岡谷市",
        "osm_id": "w240972762"
      }
    },
    {
      "type": "Feature",
      "geometry": {
        "type": "Point",
        "coordinates": [
          138.0846758,
          36.0728868
        ]
      },
      "properties": {
        "id": "l00978",
        "name": "グリーンサンホテル",
        "name_en": null,
        "kind": "hotel",
        "stars": null,
        "rooms": null,
        "phone": null,
        "website": null,
        "operator": null,
        "address": null,
        "near_town": "n702987348",
        "near_town_name": "岡谷市",
        "osm_id": "w242678275"
      }
    },
    {
      "type": "Feature",
      "geometry": {
        "type": "Point",
        "coordinates": [
          138.1107696,
          36.0462928
        ]
      },
      "properties": {
        "id": "l00979",
        "name": "KKR諏訪湖荘",
        "name_en": null,
        "kind": "hotel",
        "stars": null,
        "rooms": null,
        "phone": null,
        "website": null,
        "operator": null,
        "address": null,
        "near_town": "n702987350",
        "near_town_name": "諏訪市",
        "osm_id": "n3624167823"
      }
    },
    {
      "type": "Feature",
      "geometry": {
        "type": "Point",
        "coordinates": [
          138.1153105,
          36.0465425
        ]
      },
      "properties": {
        "id": "l00980",
        "name": "ビジネスホテル　シェモア",
        "name_en": null,
        "kind": "hotel",
        "stars": null,
        "rooms": null,
        "phone": null,
        "website": null,
        "operator": null,
        "address": null,
        "near_town": "n702987350",
        "near_town_name": "諏訪市",
        "osm_id": "n4385351236"
      }
    },
    {
      "type": "Feature",
      "geometry": {
        "type": "Point",
        "coordinates": [
          138.1123911,
          36.0566543
        ]
      },
      "properties": {
        "id": "l00981",
        "name": "湖泉荘",
        "name_en": null,
        "kind": "hotel",
        "stars": null,
        "rooms": null,
        "phone": null,
        "website": null,
        "operator": null,
        "address": null,
        "near_town": "n702987350",
        "near_town_name": "諏訪市",
        "osm_id": "n4395631817"
      }
    },
    {
      "type": "Feature",
      "geometry": {
        "type": "Point",
        "coordinates": [
          138.1127155,
          36.0473215
        ]
      },
      "properties": {
        "id": "l00982",
        "name": "諏訪湖ホテル",
        "name_en": null,
        "kind": "hotel",
        "stars": null,
        "rooms": null,
        "phone": null,
        "website": null,
        "operator": null,
        "address": null,
        "near_town": "n702987350",
        "near_town_name": "諏訪市",
        "osm_id": "n4395641747"
      }
    },
    {
      "type": "Feature",
      "geometry": {
        "type": "Point",
        "coordinates": [
          138.1145484,
          36.0490389
        ]
      },
      "properties": {
        "id": "l00983",
        "name": "上諏訪温泉 浜の湯",
        "name_en": null,
        "kind": "hotel",
        "stars": null,
        "rooms": null,
        "phone": null,
        "website": null,
        "operator": null,
        "address": null,
        "near_town": "n702987350",
        "near_town_name": "諏訪市",
        "osm_id": "n4395643511"
      }
    },
    {
      "type": "Feature",
      "geometry": {
        "type": "Point",
        "coordinates": [
          138.1336204,
          36.006369
        ]
      },
      "properties": {
        "id": "l00984",
        "name": "ホテル A to Z",
        "name_en": "Hotel AtoZ",
        "kind": "motel",
        "stars": null,
        "rooms": null,
        "phone": null,
        "website": null,
        "operator": null,
        "address": null,
        "near_town": "n702987350",
        "near_town_name": "諏訪市",
        "osm_id": "n6421065985",
        "name_ko": "호텔 아토z"
      }
    },
    {
      "type": "Feature",
      "geometry": {
        "type": "Point",
        "coordinates": [
          138.1259002,
          36.0143843
        ]
      },
      "properties": {
        "id": "l00985",
        "name": "Route Inn Dai-Ni Suwa Inter",
        "name_en": "Route Inn Dai-Ni Suwa Inter",
        "kind": "hotel",
        "stars": null,
        "rooms": null,
        "phone": null,
        "website": null,
        "operator": null,
        "address": null,
        "near_town": "n702987350",
        "near_town_name": "諏訪市",
        "osm_id": "n11043566606",
        "name_ko": "루트 인 다이-니 스와 인테r"
      }
    },
    {
      "type": "Feature",
      "geometry": {
        "type": "Point",
        "coordinates": [
          138.1266976,
          36.0146475
        ]
      },
      "properties": {
        "id": "l00986",
        "name": "Route Inn Suwa Inter",
        "name_en": "Route Inn Suwa Inter",
        "kind": "hotel",
        "stars": null,
        "rooms": null,
        "phone": null,
        "website": null,
        "operator": null,
        "address": null,
        "near_town": "n702987350",
        "near_town_name": "諏訪市",
        "osm_id": "n11045538005",
        "name_ko": "루트 인 스와 인테r"
      }
    },
    {
      "type": "Feature",
      "geometry": {
        "type": "Point",
        "coordinates": [
          138.1133225,
          36.051488
        ]
      },
      "properties": {
        "id": "l00987",
        "name": "ホテル紅や",
        "name_en": "Hotel Beniya",
        "kind": "hotel",
        "stars": null,
        "rooms": "132",
        "phone": "+81 266 57 1111",
        "website": null,
        "operator": null,
        "address": null,
        "near_town": "n702987350",
        "near_town_name": "諏訪市",
        "osm_id": "w249345107",
        "name_ko": "호텔 베니야"
      }
    },
    {
      "type": "Feature",
      "geometry": {
        "type": "Point",
        "coordinates": [
          138.1130239,
          36.0520643
        ]
      },
      "properties": {
        "id": "l00988",
        "name": "上諏訪温泉 しんゆ",
        "name_en": null,
        "kind": "hotel",
        "stars": null,
        "rooms": null,
        "phone": "+81 266-54-2020",
        "website": "https://www.kamisuwa-shinyu.com/",
        "operator": null,
        "address": "長野県 諏訪市",
        "near_town": "n702987350",
        "near_town_name": "諏訪市",
        "osm_id": "w249345135"
      }
    },
    {
      "type": "Feature",
      "geometry": {
        "type": "Point",
        "coordinates": [
          138.1151494,
          36.0472561
        ]
      },
      "properties": {
        "id": "l00989",
        "name": "上諏訪ステーションホテル",
        "name_en": null,
        "kind": "hotel",
        "stars": null,
        "rooms": null,
        "phone": null,
        "website": null,
        "operator": null,
        "address": null,
        "near_town": "n702987350",
        "near_town_name": "諏訪市",
        "osm_id": "w374801107"
      }
    },
    {
      "type": "Feature",
      "geometry": {
        "type": "Point",
        "coordinates": [
          138.1146467,
          36.0494848
        ]
      },
      "properties": {
        "id": "l00990",
        "name": "ルーピアイン南湖",
        "name_en": null,
        "kind": "hotel",
        "stars": null,
        "rooms": null,
        "phone": "+81-266-52-0401",
        "website": "https://www.lupia-inn.com/",
        "operator": null,
        "address": "長野県 諏訪市",
        "near_town": "n702987350",
        "near_town_name": "諏訪市",
        "osm_id": "w375186917"
      }
    },
    {
      "type": "Feature",
      "geometry": {
        "type": "Point",
        "coordinates": [
          138.1131385,
          36.0495942
        ]
      },
      "properties": {
        "id": "l00991",
        "name": "朱白",
        "name_en": "Suhaku",
        "kind": "hotel",
        "stars": null,
        "rooms": "42",
        "phone": "+81 266 52 2660",
        "website": null,
        "operator": null,
        "address": null,
        "near_town": "n702987350",
        "near_town_name": "諏訪市",
        "osm_id": "w375186919",
        "name_ko": "스하쿠"
      }
    },
    {
      "type": "Feature",
      "geometry": {
        "type": "Point",
        "coordinates": [
          138.1128826,
          36.0523276
        ]
      },
      "properties": {
        "id": "l00992",
        "name": "萃　諏訪湖",
        "name_en": "Sui Suwako",
        "kind": "hotel",
        "stars": null,
        "rooms": "8",
        "phone": null,
        "website": null,
        "operator": null,
        "address": null,
        "near_town": "n702987350",
        "near_town_name": "諏訪市",
        "osm_id": "w375207788",
        "name_ko": "스이 스와코"
      }
    },
    {
      "type": "Feature",
      "geometry": {
        "type": "Point",
        "coordinates": [
          138.1120708,
          36.0456738
        ]
      },
      "properties": {
        "id": "l00993",
        "name": "民宿すわ湖",
        "name_en": null,
        "kind": "guest_house",
        "stars": null,
        "rooms": "16",
        "phone": "+81 266 58 4821",
        "website": null,
        "operator": null,
        "address": null,
        "near_town": "n702987350",
        "near_town_name": "諏訪市",
        "osm_id": "w375678974"
      }
    },
    {
      "type": "Feature",
      "geometry": {
        "type": "Point",
        "coordinates": [
          138.1056907,
          36.0423406
        ]
      },
      "properties": {
        "id": "l00994",
        "name": "RAKO 華乃井ホテル",
        "name_en": null,
        "kind": "hotel",
        "stars": "3",
        "rooms": null,
        "phone": null,
        "website": "https://www.hananoi.co.jp/",
        "operator": null,
        "address": "長野県 諏訪市",
        "near_town": "n702987350",
        "near_town_name": "諏訪市",
        "osm_id": "w375711753"
      }
    },
    {
      "type": "Feature",
      "geometry": {
        "type": "Point",
        "coordinates": [
          138.1265288,
          36.0132157
        ]
      },
      "properties": {
        "id": "l00995",
        "name": "チサン イン 諏訪インター",
        "name_en": null,
        "kind": "hotel",
        "stars": null,
        "rooms": "92",
        "phone": "0266-52-2811",
        "website": "https://www.solarehotels.com/hotel/nagano/chisuninn-suwa-ic/basic-info.html",
        "operator": null,
        "address": "長野県 諏訪市",
        "near_town": "n702987350",
        "near_town_name": "諏訪市",
        "osm_id": "w775962484"
      }
    },
    {
      "type": "Feature",
      "geometry": {
        "type": "Point",
        "coordinates": [
          138.1577259,
          35.9982987
        ]
      },
      "properties": {
        "id": "l00996",
        "name": "ちのスカイビューホテル",
        "name_en": null,
        "kind": "hotel",
        "stars": null,
        "rooms": null,
        "phone": "0266-71-1010",
        "website": "https://www.chino-skyview-hotel.jp/",
        "operator": null,
        "address": null,
        "near_town": "n702987356",
        "near_town_name": "茅野市",
        "osm_id": "n1863965006"
      }
    },
    {
      "type": "Feature",
      "geometry": {
        "type": "Point",
        "coordinates": [
          138.1513428,
          35.987412
        ]
      },
      "properties": {
        "id": "l00997",
        "name": "ホテルちの",
        "name_en": "Hotel Chino",
        "kind": "hotel",
        "stars": null,
        "rooms": null,
        "phone": null,
        "website": null,
        "operator": null,
        "address": null,
        "near_town": "n702987356",
        "near_town_name": "茅野市",
        "osm_id": "n2758165984",
        "name_ko": "호텔 치노"
      }
    },
    {
      "type": "Feature",
      "geometry": {
        "type": "Point",
        "coordinates": [
          138.1481418,
          36.0016133
        ]
      },
      "properties": {
        "id": "l00998",
        "name": "ビジネスホテル ノーブル茅野",
        "name_en": null,
        "kind": "hotel",
        "stars": null,
        "rooms": null,
        "phone": null,
        "website": null,
        "operator": null,
        "address": null,
        "near_town": "n702987356",
        "near_town_name": "茅野市",
        "osm_id": "w295467379"
      }
    },
    {
      "type": "Feature",
      "geometry": {
        "type": "Point",
        "coordinates": [
          138.1555341,
          35.993556
        ]
      },
      "properties": {
        "id": "l00999",
        "name": "ちの旅館",
        "name_en": "Chino Ryokan",
        "kind": "hotel",
        "stars": null,
        "rooms": null,
        "phone": null,
        "website": null,
        "operator": null,
        "address": null,
        "near_town": "n702987356",
        "near_town_name": "茅野市",
        "osm_id": "w466076126",
        "name_ko": "치노 료칸"
      }
    },
    {
      "type": "Feature",
      "geometry": {
        "type": "Point",
        "coordinates": [
          138.1901536,
          36.0166903
        ]
      },
      "properties": {
        "id": "l01000",
        "name": "ファミリーロッジ旅籠屋",
        "name_en": null,
        "kind": "motel",
        "stars": null,
        "rooms": null,
        "phone": null,
        "website": null,
        "operator": null,
        "address": null,
        "near_town": "n702987356",
        "near_town_name": "茅野市",
        "osm_id": "w655208710"
      }
    },
    {
      "type": "Feature",
      "geometry": {
        "type": "Point",
        "coordinates": [
          138.415489,
          35.7797008
        ]
      },
      "properties": {
        "id": "l01001",
        "name": "若神桜",
        "name_en": "Wakamiroh",
        "kind": "hotel",
        "stars": null,
        "rooms": null,
        "phone": null,
        "website": null,
        "operator": null,
        "address": null,
        "near_town": "n1788978271",
        "near_town_name": "北杜市",
        "osm_id": "n4148933615",
        "name_ko": "와카미로h"
      }
    },
    {
      "type": "Feature",
      "geometry": {
        "type": "Point",
        "coordinates": [
          138.4346605,
          35.7523961
        ]
      },
      "properties": {
        "id": "l01002",
        "name": "旅籠屋韮崎店",
        "name_en": null,
        "kind": "motel",
        "stars": null,
        "rooms": null,
        "phone": null,
        "website": null,
        "operator": null,
        "address": null,
        "near_town": "n1788978271",
        "near_town_name": "北杜市",
        "osm_id": "n6139118040"
      }
    },
    {
      "type": "Feature",
      "geometry": {
        "type": "Point",
        "coordinates": [
          138.4345752,
          35.7522762
        ]
      },
      "properties": {
        "id": "l01003",
        "name": "ファミリーロッジ旅籠屋韮崎店",
        "name_en": null,
        "kind": "motel",
        "stars": null,
        "rooms": null,
        "phone": null,
        "website": null,
        "operator": null,
        "address": null,
        "near_town": "n1788978271",
        "near_town_name": "北杜市",
        "osm_id": "w429052118"
      }
    },
    {
      "type": "Feature",
      "geometry": {
        "type": "Point",
        "coordinates": [
          139.0850415,
          35.9884374
        ]
      },
      "properties": {
        "id": "l01004",
        "name": "ホテル ルートイン秩父",
        "name_en": "HOTEL ROUTE-INN CHICHIBU",
        "kind": "hotel",
        "stars": null,
        "rooms": null,
        "phone": null,
        "website": "https://www.route-inn.co.jp/search/hotel/index_hotel_id_60",
        "operator": null,
        "address": null,
        "near_town": "n248008276",
        "near_town_name": "秩父市",
        "osm_id": "n4375050156",
        "name_ko": "호텔 루트인 치치부"
      }
    },
    {
      "type": "Feature",
      "geometry": {
        "type": "Point",
        "coordinates": [
          139.0849951,
          35.99865
        ]
      },
      "properties": {
        "id": "l01005",
        "name": "第一ホテル秩父",
        "name_en": null,
        "kind": "hotel",
        "stars": null,
        "rooms": null,
        "phone": null,
        "website": null,
        "operator": null,
        "address": null,
        "near_town": "n248008276",
        "near_town_name": "秩父市",
        "osm_id": "n4375053903"
      }
    },
    {
      "type": "Feature",
      "geometry": {
        "type": "Point",
        "coordinates": [
          139.0544952,
          35.9826856
        ]
      },
      "properties": {
        "id": "l01006",
        "name": "巴川荘",
        "name_en": null,
        "kind": "hotel",
        "stars": null,
        "rooms": null,
        "phone": null,
        "website": null,
        "operator": null,
        "address": null,
        "near_town": "n248008276",
        "near_town_name": "秩父市",
        "osm_id": "n7852823391"
      }
    },
    {
      "type": "Feature",
      "geometry": {
        "type": "Point",
        "coordinates": [
          139.0319692,
          35.9849261
        ]
      },
      "properties": {
        "id": "l01007",
        "name": "パルムリゾート秩父",
        "name_en": null,
        "kind": "hotel",
        "stars": null,
        "rooms": null,
        "phone": null,
        "website": null,
        "operator": null,
        "address": null,
        "near_town": "n248008276",
        "near_town_name": "秩父市",
        "osm_id": "n7852825692"
      }
    },
    {
      "type": "Feature",
      "geometry": {
        "type": "Point",
        "coordinates": [
          139.0512289,
          35.983249
        ]
      },
      "properties": {
        "id": "l01008",
        "name": "展望の宿 きずな",
        "name_en": null,
        "kind": "hotel",
        "stars": null,
        "rooms": null,
        "phone": null,
        "website": null,
        "operator": null,
        "address": null,
        "near_town": "n248008276",
        "near_town_name": "秩父市",
        "osm_id": "n7852969785"
      }
    },
    {
      "type": "Feature",
      "geometry": {
        "type": "Point",
        "coordinates": [
          139.1383284,
          35.9847464
        ]
      },
      "properties": {
        "id": "l01009",
        "name": "いろりの宿 ふる里",
        "name_en": null,
        "kind": "hotel",
        "stars": null,
        "rooms": null,
        "phone": null,
        "website": null,
        "operator": null,
        "address": null,
        "near_town": "n248008276",
        "near_town_name": "秩父市",
        "osm_id": "n7919539585"
      }
    },
    {
      "type": "Feature",
      "geometry": {
        "type": "Point",
        "coordinates": [
          139.0900253,
          35.9977311
        ]
      },
      "properties": {
        "id": "l01010",
        "name": "ホテルルートインGrand秩父",
        "name_en": null,
        "kind": "hotel",
        "stars": null,
        "rooms": null,
        "phone": null,
        "website": null,
        "operator": null,
        "address": null,
        "near_town": "n248008276",
        "near_town_name": "秩父市",
        "osm_id": "n11579422815"
      }
    },
    {
      "type": "Feature",
      "geometry": {
        "type": "Point",
        "coordinates": [
          139.1073343,
          35.9778904
        ]
      },
      "properties": {
        "id": "l01011",
        "name": "舎場〈ヤドリバ〉シンワ",
        "name_en": null,
        "kind": "guest_house",
        "stars": null,
        "rooms": null,
        "phone": "+81 49 424 0898",
        "website": null,
        "operator": "EngaWa",
        "address": null,
        "near_town": "n248008276",
        "near_town_name": "秩父市",
        "osm_id": "n11919136732"
      }
    },
    {
      "type": "Feature",
      "geometry": {
        "type": "Point",
        "coordinates": [
          139.1100522,
          36.0098712
        ]
      },
      "properties": {
        "id": "l01012",
        "name": "新木鉱泉",
        "name_en": null,
        "kind": "hotel",
        "stars": null,
        "rooms": null,
        "phone": null,
        "website": null,
        "operator": null,
        "address": null,
        "near_town": "n248008276",
        "near_town_name": "秩父市",
        "osm_id": "w274761249"
      }
    },
    {
      "type": "Feature",
      "geometry": {
        "type": "Point",
        "coordinates": [
          139.0547861,
          35.963143
        ]
      },
      "properties": {
        "id": "l01013",
        "name": "御宿 竹取物語",
        "name_en": null,
        "kind": "hotel",
        "stars": null,
        "rooms": null,
        "phone": null,
        "website": "https://www.oyadotaketori.com/",
        "operator": null,
        "address": null,
        "near_town": "n248008276",
        "near_town_name": "秩父市",
        "osm_id": "w396345672"
      }
    },
    {
      "type": "Feature",
      "geometry": {
        "type": "Point",
        "coordinates": [
          139.1133954,
          35.9921381
        ]
      },
      "properties": {
        "id": "l01014",
        "name": "丸山鉱泉旅館",
        "name_en": null,
        "kind": "hotel",
        "stars": null,
        "rooms": null,
        "phone": null,
        "website": null,
        "operator": null,
        "address": null,
        "near_town": "n248008276",
        "near_town_name": "秩父市",
        "osm_id": "w632377980"
      }
    },
    {
      "type": "Feature",
      "geometry": {
        "type": "Point",
        "coordinates": [
          139.046559,
          35.9602767
        ]
      },
      "properties": {
        "id": "l01015",
        "name": "ファミリーロッジ旅籠屋秩父店",
        "name_en": null,
        "kind": "motel",
        "stars": null,
        "rooms": null,
        "phone": null,
        "website": null,
        "operator": null,
        "address": null,
        "near_town": "n248008276",
        "near_town_name": "秩父市",
        "osm_id": "w655183436"
      }
    },
    {
      "type": "Feature",
      "geometry": {
        "type": "Point",
        "coordinates": [
          138.9749587,
          36.007798
        ]
      },
      "properties": {
        "id": "l01016",
        "name": "両神荘",
        "name_en": "Ryokamiso",
        "kind": "hotel",
        "stars": null,
        "rooms": "36",
        "phone": null,
        "website": null,
        "operator": "小鹿野町",
        "address": null,
        "near_town": "n863479149",
        "near_town_name": "小鹿野町",
        "osm_id": "n5732034749",
        "name_ko": "료카미소"
      }
    },
    {
      "type": "Feature",
      "geometry": {
        "type": "Point",
        "coordinates": [
          138.9130124,
          36.143541
        ]
      },
      "properties": {
        "id": "l01017",
        "name": "みかぼ高原荘",
        "name_en": null,
        "kind": "guest_house",
        "stars": null,
        "rooms": null,
        "phone": "0274-57-3211",
        "website": null,
        "operator": null,
        "address": null,
        "near_town": "n1068823648",
        "near_town_name": "神流町",
        "osm_id": "n8808621725"
      }
    },
    {
      "type": "Feature",
      "geometry": {
        "type": "Point",
        "coordinates": [
          139.1269806,
          35.8133359
        ]
      },
      "properties": {
        "id": "l01018",
        "name": "奥多摩の風 はとのす荘",
        "name_en": "Hatonosu-so Hotel",
        "kind": "hotel",
        "stars": null,
        "rooms": null,
        "phone": null,
        "website": "http://www.okutamas.co.jp/hatonosu/index.html",
        "operator": null,
        "address": null,
        "near_town": "n1513663380",
        "near_town_name": "奥多摩町",
        "osm_id": "n4916080533",
        "name_ko": "하토노스-소 호텔"
      }
    },
    {
      "type": "Feature",
      "geometry": {
        "type": "Point",
        "coordinates": [
          139.0955012,
          35.8080949
        ]
      },
      "properties": {
        "id": "l01019",
        "name": "民話の宿 旅館荒澤屋",
        "name_en": null,
        "kind": "hotel",
        "stars": null,
        "rooms": null,
        "phone": null,
        "website": "https://arasawaya.co.jp/",
        "operator": null,
        "address": null,
        "near_town": "n1513663380",
        "near_town_name": "奥多摩町",
        "osm_id": "n4916080538"
      }
    },
    {
      "type": "Feature",
      "geometry": {
        "type": "Point",
        "coordinates": [
          139.095135,
          35.8099144
        ]
      },
      "properties": {
        "id": "l01020",
        "name": "奥多摩温泉郷 観光荘",
        "name_en": null,
        "kind": "hotel",
        "stars": null,
        "rooms": null,
        "phone": null,
        "website": "http://www.okutama-kankousou.jp/",
        "operator": null,
        "address": null,
        "near_town": "n1513663380",
        "near_town_name": "奥多摩町",
        "osm_id": "n4916080543"
      }
    },
    {
      "type": "Feature",
      "geometry": {
        "type": "Point",
        "coordinates": [
          139.0983188,
          35.8078697
        ]
      },
      "properties": {
        "id": "l01021",
        "name": "玉翠荘",
        "name_en": null,
        "kind": "hotel",
        "stars": null,
        "rooms": null,
        "phone": null,
        "website": "http://www.gyokusuisou.com/",
        "operator": null,
        "address": null,
        "near_town": "n1513663380",
        "near_town_name": "奥多摩町",
        "osm_id": "n4916080550"
      }
    },
    {
      "type": "Feature",
      "geometry": {
        "type": "Point",
        "coordinates": [
          139.0956882,
          35.8063834
        ]
      },
      "properties": {
        "id": "l01022",
        "name": "氷川郷 麻葉の湯 三河屋",
        "name_en": null,
        "kind": "hotel",
        "stars": null,
        "rooms": null,
        "phone": null,
        "website": "https://mikawaya-ryokan.com/",
        "operator": null,
        "address": null,
        "near_town": "n1513663380",
        "near_town_name": "奥多摩町",
        "osm_id": "n4916080564"
      }
    },
    {
      "type": "Feature",
      "geometry": {
        "type": "Point",
        "coordinates": [
          139.147363,
          35.8150661
        ]
      },
      "properties": {
        "id": "l01023",
        "name": "奥多摩バイブルシャレー",
        "name_en": "Okutama Bible Chalet",
        "kind": "hotel",
        "stars": null,
        "rooms": null,
        "phone": null,
        "website": "http://f.o-bc.net/",
        "operator": null,
        "address": null,
        "near_town": "n1513663380",
        "near_town_name": "奥多摩町",
        "osm_id": "n5063892836",
        "name_ko": "오쿠타마 비b레 챠레t"
      }
    },
    {
      "type": "Feature",
      "geometry": {
        "type": "Point",
        "coordinates": [
          139.1294096,
          35.8143582
        ]
      },
      "properties": {
        "id": "l01024",
        "name": "民宿 雲仙屋",
        "name_en": null,
        "kind": "hotel",
        "stars": null,
        "rooms": null,
        "phone": null,
        "website": null,
        "operator": null,
        "address": null,
        "near_town": "n1513663380",
        "near_town_name": "奥多摩町",
        "osm_id": "n5063893761"
      }
    },
    {
      "type": "Feature",
      "geometry": {
        "type": "Point",
        "coordinates": [
          139.0955494,
          35.8078262
        ]
      },
      "properties": {
        "id": "l01025",
        "name": "奥多摩 民宿 和尚",
        "name_en": null,
        "kind": "guest_house",
        "stars": null,
        "rooms": null,
        "phone": null,
        "website": "http://ramenosho.sakura.ne.jp/",
        "operator": null,
        "address": null,
        "near_town": "n1513663380",
        "near_town_name": "奥多摩町",
        "osm_id": "n5063894418"
      }
    },
    {
      "type": "Feature",
      "geometry": {
        "type": "Point",
        "coordinates": [
          139.0959471,
          35.8073352
        ]
      },
      "properties": {
        "id": "l01026",
        "name": "山荘 鉢の木",
        "name_en": null,
        "kind": "hotel",
        "stars": null,
        "rooms": null,
        "phone": null,
        "website": "https://okutama-hachinoki.jp/",
        "operator": null,
        "address": null,
        "near_town": "n1513663380",
        "near_town_name": "奥多摩町",
        "osm_id": "n5063894623"
      }
    },
    {
      "type": "Feature",
      "geometry": {
        "type": "Point",
        "coordinates": [
          138.7492535,
          35.6779471
        ]
      },
      "properties": {
        "id": "l01027",
        "name": "勝沼ぶどう郷ユースホステル (Katsunuma Budokyo youth hostel)",
        "name_en": null,
        "kind": "hostel",
        "stars": null,
        "rooms": null,
        "phone": "+81 553 20 4733",
        "website": "http://homepage2.nifty.com/t-konishi/",
        "operator": null,
        "address": null,
        "near_town": "n3457555438",
        "near_town_name": "甲州市",
        "osm_id": "n1812358726"
      }
    },
    {
      "type": "Feature",
      "geometry": {
        "type": "Point",
        "coordinates": [
          138.7072296,
          35.7200356
        ]
      },
      "properties": {
        "id": "l01028",
        "name": "Fuefukigawa Onsen Zabou",
        "name_en": null,
        "kind": "hotel",
        "stars": null,
        "rooms": null,
        "phone": null,
        "website": null,
        "operator": null,
        "address": "Enzanmikkaichiba",
        "near_town": "n3457555438",
        "near_town_name": "甲州市",
        "osm_id": "n5604388482"
      }
    },
    {
      "type": "Feature",
      "geometry": {
        "type": "Point",
        "coordinates": [
          138.6621951,
          35.7037396
        ]
      },
      "properties": {
        "id": "l01029",
        "name": "フルーツパーク 富士屋ホテル",
        "name_en": "Fruit Park Fujiya Hotel",
        "kind": "hotel",
        "stars": null,
        "rooms": null,
        "phone": null,
        "website": null,
        "operator": null,
        "address": "山梨市 江曽原",
        "near_town": "n1808377239",
        "near_town_name": "山梨市",
        "osm_id": "n496053722",
        "name_ko": "후루이t 파크 후지야 호텔"
      }
    },
    {
      "type": "Feature",
      "geometry": {
        "type": "Point",
        "coordinates": [
          138.6546253,
          35.659248
        ]
      },
      "properties": {
        "id": "l01030",
        "name": "華やぎの章　甲斐路",
        "name_en": null,
        "kind": "hotel",
        "stars": null,
        "rooms": null,
        "phone": null,
        "website": null,
        "operator": null,
        "address": null,
        "near_town": "n1808377239",
        "near_town_name": "山梨市",
        "osm_id": "n8864585479"
      }
    },
    {
      "type": "Feature",
      "geometry": {
        "type": "Point",
        "coordinates": [
          138.6568561,
          35.6596566
        ]
      },
      "properties": {
        "id": "l01031",
        "name": "石和常盤ホテル",
        "name_en": null,
        "kind": "hotel",
        "stars": null,
        "rooms": null,
        "phone": null,
        "website": null,
        "operator": null,
        "address": null,
        "near_town": "n1808377239",
        "near_town_name": "山梨市",
        "osm_id": "n8864585496"
      }
    },
    {
      "type": "Feature",
      "geometry": {
        "type": "Point",
        "coordinates": [
          138.6565384,
          35.6594322
        ]
      },
      "properties": {
        "id": "l01032",
        "name": "湯めぐり宿　笛吹川",
        "name_en": null,
        "kind": "hotel",
        "stars": null,
        "rooms": null,
        "phone": null,
        "website": null,
        "operator": null,
        "address": null,
        "near_town": "n1808377239",
        "near_town_name": "山梨市",
        "osm_id": "n8864585517"
      }
    },
    {
      "type": "Feature",
      "geometry": {
        "type": "Point",
        "coordinates": [
          138.6510244,
          35.6587785
        ]
      },
      "properties": {
        "id": "l01033",
        "name": "石和びゅーほてる",
        "name_en": null,
        "kind": "hotel",
        "stars": null,
        "rooms": null,
        "phone": null,
        "website": null,
        "operator": null,
        "address": null,
        "near_town": "n1808377239",
        "near_town_name": "山梨市",
        "osm_id": "n8864758192"
      }
    },
    {
      "type": "Feature",
      "geometry": {
        "type": "Point",
        "coordinates": [
          138.6574233,
          35.6591025
        ]
      },
      "properties": {
        "id": "l01034",
        "name": "別邸　花水晶",
        "name_en": null,
        "kind": "hotel",
        "stars": null,
        "rooms": null,
        "phone": null,
        "website": null,
        "operator": null,
        "address": null,
        "near_town": "n1808377239",
        "near_town_name": "山梨市",
        "osm_id": "n8864758200"
      }
    },
    {
      "type": "Feature",
      "geometry": {
        "type": "Point",
        "coordinates": [
          138.6595002,
          35.660135
        ]
      },
      "properties": {
        "id": "l01035",
        "name": "ホテル春日居",
        "name_en": null,
        "kind": "hotel",
        "stars": null,
        "rooms": null,
        "phone": null,
        "website": null,
        "operator": null,
        "address": null,
        "near_town": "n1808377239",
        "near_town_name": "山梨市",
        "osm_id": "n8864768043"
      }
    },
    {
      "type": "Feature",
      "geometry": {
        "type": "Point",
        "coordinates": [
          138.656092,
          35.6573644
        ]
      },
      "properties": {
        "id": "l01036",
        "name": "ホテル　花京",
        "name_en": null,
        "kind": "hotel",
        "stars": null,
        "rooms": null,
        "phone": null,
        "website": null,
        "operator": null,
        "address": null,
        "near_town": "n1808377239",
        "near_town_name": "山梨市",
        "osm_id": "n8864768064"
      }
    },
    {
      "type": "Feature",
      "geometry": {
        "type": "Point",
        "coordinates": [
          138.6536191,
          35.6593866
        ]
      },
      "properties": {
        "id": "l01037",
        "name": "桜の館ホテル",
        "name_en": null,
        "kind": "hotel",
        "stars": null,
        "rooms": null,
        "phone": null,
        "website": null,
        "operator": null,
        "address": null,
        "near_town": "n1808377239",
        "near_town_name": "山梨市",
        "osm_id": "n8864768079"
      }
    },
    {
      "type": "Feature",
      "geometry": {
        "type": "Point",
        "coordinates": [
          138.6536144,
          35.658979
        ]
      },
      "properties": {
        "id": "l01038",
        "name": "ホテル東洋",
        "name_en": null,
        "kind": "hotel",
        "stars": null,
        "rooms": null,
        "phone": null,
        "website": null,
        "operator": null,
        "address": null,
        "near_town": "n1808377239",
        "near_town_name": "山梨市",
        "osm_id": "n8864768096"
      }
    },
    {
      "type": "Feature",
      "geometry": {
        "type": "Point",
        "coordinates": [
          138.5724113,
          35.7072292
        ]
      },
      "properties": {
        "id": "l01039",
        "name": "（Kofu Highland youth hostel)",
        "name_en": null,
        "kind": "hostel",
        "stars": null,
        "rooms": null,
        "phone": "055-251-8020",
        "website": null,
        "operator": null,
        "address": null,
        "near_town": "n1808192270",
        "near_town_name": "甲府市",
        "osm_id": "n1812358784"
      }
    },
    {
      "type": "Feature",
      "geometry": {
        "type": "Point",
        "coordinates": [
          138.545361,
          35.64353
        ]
      },
      "properties": {
        "id": "l01040",
        "name": "ビジネスホテル昭和",
        "name_en": null,
        "kind": "hotel",
        "stars": null,
        "rooms": null,
        "phone": null,
        "website": null,
        "operator": null,
        "address": null,
        "near_town": "n1808192270",
        "near_town_name": "甲府市",
        "osm_id": "n2282395460"
      }
    },
    {
      "type": "Feature",
      "geometry": {
        "type": "Point",
        "coordinates": [
          138.568831,
          35.666024
        ]
      },
      "properties": {
        "id": "l01041",
        "name": "甲府ターミナルホテル",
        "name_en": null,
        "kind": "hotel",
        "stars": null,
        "rooms": null,
        "phone": null,
        "website": null,
        "operator": null,
        "address": null,
        "near_town": "n1808192270",
        "near_town_name": "甲府市",
        "osm_id": "n4755790423"
      }
    },
    {
      "type": "Feature",
      "geometry": {
        "type": "Point",
        "coordinates": [
          138.5459551,
          35.6588899
        ]
      },
      "properties": {
        "id": "l01042",
        "name": "ホテルルートインコート",
        "name_en": null,
        "kind": "hotel",
        "stars": null,
        "rooms": null,
        "phone": null,
        "website": null,
        "operator": null,
        "address": null,
        "near_town": "n1808192270",
        "near_town_name": "甲府市",
        "osm_id": "n5154360284"
      }
    },
    {
      "type": "Feature",
      "geometry": {
        "type": "Point",
        "coordinates": [
          138.5718603,
          35.6221013
        ]
      },
      "properties": {
        "id": "l01043",
        "name": "アパホテル 甲府南",
        "name_en": "APA Hotel",
        "kind": "hotel",
        "stars": null,
        "rooms": null,
        "phone": null,
        "website": null,
        "operator": null,
        "address": null,
        "near_town": "n1808192270",
        "near_town_name": "甲府市",
        "osm_id": "n5187435030",
        "name_ko": "APA 호텔"
      }
    },
    {
      "type": "Feature",
      "geometry": {
        "type": "Point",
        "coordinates": [
          138.5521788,
          35.6372783
        ]
      },
      "properties": {
        "id": "l01044",
        "name": "1-2-3 Kofu Shingen Onsen",
        "name_en": null,
        "kind": "hotel",
        "stars": null,
        "rooms": null,
        "phone": null,
        "website": null,
        "operator": null,
        "address": null,
        "near_town": "n1808192270",
        "near_town_name": "甲府市",
        "osm_id": "n5212843826"
      }
    },
    {
      "type": "Feature",
      "geometry": {
        "type": "Point",
        "coordinates": [
          138.5690421,
          35.661212
        ]
      },
      "properties": {
        "id": "l01045",
        "name": "古名屋ホテル",
        "name_en": "Hotel Konaya",
        "kind": "hotel",
        "stars": null,
        "rooms": null,
        "phone": null,
        "website": null,
        "operator": null,
        "address": null,
        "near_town": "n1808192270",
        "near_town_name": "甲府市",
        "osm_id": "n5230287772",
        "name_ko": "호텔 코나야"
      }
    },
    {
      "type": "Feature",
      "geometry": {
        "type": "Point",
        "coordinates": [
          138.5708283,
          35.6596634
        ]
      },
      "properties": {
        "id": "l01046",
        "name": "ドーミーイン甲府",
        "name_en": "Dormy Inn Kofu",
        "kind": "hotel",
        "stars": null,
        "rooms": null,
        "phone": "+81 55 226 5489",
        "website": "https://www.hotespa.net/hotels/kofu/",
        "operator": null,
        "address": "山梨県 甲府市",
        "near_town": "n1808192270",
        "near_town_name": "甲府市",
        "osm_id": "n6187414856",
        "name_ko": "도미 인 코후"
      }
    },
    {
      "type": "Feature",
      "geometry": {
        "type": "Point",
        "coordinates": [
          138.5201661,
          35.6613402
        ]
      },
      "properties": {
        "id": "l01047",
        "name": "竜王ラドン温泉",
        "name_en": null,
        "kind": "hotel",
        "stars": null,
        "rooms": null,
        "phone": null,
        "website": null,
        "operator": null,
        "address": null,
        "near_town": "n1808192270",
        "near_town_name": "甲府市",
        "osm_id": "n13723517615"
      }
    },
    {
      "type": "Feature",
      "geometry": {
        "type": "Point",
        "coordinates": [
          138.5242771,
          35.6583266
        ]
      },
      "properties": {
        "id": "l01048",
        "name": "天然温泉ホテルリブマックスBUDGET甲府",
        "name_en": null,
        "kind": "hotel",
        "stars": null,
        "rooms": null,
        "phone": null,
        "website": null,
        "operator": null,
        "address": null,
        "near_town": "n1808192270",
        "near_town_name": "甲府市",
        "osm_id": "n13723517616"
      }
    },
    {
      "type": "Feature",
      "geometry": {
        "type": "Point",
        "coordinates": [
          138.5475177,
          35.6806943
        ]
      },
      "properties": {
        "id": "l01049",
        "name": "甲府記念日ホテル",
        "name_en": null,
        "kind": "hotel",
        "stars": null,
        "rooms": null,
        "phone": null,
        "website": null,
        "operator": null,
        "address": null,
        "near_town": "n1808192270",
        "near_town_name": "甲府市",
        "osm_id": "w169821858"
      }
    },
    {
      "type": "Feature",
      "geometry": {
        "type": "Point",
        "coordinates": [
          138.5491983,
          35.6789968
        ]
      },
      "properties": {
        "id": "l01050",
        "name": "常磐ホテル",
        "name_en": null,
        "kind": "hotel",
        "stars": null,
        "rooms": null,
        "phone": null,
        "website": null,
        "operator": null,
        "address": null,
        "near_town": "n1808192270",
        "near_town_name": "甲府市",
        "osm_id": "w226834915"
      }
    },
    {
      "type": "Feature",
      "geometry": {
        "type": "Point",
        "coordinates": [
          138.570376,
          35.6660536
        ]
      },
      "properties": {
        "id": "l01051",
        "name": "城のホテル",
        "name_en": null,
        "kind": "hotel",
        "stars": null,
        "rooms": null,
        "phone": null,
        "website": null,
        "operator": null,
        "address": null,
        "near_town": "n1808192270",
        "near_town_name": "甲府市",
        "osm_id": "w226836294"
      }
    },
    {
      "type": "Feature",
      "geometry": {
        "type": "Point",
        "coordinates": [
          138.5666746,
          35.673729
        ]
      },
      "properties": {
        "id": "l01052",
        "name": "ビジネスホテル日商",
        "name_en": null,
        "kind": "hotel",
        "stars": null,
        "rooms": null,
        "phone": null,
        "website": null,
        "operator": null,
        "address": null,
        "near_town": "n1808192270",
        "near_town_name": "甲府市",
        "osm_id": "w226842075"
      }
    },
    {
      "type": "Feature",
      "geometry": {
        "type": "Point",
        "coordinates": [
          138.568802,
          35.6686174
        ]
      },
      "properties": {
        "id": "l01053",
        "name": "ホテルニューステーション",
        "name_en": null,
        "kind": "hotel",
        "stars": null,
        "rooms": null,
        "phone": null,
        "website": null,
        "operator": null,
        "address": null,
        "near_town": "n1808192270",
        "near_town_name": "甲府市",
        "osm_id": "w226842504"
      }
    },
    {
      "type": "Feature",
      "geometry": {
        "type": "Point",
        "coordinates": [
          138.5679372,
          35.6689849
        ]
      },
      "properties": {
        "id": "l01054",
        "name": "ホテルクラウンヒルズ甲府",
        "name_en": "Hotel Crown Hills Koufu",
        "kind": "hotel",
        "stars": null,
        "rooms": null,
        "phone": null,
        "website": null,
        "operator": null,
        "address": null,
        "near_town": "n1808192270",
        "near_town_name": "甲府市",
        "osm_id": "w226842993",
        "name_ko": "호텔 c로wㄴ 힛르s 코우후"
      }
    },
    {
      "type": "Feature",
      "geometry": {
        "type": "Point",
        "coordinates": [
          138.5591086,
          35.6735149
        ]
      },
      "properties": {
        "id": "l01055",
        "name": "ＫＫＲニュー芙蓉",
        "name_en": null,
        "kind": "hotel",
        "stars": null,
        "rooms": null,
        "phone": null,
        "website": null,
        "operator": null,
        "address": null,
        "near_town": "n1808192270",
        "near_town_name": "甲府市",
        "osm_id": "w226844817"
      }
    },
    {
      "type": "Feature",
      "geometry": {
        "type": "Point",
        "coordinates": [
          138.5716084,
          35.6632191
        ]
      },
      "properties": {
        "id": "l01056",
        "name": "東横INN甲府駅南口1",
        "name_en": null,
        "kind": "hotel",
        "stars": null,
        "rooms": null,
        "phone": null,
        "website": "https://www.toyoko-inn.com/search/detail/00132/",
        "operator": null,
        "address": "山梨県 甲府市",
        "near_town": "n1808192270",
        "near_town_name": "甲府市",
        "osm_id": "w226935003"
      }
    },
    {
      "type": "Feature",
      "geometry": {
        "type": "Point",
        "coordinates": [
          138.5692173,
          35.6621282
        ]
      },
      "properties": {
        "id": "l01057",
        "name": "ホテル談露館",
        "name_en": null,
        "kind": "hotel",
        "stars": null,
        "rooms": null,
        "phone": null,
        "website": null,
        "operator": null,
        "address": null,
        "near_town": "n1808192270",
        "near_town_name": "甲府市",
        "osm_id": "w226935005"
      }
    },
    {
      "type": "Feature",
      "geometry": {
        "type": "Point",
        "coordinates": [
          138.5677437,
          35.6656383
        ]
      },
      "properties": {
        "id": "l01058",
        "name": "東横INN甲府駅南口2",
        "name_en": null,
        "kind": "hotel",
        "stars": null,
        "rooms": null,
        "phone": null,
        "website": null,
        "operator": null,
        "address": null,
        "near_town": "n1808192270",
        "near_town_name": "甲府市",
        "osm_id": "w226938525"
      }
    },
    {
      "type": "Feature",
      "geometry": {
        "type": "Point",
        "coordinates": [
          138.567118,
          35.6613717
        ]
      },
      "properties": {
        "id": "l01059",
        "name": "ドーミーイン甲府丸の内 勝運の湯",
        "name_en": "Dormy Inn Kofu Marunouchi",
        "kind": "hotel",
        "stars": null,
        "rooms": null,
        "phone": "+81-55-2235489",
        "website": "https://www.hotespa.net/hotels/kofumarunouchi/",
        "operator": null,
        "address": "山梨県 甲府市 丸の内３丁目１−３",
        "near_town": "n1808192270",
        "near_town_name": "甲府市",
        "osm_id": "w226995298",
        "name_ko": "도미 인 코후 마루노우치"
      }
    },
    {
      "type": "Feature",
      "geometry": {
        "type": "Point",
        "coordinates": [
          138.5489218,
          35.6811384
        ]
      },
      "properties": {
        "id": "l01060",
        "name": "湯村ホテルB&B",
        "name_en": null,
        "kind": "hotel",
        "stars": null,
        "rooms": null,
        "phone": null,
        "website": null,
        "operator": null,
        "address": null,
        "near_town": "n1808192270",
        "near_town_name": "甲府市",
        "osm_id": "w226996598"
      }
    },
    {
      "type": "Feature",
      "geometry": {
        "type": "Point",
        "coordinates": [
          138.5395221,
          35.6479428
        ]
      },
      "properties": {
        "id": "l01061",
        "name": "ホテルシーラックパル甲府",
        "name_en": null,
        "kind": "hotel",
        "stars": null,
        "rooms": null,
        "phone": null,
        "website": null,
        "operator": null,
        "address": null,
        "near_town": "n1808192270",
        "near_town_name": "甲府市",
        "osm_id": "w241903926"
      }
    },
    {
      "type": "Feature",
      "geometry": {
        "type": "Point",
        "coordinates": [
          138.5456682,
          35.6259676
        ]
      },
      "properties": {
        "id": "l01062",
        "name": "甲府昭和温泉ビジネスホテル",
        "name_en": null,
        "kind": "hotel",
        "stars": null,
        "rooms": null,
        "phone": null,
        "website": null,
        "operator": null,
        "address": null,
        "near_town": "n1808192270",
        "near_town_name": "甲府市",
        "osm_id": "w622711526"
      }
    },
    {
      "type": "Feature",
      "geometry": {
        "type": "Point",
        "coordinates": [
          138.5491636,
          35.681193
        ]
      },
      "properties": {
        "id": "l01063",
        "name": "湯村ホテル別館",
        "name_en": null,
        "kind": "hotel",
        "stars": null,
        "rooms": null,
        "phone": null,
        "website": null,
        "operator": null,
        "address": null,
        "near_town": "n1808192270",
        "near_town_name": "甲府市",
        "osm_id": "w676792542"
      }
    },
    {
      "type": "Feature",
      "geometry": {
        "type": "Point",
        "coordinates": [
          138.5499185,
          35.6778076
        ]
      },
      "properties": {
        "id": "l01064",
        "name": "湯志摩の郷楽水園",
        "name_en": null,
        "kind": "hotel",
        "stars": null,
        "rooms": null,
        "phone": null,
        "website": null,
        "operator": null,
        "address": null,
        "near_town": "n1808192270",
        "near_town_name": "甲府市",
        "osm_id": "w825373842"
      }
    },
    {
      "type": "Feature",
      "geometry": {
        "type": "Point",
        "coordinates": [
          138.9424155,
          35.6126106
        ]
      },
      "properties": {
        "id": "l01065",
        "name": "ビジネスホテル浜野屋",
        "name_en": null,
        "kind": "hotel",
        "stars": null,
        "rooms": null,
        "phone": null,
        "website": null,
        "operator": null,
        "address": null,
        "near_town": "n1599607817",
        "near_town_name": "大月市",
        "osm_id": "n2440969817"
      }
    },
    {
      "type": "Feature",
      "geometry": {
        "type": "Point",
        "coordinates": [
          138.9445965,
          35.6146837
        ]
      },
      "properties": {
        "id": "l01066",
        "name": "東横イン富士山大月駅",
        "name_en": "Toyoko Inn Fujisan Otsuki-eki",
        "kind": "hotel",
        "stars": null,
        "rooms": null,
        "phone": null,
        "website": null,
        "operator": null,
        "address": "山梨県 大月市",
        "near_town": "n1599607817",
        "near_town_name": "大月市",
        "osm_id": "w1342575190",
        "name_ko": "도요코 인 후지산 오쓰키-에키"
      }
    },
    {
      "type": "Feature",
      "geometry": {
        "type": "Point",
        "coordinates": [
          139.2272237,
          35.3701791
        ]
      },
      "properties": {
        "id": "l01067",
        "name": "グランドホテル神奈中・秦野",
        "name_en": null,
        "kind": "hotel",
        "stars": null,
        "rooms": null,
        "phone": null,
        "website": null,
        "operator": null,
        "address": null,
        "near_town": "n7159778006",
        "near_town_name": "秦野市",
        "osm_id": "n5369936583"
      }
    },
    {
      "type": "Feature",
      "geometry": {
        "type": "Point",
        "coordinates": [
          139.3151831,
          35.394163
        ]
      },
      "properties": {
        "id": "l01068",
        "name": "アパホテル",
        "name_en": "APA Hotel",
        "kind": "hotel",
        "stars": null,
        "rooms": null,
        "phone": null,
        "website": null,
        "operator": null,
        "address": null,
        "near_town": "n7159778007",
        "near_town_name": "伊勢原市",
        "osm_id": "n1438368798",
        "name_ko": "APA 호텔"
      }
    },
    {
      "type": "Feature",
      "geometry": {
        "type": "Point",
        "coordinates": [
          139.310191,
          35.397201
        ]
      },
      "properties": {
        "id": "l01069",
        "name": "ホテルセレクトイン伊勢原",
        "name_en": null,
        "kind": "hotel",
        "stars": null,
        "rooms": null,
        "phone": null,
        "website": null,
        "operator": null,
        "address": null,
        "near_town": "n7159778007",
        "near_town_name": "伊勢原市",
        "osm_id": "n2582086969"
      }
    },
    {
      "type": "Feature",
      "geometry": {
        "type": "Point",
        "coordinates": [
          139.2906619,
          35.4024721
        ]
      },
      "properties": {
        "id": "l01070",
        "name": "ラポワール2",
        "name_en": null,
        "kind": "apartment",
        "stars": null,
        "rooms": null,
        "phone": null,
        "website": null,
        "operator": null,
        "address": null,
        "near_town": "n7159778007",
        "near_town_name": "伊勢原市",
        "osm_id": "n5674269423"
      }
    },
    {
      "type": "Feature",
      "geometry": {
        "type": "Point",
        "coordinates": [
          139.2908637,
          35.3966078
        ]
      },
      "properties": {
        "id": "l01071",
        "name": "ホテルルートイン",
        "name_en": null,
        "kind": "hotel",
        "stars": null,
        "rooms": null,
        "phone": null,
        "website": null,
        "operator": null,
        "address": null,
        "near_town": "n7159778007",
        "near_town_name": "伊勢原市",
        "osm_id": "n12726982878"
      }
    },
    {
      "type": "Feature",
      "geometry": {
        "type": "Point",
        "coordinates": [
          139.2762639,
          35.3833136
        ]
      },
      "properties": {
        "id": "l01072",
        "name": "元湯・陣屋",
        "name_en": null,
        "kind": "hotel",
        "stars": null,
        "rooms": null,
        "phone": "0463-77-1300",
        "website": "https://www.jinya-inn.com/databox/data.php/hot_spring_ja/code",
        "operator": null,
        "address": "神奈川県 秦野市",
        "near_town": "n7159778007",
        "near_town_name": "伊勢原市",
        "osm_id": "w160551346"
      }
    },
    {
      "type": "Feature",
      "geometry": {
        "type": "Point",
        "coordinates": [
          139.3652983,
          35.4430539
        ]
      },
      "properties": {
        "id": "l01073",
        "name": "レンブラントホテル",
        "name_en": "Rembrandt Hotel",
        "kind": "hotel",
        "stars": null,
        "rooms": null,
        "phone": null,
        "website": null,
        "operator": null,
        "address": null,
        "near_town": "n2115184100",
        "near_town_name": "厚木市",
        "osm_id": "n1733972677",
        "name_ko": "레mb란dt 호텔"
      }
    },
    {
      "type": "Feature",
      "geometry": {
        "type": "Point",
        "coordinates": [
          139.3565639,
          35.4331384
        ]
      },
      "properties": {
        "id": "l01074",
        "name": "厚木ホテル ソフィア",
        "name_en": null,
        "kind": "hotel",
        "stars": null,
        "rooms": null,
        "phone": null,
        "website": null,
        "operator": null,
        "address": null,
        "near_town": "n2115184100",
        "near_town_name": "厚木市",
        "osm_id": "n1870128118"
      }
    },
    {
      "type": "Feature",
      "geometry": {
        "type": "Point",
        "coordinates": [
          139.395478,
          35.450358
        ]
      },
      "properties": {
        "id": "l01075",
        "name": "レンブラントホテル海老名",
        "name_en": "Rembrandt hotel ebina",
        "kind": "hotel",
        "stars": null,
        "rooms": null,
        "phone": "046-235-4411",
        "website": "https://rembrandt-group.com/ebina",
        "operator": null,
        "address": "神奈川県 海老名市",
        "near_town": "n2115184100",
        "near_town_name": "厚木市",
        "osm_id": "n2130329080",
        "name_ko": "레mb란dt 호텔 에비나"
      }
    },
    {
      "type": "Feature",
      "geometry": {
        "type": "Point",
        "coordinates": [
          139.3609919,
          35.4423144
        ]
      },
      "properties": {
        "id": "l01076",
        "name": "厚木アーバンホテル",
        "name_en": null,
        "kind": "hotel",
        "stars": null,
        "rooms": null,
        "phone": "046-222-3344",
        "website": null,
        "operator": null,
        "address": "厚木市 (Atsugi)",
        "near_town": "n2115184100",
        "near_town_name": "厚木市",
        "osm_id": "n3727826150"
      }
    },
    {
      "type": "Feature",
      "geometry": {
        "type": "Point",
        "coordinates": [
          139.3649138,
          35.4394008
        ]
      },
      "properties": {
        "id": "l01077",
        "name": "小田急ステーションホテル本厚木",
        "name_en": null,
        "kind": "hotel",
        "stars": null,
        "rooms": null,
        "phone": null,
        "website": null,
        "operator": null,
        "address": null,
        "near_town": "n2115184100",
        "near_town_name": "厚木市",
        "osm_id": "n4493765798"
      }
    },
    {
      "type": "Feature",
      "geometry": {
        "type": "Point",
        "coordinates": [
          139.3642992,
          35.4404174
        ]
      },
      "properties": {
        "id": "l01078",
        "name": "本厚木カプセルホテル",
        "name_en": null,
        "kind": "hotel",
        "stars": null,
        "rooms": null,
        "phone": null,
        "website": null,
        "operator": null,
        "address": null,
        "near_town": "n2115184100",
        "near_town_name": "厚木市",
        "osm_id": "n4639365500"
      }
    },
    {
      "type": "Feature",
      "geometry": {
        "type": "Point",
        "coordinates": [
          139.3650781,
          35.4404498
        ]
      },
      "properties": {
        "id": "l01079",
        "name": "厚木シティホテル",
        "name_en": null,
        "kind": "hotel",
        "stars": null,
        "rooms": null,
        "phone": null,
        "website": null,
        "operator": null,
        "address": null,
        "near_town": "n2115184100",
        "near_town_name": "厚木市",
        "osm_id": "n4907328004"
      }
    },
    {
      "type": "Feature",
      "geometry": {
        "type": "Point",
        "coordinates": [
          139.3887175,
          35.4636396
        ]
      },
      "properties": {
        "id": "l01080",
        "name": "Exy",
        "name_en": null,
        "kind": "hotel",
        "stars": null,
        "rooms": null,
        "phone": null,
        "website": null,
        "operator": null,
        "address": null,
        "near_town": "n2115184100",
        "near_town_name": "厚木市",
        "osm_id": "n5100019628"
      }
    },
    {
      "type": "Feature",
      "geometry": {
        "type": "Point",
        "coordinates": [
          139.3623045,
          35.4363331
        ]
      },
      "properties": {
        "id": "l01081",
        "name": "東横INN",
        "name_en": "Toyoko Inn",
        "kind": "hotel",
        "stars": null,
        "rooms": null,
        "phone": null,
        "website": null,
        "operator": null,
        "address": null,
        "near_town": "n2115184100",
        "near_town_name": "厚木市",
        "osm_id": "n5442895318",
        "name_ko": "도요코 인"
      }
    },
    {
      "type": "Feature",
      "geometry": {
        "type": "Point",
        "coordinates": [
          139.3657764,
          35.4397866
        ]
      },
      "properties": {
        "id": "l01082",
        "name": "パークイン厚木",
        "name_en": null,
        "kind": "hotel",
        "stars": null,
        "rooms": null,
        "phone": null,
        "website": null,
        "operator": null,
        "address": null,
        "near_town": "n2115184100",
        "near_town_name": "厚木市",
        "osm_id": "w37111879"
      }
    },
    {
      "type": "Feature",
      "geometry": {
        "type": "Point",
        "coordinates": [
          139.3847173,
          35.4311011
        ]
      },
      "properties": {
        "id": "l01083",
        "name": "エホバの証人の日本支部",
        "name_en": "Japan Branch of Jehovah's Witnesses",
        "kind": "chalet",
        "stars": null,
        "rooms": null,
        "phone": null,
        "website": null,
        "operator": null,
        "address": null,
        "near_town": "n2115184100",
        "near_town_name": "厚木市",
        "osm_id": "w162378402",
        "name_ko": "자판 b란ch 오후 제호바h's w이t넷세s"
      }
    },
    {
      "type": "Feature",
      "geometry": {
        "type": "Point",
        "coordinates": [
          139.391717,
          35.4509665
        ]
      },
      "properties": {
        "id": "l01084",
        "name": "ホテルビスタ",
        "name_en": "Hotel Vista",
        "kind": "hotel",
        "stars": null,
        "rooms": null,
        "phone": "+81 462-92-1888",
        "website": null,
        "operator": null,
        "address": "神奈川県 海老名市",
        "near_town": "n2115184100",
        "near_town_name": "厚木市",
        "osm_id": "w211554144",
        "name_ko": "호텔 비s타"
      }
    },
    {
      "type": "Feature",
      "geometry": {
        "type": "Point",
        "coordinates": [
          139.3625938,
          35.4411233
        ]
      },
      "properties": {
        "id": "l01085",
        "name": "HOTEL TOHKAI",
        "name_en": null,
        "kind": "hotel",
        "stars": null,
        "rooms": null,
        "phone": null,
        "website": null,
        "operator": null,
        "address": null,
        "near_town": "n2115184100",
        "near_town_name": "厚木市",
        "osm_id": "w500373942"
      }
    },
    {
      "type": "Feature",
      "geometry": {
        "type": "Point",
        "coordinates": [
          139.362801,
          35.4415803
        ]
      },
      "properties": {
        "id": "l01086",
        "name": "ホテルビスタ厚木",
        "name_en": null,
        "kind": "hotel",
        "stars": null,
        "rooms": null,
        "phone": null,
        "website": null,
        "operator": null,
        "address": null,
        "near_town": "n2115184100",
        "near_town_name": "厚木市",
        "osm_id": "w500398326"
      }
    },
    {
      "type": "Feature",
      "geometry": {
        "type": "Point",
        "coordinates": [
          139.3589635,
          35.439771
        ]
      },
      "properties": {
        "id": "l01087",
        "name": "スマイルホテル厚木",
        "name_en": "Smile Hotel Atsugi",
        "kind": "hotel",
        "stars": null,
        "rooms": null,
        "phone": null,
        "website": null,
        "operator": null,
        "address": null,
        "near_town": "n2115184100",
        "near_town_name": "厚木市",
        "osm_id": "w503484202",
        "name_ko": "스마일 호텔 아쓰기"
      }
    },
    {
      "type": "Feature",
      "geometry": {
        "type": "Point",
        "coordinates": [
          139.3907595,
          35.4554805
        ]
      },
      "properties": {
        "id": "l01088",
        "name": "ホテルルートイン",
        "name_en": "Hotel Route Inn",
        "kind": "hotel",
        "stars": null,
        "rooms": null,
        "phone": "+81-50-5847-7550",
        "website": "https://www.route-inn.co.jp/search/hotel/index_hotel_id_631",
        "operator": null,
        "address": "神奈川県 海老名市",
        "near_town": "n2115184100",
        "near_town_name": "厚木市",
        "osm_id": "w542343273",
        "name_ko": "호텔 루트 인"
      }
    },
    {
      "type": "Feature",
      "geometry": {
        "type": "Point",
        "coordinates": [
          139.3939437,
          35.4511506
        ]
      },
      "properties": {
        "id": "l01089",
        "name": "東横イン",
        "name_en": "Toyoko Inn",
        "kind": "hotel",
        "stars": null,
        "rooms": null,
        "phone": "+81 46-402-1045",
        "website": "https://www.toyoko-inn.com/search/detail/00302",
        "operator": null,
        "address": "神奈川県 海老名市",
        "near_town": "n2115184100",
        "near_town_name": "厚木市",
        "osm_id": "w591372306",
        "name_ko": "도요코 인"
      }
    },
    {
      "type": "Feature",
      "geometry": {
        "type": "Point",
        "coordinates": [
          138.8033528,
          35.4926977
        ]
      },
      "properties": {
        "id": "l01090",
        "name": "富士吉田ユースホステル (Fujiyoshida youth hostel)",
        "name_en": null,
        "kind": "hostel",
        "stars": null,
        "rooms": null,
        "phone": "0555-22-0533",
        "website": null,
        "operator": null,
        "address": null,
        "near_town": "n1670542925",
        "near_town_name": "富士吉田市",
        "osm_id": "n1812358728"
      }
    },
    {
      "type": "Feature",
      "geometry": {
        "type": "Point",
        "coordinates": [
          138.7639891,
          35.4964095
        ]
      },
      "properties": {
        "id": "l01091",
        "name": "河口湖ユースホステル (Kawaguchiko youth hostel)",
        "name_en": null,
        "kind": "hostel",
        "stars": null,
        "rooms": null,
        "phone": "0555-72-1431",
        "website": null,
        "operator": null,
        "address": null,
        "near_town": "n1670542925",
        "near_town_name": "富士吉田市",
        "osm_id": "n1812358739"
      }
    },
    {
      "type": "Feature",
      "geometry": {
        "type": "Point",
        "coordinates": [
          138.7947159,
          35.484945
        ]
      },
      "properties": {
        "id": "l01092",
        "name": "富士吉田シティホテル",
        "name_en": "Fujiyoshida City Hotel",
        "kind": "hotel",
        "stars": null,
        "rooms": null,
        "phone": null,
        "website": null,
        "operator": null,
        "address": null,
        "near_town": "n1670542925",
        "near_town_name": "富士吉田市",
        "osm_id": "n1867165621",
        "name_ko": "후지요시다 c이ty 호텔"
      }
    },
    {
      "type": "Feature",
      "geometry": {
        "type": "Point",
        "coordinates": [
          138.7605472,
          35.5074989
        ]
      },
      "properties": {
        "id": "l01093",
        "name": "泰平館",
        "name_en": "Taiheikan Hotel",
        "kind": "hotel",
        "stars": null,
        "rooms": null,
        "phone": null,
        "website": null,
        "operator": null,
        "address": null,
        "near_town": "n1670542925",
        "near_town_name": "富士吉田市",
        "osm_id": "n2290128416",
        "name_ko": "타이헤이칸 호텔"
      }
    },
    {
      "type": "Feature",
      "geometry": {
        "type": "Point",
        "coordinates": [
          138.7612565,
          35.5084352
        ]
      },
      "properties": {
        "id": "l01094",
        "name": "レイクサイドホテル",
        "name_en": "Lakeside Hotel",
        "kind": "hotel",
        "stars": null,
        "rooms": null,
        "phone": null,
        "website": null,
        "operator": null,
        "address": null,
        "near_town": "n1670542925",
        "near_town_name": "富士吉田市",
        "osm_id": "n2290132813",
        "name_ko": "라케시데 호텔"
      }
    },
    {
      "type": "Feature",
      "geometry": {
        "type": "Point",
        "coordinates": [
          138.761016,
          35.507987
        ]
      },
      "properties": {
        "id": "l01095",
        "name": "旅館 梨館温泉",
        "name_en": null,
        "kind": "guest_house",
        "stars": null,
        "rooms": null,
        "phone": null,
        "website": null,
        "operator": null,
        "address": null,
        "near_town": "n1670542925",
        "near_town_name": "富士吉田市",
        "osm_id": "n2365457235"
      }
    },
    {
      "type": "Feature",
      "geometry": {
        "type": "Point",
        "coordinates": [
          138.7696786,
          35.4990065
        ]
      },
      "properties": {
        "id": "l01096",
        "name": "プラザイン河口湖",
        "name_en": null,
        "kind": "hotel",
        "stars": null,
        "rooms": null,
        "phone": null,
        "website": null,
        "operator": null,
        "address": null,
        "near_town": "n1670542925",
        "near_town_name": "富士吉田市",
        "osm_id": "n2429815414"
      }
    },
    {
      "type": "Feature",
      "geometry": {
        "type": "Point",
        "coordinates": [
          138.769392,
          35.498853
        ]
      },
      "properties": {
        "id": "l01097",
        "name": "河口湖ステーション・イン",
        "name_en": "Kawaguchiko Station Inn",
        "kind": "hotel",
        "stars": null,
        "rooms": null,
        "phone": null,
        "website": "http://www.st-inn.com",
        "operator": null,
        "address": null,
        "near_town": "n1670542925",
        "near_town_name": "富士吉田市",
        "osm_id": "n2429819116",
        "name_ko": "카와구치코 역 인"
      }
    },
    {
      "type": "Feature",
      "geometry": {
        "type": "Point",
        "coordinates": [
          138.803769,
          35.464684
        ]
      },
      "properties": {
        "id": "l01098",
        "name": "ルートイン富士吉田",
        "name_en": null,
        "kind": "hotel",
        "stars": null,
        "rooms": null,
        "phone": null,
        "website": null,
        "operator": null,
        "address": null,
        "near_town": "n1670542925",
        "near_town_name": "富士吉田市",
        "osm_id": "n2441018135"
      }
    },
    {
      "type": "Feature",
      "geometry": {
        "type": "Point",
        "coordinates": [
          138.8010153,
          35.4909158
        ]
      },
      "properties": {
        "id": "l01099",
        "name": "Mount Fuji Hostel Michael's",
        "name_en": null,
        "kind": "hostel",
        "stars": null,
        "rooms": null,
        "phone": null,
        "website": null,
        "operator": null,
        "address": null,
        "near_town": "n1670542925",
        "near_town_name": "富士吉田市",
        "osm_id": "n2501259284"
      }
    },
    {
      "type": "Feature",
      "geometry": {
        "type": "Point",
        "coordinates": [
          138.755668,
          35.496947
        ]
      },
      "properties": {
        "id": "l01100",
        "name": "ホテル セントビレッヂ",
        "name_en": "Hotel St. Village",
        "kind": "hotel",
        "stars": null,
        "rooms": null,
        "phone": null,
        "website": null,
        "operator": null,
        "address": null,
        "near_town": "n1670542925",
        "near_town_name": "富士吉田市",
        "osm_id": "n3162406162",
        "name_ko": "호텔 st. 빗라게"
      }
    },
    {
      "type": "Feature",
      "geometry": {
        "type": "Point",
        "coordinates": [
          138.7620131,
          35.5070682
        ]
      },
      "properties": {
        "id": "l01101",
        "name": "四季の宿　富士山",
        "name_en": "Shiki no Yado Fujisan",
        "kind": "hotel",
        "stars": null,
        "rooms": null,
        "phone": null,
        "website": null,
        "operator": null,
        "address": "南都留郡富士河口湖町",
        "near_town": "n1670542925",
        "near_town_name": "富士吉田市",
        "osm_id": "n4151012704",
        "name_ko": "시키 의 야도 후지산"
      }
    },
    {
      "type": "Feature",
      "geometry": {
        "type": "Point",
        "coordinates": [
          138.7687554,
          35.4993336
        ]
      },
      "properties": {
        "id": "l01102",
        "name": "Koe House",
        "name_en": null,
        "kind": "hostel",
        "stars": null,
        "rooms": null,
        "phone": null,
        "website": null,
        "operator": null,
        "address": null,
        "near_town": "n1670542925",
        "near_town_name": "富士吉田市",
        "osm_id": "n4281284489"
      }
    },
    {
      "type": "Feature",
      "geometry": {
        "type": "Point",
        "coordinates": [
          138.7692553,
          35.4971992
        ]
      },
      "properties": {
        "id": "l01103",
        "name": "Mt. Fuji Hostel Samurise",
        "name_en": null,
        "kind": "hostel",
        "stars": null,
        "rooms": null,
        "phone": null,
        "website": null,
        "operator": null,
        "address": null,
        "near_town": "n1670542925",
        "near_town_name": "富士吉田市",
        "osm_id": "n4329780020"
      }
    },
    {
      "type": "Feature",
      "geometry": {
        "type": "Point",
        "coordinates": [
          138.7646762,
          35.4969644
        ]
      },
      "properties": {
        "id": "l01104",
        "name": "Fuji Trip House",
        "name_en": "Fuji Trip House",
        "kind": "hostel",
        "stars": null,
        "rooms": null,
        "phone": null,
        "website": "http://fujitrip.net",
        "operator": null,
        "address": null,
        "near_town": "n1670542925",
        "near_town_name": "富士吉田市",
        "osm_id": "n4887072622",
        "name_ko": "후지 t리p 하우스"
      }
    },
    {
      "type": "Feature",
      "geometry": {
        "type": "Point",
        "coordinates": [
          138.7656434,
          35.4880733
        ]
      },
      "properties": {
        "id": "l01105",
        "name": "ホテルレジーナ河口湖",
        "name_en": null,
        "kind": "hotel",
        "stars": null,
        "rooms": null,
        "phone": null,
        "website": null,
        "operator": null,
        "address": null,
        "near_town": "n1670542925",
        "near_town_name": "富士吉田市",
        "osm_id": "n5081535065"
      }
    },
    {
      "type": "Feature",
      "geometry": {
        "type": "Point",
        "coordinates": [
          138.7588633,
          35.4919152
        ]
      },
      "properties": {
        "id": "l01106",
        "name": "富士山 Resort Hotel",
        "name_en": null,
        "kind": "hotel",
        "stars": null,
        "rooms": null,
        "phone": null,
        "website": null,
        "operator": null,
        "address": null,
        "near_town": "n1670542925",
        "near_town_name": "富士吉田市",
        "osm_id": "n5085316758"
      }
    },
    {
      "type": "Feature",
      "geometry": {
        "type": "Point",
        "coordinates": [
          138.7778774,
          35.4848624
        ]
      },
      "properties": {
        "id": "l01107",
        "name": "Highland Resort Hotel & Spa",
        "name_en": null,
        "kind": "hotel",
        "stars": null,
        "rooms": null,
        "phone": "+81 555-22-1000",
        "website": null,
        "operator": null,
        "address": null,
        "near_town": "n1670542925",
        "near_town_name": "富士吉田市",
        "osm_id": "n5606316921"
      }
    },
    {
      "type": "Feature",
      "geometry": {
        "type": "Point",
        "coordinates": [
          138.7726371,
          35.4992447
        ]
      },
      "properties": {
        "id": "l01108",
        "name": "LEOPALACE21 R&J",
        "name_en": "LEOPALACE21 R&J",
        "kind": "guest_house",
        "stars": null,
        "rooms": null,
        "phone": null,
        "website": null,
        "operator": null,
        "address": null,
        "near_town": "n1670542925",
        "near_town_name": "富士吉田市",
        "osm_id": "n5616650022",
        "name_ko": "레오파라c에21 r&j"
      }
    },
    {
      "type": "Feature",
      "geometry": {
        "type": "Point",
        "coordinates": [
          138.769726,
          35.5030188
        ]
      },
      "properties": {
        "id": "l01109",
        "name": "Peace Kawaguchiko Hostel",
        "name_en": null,
        "kind": "hotel",
        "stars": null,
        "rooms": null,
        "phone": null,
        "website": null,
        "operator": null,
        "address": null,
        "near_town": "n1670542925",
        "near_town_name": "富士吉田市",
        "osm_id": "n5806859954"
      }
    },
    {
      "type": "Feature",
      "geometry": {
        "type": "Point",
        "coordinates": [
          138.7703446,
          35.4991172
        ]
      },
      "properties": {
        "id": "l01110",
        "name": "Mt. Fuji Samurise Kura",
        "name_en": "Mt. Fuji Samurise Kura",
        "kind": "guest_house",
        "stars": null,
        "rooms": null,
        "phone": null,
        "website": null,
        "operator": null,
        "address": null,
        "near_town": "n1670542925",
        "near_town_name": "富士吉田市",
        "osm_id": "n5994355685",
        "name_ko": "산. 후지 사무리세 쿠라"
      }
    },
    {
      "type": "Feature",
      "geometry": {
        "type": "Point",
        "coordinates": [
          138.7819211,
          35.4895914
        ]
      },
      "properties": {
        "id": "l01111",
        "name": "キャビン&ラウンジ　ハイランドステーション　イン",
        "name_en": null,
        "kind": "hotel",
        "stars": null,
        "rooms": null,
        "phone": null,
        "website": null,
        "operator": null,
        "address": null,
        "near_town": "n1670542925",
        "near_town_name": "富士吉田市",
        "osm_id": "n8758867928"
      }
    },
    {
      "type": "Feature",
      "geometry": {
        "type": "Point",
        "coordinates": [
          138.7626621,
          35.5062999
        ]
      },
      "properties": {
        "id": "l01112",
        "name": "ロイヤルホテル河口湖",
        "name_en": "Fuji Royal Hotel Kawaguchiko",
        "kind": "hotel",
        "stars": null,
        "rooms": null,
        "phone": "0555-73-2228",
        "website": null,
        "operator": null,
        "address": null,
        "near_town": "n1670542925",
        "near_town_name": "富士吉田市",
        "osm_id": "n9943587466",
        "name_ko": "후지 로얄 호텔 카와구치코"
      }
    },
    {
      "type": "Feature",
      "geometry": {
        "type": "Point",
        "coordinates": [
          138.7617957,
          35.5054228
        ]
      },
      "properties": {
        "id": "l01113",
        "name": "Hotel Ooike",
        "name_en": "Hotel Ooike",
        "kind": "hotel",
        "stars": null,
        "rooms": null,
        "phone": null,
        "website": null,
        "operator": null,
        "address": null,
        "near_town": "n1670542925",
        "near_town_name": "富士吉田市",
        "osm_id": "n9943591267",
        "name_ko": "호텔 오오이케"
      }
    },
    {
      "type": "Feature",
      "geometry": {
        "type": "Point",
        "coordinates": [
          138.7601608,
          35.5049447
        ]
      },
      "properties": {
        "id": "l01114",
        "name": "東横INN",
        "name_en": "Toyoko Inn",
        "kind": "hotel",
        "stars": null,
        "rooms": null,
        "phone": "+81 555-68-3045",
        "website": null,
        "operator": null,
        "address": null,
        "near_town": "n1670542925",
        "near_town_name": "富士吉田市",
        "osm_id": "n9945709844",
        "name_ko": "도요코 인"
      }
    },
    {
      "type": "Feature",
      "geometry": {
        "type": "Point",
        "coordinates": [
          138.7600702,
          35.4767189
        ]
      },
      "properties": {
        "id": "l01115",
        "name": "ガストホフリュミエール",
        "name_en": null,
        "kind": "guest_house",
        "stars": null,
        "rooms": null,
        "phone": null,
        "website": null,
        "operator": null,
        "address": null,
        "near_town": "n1670542925",
        "near_town_name": "富士吉田市",
        "osm_id": "n10780744309"
      }
    },
    {
      "type": "Feature",
      "geometry": {
        "type": "Point",
        "coordinates": [
          138.8324699,
          35.4539896
        ]
      },
      "properties": {
        "id": "l01116",
        "name": "Guesthouse E-ne",
        "name_en": "Guesthouse E-ne",
        "kind": "guest_house",
        "stars": null,
        "rooms": null,
        "phone": null,
        "website": null,
        "operator": null,
        "address": null,
        "near_town": "n1670542925",
        "near_town_name": "富士吉田市",
        "osm_id": "n10803918806",
        "name_ko": "게스트하우스 에-네"
      }
    },
    {
      "type": "Feature",
      "geometry": {
        "type": "Point",
        "coordinates": [
          138.7957732,
          35.4825737
        ]
      },
      "properties": {
        "id": "l01117",
        "name": "Megu Fuji",
        "name_en": "Megu Fuji",
        "kind": "hotel",
        "stars": null,
        "rooms": null,
        "phone": null,
        "website": null,
        "operator": null,
        "address": null,
        "near_town": "n1670542925",
        "near_town_name": "富士吉田市",
        "osm_id": "n10936470606",
        "name_ko": "메구 후지"
      }
    },
    {
      "type": "Feature",
      "geometry": {
        "type": "Point",
        "coordinates": [
          138.7751992,
          35.4959498
        ]
      },
      "properties": {
        "id": "l01118",
        "name": "ビジネスホテル河口湖",
        "name_en": "Business Hotel Kawaguchiko",
        "kind": "hotel",
        "stars": null,
        "rooms": null,
        "phone": null,
        "website": null,
        "operator": null,
        "address": null,
        "near_town": "n1670542925",
        "near_town_name": "富士吉田市",
        "osm_id": "n11189423837",
        "name_ko": "비즈니스 호텔 카와구치코"
      }
    },
    {
      "type": "Feature",
      "geometry": {
        "type": "Point",
        "coordinates": [
          138.7643738,
          35.4990491
        ]
      },
      "properties": {
        "id": "l01119",
        "name": "Skyhouse 2",
        "name_en": "Skyhouse 2",
        "kind": "guest_house",
        "stars": null,
        "rooms": null,
        "phone": null,
        "website": null,
        "operator": null,
        "address": null,
        "near_town": "n1670542925",
        "near_town_name": "富士吉田市",
        "osm_id": "n11273753669",
        "name_ko": "sky호우세 2"
      }
    },
    {
      "type": "Feature",
      "geometry": {
        "type": "Point",
        "coordinates": [
          138.758934,
          35.5052271
        ]
      },
      "properties": {
        "id": "l01120",
        "name": "Moonlight Villa",
        "name_en": "Moonlight Villa",
        "kind": "guest_house",
        "stars": null,
        "rooms": null,
        "phone": null,
        "website": null,
        "operator": null,
        "address": null,
        "near_town": "n1670542925",
        "near_town_name": "富士吉田市",
        "osm_id": "n11273753672",
        "name_ko": "모온리ght 빗라"
      }
    },
    {
      "type": "Feature",
      "geometry": {
        "type": "Point",
        "coordinates": [
          138.7615864,
          35.5010534
        ]
      },
      "properties": {
        "id": "l01121",
        "name": "Height Maple",
        "name_en": "Height Maple",
        "kind": "hotel",
        "stars": null,
        "rooms": null,
        "phone": null,
        "website": null,
        "operator": null,
        "address": null,
        "near_town": "n1670542925",
        "near_town_name": "富士吉田市",
        "osm_id": "n11273757069",
        "name_ko": "헤이ght 마p레"
      }
    },
    {
      "type": "Feature",
      "geometry": {
        "type": "Point",
        "coordinates": [
          138.7624351,
          35.5050597
        ]
      },
      "properties": {
        "id": "l01122",
        "name": "Kawaguchiko Park Hotel",
        "name_en": "Kawaguchiko Park Hotel",
        "kind": "hotel",
        "stars": null,
        "rooms": null,
        "phone": null,
        "website": null,
        "operator": null,
        "address": null,
        "near_town": "n1670542925",
        "near_town_name": "富士吉田市",
        "osm_id": "n11273758369",
        "name_ko": "카와구치코 파크 호텔"
      }
    },
    {
      "type": "Feature",
      "geometry": {
        "type": "Point",
        "coordinates": [
          138.7635192,
          35.5044768
        ]
      },
      "properties": {
        "id": "l01123",
        "name": "Flower Garden",
        "name_en": "Flower Garden",
        "kind": "hotel",
        "stars": null,
        "rooms": null,
        "phone": null,
        "website": null,
        "operator": null,
        "address": null,
        "near_town": "n1670542925",
        "near_town_name": "富士吉田市",
        "osm_id": "n11273758669",
        "name_ko": "후로w에r 가든"
      }
    },
    {
      "type": "Feature",
      "geometry": {
        "type": "Point",
        "coordinates": [
          138.7597169,
          35.5065355
        ]
      },
      "properties": {
        "id": "l01124",
        "name": "Sun Lake",
        "name_en": "Sun Lake",
        "kind": "hotel",
        "stars": null,
        "rooms": null,
        "phone": null,
        "website": null,
        "operator": null,
        "address": null,
        "near_town": "n1670542925",
        "near_town_name": "富士吉田市",
        "osm_id": "n11273759169",
        "name_ko": "선 레이크"
      }
    },
    {
      "type": "Feature",
      "geometry": {
        "type": "Point",
        "coordinates": [
          138.7638495,
          35.4946583
        ]
      },
      "properties": {
        "id": "l01125",
        "name": "Kawaguchiko Business & Resort SAWA Hotel",
        "name_en": null,
        "kind": "hotel",
        "stars": null,
        "rooms": null,
        "phone": null,
        "website": null,
        "operator": null,
        "address": null,
        "near_town": "n1670542925",
        "near_town_name": "富士吉田市",
        "osm_id": "n11274044469"
      }
    },
    {
      "type": "Feature",
      "geometry": {
        "type": "Point",
        "coordinates": [
          138.7613258,
          35.5087474
        ]
      },
      "properties": {
        "id": "l01126",
        "name": "Sports Resort",
        "name_en": "Sports Resort",
        "kind": "hotel",
        "stars": null,
        "rooms": null,
        "phone": null,
        "website": null,
        "operator": null,
        "address": null,
        "near_town": "n1670542925",
        "near_town_name": "富士吉田市",
        "osm_id": "n11274596469",
        "name_ko": "s포rts 리조트"
      }
    },
    {
      "type": "Feature",
      "geometry": {
        "type": "Point",
        "coordinates": [
          138.7691329,
          35.4994817
        ]
      },
      "properties": {
        "id": "l01127",
        "name": "Orange Cabin",
        "name_en": "Orange Cabin",
        "kind": "guest_house",
        "stars": null,
        "rooms": null,
        "phone": null,
        "website": null,
        "operator": null,
        "address": null,
        "near_town": "n1670542925",
        "near_town_name": "富士吉田市",
        "osm_id": "n11276618972",
        "name_ko": "오란게 c아빈"
      }
    },
    {
      "type": "Feature",
      "geometry": {
        "type": "Point",
        "coordinates": [
          138.7685174,
          35.4997891
        ]
      },
      "properties": {
        "id": "l01128",
        "name": "Tocoro",
        "name_en": "Tocoro",
        "kind": "hostel",
        "stars": null,
        "rooms": null,
        "phone": null,
        "website": null,
        "operator": null,
        "address": null,
        "near_town": "n1670542925",
        "near_town_name": "富士吉田市",
        "osm_id": "n11276621572",
        "name_ko": "토c오로"
      }
    },
    {
      "type": "Feature",
      "geometry": {
        "type": "Point",
        "coordinates": [
          138.7678669,
          35.5019125
        ]
      },
      "properties": {
        "id": "l01129",
        "name": "Yoshimura Cottage",
        "name_en": "Yoshimura Cottage",
        "kind": "guest_house",
        "stars": null,
        "rooms": null,
        "phone": null,
        "website": null,
        "operator": null,
        "address": null,
        "near_town": "n1670542925",
        "near_town_name": "富士吉田市",
        "osm_id": "n11276621973",
        "name_ko": "요시무라 코티지"
      }
    },
    {
      "type": "Feature",
      "geometry": {
        "type": "Point",
        "coordinates": [
          138.7687282,
          35.4992891
        ]
      },
      "properties": {
        "id": "l01130",
        "name": "TOCORO HOSTEL Kawaguchiko",
        "name_en": null,
        "kind": "hotel",
        "stars": null,
        "rooms": null,
        "phone": null,
        "website": null,
        "operator": null,
        "address": null,
        "near_town": "n1670542925",
        "near_town_name": "富士吉田市",
        "osm_id": "n12118391545"
      }
    },
    {
      "type": "Feature",
      "geometry": {
        "type": "Point",
        "coordinates": [
          138.7935791,
          35.4761353
        ]
      },
      "properties": {
        "id": "l01131",
        "name": "fugaku wood works x hitsuki guesthouse & cafe",
        "name_en": null,
        "kind": "chalet",
        "stars": null,
        "rooms": null,
        "phone": null,
        "website": null,
        "operator": null,
        "address": null,
        "near_town": "n1670542925",
        "near_town_name": "富士吉田市",
        "osm_id": "n12785152658"
      }
    },
    {
      "type": "Feature",
      "geometry": {
        "type": "Point",
        "coordinates": [
          138.7734936,
          35.5132583
        ]
      },
      "properties": {
        "id": "l01132",
        "name": "Hotel New Century",
        "name_en": null,
        "kind": "hotel",
        "stars": null,
        "rooms": null,
        "phone": null,
        "website": null,
        "operator": null,
        "address": null,
        "near_town": "n1670542925",
        "near_town_name": "富士吉田市",
        "osm_id": "n13108114801"
      }
    },
    {
      "type": "Feature",
      "geometry": {
        "type": "Point",
        "coordinates": [
          138.8199173,
          35.4952585
        ]
      },
      "properties": {
        "id": "l01133",
        "name": "T & T Fujiyama Sakura",
        "name_en": null,
        "kind": "apartment",
        "stars": null,
        "rooms": null,
        "phone": null,
        "website": null,
        "operator": null,
        "address": null,
        "near_town": "n1670542925",
        "near_town_name": "富士吉田市",
        "osm_id": "n13260947401"
      }
    },
    {
      "type": "Feature",
      "geometry": {
        "type": "Point",
        "coordinates": [
          138.8038596,
          35.4927453
        ]
      },
      "properties": {
        "id": "l01134",
        "name": "Saruya Hostel",
        "name_en": null,
        "kind": "hostel",
        "stars": null,
        "rooms": null,
        "phone": "+81555752214",
        "website": "https://saruya-hostel.com/",
        "operator": null,
        "address": "山梨県 富士吉田市",
        "near_town": "n1670542925",
        "near_town_name": "富士吉田市",
        "osm_id": "n13356763253"
      }
    },
    {
      "type": "Feature",
      "geometry": {
        "type": "Point",
        "coordinates": [
          138.7604373,
          35.5035872
        ]
      },
      "properties": {
        "id": "l01135",
        "name": "Haostay - Fujikawaguchiko",
        "name_en": null,
        "kind": "hotel",
        "stars": null,
        "rooms": null,
        "phone": null,
        "website": null,
        "operator": null,
        "address": null,
        "near_town": "n1670542925",
        "near_town_name": "富士吉田市",
        "osm_id": "n13784201690"
      }
    },
    {
      "type": "Feature",
      "geometry": {
        "type": "Point",
        "coordinates": [
          138.7606007,
          35.5057856
        ]
      },
      "properties": {
        "id": "l01136",
        "name": "K's House Mt.Fuji",
        "name_en": null,
        "kind": "hostel",
        "stars": null,
        "rooms": null,
        "phone": null,
        "website": "http://kshouse.jp/",
        "operator": null,
        "address": null,
        "near_town": "n1670542925",
        "near_town_name": "富士吉田市",
        "osm_id": "w92421140"
      }
    },
    {
      "type": "Feature",
      "geometry": {
        "type": "Point",
        "coordinates": [
          138.7662194,
          35.5041737
        ]
      },
      "properties": {
        "id": "l01137",
        "name": "Fuji Lake hotel",
        "name_en": "Fuji Lake Hotel",
        "kind": "hotel",
        "stars": null,
        "rooms": null,
        "phone": null,
        "website": null,
        "operator": null,
        "address": null,
        "near_town": "n1670542925",
        "near_town_name": "富士吉田市",
        "osm_id": "w98711830",
        "name_ko": "후지 레이크 호텔"
      }
    },
    {
      "type": "Feature",
      "geometry": {
        "type": "Point",
        "coordinates": [
          138.7684079,
          35.5033377
        ]
      },
      "properties": {
        "id": "l01138",
        "name": "Fuji Kawaguchiko Onsen Konansou",
        "name_en": null,
        "kind": "hotel",
        "stars": "4",
        "rooms": null,
        "phone": null,
        "website": null,
        "operator": null,
        "address": null,
        "near_town": "n1670542925",
        "near_town_name": "富士吉田市",
        "osm_id": "w98715838"
      }
    },
    {
      "type": "Feature",
      "geometry": {
        "type": "Point",
        "coordinates": [
          138.7815516,
          35.481396
        ]
      },
      "properties": {
        "id": "l01139",
        "name": "ウェストイン富士吉田(Westinn Fujiyoshida)",
        "name_en": null,
        "kind": "hotel",
        "stars": null,
        "rooms": null,
        "phone": null,
        "website": "https://www.westinn.jp/",
        "operator": null,
        "address": null,
        "near_town": "n1670542925",
        "near_town_name": "富士吉田市",
        "osm_id": "w132781394"
      }
    },
    {
      "type": "Feature",
      "geometry": {
        "type": "Point",
        "coordinates": [
          138.8206495,
          35.4486838
        ]
      },
      "properties": {
        "id": "l01140",
        "name": "忍野観光ビジネスホテル",
        "name_en": null,
        "kind": "hotel",
        "stars": null,
        "rooms": null,
        "phone": null,
        "website": null,
        "operator": null,
        "address": null,
        "near_town": "n1670542925",
        "near_town_name": "富士吉田市",
        "osm_id": "w266456000"
      }
    },
    {
      "type": "Feature",
      "geometry": {
        "type": "Point",
        "coordinates": [
          138.8304766,
          35.4578325
        ]
      },
      "properties": {
        "id": "l01141",
        "name": "鱒の家",
        "name_en": "Masunoie",
        "kind": "hotel",
        "stars": null,
        "rooms": null,
        "phone": null,
        "website": "http://www.afp.co.jp/Masunoie/",
        "operator": null,
        "address": null,
        "near_town": "n1670542925",
        "near_town_name": "富士吉田市",
        "osm_id": "w266569183",
        "name_ko": "마스노이에"
      }
    },
    {
      "type": "Feature",
      "geometry": {
        "type": "Point",
        "coordinates": [
          138.8080061,
          35.4597926
        ]
      },
      "properties": {
        "id": "l01142",
        "name": "ホテルベル鐘山",
        "name_en": null,
        "kind": "hotel",
        "stars": null,
        "rooms": null,
        "phone": null,
        "website": null,
        "operator": null,
        "address": null,
        "near_town": "n1670542925",
        "near_town_name": "富士吉田市",
        "osm_id": "w266937693"
      }
    },
    {
      "type": "Feature",
      "geometry": {
        "type": "Point",
        "coordinates": [
          138.8172442,
          35.4504666
        ]
      },
      "properties": {
        "id": "l01143",
        "name": "ペンション フォーレスト",
        "name_en": null,
        "kind": "guest_house",
        "stars": null,
        "rooms": null,
        "phone": null,
        "website": null,
        "operator": null,
        "address": null,
        "near_town": "n1670542925",
        "near_town_name": "富士吉田市",
        "osm_id": "w266938123"
      }
    },
    {
      "type": "Feature",
      "geometry": {
        "type": "Point",
        "coordinates": [
          138.8342732,
          35.4616077
        ]
      },
      "properties": {
        "id": "l01144",
        "name": "レイク忍野",
        "name_en": null,
        "kind": "hotel",
        "stars": null,
        "rooms": null,
        "phone": null,
        "website": null,
        "operator": null,
        "address": null,
        "near_town": "n1670542925",
        "near_town_name": "富士吉田市",
        "osm_id": "w270003082"
      }
    },
    {
      "type": "Feature",
      "geometry": {
        "type": "Point",
        "coordinates": [
          138.759934,
          35.4924326
        ]
      },
      "properties": {
        "id": "l01145",
        "name": "ケイズハウス富士ビュー",
        "name_en": "Backpackers Hostel K's House Fuji View",
        "kind": "hostel",
        "stars": null,
        "rooms": null,
        "phone": "+81-0555-72-3332",
        "website": "https://kshouse.jp/fuji-view-e/index.html",
        "operator": "K's House",
        "address": "山梨県 富士河口湖町",
        "near_town": "n1670542925",
        "near_town_name": "富士吉田市",
        "osm_id": "w270271460",
        "name_ko": "백패커스 호스텔 k's 하우스 후지 뷰"
      }
    },
    {
      "type": "Feature",
      "geometry": {
        "type": "Point",
        "coordinates": [
          138.762567,
          35.4893907
        ]
      },
      "properties": {
        "id": "l01146",
        "name": "登り坂ホテル 本館",
        "name_en": "The Noborisaka Hotel (The Main)",
        "kind": "hotel",
        "stars": null,
        "rooms": null,
        "phone": "+81-0555-72-5300",
        "website": "http://hotel-noborisaka.jp/facilities/main",
        "operator": null,
        "address": "山梨県 富士河口湖町",
        "near_town": "n1670542925",
        "near_town_name": "富士吉田市",
        "osm_id": "w270271597",
        "name_ko": "t헤 노보리사카 호텔 (t헤 마인)"
      }
    },
    {
      "type": "Feature",
      "geometry": {
        "type": "Point",
        "coordinates": [
          138.7652688,
          35.4955226
        ]
      },
      "properties": {
        "id": "l01147",
        "name": "kagelow",
        "name_en": null,
        "kind": "hostel",
        "stars": null,
        "rooms": null,
        "phone": "+81 555 72 1357",
        "website": "https://www.kagelow.jp/",
        "operator": null,
        "address": null,
        "near_town": "n1670542925",
        "near_town_name": "富士吉田市",
        "osm_id": "w270358829"
      }
    },
    {
      "type": "Feature",
      "geometry": {
        "type": "Point",
        "coordinates": [
          138.7799923,
          35.4919874
        ]
      },
      "properties": {
        "id": "l01148",
        "name": "HOTEL MYSTAYS Fuji",
        "name_en": null,
        "kind": "hotel",
        "stars": null,
        "rooms": null,
        "phone": null,
        "website": null,
        "operator": "MYSTAYS",
        "address": "山梨県 富士吉田市",
        "near_town": "n1670542925",
        "near_town_name": "富士吉田市",
        "osm_id": "w271779649"
      }
    },
    {
      "type": "Feature",
      "geometry": {
        "type": "Point",
        "coordinates": [
          138.7706289,
          35.5131405
        ]
      },
      "properties": {
        "id": "l01149",
        "name": "富ノ湖ホテル",
        "name_en": "Tominoko Hotel",
        "kind": "hotel",
        "stars": null,
        "rooms": null,
        "phone": null,
        "website": null,
        "operator": null,
        "address": null,
        "near_town": "n1670542925",
        "near_town_name": "富士吉田市",
        "osm_id": "w274178346",
        "name_ko": "토미노코 호텔"
      }
    },
    {
      "type": "Feature",
      "geometry": {
        "type": "Point",
        "coordinates": [
          138.7694788,
          35.5128798
        ]
      },
      "properties": {
        "id": "l01150",
        "name": "湖山亭うぶや",
        "name_en": "Kozantei Ubuya",
        "kind": "hotel",
        "stars": null,
        "rooms": null,
        "phone": null,
        "website": "https://www.ubuya.co.jp/",
        "operator": null,
        "address": "10 Azagawa, Fujikawaguchiko-machi, Minamitsuru-gun, Yamanashi-ken",
        "near_town": "n1670542925",
        "near_town_name": "富士吉田市",
        "osm_id": "w274178407",
        "name_ko": "코잔테이 우부야"
      }
    },
    {
      "type": "Feature",
      "geometry": {
        "type": "Point",
        "coordinates": [
          138.7714614,
          35.5134466
        ]
      },
      "properties": {
        "id": "l01151",
        "name": "くくな",
        "name_en": "Kukuna Hotel",
        "kind": "hotel",
        "stars": null,
        "rooms": null,
        "phone": null,
        "website": null,
        "operator": null,
        "address": null,
        "near_town": "n1670542925",
        "near_town_name": "富士吉田市",
        "osm_id": "w274463029",
        "name_ko": "쿠쿠나 호텔"
      }
    },
    {
      "type": "Feature",
      "geometry": {
        "type": "Point",
        "coordinates": [
          138.7749607,
          35.5122166
        ]
      },
      "properties": {
        "id": "l01152",
        "name": "湖風の宿 あさふじ",
        "name_en": null,
        "kind": "hotel",
        "stars": null,
        "rooms": null,
        "phone": null,
        "website": null,
        "operator": null,
        "address": null,
        "near_town": "n1670542925",
        "near_town_name": "富士吉田市",
        "osm_id": "w274463105"
      }
    },
    {
      "type": "Feature",
      "geometry": {
        "type": "Point",
        "coordinates": [
          138.7722398,
          35.5136794
        ]
      },
      "properties": {
        "id": "l01153",
        "name": "プチホテルグリーンレイク",
        "name_en": "Green Lake Hotel",
        "kind": "hotel",
        "stars": null,
        "rooms": null,
        "phone": null,
        "website": null,
        "operator": null,
        "address": null,
        "near_town": "n1670542925",
        "near_town_name": "富士吉田市",
        "osm_id": "w274463160",
        "name_ko": "그린 레이크 호텔"
      }
    },
    {
      "type": "Feature",
      "geometry": {
        "type": "Point",
        "coordinates": [
          138.7744832,
          35.5124515
        ]
      },
      "properties": {
        "id": "l01154",
        "name": "ホテルルートイン河口湖",
        "name_en": "Hotel Route-Inn Kawaguchiko",
        "kind": "hotel",
        "stars": null,
        "rooms": null,
        "phone": null,
        "website": null,
        "operator": null,
        "address": null,
        "near_town": "n1670542925",
        "near_town_name": "富士吉田市",
        "osm_id": "w274463165",
        "name_ko": "호텔 루트인 카와구치코"
      }
    },
    {
      "type": "Feature",
      "geometry": {
        "type": "Point",
        "coordinates": [
          138.7720583,
          35.513443
        ]
      },
      "properties": {
        "id": "l01155",
        "name": "河口湖芙蓉荘",
        "name_en": "Fuyousou Hotel",
        "kind": "hotel",
        "stars": null,
        "rooms": null,
        "phone": null,
        "website": null,
        "operator": null,
        "address": null,
        "near_town": "n1670542925",
        "near_town_name": "富士吉田市",
        "osm_id": "w274463203",
        "name_ko": "후요우소우 호텔"
      }
    },
    {
      "type": "Feature",
      "geometry": {
        "type": "Point",
        "coordinates": [
          138.7734947,
          35.5132574
        ]
      },
      "properties": {
        "id": "l01156",
        "name": "ホテルニューセンチュリー",
        "name_en": "Hotel New Century",
        "kind": "hotel",
        "stars": null,
        "rooms": null,
        "phone": null,
        "website": null,
        "operator": null,
        "address": "Fujikawaguchiko",
        "near_town": "n1670542925",
        "near_town_name": "富士吉田市",
        "osm_id": "w274463226",
        "name_ko": "호텔 네w c엔쓰ry"
      }
    },
    {
      "type": "Feature",
      "geometry": {
        "type": "Point",
        "coordinates": [
          138.8190255,
          35.5042695
        ]
      },
      "properties": {
        "id": "l01157",
        "name": "ビジネスホテル富士見",
        "name_en": "Business Hotel Fujimi",
        "kind": "hotel",
        "stars": null,
        "rooms": null,
        "phone": null,
        "website": null,
        "operator": null,
        "address": null,
        "near_town": "n1670542925",
        "near_town_name": "富士吉田市",
        "osm_id": "w274917844",
        "name_ko": "비즈니스 호텔 후지미"
      }
    },
    {
      "type": "Feature",
      "geometry": {
        "type": "Point",
        "coordinates": [
          138.7927808,
          35.4850968
        ]
      },
      "properties": {
        "id": "l01158",
        "name": "ファミリーロッジ旅籠屋富士吉田店",
        "name_en": null,
        "kind": "motel",
        "stars": null,
        "rooms": null,
        "phone": null,
        "website": null,
        "operator": null,
        "address": null,
        "near_town": "n1670542925",
        "near_town_name": "富士吉田市",
        "osm_id": "w655279137"
      }
    },
    {
      "type": "Feature",
      "geometry": {
        "type": "Point",
        "coordinates": [
          138.63342,
          35.256977
        ]
      },
      "properties": {
        "id": "l01159",
        "name": "メゾンヴァンベール I",
        "name_en": null,
        "kind": "hostel",
        "stars": null,
        "rooms": null,
        "phone": null,
        "website": null,
        "operator": null,
        "address": "富士宮市山宮11-1",
        "near_town": "n763118286",
        "near_town_name": "富士宮市",
        "osm_id": "n5028788322"
      }
    },
    {
      "type": "Feature",
      "geometry": {
        "type": "Point",
        "coordinates": [
          138.6142484,
          35.2246974
        ]
      },
      "properties": {
        "id": "l01160",
        "name": "station1",
        "name_en": null,
        "kind": "guest_house",
        "stars": null,
        "rooms": null,
        "phone": null,
        "website": null,
        "operator": null,
        "address": null,
        "near_town": "n763118286",
        "near_town_name": "富士宮市",
        "osm_id": "n5061279626"
      }
    },
    {
      "type": "Feature",
      "geometry": {
        "type": "Point",
        "coordinates": [
          138.6161301,
          35.221568
        ]
      },
      "properties": {
        "id": "l01161",
        "name": "富士宮グリーンホテル",
        "name_en": null,
        "kind": "hotel",
        "stars": null,
        "rooms": null,
        "phone": null,
        "website": null,
        "operator": null,
        "address": null,
        "near_town": "n763118286",
        "near_town_name": "富士宮市",
        "osm_id": "n6948112553"
      }
    },
    {
      "type": "Feature",
      "geometry": {
        "type": "Point",
        "coordinates": [
          138.6154166,
          35.2217838
        ]
      },
      "properties": {
        "id": "l01162",
        "name": "くれたけインプレミアム富士宮駅前",
        "name_en": null,
        "kind": "hotel",
        "stars": null,
        "rooms": null,
        "phone": null,
        "website": null,
        "operator": null,
        "address": null,
        "near_town": "n763118286",
        "near_town_name": "富士宮市",
        "osm_id": "n6948117018"
      }
    },
    {
      "type": "Feature",
      "geometry": {
        "type": "Point",
        "coordinates": [
          138.6150686,
          35.2218204
        ]
      },
      "properties": {
        "id": "l01163",
        "name": "Hotel Fujikyu Fujinomia",
        "name_en": "Hotel Fujikyu Fujinomia",
        "kind": "hotel",
        "stars": null,
        "rooms": null,
        "phone": null,
        "website": null,
        "operator": null,
        "address": null,
        "near_town": "n763118286",
        "near_town_name": "富士宮市",
        "osm_id": "n7015922786",
        "name_ko": "호텔 후지큐 후지노미아"
      }
    },
    {
      "type": "Feature",
      "geometry": {
        "type": "Point",
        "coordinates": [
          138.6114806,
          35.2278227
        ]
      },
      "properties": {
        "id": "l01164",
        "name": "富士山ゲストハウス掬水",
        "name_en": null,
        "kind": "hostel",
        "stars": null,
        "rooms": null,
        "phone": null,
        "website": null,
        "operator": null,
        "address": null,
        "near_town": "n763118286",
        "near_town_name": "富士宮市",
        "osm_id": "n8989400848"
      }
    },
    {
      "type": "Feature",
      "geometry": {
        "type": "Point",
        "coordinates": [
          138.6128249,
          35.2245961
        ]
      },
      "properties": {
        "id": "l01165",
        "name": "小川荘",
        "name_en": null,
        "kind": "hotel",
        "stars": null,
        "rooms": null,
        "phone": null,
        "website": null,
        "operator": null,
        "address": null,
        "near_town": "n763118286",
        "near_town_name": "富士宮市",
        "osm_id": "n9374975987"
      }
    },
    {
      "type": "Feature",
      "geometry": {
        "type": "Point",
        "coordinates": [
          138.6135005,
          35.2219344
        ]
      },
      "properties": {
        "id": "l01166",
        "name": "SLEEEP",
        "name_en": null,
        "kind": "hotel",
        "stars": null,
        "rooms": null,
        "phone": null,
        "website": null,
        "operator": null,
        "address": null,
        "near_town": "n763118286",
        "near_town_name": "富士宮市",
        "osm_id": "n10766092405"
      }
    },
    {
      "type": "Feature",
      "geometry": {
        "type": "Point",
        "coordinates": [
          138.6047076,
          35.2172949
        ]
      },
      "properties": {
        "id": "l01167",
        "name": "(이름 없음)",
        "name_en": null,
        "kind": "guest_house",
        "stars": null,
        "rooms": null,
        "phone": null,
        "website": null,
        "operator": null,
        "address": null,
        "near_town": "n763118286",
        "near_town_name": "富士宮市",
        "osm_id": "w746263914"
      }
    },
    {
      "type": "Feature",
      "geometry": {
        "type": "Point",
        "coordinates": [
          138.6048249,
          35.2171003
        ]
      },
      "properties": {
        "id": "l01168",
        "name": "富士見荘(割烹)",
        "name_en": null,
        "kind": "hotel",
        "stars": null,
        "rooms": null,
        "phone": null,
        "website": null,
        "operator": null,
        "address": "静岡県 富士宮",
        "near_town": "n763118286",
        "near_town_name": "富士宮市",
        "osm_id": "w746263919"
      }
    },
    {
      "type": "Feature",
      "geometry": {
        "type": "Point",
        "coordinates": [
          138.9608207,
          35.2898071
        ]
      },
      "properties": {
        "id": "l01169",
        "name": "御殿場ユースホステル (Gotenba Youth Hostel)",
        "name_en": null,
        "kind": "hostel",
        "stars": null,
        "rooms": null,
        "phone": "0550-82-3045",
        "website": null,
        "operator": null,
        "address": null,
        "near_town": "n1619235769",
        "near_town_name": "御殿場市",
        "osm_id": "n1804881164"
      }
    },
    {
      "type": "Feature",
      "geometry": {
        "type": "Point",
        "coordinates": [
          138.9667482,
          35.3048629
        ]
      },
      "properties": {
        "id": "l01170",
        "name": "HOTEL CLAD",
        "name_en": null,
        "kind": "hotel",
        "stars": null,
        "rooms": null,
        "phone": null,
        "website": null,
        "operator": null,
        "address": null,
        "near_town": "n1619235769",
        "near_town_name": "御殿場市",
        "osm_id": "n2573103038"
      }
    },
    {
      "type": "Feature",
      "geometry": {
        "type": "Point",
        "coordinates": [
          138.963265,
          35.3150148
        ]
      },
      "properties": {
        "id": "l01171",
        "name": "レストイン時之栖",
        "name_en": null,
        "kind": "hotel",
        "stars": null,
        "rooms": null,
        "phone": null,
        "website": null,
        "operator": null,
        "address": null,
        "near_town": "n1619235769",
        "near_town_name": "御殿場市",
        "osm_id": "n4539793277"
      }
    },
    {
      "type": "Feature",
      "geometry": {
        "type": "Point",
        "coordinates": [
          138.9363333,
          35.3040983
        ]
      },
      "properties": {
        "id": "l01172",
        "name": "セレクトイン富士山御殿場",
        "name_en": null,
        "kind": "hotel",
        "stars": null,
        "rooms": null,
        "phone": null,
        "website": null,
        "operator": null,
        "address": null,
        "near_town": "n1619235769",
        "near_town_name": "御殿場市",
        "osm_id": "n5031662504"
      }
    },
    {
      "type": "Feature",
      "geometry": {
        "type": "Point",
        "coordinates": [
          138.9355904,
          35.3039839
        ]
      },
      "properties": {
        "id": "l01173",
        "name": "Hotel KUNIMI",
        "name_en": null,
        "kind": "hotel",
        "stars": null,
        "rooms": null,
        "phone": null,
        "website": null,
        "operator": null,
        "address": null,
        "near_town": "n1619235769",
        "near_town_name": "御殿場市",
        "osm_id": "n5082787300"
      }
    },
    {
      "type": "Feature",
      "geometry": {
        "type": "Point",
        "coordinates": [
          138.9506492,
          35.2865515
        ]
      },
      "properties": {
        "id": "l01174",
        "name": "シンバリゾート御殿場",
        "name_en": "Simba Resort Gotemba",
        "kind": "hotel",
        "stars": null,
        "rooms": null,
        "phone": "+81 550-81-5519",
        "website": "http://www.symba-resort.jp/",
        "operator": null,
        "address": null,
        "near_town": "n1619235769",
        "near_town_name": "御殿場市",
        "osm_id": "n5151340896",
        "name_ko": "시m바 리조트 고테m바"
      }
    },
    {
      "type": "Feature",
      "geometry": {
        "type": "Point",
        "coordinates": [
          138.9501187,
          35.2978944
        ]
      },
      "properties": {
        "id": "l01175",
        "name": "スーパーホテル",
        "name_en": null,
        "kind": "hotel",
        "stars": null,
        "rooms": null,
        "phone": null,
        "website": null,
        "operator": null,
        "address": null,
        "near_town": "n1619235769",
        "near_town_name": "御殿場市",
        "osm_id": "n6822542247"
      }
    },
    {
      "type": "Feature",
      "geometry": {
        "type": "Point",
        "coordinates": [
          138.952003,
          35.2896208
        ]
      },
      "properties": {
        "id": "l01176",
        "name": "ドーミーインEXPRESS富士山御殿場",
        "name_en": "Dormy Inn Express Fujisan Gotemba",
        "kind": "hotel",
        "stars": null,
        "rooms": null,
        "phone": null,
        "website": null,
        "operator": "共立メンテナンス",
        "address": null,
        "near_town": "n1619235769",
        "near_town_name": "御殿場市",
        "osm_id": "w1235476484",
        "name_ko": "도미 인 에크스p렛s 후지산 고테m바"
      }
    },
    {
      "type": "Feature",
      "geometry": {
        "type": "Point",
        "coordinates": [
          139.0974223,
          34.9717852
        ]
      },
      "properties": {
        "id": "l01177",
        "name": "K's House Ito Onsen",
        "name_en": null,
        "kind": "hostel",
        "stars": null,
        "rooms": null,
        "phone": null,
        "website": null,
        "operator": null,
        "address": null,
        "near_town": "n2377927288",
        "near_town_name": "伊東市",
        "osm_id": "n1131014120"
      }
    },
    {
      "type": "Feature",
      "geometry": {
        "type": "Point",
        "coordinates": [
          139.0931573,
          34.9742198
        ]
      },
      "properties": {
        "id": "l01178",
        "name": "伊東ステーションホテル",
        "name_en": "Ito Station Hotel",
        "kind": "hotel",
        "stars": null,
        "rooms": null,
        "phone": null,
        "website": null,
        "operator": null,
        "address": null,
        "near_town": "n2377927288",
        "near_town_name": "伊東市",
        "osm_id": "n2014428781",
        "name_ko": "이토 역 호텔"
      }
    },
    {
      "type": "Feature",
      "geometry": {
        "type": "Point",
        "coordinates": [
          139.1400648,
          34.940047
        ]
      },
      "properties": {
        "id": "l01179",
        "name": "川奈ホテル",
        "name_en": "Kawana Hotel",
        "kind": "hotel",
        "stars": null,
        "rooms": null,
        "phone": null,
        "website": null,
        "operator": null,
        "address": null,
        "near_town": "n2377927288",
        "near_town_name": "伊東市",
        "osm_id": "n2146182772",
        "name_ko": "카와나 호텔"
      }
    },
    {
      "type": "Feature",
      "geometry": {
        "type": "Point",
        "coordinates": [
          139.0927152,
          34.972116
        ]
      },
      "properties": {
        "id": "l01180",
        "name": "梅屋旅館",
        "name_en": "Umeya Hotel",
        "kind": "hotel",
        "stars": null,
        "rooms": null,
        "phone": null,
        "website": null,
        "operator": null,
        "address": null,
        "near_town": "n2377927288",
        "near_town_name": "伊東市",
        "osm_id": "n3398052593",
        "name_ko": "우메야 호텔"
      }
    },
    {
      "type": "Feature",
      "geometry": {
        "type": "Point",
        "coordinates": [
          139.0858755,
          35.0080134
        ]
      },
      "properties": {
        "id": "l01181",
        "name": "旅乃家 宇佐美温泉 海ホテル",
        "name_en": "Tabinoya",
        "kind": "hotel",
        "stars": null,
        "rooms": null,
        "phone": null,
        "website": "https://umi-hotel.com/",
        "operator": null,
        "address": null,
        "near_town": "n2377927288",
        "near_town_name": "伊東市",
        "osm_id": "n6076506976",
        "name_ko": "타비노야"
      }
    },
    {
      "type": "Feature",
      "geometry": {
        "type": "Point",
        "coordinates": [
          139.0902682,
          34.9648459
        ]
      },
      "properties": {
        "id": "l01182",
        "name": "伊東ホテル聚楽",
        "name_en": "Hotel Juraku",
        "kind": "hotel",
        "stars": null,
        "rooms": null,
        "phone": null,
        "website": "http://www.hotel-juraku.co.jp/ito/",
        "operator": null,
        "address": "静岡県 伊東市",
        "near_town": "n2377927288",
        "near_town_name": "伊東市",
        "osm_id": "n6249262831",
        "name_ko": "호텔 주라쿠"
      }
    },
    {
      "type": "Feature",
      "geometry": {
        "type": "Point",
        "coordinates": [
          139.0905588,
          34.9622795
        ]
      },
      "properties": {
        "id": "l01183",
        "name": "伊東小涌園",
        "name_en": "Ito Kowaki-en",
        "kind": "hotel",
        "stars": null,
        "rooms": null,
        "phone": null,
        "website": "http://www.ito-kowakien.com/,http://en.ito-kowakien.com/",
        "operator": null,
        "address": "静岡県 伊東市",
        "near_town": "n2377927288",
        "near_town_name": "伊東市",
        "osm_id": "n6251050609",
        "name_ko": "이토 코와키-엔"
      }
    },
    {
      "type": "Feature",
      "geometry": {
        "type": "Point",
        "coordinates": [
          139.095122,
          34.9758818
        ]
      },
      "properties": {
        "id": "l01184",
        "name": "かめや楽寛",
        "name_en": "Kameya Rakan",
        "kind": "hotel",
        "stars": null,
        "rooms": null,
        "phone": null,
        "website": "http://kameyarakan.com/,http://kameyarakan.com/en/",
        "operator": null,
        "address": "静岡県 伊東市",
        "near_town": "n2377927288",
        "near_town_name": "伊東市",
        "osm_id": "n6251084720",
        "name_ko": "카메야 라칸"
      }
    },
    {
      "type": "Feature",
      "geometry": {
        "type": "Point",
        "coordinates": [
          139.0895843,
          34.9532134
        ]
      },
      "properties": {
        "id": "l01185",
        "name": "ウェルネスの森伊東",
        "name_en": "Wellness-no Mori Ito",
        "kind": "hotel",
        "stars": null,
        "rooms": null,
        "phone": null,
        "website": "https://www.hotespa.net/hotels/ito/",
        "operator": null,
        "address": "静岡県 伊東市",
        "near_town": "n2377927288",
        "near_town_name": "伊東市",
        "osm_id": "n6251165645",
        "name_ko": "w엣르넷s-의 모리 이토"
      }
    },
    {
      "type": "Feature",
      "geometry": {
        "type": "Point",
        "coordinates": [
          139.0889493,
          34.9647209
        ]
      },
      "properties": {
        "id": "l01186",
        "name": "ハトヤホテル",
        "name_en": "Hatoya Hotel",
        "kind": "hotel",
        "stars": null,
        "rooms": null,
        "phone": null,
        "website": "http://www.hatoyahotel.com/home/index.html",
        "operator": null,
        "address": "静岡県 伊東市",
        "near_town": "n2377927288",
        "near_town_name": "伊東市",
        "osm_id": "n6251165646",
        "name_ko": "하토야 호텔"
      }
    },
    {
      "type": "Feature",
      "geometry": {
        "type": "Point",
        "coordinates": [
          139.0867443,
          34.9613276
        ]
      },
      "properties": {
        "id": "l01187",
        "name": "青山やまと",
        "name_en": "Seizan Yamato",
        "kind": "hotel",
        "stars": null,
        "rooms": null,
        "phone": null,
        "website": "https://www.seizanyamato.jp/index.html,http://www.seizanyamato.jp/en/",
        "operator": null,
        "address": "静岡県 伊東市",
        "near_town": "n2377927288",
        "near_town_name": "伊東市",
        "osm_id": "n6251230162",
        "name_ko": "세이잔 야마토"
      }
    },
    {
      "type": "Feature",
      "geometry": {
        "type": "Point",
        "coordinates": [
          139.0864304,
          34.9569679
        ]
      },
      "properties": {
        "id": "l01188",
        "name": "淘心庵米屋",
        "name_en": "Toushin An Komeya",
        "kind": "hotel",
        "stars": null,
        "rooms": null,
        "phone": null,
        "website": "http://toshinan-komeya.jp/",
        "operator": null,
        "address": "静岡県 伊東市",
        "near_town": "n2377927288",
        "near_town_name": "伊東市",
        "osm_id": "n6267322176",
        "name_ko": "토우신 안 코메야"
      }
    },
    {
      "type": "Feature",
      "geometry": {
        "type": "Point",
        "coordinates": [
          139.1010844,
          34.9714061
        ]
      },
      "properties": {
        "id": "l01189",
        "name": "星野リゾート 界 アンジン",
        "name_en": "Hoshino Resorts Kai Anjin",
        "kind": "hotel",
        "stars": null,
        "rooms": null,
        "phone": null,
        "website": "https://kai-ryokan.jp/anjin/,https://kai-ryokan.jp/en/anjin/",
        "operator": null,
        "address": "静岡県 伊東市",
        "near_town": "n2377927288",
        "near_town_name": "伊東市",
        "osm_id": "n6277614525",
        "name_ko": "호시노 레소rts 카이 안진"
      }
    },
    {
      "type": "Feature",
      "geometry": {
        "type": "Point",
        "coordinates": [
          139.0914188,
          34.9685795
        ]
      },
      "properties": {
        "id": "l01190",
        "name": "星野リゾート 界 伊東",
        "name_en": "Hoshino Resorts Kai Ito",
        "kind": "hotel",
        "stars": null,
        "rooms": null,
        "phone": null,
        "website": "https://kai-ryokan.jp/ito/,https://kai-ryokan.jp/en/ito/",
        "operator": null,
        "address": "静岡県 伊東市",
        "near_town": "n2377927288",
        "near_town_name": "伊東市",
        "osm_id": "n6277619147",
        "name_ko": "호시노 레소rts 카이 이토"
      }
    },
    {
      "type": "Feature",
      "geometry": {
        "type": "Point",
        "coordinates": [
          139.0908151,
          34.9701548
        ]
      },
      "properties": {
        "id": "l01191",
        "name": "ホテルよしの",
        "name_en": "Hotel Yoshino",
        "kind": "hotel",
        "stars": null,
        "rooms": null,
        "phone": null,
        "website": "http://hotel-yoshino.com/",
        "operator": null,
        "address": "静岡県 伊東市",
        "near_town": "n2377927288",
        "near_town_name": "伊東市",
        "osm_id": "n6279796844",
        "name_ko": "호텔 요시노"
      }
    },
    {
      "type": "Feature",
      "geometry": {
        "type": "Point",
        "coordinates": [
          139.0897774,
          34.9733462
        ]
      },
      "properties": {
        "id": "l01192",
        "name": "山岸園",
        "name_en": "Yamagishi en",
        "kind": "hotel",
        "stars": null,
        "rooms": null,
        "phone": null,
        "website": "https://yamagishien.com/",
        "operator": null,
        "address": "静岡県 伊東市",
        "near_town": "n2377927288",
        "near_town_name": "伊東市",
        "osm_id": "n6279805235",
        "name_ko": "야마기시 엔"
      }
    },
    {
      "type": "Feature",
      "geometry": {
        "type": "Point",
        "coordinates": [
          139.0963153,
          34.9707119
        ]
      },
      "properties": {
        "id": "l01193",
        "name": "ホテルラヴィエ川良",
        "name_en": "Hotel La Vie Kawaryou",
        "kind": "hotel",
        "stars": null,
        "rooms": null,
        "phone": null,
        "website": "https://www.hmi-ryokan.jp/kawaryo/",
        "operator": null,
        "address": "静岡県 伊東市",
        "near_town": "n2377927288",
        "near_town_name": "伊東市",
        "osm_id": "n6279883440",
        "name_ko": "호텔 라 비에 카와료우"
      }
    },
    {
      "type": "Feature",
      "geometry": {
        "type": "Point",
        "coordinates": [
          139.0903279,
          34.9667154
        ]
      },
      "properties": {
        "id": "l01194",
        "name": "陽気館",
        "name_en": "Izu Ito Onsen Yokikan",
        "kind": "hotel",
        "stars": null,
        "rooms": null,
        "phone": null,
        "website": "http://www.yokikan.co.jp/,https://www.yokikan.co.jp/en/",
        "operator": null,
        "address": "静岡県 伊東市",
        "near_town": "n2377927288",
        "near_town_name": "伊東市",
        "osm_id": "n6282525890",
        "name_ko": "이즈 이토 온천 요키칸"
      }
    },
    {
      "type": "Feature",
      "geometry": {
        "type": "Point",
        "coordinates": [
          139.0959534,
          34.9664539
        ]
      },
      "properties": {
        "id": "l01195",
        "name": "Hotel and public bath Forest otonashi Ryokufuen",
        "name_en": "Hotel and public bath Forest otonashi Ryokufuen",
        "kind": "hotel",
        "stars": null,
        "rooms": null,
        "phone": "0557-37-1885",
        "website": null,
        "operator": null,
        "address": null,
        "near_town": "n2377927288",
        "near_town_name": "伊東市",
        "osm_id": "n6424892885",
        "name_ko": "호텔 앤 푸b리c 바th 포레스트 오토나시 료쿠후엔"
      }
    },
    {
      "type": "Feature",
      "geometry": {
        "type": "Point",
        "coordinates": [
          139.0976044,
          34.9695357
        ]
      },
      "properties": {
        "id": "l01196",
        "name": "つた垣旅館",
        "name_en": null,
        "kind": "hotel",
        "stars": null,
        "rooms": null,
        "phone": null,
        "website": null,
        "operator": null,
        "address": null,
        "near_town": "n2377927288",
        "near_town_name": "伊東市",
        "osm_id": "n7343294281"
      }
    },
    {
      "type": "Feature",
      "geometry": {
        "type": "Point",
        "coordinates": [
          139.0957453,
          34.9700109
        ]
      },
      "properties": {
        "id": "l01197",
        "name": "離れ きた岡",
        "name_en": "Kitaoka     Annex Building Of  Dankoen",
        "kind": "hotel",
        "stars": null,
        "rooms": null,
        "phone": null,
        "website": null,
        "operator": null,
        "address": null,
        "near_town": "n2377927288",
        "near_town_name": "伊東市",
        "osm_id": "n7343294748",
        "name_ko": "키타오카     별관 부이르진g 오후  단코엔"
      }
    },
    {
      "type": "Feature",
      "geometry": {
        "type": "Point",
        "coordinates": [
          139.0958039,
          34.975001
        ]
      },
      "properties": {
        "id": "l01198",
        "name": "Seven Seas Hotel",
        "name_en": null,
        "kind": "hotel",
        "stars": null,
        "rooms": null,
        "phone": null,
        "website": null,
        "operator": null,
        "address": null,
        "near_town": "n2377927288",
        "near_town_name": "伊東市",
        "osm_id": "n7367892956"
      }
    },
    {
      "type": "Feature",
      "geometry": {
        "type": "Point",
        "coordinates": [
          139.0956902,
          34.9708959
        ]
      },
      "properties": {
        "id": "l01199",
        "name": "伊東園ホテル",
        "name_en": "Itoen Hotel",
        "kind": "hotel",
        "stars": null,
        "rooms": null,
        "phone": null,
        "website": null,
        "operator": null,
        "address": null,
        "near_town": "n2377927288",
        "near_town_name": "伊東市",
        "osm_id": "n11090938747",
        "name_ko": "이토엔 호텔"
      }
    },
    {
      "type": "Feature",
      "geometry": {
        "type": "Point",
        "coordinates": [
          139.0946185,
          34.9701349
        ]
      },
      "properties": {
        "id": "l01200",
        "name": "伊東園ホテル松川館",
        "name_en": "Ito En Hotel Matsukawa Annex",
        "kind": "hotel",
        "stars": null,
        "rooms": null,
        "phone": null,
        "website": null,
        "operator": null,
        "address": "静岡県伊東市寿町1番1号",
        "near_town": "n2377927288",
        "near_town_name": "伊東市",
        "osm_id": "n12727135186",
        "name_ko": "이토 엔 호텔 마쓰카와 별관"
      }
    },
    {
      "type": "Feature",
      "geometry": {
        "type": "Point",
        "coordinates": [
          139.090258,
          34.967173
        ]
      },
      "properties": {
        "id": "l01201",
        "name": "大東館",
        "name_en": null,
        "kind": "hotel",
        "stars": null,
        "rooms": null,
        "phone": null,
        "website": null,
        "operator": null,
        "address": null,
        "near_town": "n2377927288",
        "near_town_name": "伊東市",
        "osm_id": "w190712461"
      }
    },
    {
      "type": "Feature",
      "geometry": {
        "type": "Point",
        "coordinates": [
          139.0810943,
          35.0058833
        ]
      },
      "properties": {
        "id": "l01202",
        "name": "温泉民宿 鈴幸",
        "name_en": null,
        "kind": "guest_house",
        "stars": null,
        "rooms": null,
        "phone": null,
        "website": null,
        "operator": null,
        "address": null,
        "near_town": "n2377927288",
        "near_town_name": "伊東市",
        "osm_id": "w191055086"
      }
    },
    {
      "type": "Feature",
      "geometry": {
        "type": "Point",
        "coordinates": [
          139.090621,
          34.9753576
        ]
      },
      "properties": {
        "id": "l01203",
        "name": "パレスホテル",
        "name_en": "Palace Hotel",
        "kind": "hotel",
        "stars": null,
        "rooms": null,
        "phone": null,
        "website": "http://www.itopalace.co.jp/,http://en.itopalace.co.jp/",
        "operator": null,
        "address": "静岡県 伊東市",
        "near_town": "n2377927288",
        "near_town_name": "伊東市",
        "osm_id": "w191161212",
        "name_ko": "팰리스 호텔"
      }
    },
    {
      "type": "Feature",
      "geometry": {
        "type": "Point",
        "coordinates": [
          139.1261869,
          34.9373538
        ]
      },
      "properties": {
        "id": "l01204",
        "name": "サザンクロスリゾート",
        "name_en": "Southern Cross Resort",
        "kind": "hotel",
        "stars": null,
        "rooms": null,
        "phone": null,
        "website": "https://www.southerncross.co.jp/",
        "operator": null,
        "address": "静岡県 伊東市",
        "near_town": "n2377927288",
        "near_town_name": "伊東市",
        "osm_id": "w556170171",
        "name_ko": "소우t헤rㄴ c롯s 리조트"
      }
    },
    {
      "type": "Feature",
      "geometry": {
        "type": "Point",
        "coordinates": [
          139.0968054,
          34.9691092
        ]
      },
      "properties": {
        "id": "l01205",
        "name": "ホテル暖香園",
        "name_en": "Ito Onsen Hotel Dankoen",
        "kind": "hotel",
        "stars": null,
        "rooms": null,
        "phone": null,
        "website": "https://www.dankoen.com/,http://www.dankoen.com/en/",
        "operator": null,
        "address": "静岡県 伊東市",
        "near_town": "n2377927288",
        "near_town_name": "伊東市",
        "osm_id": "w563528573",
        "name_ko": "이토 온천 호텔 단코엔"
      }
    },
    {
      "type": "Feature",
      "geometry": {
        "type": "Point",
        "coordinates": [
          139.0959037,
          34.9682312
        ]
      },
      "properties": {
        "id": "l01206",
        "name": "ホテルハーヴェスト伊東",
        "name_en": "Hotel Harvest Ito",
        "kind": "hotel",
        "stars": null,
        "rooms": null,
        "phone": null,
        "website": "https://www.resorthotels109.com/ito/",
        "operator": null,
        "address": "静岡県 伊東市",
        "near_town": "n2377927288",
        "near_town_name": "伊東市",
        "osm_id": "w563528576",
        "name_ko": "호텔 하r베st 이토"
      }
    },
    {
      "type": "Feature",
      "geometry": {
        "type": "Point",
        "coordinates": [
          139.0947603,
          34.9692621
        ]
      },
      "properties": {
        "id": "l01207",
        "name": "伊東遊季亭",
        "name_en": "Ito-yukitei",
        "kind": "hotel",
        "stars": null,
        "rooms": null,
        "phone": null,
        "website": "https://www.ito-yukitei.com/",
        "operator": null,
        "address": "静岡県 伊東市",
        "near_town": "n2377927288",
        "near_town_name": "伊東市",
        "osm_id": "w563654709",
        "name_ko": "이토-유키테이"
      }
    },
    {
      "type": "Feature",
      "geometry": {
        "type": "Point",
        "coordinates": [
          139.0892967,
          34.9734956
        ]
      },
      "properties": {
        "id": "l01208",
        "name": "ホテル伊東ガーデン",
        "name_en": "Hotel Ito Garden",
        "kind": "hotel",
        "stars": null,
        "rooms": null,
        "phone": null,
        "website": "http://www.ito-garden.com/,http://www.ito-garden.com/en/",
        "operator": null,
        "address": "静岡県 伊東市",
        "near_town": "n2377927288",
        "near_town_name": "伊東市",
        "osm_id": "w564499177",
        "name_ko": "호텔 이토 가든"
      }
    },
    {
      "type": "Feature",
      "geometry": {
        "type": "Point",
        "coordinates": [
          138.9090336,
          34.9575837
        ]
      },
      "properties": {
        "id": "l01209",
        "name": "ラフォーレ修善寺",
        "name_en": null,
        "kind": "hotel",
        "stars": null,
        "rooms": null,
        "phone": null,
        "website": null,
        "operator": null,
        "address": null,
        "near_town": "n2377927290",
        "near_town_name": "伊豆市",
        "osm_id": "n1704046618"
      }
    },
    {
      "type": "Feature",
      "geometry": {
        "type": "Point",
        "coordinates": [
          138.9178164,
          34.9780962
        ]
      },
      "properties": {
        "id": "l01210",
        "name": "修善寺ユースホステル (Shuzenji Youth Hostel)",
        "name_en": "Shuzenji  Youth Hostel",
        "kind": "hostel",
        "stars": null,
        "rooms": null,
        "phone": null,
        "website": null,
        "operator": null,
        "address": null,
        "near_town": "n2377927290",
        "near_town_name": "伊豆市",
        "osm_id": "n1804881138",
        "name_ko": "슈젠지  유스 호스텔"
      }
    },
    {
      "type": "Feature",
      "geometry": {
        "type": "Point",
        "coordinates": [
          138.9322684,
          34.9730769
        ]
      },
      "properties": {
        "id": "l01211",
        "name": "ホテル滝亭",
        "name_en": "Hotel Takitei",
        "kind": "hotel",
        "stars": null,
        "rooms": null,
        "phone": null,
        "website": "http://www.takitei.net/,http://www.takitei.net/en/",
        "operator": null,
        "address": "静岡県 伊豆市",
        "near_town": "n2377927290",
        "near_town_name": "伊豆市",
        "osm_id": "n5301957369",
        "name_ko": "호텔 타키테이"
      }
    },
    {
      "type": "Feature",
      "geometry": {
        "type": "Point",
        "coordinates": [
          138.932484,
          34.9717519
        ]
      },
      "properties": {
        "id": "l01212",
        "name": "桂川",
        "name_en": "Katsuragawa",
        "kind": "hotel",
        "stars": null,
        "rooms": null,
        "phone": null,
        "website": "http://www.katuragawa.net/",
        "operator": "株式会社 桂川",
        "address": "静岡県 伊豆市",
        "near_town": "n2377927290",
        "near_town_name": "伊豆市",
        "osm_id": "n5301957385",
        "name_ko": "카쓰라가와"
      }
    },
    {
      "type": "Feature",
      "geometry": {
        "type": "Point",
        "coordinates": [
          138.927489,
          34.970008
        ]
      },
      "properties": {
        "id": "l01213",
        "name": "花小道",
        "name_en": "Hana-Komichi",
        "kind": "hotel",
        "stars": null,
        "rooms": null,
        "phone": null,
        "website": "http://www.hanakomichi.jp/",
        "operator": "株式会社桂川",
        "address": "静岡県 伊豆市",
        "near_town": "n2377927290",
        "near_town_name": "伊豆市",
        "osm_id": "n5302681823",
        "name_ko": "하나-코미치"
      }
    },
    {
      "type": "Feature",
      "geometry": {
        "type": "Point",
        "coordinates": [
          138.9299105,
          34.97039
        ]
      },
      "properties": {
        "id": "l01214",
        "name": "AKARI et KAORI（アカリ エ カオリ）",
        "name_en": "AKARI et KAORI",
        "kind": "hotel",
        "stars": null,
        "rooms": "9",
        "phone": "+81-0558-72-0331",
        "website": "https://www.akari-et-kaori.com/",
        "operator": null,
        "address": "静岡県 伊豆市",
        "near_town": "n2377927290",
        "near_town_name": "伊豆市",
        "osm_id": "n5302681824",
        "name_ko": "아카리 에t 카오리"
      }
    },
    {
      "type": "Feature",
      "geometry": {
        "type": "Point",
        "coordinates": [
          138.9298389,
          34.9709377
        ]
      },
      "properties": {
        "id": "l01215",
        "name": "湯回廊 菊屋",
        "name_en": "Kikuya",
        "kind": "hotel",
        "stars": null,
        "rooms": null,
        "phone": null,
        "website": "https://www.hotespa.net/hotels/kikuya/",
        "operator": "株式会社 共立メンテナンス",
        "address": "静岡県 伊豆市",
        "near_town": "n2377927290",
        "near_town_name": "伊豆市",
        "osm_id": "n5302779652",
        "name_ko": "키쿠야"
      }
    },
    {
      "type": "Feature",
      "geometry": {
        "type": "Point",
        "coordinates": [
          138.9263341,
          34.9688744
        ]
      },
      "properties": {
        "id": "l01216",
        "name": "宙SORA渡月荘金龍",
        "name_en": "Sora Togetuso Kinryu",
        "kind": "hotel",
        "stars": null,
        "rooms": null,
        "phone": null,
        "website": "https://www.kinryu.net/",
        "operator": null,
        "address": "静岡県 伊豆市",
        "near_town": "n2377927290",
        "near_town_name": "伊豆市",
        "osm_id": "n5303104070",
        "name_ko": "소라 토게쓰소 킨류"
      }
    },
    {
      "type": "Feature",
      "geometry": {
        "type": "Point",
        "coordinates": [
          138.9247384,
          34.9690577
        ]
      },
      "properties": {
        "id": "l01217",
        "name": "あさば旅館",
        "name_en": "Asaba",
        "kind": "hotel",
        "stars": null,
        "rooms": null,
        "phone": null,
        "website": "https://www.asaba-ryokan.com/",
        "operator": null,
        "address": null,
        "near_town": "n2377927290",
        "near_town_name": "伊豆市",
        "osm_id": "n5304251746",
        "name_ko": "아사바"
      }
    },
    {
      "type": "Feature",
      "geometry": {
        "type": "Point",
        "coordinates": [
          138.9219593,
          34.9697537
        ]
      },
      "properties": {
        "id": "l01218",
        "name": "瑞の里 ○久旅館",
        "name_en": "Mizu-no-sato Maru-kyu  Hotel",
        "kind": "hotel",
        "stars": null,
        "rooms": null,
        "phone": null,
        "website": "https://www.marukyu-ryokan.com/",
        "operator": null,
        "address": "静岡県 伊豆市",
        "near_town": "n2377927290",
        "near_town_name": "伊豆市",
        "osm_id": "n5304252148",
        "name_ko": "미즈-의-사토 마루-큐  호텔"
      }
    },
    {
      "type": "Feature",
      "geometry": {
        "type": "Point",
        "coordinates": [
          138.9219222,
          34.9682235
        ]
      },
      "properties": {
        "id": "l01219",
        "name": "ブリーズベイ修善寺ホテル",
        "name_en": "Breezbay Shuzenji Hotel",
        "kind": "hotel",
        "stars": null,
        "rooms": null,
        "phone": null,
        "website": "https://breezbay-group.com/shuzenji/",
        "operator": "BBHホテルグループ",
        "address": null,
        "near_town": "n2377927290",
        "near_town_name": "伊豆市",
        "osm_id": "n5304252353",
        "name_ko": "b레에z바y 슈젠지 호텔"
      }
    },
    {
      "type": "Feature",
      "geometry": {
        "type": "Point",
        "coordinates": [
          138.9245547,
          34.9715641
        ]
      },
      "properties": {
        "id": "l01220",
        "name": "和光",
        "name_en": "Wako",
        "kind": "hotel",
        "stars": null,
        "rooms": null,
        "phone": null,
        "website": "https://shuzenjionsenwakou.jp/",
        "operator": null,
        "address": null,
        "near_town": "n2377927290",
        "near_town_name": "伊豆市",
        "osm_id": "n5304395726",
        "name_ko": "와코"
      }
    },
    {
      "type": "Feature",
      "geometry": {
        "type": "Point",
        "coordinates": [
          138.9204986,
          34.9704014
        ]
      },
      "properties": {
        "id": "l01221",
        "name": "柳生の庄",
        "name_en": "Yagyu-no-Sho",
        "kind": "hotel",
        "stars": null,
        "rooms": null,
        "phone": null,
        "website": "https://www.yagyu-no-sho.com/",
        "operator": null,
        "address": null,
        "near_town": "n2377927290",
        "near_town_name": "伊豆市",
        "osm_id": "n5306252116",
        "name_ko": "야규-의-쇼"
      }
    },
    {
      "type": "Feature",
      "geometry": {
        "type": "Point",
        "coordinates": [
          138.920355,
          34.9690194
        ]
      },
      "properties": {
        "id": "l01222",
        "name": "本格会席と源泉の湯 伊豆修善寺 絆+",
        "name_en": "Kizuna",
        "kind": "hotel",
        "stars": null,
        "rooms": null,
        "phone": "0558-79-3722",
        "website": "https://kizuna-shuzenji.com/",
        "operator": "株式会社ベリークルーズ",
        "address": null,
        "near_town": "n2377927290",
        "near_town_name": "伊豆市",
        "osm_id": "n5306596526",
        "name_ko": "키즈나"
      }
    },
    {
      "type": "Feature",
      "geometry": {
        "type": "Point",
        "coordinates": [
          138.926742,
          34.9704638
        ]
      },
      "properties": {
        "id": "l01223",
        "name": "新井旅館",
        "name_en": "Arai Ryokan",
        "kind": "hotel",
        "stars": null,
        "rooms": null,
        "phone": null,
        "website": "http://arairyokan.net/,http://arairyokan.net/english/",
        "operator": null,
        "address": "静岡県 伊豆市",
        "near_town": "n2377927290",
        "near_town_name": "伊豆市",
        "osm_id": "n5307973434",
        "name_ko": "아라이 료칸"
      }
    },
    {
      "type": "Feature",
      "geometry": {
        "type": "Point",
        "coordinates": [
          138.9238782,
          34.9701635
        ]
      },
      "properties": {
        "id": "l01224",
        "name": "花月園",
        "name_en": "Kagetsuen",
        "kind": "hotel",
        "stars": null,
        "rooms": null,
        "phone": null,
        "website": "http://www.kagetsuen.co.jp/",
        "operator": null,
        "address": null,
        "near_town": "n2377927290",
        "near_town_name": "伊豆市",
        "osm_id": "n5307973436",
        "name_ko": "카게쓰엔"
      }
    },
    {
      "type": "Feature",
      "geometry": {
        "type": "Point",
        "coordinates": [
          138.9197751,
          34.97091
        ]
      },
      "properties": {
        "id": "l01225",
        "name": "修善寺石亭 鬼の栖",
        "name_en": "Oninosumika",
        "kind": "hotel",
        "stars": null,
        "rooms": null,
        "phone": null,
        "website": "http://www.sekitei.co.jp/oni/",
        "operator": null,
        "address": "静岡県 伊豆市",
        "near_town": "n2377927290",
        "near_town_name": "伊豆市",
        "osm_id": "n5308049958",
        "name_ko": "오니노스미카"
      }
    },
    {
      "type": "Feature",
      "geometry": {
        "type": "Point",
        "coordinates": [
          138.9304703,
          34.9714768
        ]
      },
      "properties": {
        "id": "l01226",
        "name": "五葉館",
        "name_en": "Goyokan",
        "kind": "hotel",
        "stars": null,
        "rooms": null,
        "phone": null,
        "website": "http://www.goyokan.co.jp/",
        "operator": null,
        "address": null,
        "near_town": "n2377927290",
        "near_town_name": "伊豆市",
        "osm_id": "n5308050334",
        "name_ko": "고요칸"
      }
    },
    {
      "type": "Feature",
      "geometry": {
        "type": "Point",
        "coordinates": [
          138.9263033,
          34.9713415
        ]
      },
      "properties": {
        "id": "l01227",
        "name": "金福荘",
        "name_en": "Kinpukuso",
        "kind": "hotel",
        "stars": null,
        "rooms": null,
        "phone": null,
        "website": "https://www.kinpukuso.co.jp/",
        "operator": null,
        "address": null,
        "near_town": "n2377927290",
        "near_town_name": "伊豆市",
        "osm_id": "n5308050335",
        "name_ko": "킨푸쿠소"
      }
    },
    {
      "type": "Feature",
      "geometry": {
        "type": "Point",
        "coordinates": [
          138.9404629,
          34.9923921
        ]
      },
      "properties": {
        "id": "l01228",
        "name": "一二三荘",
        "name_en": "Hifumi-So",
        "kind": "hotel",
        "stars": null,
        "rooms": null,
        "phone": null,
        "website": "https://www.123-sou.com/",
        "operator": null,
        "address": null,
        "near_town": "n2377927290",
        "near_town_name": "伊豆市",
        "osm_id": "n5321845982",
        "name_ko": "히후미-소"
      }
    },
    {
      "type": "Feature",
      "geometry": {
        "type": "Point",
        "coordinates": [
          138.9425212,
          34.9963819
        ]
      },
      "properties": {
        "id": "l01229",
        "name": "大仁ホテル",
        "name_en": "Ohito Hotel",
        "kind": "hotel",
        "stars": null,
        "rooms": null,
        "phone": null,
        "website": "http://www.itoenhotel.com/search_hotel/hotellist/819_oohito/tabid/276/Default.aspx",
        "operator": null,
        "address": null,
        "near_town": "n2377927290",
        "near_town_name": "伊豆市",
        "osm_id": "n5323223601",
        "name_ko": "오히토 호텔"
      }
    },
    {
      "type": "Feature",
      "geometry": {
        "type": "Point",
        "coordinates": [
          138.9423342,
          34.9895194
        ]
      },
      "properties": {
        "id": "l01230",
        "name": "ホテル オリーブの木",
        "name_en": "Hotel Olive no Ki",
        "kind": "hotel",
        "stars": null,
        "rooms": null,
        "phone": null,
        "website": "http://izu.tokinosumika.com/olive/",
        "operator": null,
        "address": null,
        "near_town": "n2377927290",
        "near_town_name": "伊豆市",
        "osm_id": "n5323225475",
        "name_ko": "호텔 오리베 의 키"
      }
    },
    {
      "type": "Feature",
      "geometry": {
        "type": "Point",
        "coordinates": [
          138.9406959,
          34.9929128
        ]
      },
      "properties": {
        "id": "l01231",
        "name": "富士屋旅館",
        "name_en": "Fujiya Hotel",
        "kind": "hotel",
        "stars": null,
        "rooms": null,
        "phone": null,
        "website": null,
        "operator": null,
        "address": null,
        "near_town": "n2377927290",
        "near_town_name": "伊豆市",
        "osm_id": "n5466798254",
        "name_ko": "후지야 호텔"
      }
    },
    {
      "type": "Feature",
      "geometry": {
        "type": "Point",
        "coordinates": [
          138.9069283,
          34.9581218
        ]
      },
      "properties": {
        "id": "l01232",
        "name": "ホテルラフォーレ修善寺",
        "name_en": "Hotel Laforet Shuzenji",
        "kind": "hotel",
        "stars": null,
        "rooms": null,
        "phone": null,
        "website": "https://www.laforet.co.jp/shuzenji/,https://www.laforetszj.com/en-gb",
        "operator": null,
        "address": "静岡県 伊豆市",
        "near_town": "n2377927290",
        "near_town_name": "伊豆市",
        "osm_id": "n6279924139",
        "name_ko": "호텔 라포레t 슈젠지"
      }
    },
    {
      "type": "Feature",
      "geometry": {
        "type": "Point",
        "coordinates": [
          138.9194379,
          34.9551534
        ]
      },
      "properties": {
        "id": "l01233",
        "name": "伊豆マリオットホテル修善寺",
        "name_en": "Izu Mariotte Hotel Shuzenji",
        "kind": "hotel",
        "stars": null,
        "rooms": null,
        "phone": null,
        "website": null,
        "operator": null,
        "address": null,
        "near_town": "n2377927290",
        "near_town_name": "伊豆市",
        "osm_id": "w578455734",
        "name_ko": "이즈 마리옷테 호텔 슈젠지"
      }
    },
    {
      "type": "Feature",
      "geometry": {
        "type": "Point",
        "coordinates": [
          138.9317054,
          35.0270152
        ]
      },
      "properties": {
        "id": "l01234",
        "name": "ニュー八景園",
        "name_en": "New Hakkei En",
        "kind": "hotel",
        "stars": null,
        "rooms": null,
        "phone": null,
        "website": "https://www.hakkeien.jp/",
        "operator": null,
        "address": "静岡県 伊豆の国市",
        "near_town": "n2377927289",
        "near_town_name": "伊豆の国市",
        "osm_id": "n5344336970",
        "name_ko": "네w 핫케이 엔"
      }
    },
    {
      "type": "Feature",
      "geometry": {
        "type": "Point",
        "coordinates": [
          138.9275993,
          35.0324248
        ]
      },
      "properties": {
        "id": "l01235",
        "name": "伊豆長岡ホテル天坊",
        "name_en": "Izu-nagaoka Hotel Tenbou",
        "kind": "hotel",
        "stars": null,
        "rooms": null,
        "phone": "0559471919",
        "website": "https://www.izu-tenbo.com/",
        "operator": null,
        "address": "静岡県 伊豆の国市",
        "near_town": "n2377927289",
        "near_town_name": "伊豆の国市",
        "osm_id": "n5345014216",
        "name_ko": "이즈-나가오카 호텔 텐보우"
      }
    },
    {
      "type": "Feature",
      "geometry": {
        "type": "Point",
        "coordinates": [
          138.9337925,
          35.0301065
        ]
      },
      "properties": {
        "id": "l01236",
        "name": "弘法の湯 長岡店",
        "name_en": "Kobo-no-Yu  Nagaoka Store",
        "kind": "hotel",
        "stars": null,
        "rooms": null,
        "phone": null,
        "website": null,
        "operator": null,
        "address": null,
        "near_town": "n2377927289",
        "near_town_name": "伊豆の国市",
        "osm_id": "n5797570253",
        "name_ko": "코보-의-유  나가오카 s토레"
      }
    },
    {
      "type": "Feature",
      "geometry": {
        "type": "Point",
        "coordinates": [
          138.9292927,
          35.0352579
        ]
      },
      "properties": {
        "id": "l01237",
        "name": "ホテルサンバレー伊豆長岡",
        "name_en": "Hotel Sunvalley Izunagaoka",
        "kind": "hotel",
        "stars": null,
        "rooms": null,
        "phone": null,
        "website": "https://www.izu3800.jp/",
        "operator": null,
        "address": "静岡県 伊豆の国市",
        "near_town": "n2377927289",
        "near_town_name": "伊豆の国市",
        "osm_id": "n6249013685",
        "name_ko": "호텔 슨밧레y 이즈나가오카"
      }
    },
    {
      "type": "Feature",
      "geometry": {
        "type": "Point",
        "coordinates": [
          138.935888,
          35.0362432
        ]
      },
      "properties": {
        "id": "l01238",
        "name": "楽山やすだ",
        "name_en": "Rakuzan Yasuda",
        "kind": "hotel",
        "stars": null,
        "rooms": null,
        "phone": null,
        "website": "https://www.rakuzan.net/",
        "operator": null,
        "address": "静岡県 伊豆の国市",
        "near_town": "n2377927289",
        "near_town_name": "伊豆の国市",
        "osm_id": "n6255403869",
        "name_ko": "라쿠잔 야스다"
      }
    },
    {
      "type": "Feature",
      "geometry": {
        "type": "Point",
        "coordinates": [
          138.9342423,
          35.0389935
        ]
      },
      "properties": {
        "id": "l01239",
        "name": "三養荘",
        "name_en": "Sanyo-so",
        "kind": "hotel",
        "stars": null,
        "rooms": null,
        "phone": null,
        "website": "https://www.princehotels.co.jp/sanyo-so/",
        "operator": null,
        "address": "静岡県 伊豆の国市",
        "near_town": "n2377927289",
        "near_town_name": "伊豆の国市",
        "osm_id": "n6265442670",
        "name_ko": "사뇨-소"
      }
    },
    {
      "type": "Feature",
      "geometry": {
        "type": "Point",
        "coordinates": [
          138.937904,
          35.0358912
        ]
      },
      "properties": {
        "id": "l01240",
        "name": "ホテル・アクアサンタ",
        "name_en": "Hotel Aqua Santa",
        "kind": "hotel",
        "stars": null,
        "rooms": null,
        "phone": null,
        "website": "https://www.bocca1.com/",
        "operator": null,
        "address": null,
        "near_town": "n2377927289",
        "near_town_name": "伊豆の国市",
        "osm_id": "n6673911909",
        "name_ko": "호텔 아q우아 산타"
      }
    },
    {
      "type": "Feature",
      "geometry": {
        "type": "Point",
        "coordinates": [
          138.9389874,
          35.0357262
        ]
      },
      "properties": {
        "id": "l01241",
        "name": "伊古奈荘",
        "name_en": "Ikona So",
        "kind": "hotel",
        "stars": null,
        "rooms": null,
        "phone": null,
        "website": "https://ikonaso.com/",
        "operator": null,
        "address": null,
        "near_town": "n2377927289",
        "near_town_name": "伊豆の国市",
        "osm_id": "n6673911934",
        "name_ko": "이코나 소"
      }
    },
    {
      "type": "Feature",
      "geometry": {
        "type": "Point",
        "coordinates": [
          138.9375466,
          35.0353185
        ]
      },
      "properties": {
        "id": "l01242",
        "name": "コナステイ伊豆長岡",
        "name_en": "KONA STAY  Izu Nagaoka",
        "kind": "hotel",
        "stars": null,
        "rooms": null,
        "phone": null,
        "website": "https://www.konastay.jp/",
        "operator": null,
        "address": null,
        "near_town": "n2377927289",
        "near_town_name": "伊豆の国市",
        "osm_id": "n7330717234",
        "name_ko": "코나 s타y  이즈 나가오카"
      }
    },
    {
      "type": "Feature",
      "geometry": {
        "type": "Point",
        "coordinates": [
          138.9366597,
          35.0366912
        ]
      },
      "properties": {
        "id": "l01243",
        "name": "KKR伊豆長岡 千歳荘",
        "name_en": "KKR Izu Nagaoka Chitoseso",
        "kind": "hotel",
        "stars": null,
        "rooms": null,
        "phone": null,
        "website": null,
        "operator": null,
        "address": null,
        "near_town": "n2377927289",
        "near_town_name": "伊豆の国市",
        "osm_id": "n7330717237",
        "name_ko": "ㅅkr 이즈 나가오카 치토세소"
      }
    },
    {
      "type": "Feature",
      "geometry": {
        "type": "Point",
        "coordinates": [
          138.9359125,
          35.0348634
        ]
      },
      "properties": {
        "id": "l01244",
        "name": "香湯楼井川",
        "name_en": "Kouyuro   Ikawa",
        "kind": "hotel",
        "stars": null,
        "rooms": null,
        "phone": null,
        "website": null,
        "operator": null,
        "address": null,
        "near_town": "n2377927289",
        "near_town_name": "伊豆の国市",
        "osm_id": "n7330717238",
        "name_ko": "코우유로   이카와"
      }
    },
    {
      "type": "Feature",
      "geometry": {
        "type": "Point",
        "coordinates": [
          138.9416617,
          35.03447
        ]
      },
      "properties": {
        "id": "l01245",
        "name": "ホテルサンバレー 富士見",
        "name_en": "Hotel Sun Valley  Fujimi",
        "kind": "hotel",
        "stars": null,
        "rooms": null,
        "phone": null,
        "website": null,
        "operator": null,
        "address": null,
        "near_town": "n2377927289",
        "near_town_name": "伊豆の国市",
        "osm_id": "n7330717242",
        "name_ko": "호텔 선 밧레y  후지미"
      }
    },
    {
      "type": "Feature",
      "geometry": {
        "type": "Point",
        "coordinates": [
          138.9379223,
          35.0342724
        ]
      },
      "properties": {
        "id": "l01246",
        "name": "正平荘",
        "name_en": "Shoheiso",
        "kind": "hotel",
        "stars": null,
        "rooms": null,
        "phone": null,
        "website": null,
        "operator": null,
        "address": null,
        "near_town": "n2377927289",
        "near_town_name": "伊豆の国市",
        "osm_id": "n7330717245",
        "name_ko": "쇼헤이소"
      }
    },
    {
      "type": "Feature",
      "geometry": {
        "type": "Point",
        "coordinates": [
          138.9380387,
          35.0363494
        ]
      },
      "properties": {
        "id": "l01247",
        "name": "LOCANDA いづい",
        "name_en": null,
        "kind": "hotel",
        "stars": null,
        "rooms": null,
        "phone": null,
        "website": null,
        "operator": null,
        "address": null,
        "near_town": "n2377927289",
        "near_town_name": "伊豆の国市",
        "osm_id": "n7330717246"
      }
    },
    {
      "type": "Feature",
      "geometry": {
        "type": "Point",
        "coordinates": [
          138.9411012,
          35.0332186
        ]
      },
      "properties": {
        "id": "l01248",
        "name": "伊豆長岡温泉京急ホテル",
        "name_en": "Izu Nagaoka-Onsen Keikyu Hotel",
        "kind": "hotel",
        "stars": null,
        "rooms": null,
        "phone": null,
        "website": null,
        "operator": null,
        "address": null,
        "near_town": "n2377927289",
        "near_town_name": "伊豆の国市",
        "osm_id": "n7330717248",
        "name_ko": "이즈 나가오카-온천 케이큐 호텔"
      }
    },
    {
      "type": "Feature",
      "geometry": {
        "type": "Point",
        "coordinates": [
          138.9289211,
          35.0288034
        ]
      },
      "properties": {
        "id": "l01249",
        "name": "ホテルサンバレー アネックス",
        "name_en": "Hotel  Sun Valley  Annex",
        "kind": "hotel",
        "stars": null,
        "rooms": null,
        "phone": null,
        "website": "https://izu3800.jp/annex/",
        "operator": null,
        "address": null,
        "near_town": "n2377927289",
        "near_town_name": "伊豆の国市",
        "osm_id": "n7658645775",
        "name_ko": "호텔  선 밧레y  별관"
      }
    },
    {
      "type": "Feature",
      "geometry": {
        "type": "Point",
        "coordinates": [
          138.9317471,
          35.0310737
        ]
      },
      "properties": {
        "id": "l01250",
        "name": "小松家八の坊",
        "name_en": "Komatsuya Hachi-no-Bo",
        "kind": "hotel",
        "stars": null,
        "rooms": null,
        "phone": null,
        "website": "https://hachinobo.com/",
        "operator": null,
        "address": null,
        "near_town": "n2377927289",
        "near_town_name": "伊豆の国市",
        "osm_id": "n9315646857",
        "name_ko": "코마쓰야 하치-의-보"
      }
    },
    {
      "type": "Feature",
      "geometry": {
        "type": "Point",
        "coordinates": [
          138.931672,
          35.0313527
        ]
      },
      "properties": {
        "id": "l01251",
        "name": "福狸亭 小川家",
        "name_en": "Fukuritei  Ogawaya",
        "kind": "hotel",
        "stars": null,
        "rooms": null,
        "phone": null,
        "website": "https://fukuriteiogawaya.com/",
        "operator": null,
        "address": null,
        "near_town": "n2377927289",
        "near_town_name": "伊豆の国市",
        "osm_id": "n9315646858",
        "name_ko": "후쿠리테이  오가와야"
      }
    },
    {
      "type": "Feature",
      "geometry": {
        "type": "Point",
        "coordinates": [
          138.9321924,
          35.0320028
        ]
      },
      "properties": {
        "id": "l01252",
        "name": "いづみ荘",
        "name_en": "Izumiso",
        "kind": "hotel",
        "stars": null,
        "rooms": null,
        "phone": null,
        "website": "https://www.saneatunoyado.com/",
        "operator": null,
        "address": null,
        "near_town": "n2377927289",
        "near_town_name": "伊豆の国市",
        "osm_id": "n9315646859",
        "name_ko": "이즈미소"
      }
    },
    {
      "type": "Feature",
      "geometry": {
        "type": "Point",
        "coordinates": [
          138.9330066,
          35.0322549
        ]
      },
      "properties": {
        "id": "l01253",
        "name": "あやめの宿",
        "name_en": "Ayame-no-Yado",
        "kind": "hotel",
        "stars": null,
        "rooms": null,
        "phone": null,
        "website": "http://www.ayame-yado.com/",
        "operator": null,
        "address": null,
        "near_town": "n2377927289",
        "near_town_name": "伊豆の国市",
        "osm_id": "n9315646860",
        "name_ko": "아야메-의-야도"
      }
    },
    {
      "type": "Feature",
      "geometry": {
        "type": "Point",
        "coordinates": [
          138.9350643,
          35.0372174
        ]
      },
      "properties": {
        "id": "l01254",
        "name": "頼朝の湯 本陣",
        "name_en": null,
        "kind": "hotel",
        "stars": null,
        "rooms": null,
        "phone": null,
        "website": "https://www.y-honjin.com/",
        "operator": null,
        "address": null,
        "near_town": "n2377927289",
        "near_town_name": "伊豆の国市",
        "osm_id": "n9315689262"
      }
    },
    {
      "type": "Feature",
      "geometry": {
        "type": "Point",
        "coordinates": [
          138.9358031,
          35.0380205
        ]
      },
      "properties": {
        "id": "l01255",
        "name": "弘法の湯 本店",
        "name_en": "Kobo-no-Yu  Headquarter",
        "kind": "hotel",
        "stars": null,
        "rooms": null,
        "phone": null,
        "website": "https://koubounoyu.jp/honten/index.html",
        "operator": null,
        "address": null,
        "near_town": "n2377927289",
        "near_town_name": "伊豆の国市",
        "osm_id": "n9315689263",
        "name_ko": "코보-의-유  헤아dq우아r테r"
      }
    },
    {
      "type": "Feature",
      "geometry": {
        "type": "Point",
        "coordinates": [
          138.9359341,
          35.0390968
        ]
      },
      "properties": {
        "id": "l01256",
        "name": "すみよし館",
        "name_en": "Sumiyoshikan",
        "kind": "hotel",
        "stars": null,
        "rooms": null,
        "phone": null,
        "website": "http://www.spasumiyosikan.jp/",
        "operator": null,
        "address": null,
        "near_town": "n2377927289",
        "near_town_name": "伊豆の国市",
        "osm_id": "n9315696938",
        "name_ko": "스미요시칸"
      }
    },
    {
      "type": "Feature",
      "geometry": {
        "type": "Point",
        "coordinates": [
          138.9322364,
          35.03101
        ]
      },
      "properties": {
        "id": "l01257",
        "name": "南山荘",
        "name_en": null,
        "kind": "hotel",
        "stars": null,
        "rooms": null,
        "phone": null,
        "website": null,
        "operator": null,
        "address": null,
        "near_town": "n2377927289",
        "near_town_name": "伊豆の国市",
        "osm_id": "n10711631982"
      }
    },
    {
      "type": "Feature",
      "geometry": {
        "type": "Point",
        "coordinates": [
          138.9335068,
          35.0327158
        ]
      },
      "properties": {
        "id": "l01258",
        "name": "桂の泉",
        "name_en": "Katsura-no-Izumi",
        "kind": "hotel",
        "stars": null,
        "rooms": null,
        "phone": null,
        "website": null,
        "operator": null,
        "address": null,
        "near_town": "n2377927289",
        "near_town_name": "伊豆の国市",
        "osm_id": "n11848578040",
        "name_ko": "카쓰라-의-이즈미"
      }
    },
    {
      "type": "Feature",
      "geometry": {
        "type": "Point",
        "coordinates": [
          138.8867925,
          35.0355585
        ]
      },
      "properties": {
        "id": "l01259",
        "name": "淡島ホテル",
        "name_en": null,
        "kind": "hotel",
        "stars": null,
        "rooms": null,
        "phone": null,
        "website": null,
        "operator": null,
        "address": null,
        "near_town": "n2377927289",
        "near_town_name": "伊豆の国市",
        "osm_id": "w403593919"
      }
    },
    {
      "type": "Feature",
      "geometry": {
        "type": "Point",
        "coordinates": [
          138.8974309,
          35.0203027
        ]
      },
      "properties": {
        "id": "l01260",
        "name": "安田屋旅館",
        "name_en": "Yasudaya Inn",
        "kind": "hotel",
        "stars": null,
        "rooms": null,
        "phone": "+81-055-943-2121",
        "website": "https://mitoyasudaya.com/",
        "operator": null,
        "address": "静岡県 沼津市",
        "near_town": "n2377927289",
        "near_town_name": "伊豆の国市",
        "osm_id": "w403663193",
        "name_ko": "야스다야 인"
      }
    },
    {
      "type": "Feature",
      "geometry": {
        "type": "Point",
        "coordinates": [
          138.8949053,
          35.033458
        ]
      },
      "properties": {
        "id": "l01261",
        "name": "弘昭丸",
        "name_en": null,
        "kind": "guest_house",
        "stars": null,
        "rooms": null,
        "phone": null,
        "website": null,
        "operator": null,
        "address": null,
        "near_town": "n2377927289",
        "near_town_name": "伊豆の国市",
        "osm_id": "w403821295"
      }
    },
    {
      "type": "Feature",
      "geometry": {
        "type": "Point",
        "coordinates": [
          138.8953015,
          35.0344122
        ]
      },
      "properties": {
        "id": "l01262",
        "name": "なかや",
        "name_en": null,
        "kind": "guest_house",
        "stars": null,
        "rooms": null,
        "phone": null,
        "website": null,
        "operator": null,
        "address": null,
        "near_town": "n2377927289",
        "near_town_name": "伊豆の国市",
        "osm_id": "w403827928"
      }
    },
    {
      "type": "Feature",
      "geometry": {
        "type": "Point",
        "coordinates": [
          138.8960257,
          35.0349989
        ]
      },
      "properties": {
        "id": "l01263",
        "name": "淡島丸",
        "name_en": null,
        "kind": "guest_house",
        "stars": null,
        "rooms": null,
        "phone": null,
        "website": null,
        "operator": null,
        "address": null,
        "near_town": "n2377927289",
        "near_town_name": "伊豆の国市",
        "osm_id": "w403827944"
      }
    },
    {
      "type": "Feature",
      "geometry": {
        "type": "Point",
        "coordinates": [
          138.8963459,
          35.0353336
        ]
      },
      "properties": {
        "id": "l01264",
        "name": "美春荘",
        "name_en": null,
        "kind": "guest_house",
        "stars": null,
        "rooms": null,
        "phone": null,
        "website": null,
        "operator": null,
        "address": null,
        "near_town": "n2377927289",
        "near_town_name": "伊豆の国市",
        "osm_id": "w403827950"
      }
    },
    {
      "type": "Feature",
      "geometry": {
        "type": "Point",
        "coordinates": [
          138.8970516,
          35.0361587
        ]
      },
      "properties": {
        "id": "l01265",
        "name": "ふじはら",
        "name_en": null,
        "kind": "guest_house",
        "stars": null,
        "rooms": null,
        "phone": null,
        "website": null,
        "operator": null,
        "address": null,
        "near_town": "n2377927289",
        "near_town_name": "伊豆の国市",
        "osm_id": "w403829217"
      }
    },
    {
      "type": "Feature",
      "geometry": {
        "type": "Point",
        "coordinates": [
          138.9035829,
          35.0452132
        ]
      },
      "properties": {
        "id": "l01266",
        "name": "舟平",
        "name_en": null,
        "kind": "guest_house",
        "stars": null,
        "rooms": null,
        "phone": null,
        "website": null,
        "operator": null,
        "address": null,
        "near_town": "n2377927289",
        "near_town_name": "伊豆の国市",
        "osm_id": "w403832850"
      }
    },
    {
      "type": "Feature",
      "geometry": {
        "type": "Point",
        "coordinates": [
          138.8969038,
          35.0363597
        ]
      },
      "properties": {
        "id": "l01267",
        "name": "ニュー白坂",
        "name_en": null,
        "kind": "guest_house",
        "stars": null,
        "rooms": null,
        "phone": null,
        "website": null,
        "operator": null,
        "address": null,
        "near_town": "n2377927289",
        "near_town_name": "伊豆の国市",
        "osm_id": "w404670581"
      }
    },
    {
      "type": "Feature",
      "geometry": {
        "type": "Point",
        "coordinates": [
          138.8965085,
          35.0355948
        ]
      },
      "properties": {
        "id": "l01268",
        "name": "淡路",
        "name_en": null,
        "kind": "guest_house",
        "stars": null,
        "rooms": null,
        "phone": null,
        "website": null,
        "operator": null,
        "address": null,
        "near_town": "n2377927289",
        "near_town_name": "伊豆の国市",
        "osm_id": "w412076175"
      }
    },
    {
      "type": "Feature",
      "geometry": {
        "type": "Point",
        "coordinates": [
          138.9318367,
          35.0328225
        ]
      },
      "properties": {
        "id": "l01269",
        "name": "一條",
        "name_en": null,
        "kind": "hotel",
        "stars": null,
        "rooms": null,
        "phone": null,
        "website": null,
        "operator": null,
        "address": null,
        "near_town": "n2377927289",
        "near_town_name": "伊豆の国市",
        "osm_id": "w412941867"
      }
    },
    {
      "type": "Feature",
      "geometry": {
        "type": "Point",
        "coordinates": [
          138.9303466,
          35.0333617
        ]
      },
      "properties": {
        "id": "l01270",
        "name": "茜",
        "name_en": null,
        "kind": "hotel",
        "stars": null,
        "rooms": null,
        "phone": null,
        "website": null,
        "operator": null,
        "address": null,
        "near_town": "n2377927289",
        "near_town_name": "伊豆の国市",
        "osm_id": "w412941875"
      }
    },
    {
      "type": "Feature",
      "geometry": {
        "type": "Point",
        "coordinates": [
          138.9325156,
          35.032567
        ]
      },
      "properties": {
        "id": "l01271",
        "name": "金城館",
        "name_en": "kinjoukan",
        "kind": "hotel",
        "stars": null,
        "rooms": null,
        "phone": null,
        "website": null,
        "operator": null,
        "address": null,
        "near_town": "n2377927289",
        "near_town_name": "伊豆の国市",
        "osm_id": "w412941880",
        "name_ko": "킨조우칸"
      }
    },
    {
      "type": "Feature",
      "geometry": {
        "type": "Point",
        "coordinates": [
          138.9405738,
          35.0376019
        ]
      },
      "properties": {
        "id": "l01272",
        "name": "富嶽はなぶさ",
        "name_en": null,
        "kind": "hotel",
        "stars": null,
        "rooms": null,
        "phone": null,
        "website": null,
        "operator": null,
        "address": "静岡県 伊豆の国市",
        "near_town": "n2377927289",
        "near_town_name": "伊豆の国市",
        "osm_id": "w553801246"
      }
    },
    {
      "type": "Feature",
      "geometry": {
        "type": "Point",
        "coordinates": [
          137.9644342,
          35.8446997
        ]
      },
      "properties": {
        "id": "l01273",
        "name": "ファインデイズホテル",
        "name_en": null,
        "kind": "hotel",
        "stars": null,
        "rooms": null,
        "phone": null,
        "website": null,
        "operator": null,
        "address": null,
        "near_town": "n702987327",
        "near_town_name": "伊那市",
        "osm_id": "n1477429297"
      }
    },
    {
      "type": "Feature",
      "geometry": {
        "type": "Point",
        "coordinates": [
          137.9644844,
          35.8435506
        ]
      },
      "properties": {
        "id": "l01274",
        "name": "美義屋",
        "name_en": null,
        "kind": "hotel",
        "stars": null,
        "rooms": null,
        "phone": null,
        "website": null,
        "operator": null,
        "address": null,
        "near_town": "n702987327",
        "near_town_name": "伊那市",
        "osm_id": "n10997381113"
      }
    },
    {
      "type": "Feature",
      "geometry": {
        "type": "Point",
        "coordinates": [
          137.9685372,
          35.821592
        ]
      },
      "properties": {
        "id": "l01275",
        "name": "赤石商店",
        "name_en": null,
        "kind": "guest_house",
        "stars": null,
        "rooms": null,
        "phone": null,
        "website": null,
        "operator": null,
        "address": null,
        "near_town": "n702987327",
        "near_town_name": "伊那市",
        "osm_id": "n12960246068"
      }
    },
    {
      "type": "Feature",
      "geometry": {
        "type": "Point",
        "coordinates": [
          137.9464836,
          35.8622736
        ]
      },
      "properties": {
        "id": "l01276",
        "name": "ルートイン 伊那インター",
        "name_en": null,
        "kind": "hotel",
        "stars": null,
        "rooms": null,
        "phone": null,
        "website": null,
        "operator": null,
        "address": null,
        "near_town": "n702987327",
        "near_town_name": "伊那市",
        "osm_id": "n13340267701"
      }
    },
    {
      "type": "Feature",
      "geometry": {
        "type": "Point",
        "coordinates": [
          137.970842,
          35.8495465
        ]
      },
      "properties": {
        "id": "l01277",
        "name": "ホテルルートインコート伊那",
        "name_en": null,
        "kind": "hotel",
        "stars": null,
        "rooms": null,
        "phone": "05018072562",
        "website": "https://www.route-inn.co.jp/hotel_list/nagano/index_hotel_id_44/?utm_source=google&utm_medium=gbp&utm_campaign=web",
        "operator": null,
        "address": "長野県 伊那市",
        "near_town": "n702987327",
        "near_town_name": "伊那市",
        "osm_id": "n13381094164"
      }
    },
    {
      "type": "Feature",
      "geometry": {
        "type": "Point",
        "coordinates": [
          137.9302289,
          35.7418428
        ]
      },
      "properties": {
        "id": "l01278",
        "name": "プレモント",
        "name_en": null,
        "kind": "hotel",
        "stars": null,
        "rooms": null,
        "phone": null,
        "website": null,
        "operator": null,
        "address": null,
        "near_town": "n702987332",
        "near_town_name": "駒ヶ根市",
        "osm_id": "n1193762240"
      }
    },
    {
      "type": "Feature",
      "geometry": {
        "type": "Point",
        "coordinates": [
          137.9293063,
          35.7410939
        ]
      },
      "properties": {
        "id": "l01279",
        "name": "ルートイン",
        "name_en": null,
        "kind": "hotel",
        "stars": null,
        "rooms": null,
        "phone": null,
        "website": null,
        "operator": null,
        "address": null,
        "near_town": "n702987332",
        "near_town_name": "駒ヶ根市",
        "osm_id": "n1193762248"
      }
    },
    {
      "type": "Feature",
      "geometry": {
        "type": "Point",
        "coordinates": [
          137.935434,
          35.7367547
        ]
      },
      "properties": {
        "id": "l01280",
        "name": "グリーンホテル",
        "name_en": null,
        "kind": "hotel",
        "stars": null,
        "rooms": null,
        "phone": null,
        "website": null,
        "operator": null,
        "address": null,
        "near_town": "n702987332",
        "near_town_name": "駒ヶ根市",
        "osm_id": "n1193762251"
      }
    },
    {
      "type": "Feature",
      "geometry": {
        "type": "Point",
        "coordinates": [
          137.9342844,
          35.736522
        ]
      },
      "properties": {
        "id": "l01281",
        "name": "ホテルオオハシ",
        "name_en": null,
        "kind": "hotel",
        "stars": null,
        "rooms": null,
        "phone": null,
        "website": null,
        "operator": null,
        "address": null,
        "near_town": "n702987332",
        "near_town_name": "駒ヶ根市",
        "osm_id": "n1193762255"
      }
    },
    {
      "type": "Feature",
      "geometry": {
        "type": "Point",
        "coordinates": [
          137.8916478,
          35.7377412
        ]
      },
      "properties": {
        "id": "l01282",
        "name": "Komagane Youth Hostel",
        "name_en": null,
        "kind": "hostel",
        "stars": null,
        "rooms": null,
        "phone": null,
        "website": null,
        "operator": null,
        "address": null,
        "near_town": "n702987332",
        "near_town_name": "駒ヶ根市",
        "osm_id": "w243985861"
      }
    },
    {
      "type": "Feature",
      "geometry": {
        "type": "Point",
        "coordinates": [
          137.8915694,
          35.7383004
        ]
      },
      "properties": {
        "id": "l01283",
        "name": "国民宿舎すずらん荘",
        "name_en": null,
        "kind": "hotel",
        "stars": null,
        "rooms": null,
        "phone": null,
        "website": null,
        "operator": null,
        "address": null,
        "near_town": "n702987332",
        "near_town_name": "駒ヶ根市",
        "osm_id": "w243985867"
      }
    },
    {
      "type": "Feature",
      "geometry": {
        "type": "Point",
        "coordinates": [
          137.9001654,
          35.7402
        ]
      },
      "properties": {
        "id": "l01284",
        "name": "ホテルやまぶき",
        "name_en": null,
        "kind": "hotel",
        "stars": null,
        "rooms": null,
        "phone": null,
        "website": null,
        "operator": null,
        "address": null,
        "near_town": "n702987332",
        "near_town_name": "駒ヶ根市",
        "osm_id": "w297120009"
      }
    },
    {
      "type": "Feature",
      "geometry": {
        "type": "Point",
        "coordinates": [
          137.8034569,
          35.5052203
        ]
      },
      "properties": {
        "id": "l01285",
        "name": "スーパーホテル",
        "name_en": null,
        "kind": "hotel",
        "stars": null,
        "rooms": null,
        "phone": null,
        "website": null,
        "operator": null,
        "address": null,
        "near_town": "n702987331",
        "near_town_name": "飯田市",
        "osm_id": "n8095351018"
      }
    },
    {
      "type": "Feature",
      "geometry": {
        "type": "Point",
        "coordinates": [
          137.7960063,
          35.5040515
        ]
      },
      "properties": {
        "id": "l01286",
        "name": "ウエストヒルズ",
        "name_en": null,
        "kind": "apartment",
        "stars": null,
        "rooms": null,
        "phone": null,
        "website": null,
        "operator": null,
        "address": null,
        "near_town": "n702987331",
        "near_town_name": "飯田市",
        "osm_id": "n13135341601"
      }
    },
    {
      "type": "Feature",
      "geometry": {
        "type": "Point",
        "coordinates": [
          137.7959514,
          35.5040364
        ]
      },
      "properties": {
        "id": "l01287",
        "name": "ウエストヒルズ",
        "name_en": null,
        "kind": "apartment",
        "stars": null,
        "rooms": null,
        "phone": null,
        "website": null,
        "operator": null,
        "address": null,
        "near_town": "n702987331",
        "near_town_name": "飯田市",
        "osm_id": "n13137115601"
      }
    },
    {
      "type": "Feature",
      "geometry": {
        "type": "Point",
        "coordinates": [
          137.7897212,
          35.524801
        ]
      },
      "properties": {
        "id": "l01288",
        "name": "風の山",
        "name_en": null,
        "kind": "hotel",
        "stars": null,
        "rooms": null,
        "phone": "+81 0265-23-3437",
        "website": "https://kazenoyama.jp/hotel/",
        "operator": null,
        "address": "長野県 飯田市",
        "near_town": "n702987331",
        "near_town_name": "飯田市",
        "osm_id": "n13312407864"
      }
    },
    {
      "type": "Feature",
      "geometry": {
        "type": "Point",
        "coordinates": [
          137.8221163,
          35.5190134
        ]
      },
      "properties": {
        "id": "l01289",
        "name": "(이름 없음)",
        "name_en": null,
        "kind": "hotel",
        "stars": null,
        "rooms": null,
        "phone": null,
        "website": null,
        "operator": null,
        "address": null,
        "near_town": "n702987331",
        "near_town_name": "飯田市",
        "osm_id": "w221422981"
      }
    },
    {
      "type": "Feature",
      "geometry": {
        "type": "Point",
        "coordinates": [
          137.8202184,
          35.514362
        ]
      },
      "properties": {
        "id": "l01290",
        "name": "久井旅館",
        "name_en": null,
        "kind": "hotel",
        "stars": null,
        "rooms": null,
        "phone": null,
        "website": null,
        "operator": null,
        "address": null,
        "near_town": "n702987331",
        "near_town_name": "飯田市",
        "osm_id": "w506704653"
      }
    },
    {
      "type": "Feature",
      "geometry": {
        "type": "Point",
        "coordinates": [
          137.8276553,
          35.5128563
        ]
      },
      "properties": {
        "id": "l01291",
        "name": "ホテルオオハシ 飯田",
        "name_en": null,
        "kind": "hotel",
        "stars": null,
        "rooms": null,
        "phone": null,
        "website": null,
        "operator": null,
        "address": null,
        "near_town": "n702987331",
        "near_town_name": "飯田市",
        "osm_id": "w506718899"
      }
    },
    {
      "type": "Feature",
      "geometry": {
        "type": "Point",
        "coordinates": [
          137.8215124,
          35.5136008
        ]
      },
      "properties": {
        "id": "l01292",
        "name": "大久保荘",
        "name_en": null,
        "kind": "guest_house",
        "stars": null,
        "rooms": null,
        "phone": null,
        "website": null,
        "operator": null,
        "address": null,
        "near_town": "n702987331",
        "near_town_name": "飯田市",
        "osm_id": "w579050868"
      }
    },
    {
      "type": "Feature",
      "geometry": {
        "type": "Point",
        "coordinates": [
          137.7884011,
          35.5262196
        ]
      },
      "properties": {
        "id": "l01293",
        "name": "のんび壮",
        "name_en": "Nonbisō",
        "kind": "guest_house",
        "stars": null,
        "rooms": null,
        "phone": null,
        "website": "https://nonbipay.wixsite.com/nonbi",
        "operator": null,
        "address": null,
        "near_town": "n702987331",
        "near_town_name": "飯田市",
        "osm_id": "w841175620",
        "name_ko": "논비sō"
      }
    },
    {
      "type": "Feature",
      "geometry": {
        "type": "Point",
        "coordinates": [
          137.864324,
          35.5359916
        ]
      },
      "properties": {
        "id": "l01294",
        "name": "域学連携交流施設",
        "name_en": null,
        "kind": "guest_house",
        "stars": null,
        "rooms": null,
        "phone": null,
        "website": "https://www.city.iida.lg.jp/soshiki/13/ikigakurenkeikouryushisetsu.html",
        "operator": "飯田市",
        "address": "長野県 飯田市",
        "near_town": "n702987331",
        "near_town_name": "飯田市",
        "osm_id": "w877716591"
      }
    },
    {
      "type": "Feature",
      "geometry": {
        "type": "Point",
        "coordinates": [
          137.8388613,
          35.4970727
        ]
      },
      "properties": {
        "id": "l01295",
        "name": "Yamairo Guesthouse",
        "name_en": "Yamairo Guesthouse",
        "kind": "guest_house",
        "stars": null,
        "rooms": null,
        "phone": null,
        "website": "http://yamairo-gh.com/",
        "operator": null,
        "address": "長野県 飯田市",
        "near_town": "n702987331",
        "near_town_name": "飯田市",
        "osm_id": "w895136137",
        "name_ko": "야마이로 게스트하우스"
      }
    },
    {
      "type": "Feature",
      "geometry": {
        "type": "Point",
        "coordinates": [
          137.7796528,
          35.4869676
        ]
      },
      "properties": {
        "id": "l01296",
        "name": "ビジネスホテルアルプス",
        "name_en": "Business Hotel Alps",
        "kind": "hotel",
        "stars": null,
        "rooms": null,
        "phone": null,
        "website": null,
        "operator": null,
        "address": null,
        "near_town": "n702987331",
        "near_town_name": "飯田市",
        "osm_id": "w942109367",
        "name_ko": "비즈니스 호텔 아르ps"
      }
    },
    {
      "type": "Feature",
      "geometry": {
        "type": "Point",
        "coordinates": [
          137.8531069,
          35.4794869
        ]
      },
      "properties": {
        "id": "l01297",
        "name": "宝の湯",
        "name_en": "Takara no Yu",
        "kind": "hotel",
        "stars": null,
        "rooms": null,
        "phone": null,
        "website": null,
        "operator": null,
        "address": null,
        "near_town": "n702987331",
        "near_town_name": "飯田市",
        "osm_id": "w972483286",
        "name_ko": "타카라 의 유"
      }
    },
    {
      "type": "Feature",
      "geometry": {
        "type": "Point",
        "coordinates": [
          137.8504166,
          35.4819051
        ]
      },
      "properties": {
        "id": "l01298",
        "name": "花薫る宿 よし乃亭",
        "name_en": "Yoshinotei",
        "kind": "hotel",
        "stars": null,
        "rooms": null,
        "phone": null,
        "website": null,
        "operator": null,
        "address": null,
        "near_town": "n702987331",
        "near_town_name": "飯田市",
        "osm_id": "w972721962",
        "name_ko": "요시노테이"
      }
    },
    {
      "type": "Feature",
      "geometry": {
        "type": "Point",
        "coordinates": [
          137.7999571,
          35.5049419
        ]
      },
      "properties": {
        "id": "l01299",
        "name": "ビジネスホテル　エルボン飯田",
        "name_en": null,
        "kind": "hotel",
        "stars": null,
        "rooms": null,
        "phone": null,
        "website": null,
        "operator": null,
        "address": "長野県 飯田市",
        "near_town": "n702987331",
        "near_town_name": "飯田市",
        "osm_id": "w1002207518"
      }
    },
    {
      "type": "Feature",
      "geometry": {
        "type": "Point",
        "coordinates": [
          137.8011715,
          35.5013697
        ]
      },
      "properties": {
        "id": "l01300",
        "name": "ホテルルートイン",
        "name_en": null,
        "kind": "hotel",
        "stars": null,
        "rooms": null,
        "phone": null,
        "website": null,
        "operator": null,
        "address": "長野県 飯田市",
        "near_town": "n702987331",
        "near_town_name": "飯田市",
        "osm_id": "w1022729308"
      }
    },
    {
      "type": "Feature",
      "geometry": {
        "type": "Point",
        "coordinates": [
          137.8272533,
          35.5205343
        ]
      },
      "properties": {
        "id": "l01301",
        "name": "(이름 없음)",
        "name_en": null,
        "kind": "guest_house",
        "stars": null,
        "rooms": null,
        "phone": null,
        "website": null,
        "operator": null,
        "address": null,
        "near_town": "n702987331",
        "near_town_name": "飯田市",
        "osm_id": "w1364005539"
      }
    },
    {
      "type": "Feature",
      "geometry": {
        "type": "Point",
        "coordinates": [
          137.8270554,
          35.5216422
        ]
      },
      "properties": {
        "id": "l01302",
        "name": "ホテル弥生",
        "name_en": null,
        "kind": "hotel",
        "stars": null,
        "rooms": null,
        "phone": null,
        "website": "http://www.hotel-yayoi.com",
        "operator": null,
        "address": null,
        "near_town": "n702987331",
        "near_town_name": "飯田市",
        "osm_id": "w1370048070"
      }
    },
    {
      "type": "Feature",
      "geometry": {
        "type": "Point",
        "coordinates": [
          137.8034549,
          35.5051393
        ]
      },
      "properties": {
        "id": "l01303",
        "name": "Super Hotel",
        "name_en": "Super Hotel",
        "kind": "hotel",
        "stars": null,
        "rooms": null,
        "phone": null,
        "website": null,
        "operator": null,
        "address": null,
        "near_town": "n702987331",
        "near_town_name": "飯田市",
        "osm_id": "w1496184839",
        "name_ko": "슈퍼 호텔"
      }
    },
    {
      "type": "Feature",
      "geometry": {
        "type": "Point",
        "coordinates": [
          137.4994737,
          35.4810852
        ]
      },
      "properties": {
        "id": "l01304",
        "name": "ルートイン",
        "name_en": null,
        "kind": "hotel",
        "stars": null,
        "rooms": null,
        "phone": null,
        "website": null,
        "operator": null,
        "address": null,
        "near_town": "n1891211866",
        "near_town_name": "中津川市",
        "osm_id": "n2346933988"
      }
    },
    {
      "type": "Feature",
      "geometry": {
        "type": "Point",
        "coordinates": [
          137.540978,
          35.518119
        ]
      },
      "properties": {
        "id": "l01305",
        "name": "Kisoji Furusato Youthhostel",
        "name_en": "Kisoji Furusato Youthhostel",
        "kind": "hostel",
        "stars": null,
        "rooms": null,
        "phone": "81573695128",
        "website": null,
        "operator": null,
        "address": "Ochiai",
        "near_town": "n1891211866",
        "near_town_name": "中津川市",
        "osm_id": "n4478266391",
        "name_ko": "키소지 후루사토 요우tㅅ호s테르"
      }
    },
    {
      "type": "Feature",
      "geometry": {
        "type": "Point",
        "coordinates": [
          137.504871,
          35.5006241
        ]
      },
      "properties": {
        "id": "l01306",
        "name": "Plaza Hotel",
        "name_en": "Plaza Hotel",
        "kind": "hotel",
        "stars": null,
        "rooms": null,
        "phone": null,
        "website": null,
        "operator": null,
        "address": null,
        "near_town": "n1891211866",
        "near_town_name": "中津川市",
        "osm_id": "n4805695623",
        "name_ko": "플라자 호텔"
      }
    },
    {
      "type": "Feature",
      "geometry": {
        "type": "Point",
        "coordinates": [
          137.5023619,
          35.444158
        ]
      },
      "properties": {
        "id": "l01307",
        "name": "あかまんまロッジ",
        "name_en": null,
        "kind": "hotel",
        "stars": null,
        "rooms": null,
        "phone": null,
        "website": null,
        "operator": null,
        "address": null,
        "near_town": "n1891211866",
        "near_town_name": "中津川市",
        "osm_id": "n5703711212"
      }
    },
    {
      "type": "Feature",
      "geometry": {
        "type": "Point",
        "coordinates": [
          137.5047825,
          35.4996231
        ]
      },
      "properties": {
        "id": "l01308",
        "name": "The RYOKAN O",
        "name_en": null,
        "kind": "hotel",
        "stars": null,
        "rooms": null,
        "phone": null,
        "website": null,
        "operator": null,
        "address": null,
        "near_town": "n1891211866",
        "near_town_name": "中津川市",
        "osm_id": "n13256577001"
      }
    },
    {
      "type": "Feature",
      "geometry": {
        "type": "Point",
        "coordinates": [
          137.5044378,
          35.4966365
        ]
      },
      "properties": {
        "id": "l01309",
        "name": "Onn NAKATSUGAWA",
        "name_en": null,
        "kind": "hotel",
        "stars": null,
        "rooms": null,
        "phone": "+81-573-64-8811",
        "website": "https://www.onn-nakatsugawa.com",
        "operator": null,
        "address": null,
        "near_town": "n1891211866",
        "near_town_name": "中津川市",
        "osm_id": "w1228447997"
      }
    },
    {
      "type": "Feature",
      "geometry": {
        "type": "Point",
        "coordinates": [
          137.4128366,
          35.4546542
        ]
      },
      "properties": {
        "id": "l01310",
        "name": "いち川",
        "name_en": "Ichikawa",
        "kind": "hotel",
        "stars": null,
        "rooms": null,
        "phone": null,
        "website": "https://ichikawaryokan.jp/",
        "operator": null,
        "address": null,
        "near_town": "n1862747607",
        "near_town_name": "恵那市",
        "osm_id": "n4339521989",
        "name_ko": "이치카와"
      }
    },
    {
      "type": "Feature",
      "geometry": {
        "type": "Point",
        "coordinates": [
          137.4101526,
          35.4476585
        ]
      },
      "properties": {
        "id": "l01311",
        "name": "ホテルルートイン",
        "name_en": "Hotel Route Inn",
        "kind": "hotel",
        "stars": null,
        "rooms": null,
        "phone": null,
        "website": null,
        "operator": null,
        "address": null,
        "near_town": "n1862747607",
        "near_town_name": "恵那市",
        "osm_id": "n9736249850",
        "name_ko": "호텔 루트 인"
      }
    },
    {
      "type": "Feature",
      "geometry": {
        "type": "Point",
        "coordinates": [
          137.4107319,
          35.4559836
        ]
      },
      "properties": {
        "id": "l01312",
        "name": "プラザホテル",
        "name_en": null,
        "kind": "hotel",
        "stars": null,
        "rooms": null,
        "phone": "+810573256777",
        "website": "http://www.plazahotel.cc/ena/",
        "operator": null,
        "address": null,
        "near_town": "n1862747607",
        "near_town_name": "恵那市",
        "osm_id": "n10142157222"
      }
    },
    {
      "type": "Feature",
      "geometry": {
        "type": "Point",
        "coordinates": [
          137.4035137,
          35.4784056
        ]
      },
      "properties": {
        "id": "l01313",
        "name": "恵那峡温泉ホテル　ゆずり葉",
        "name_en": null,
        "kind": "hotel",
        "stars": null,
        "rooms": null,
        "phone": null,
        "website": null,
        "operator": null,
        "address": null,
        "near_town": "n1862747607",
        "near_town_name": "恵那市",
        "osm_id": "n11708392014"
      }
    },
    {
      "type": "Feature",
      "geometry": {
        "type": "Point",
        "coordinates": [
          137.4092676,
          35.4477238
        ]
      },
      "properties": {
        "id": "l01314",
        "name": "HOTEL R9 The Yard 恵那",
        "name_en": null,
        "kind": "hotel",
        "stars": null,
        "rooms": null,
        "phone": null,
        "website": null,
        "operator": null,
        "address": null,
        "near_town": "n1862747607",
        "near_town_name": "恵那市",
        "osm_id": "w1060036613"
      }
    },
    {
      "type": "Feature",
      "geometry": {
        "type": "Point",
        "coordinates": [
          137.4098304,
          35.4533044
        ]
      },
      "properties": {
        "id": "l01315",
        "name": "シティホテル ミチ",
        "name_en": null,
        "kind": "hotel",
        "stars": null,
        "rooms": null,
        "phone": null,
        "website": null,
        "operator": null,
        "address": null,
        "near_town": "n1862747607",
        "near_town_name": "恵那市",
        "osm_id": "w1066297191"
      }
    },
    {
      "type": "Feature",
      "geometry": {
        "type": "Point",
        "coordinates": [
          137.4469281,
          35.4140327
        ]
      },
      "properties": {
        "id": "l01316",
        "name": "割烹旅館孫八",
        "name_en": null,
        "kind": "hotel",
        "stars": null,
        "rooms": null,
        "phone": null,
        "website": "https://magohachi-co.jp",
        "operator": null,
        "address": null,
        "near_town": "n1862747607",
        "near_town_name": "恵那市",
        "osm_id": "w1162328407"
      }
    },
    {
      "type": "Feature",
      "geometry": {
        "type": "Point",
        "coordinates": [
          137.3917779,
          35.4508424
        ]
      },
      "properties": {
        "id": "l01317",
        "name": "(이름 없음)",
        "name_en": null,
        "kind": "apartment",
        "stars": null,
        "rooms": null,
        "phone": null,
        "website": null,
        "operator": null,
        "address": null,
        "near_town": "n1862747607",
        "near_town_name": "恵那市",
        "osm_id": "w1199665275"
      }
    },
    {
      "type": "Feature",
      "geometry": {
        "type": "Point",
        "coordinates": [
          138.2111154,
          35.9073135
        ]
      },
      "properties": {
        "id": "l01318",
        "name": "ロッヂコスモス",
        "name_en": null,
        "kind": "hotel",
        "stars": null,
        "rooms": null,
        "phone": null,
        "website": null,
        "operator": null,
        "address": null,
        "near_town": "n702987357",
        "near_town_name": "富士見町",
        "osm_id": "w432044221"
      }
    },
    {
      "type": "Feature",
      "geometry": {
        "type": "Point",
        "coordinates": [
          137.9111554,
          35.5857846
        ]
      },
      "properties": {
        "id": "l01319",
        "name": "古町亭",
        "name_en": "Furumachi-tei",
        "kind": "guest_house",
        "stars": null,
        "rooms": null,
        "phone": null,
        "website": null,
        "operator": null,
        "address": null,
        "near_town": "n702987333",
        "near_town_name": "松川町",
        "osm_id": "n12277649579",
        "name_ko": "후루마치-테이"
      }
    },
    {
      "type": "Feature",
      "geometry": {
        "type": "Point",
        "coordinates": [
          137.9287801,
          35.6303059
        ]
      },
      "properties": {
        "id": "l01320",
        "name": "古民家 七代",
        "name_en": "Kominka Nanadai",
        "kind": "guest_house",
        "stars": null,
        "rooms": null,
        "phone": null,
        "website": "http://nanadai.net/",
        "operator": null,
        "address": null,
        "near_town": "n702987333",
        "near_town_name": "松川町",
        "osm_id": "n12356985677",
        "name_ko": "코민카 나나다이"
      }
    },
    {
      "type": "Feature",
      "geometry": {
        "type": "Point",
        "coordinates": [
          137.8804454,
          35.6156338
        ]
      },
      "properties": {
        "id": "l01321",
        "name": "信州まつかわ温泉 清流苑",
        "name_en": "Shinshu Matsukawa Onsen Seiryuen",
        "kind": "hotel",
        "stars": null,
        "rooms": null,
        "phone": null,
        "website": "https://www.seiryuen.jp/",
        "operator": null,
        "address": "長野県 松川町",
        "near_town": "n702987333",
        "near_town_name": "松川町",
        "osm_id": "w745640685",
        "name_ko": "신슈 마쓰카와 온천 세이류엔"
      }
    },
    {
      "type": "Feature",
      "geometry": {
        "type": "Point",
        "coordinates": [
          137.9601504,
          35.588592
        ]
      },
      "properties": {
        "id": "l01322",
        "name": "(이름 없음)",
        "name_en": null,
        "kind": "chalet",
        "stars": null,
        "rooms": null,
        "phone": null,
        "website": null,
        "operator": null,
        "address": null,
        "near_town": "n702987333",
        "near_town_name": "松川町",
        "osm_id": "w883674593"
      }
    },
    {
      "type": "Feature",
      "geometry": {
        "type": "Point",
        "coordinates": [
          137.9598912,
          35.5887003
        ]
      },
      "properties": {
        "id": "l01323",
        "name": "(이름 없음)",
        "name_en": null,
        "kind": "chalet",
        "stars": null,
        "rooms": null,
        "phone": null,
        "website": null,
        "operator": null,
        "address": null,
        "near_town": "n702987333",
        "near_town_name": "松川町",
        "osm_id": "w883674594"
      }
    },
    {
      "type": "Feature",
      "geometry": {
        "type": "Point",
        "coordinates": [
          137.9596787,
          35.5887401
        ]
      },
      "properties": {
        "id": "l01324",
        "name": "(이름 없음)",
        "name_en": null,
        "kind": "chalet",
        "stars": null,
        "rooms": null,
        "phone": null,
        "website": null,
        "operator": null,
        "address": null,
        "near_town": "n702987333",
        "near_town_name": "松川町",
        "osm_id": "w883674595"
      }
    },
    {
      "type": "Feature",
      "geometry": {
        "type": "Point",
        "coordinates": [
          137.9598468,
          35.5888312
        ]
      },
      "properties": {
        "id": "l01325",
        "name": "(이름 없음)",
        "name_en": null,
        "kind": "chalet",
        "stars": null,
        "rooms": null,
        "phone": null,
        "website": null,
        "operator": null,
        "address": null,
        "near_town": "n702987333",
        "near_town_name": "松川町",
        "osm_id": "w883674596"
      }
    },
    {
      "type": "Feature",
      "geometry": {
        "type": "Point",
        "coordinates": [
          137.960015,
          35.5886509
        ]
      },
      "properties": {
        "id": "l01326",
        "name": "(이름 없음)",
        "name_en": null,
        "kind": "chalet",
        "stars": null,
        "rooms": null,
        "phone": null,
        "website": null,
        "operator": null,
        "address": null,
        "near_town": "n702987333",
        "near_town_name": "松川町",
        "osm_id": "w883674597"
      }
    },
    {
      "type": "Feature",
      "geometry": {
        "type": "Point",
        "coordinates": [
          137.8418968,
          35.3546396
        ]
      },
      "properties": {
        "id": "l01327",
        "name": "やまびこ館",
        "name_en": "Yamabiko-kan",
        "kind": "apartment",
        "stars": null,
        "rooms": null,
        "phone": null,
        "website": "https://vill.yasuoka.nagano.jp/docs/2544.html",
        "operator": null,
        "address": null,
        "near_town": "n702987314",
        "near_town_name": "阿南町",
        "osm_id": "w787022960",
        "name_ko": "야마비코-칸"
      }
    },
    {
      "type": "Feature",
      "geometry": {
        "type": "Point",
        "coordinates": [
          137.8421195,
          35.3538999
        ]
      },
      "properties": {
        "id": "l01328",
        "name": "だいだらぼっち泰阜通年合宿所",
        "name_en": null,
        "kind": "guest_house",
        "stars": null,
        "rooms": null,
        "phone": null,
        "website": null,
        "operator": null,
        "address": null,
        "near_town": "n702987314",
        "near_town_name": "阿南町",
        "osm_id": "w787022961"
      }
    },
    {
      "type": "Feature",
      "geometry": {
        "type": "Point",
        "coordinates": [
          137.8412367,
          35.3633253
        ]
      },
      "properties": {
        "id": "l01329",
        "name": "左京の宿",
        "name_en": "Sakyo no Juku",
        "kind": "guest_house",
        "stars": null,
        "rooms": null,
        "phone": null,
        "website": "https://vill.yasuoka.nagano.jp/docs/2542.html",
        "operator": null,
        "address": null,
        "near_town": "n702987314",
        "near_town_name": "阿南町",
        "osm_id": "w787026842",
        "name_ko": "사쿄 의 주쿠"
      }
    },
    {
      "type": "Feature",
      "geometry": {
        "type": "Point",
        "coordinates": [
          136.4819362,
          36.0756105
        ]
      },
      "properties": {
        "id": "l01330",
        "name": "ホテルやなぎ屋",
        "name_en": null,
        "kind": "hotel",
        "stars": null,
        "rooms": null,
        "phone": null,
        "website": null,
        "operator": null,
        "address": null,
        "near_town": "n1891526180",
        "near_town_name": "勝山市",
        "osm_id": "n12071672051"
      }
    },
    {
      "type": "Feature",
      "geometry": {
        "type": "Point",
        "coordinates": [
          136.4891784,
          36.0756165
        ]
      },
      "properties": {
        "id": "l01331",
        "name": "平尾ペンション",
        "name_en": null,
        "kind": "guest_house",
        "stars": null,
        "rooms": null,
        "phone": null,
        "website": null,
        "operator": null,
        "address": null,
        "near_town": "n1891526180",
        "near_town_name": "勝山市",
        "osm_id": "n12071709805"
      }
    },
    {
      "type": "Feature",
      "geometry": {
        "type": "Point",
        "coordinates": [
          136.4998088,
          36.0592733
        ]
      },
      "properties": {
        "id": "l01332",
        "name": "米伊旅館",
        "name_en": null,
        "kind": "hotel",
        "stars": null,
        "rooms": null,
        "phone": null,
        "website": null,
        "operator": null,
        "address": null,
        "near_town": "n1891526180",
        "near_town_name": "勝山市",
        "osm_id": "n12073507764"
      }
    },
    {
      "type": "Feature",
      "geometry": {
        "type": "Point",
        "coordinates": [
          136.5147859,
          36.050071
        ]
      },
      "properties": {
        "id": "l01333",
        "name": "勝山ニューホテル",
        "name_en": "Katsuyama New Hotel",
        "kind": "hotel",
        "stars": null,
        "rooms": null,
        "phone": null,
        "website": "https://www.rio-hotels.co.jp/katsuyama/",
        "operator": null,
        "address": null,
        "near_town": "n1891526180",
        "near_town_name": "勝山市",
        "osm_id": "w1322869477",
        "name_ko": "카쓰야마 네w 호텔"
      }
    },
    {
      "type": "Feature",
      "geometry": {
        "type": "Point",
        "coordinates": [
          136.4930618,
          35.9860074
        ]
      },
      "properties": {
        "id": "l01334",
        "name": "阿さひ",
        "name_en": null,
        "kind": "hotel",
        "stars": null,
        "rooms": null,
        "phone": null,
        "website": null,
        "operator": null,
        "address": null,
        "near_town": "n1891432007",
        "near_town_name": "大野市",
        "osm_id": "n4199829474"
      }
    },
    {
      "type": "Feature",
      "geometry": {
        "type": "Point",
        "coordinates": [
          136.4855113,
          35.9837187
        ]
      },
      "properties": {
        "id": "l01335",
        "name": "旅館扇屋",
        "name_en": null,
        "kind": "hotel",
        "stars": null,
        "rooms": null,
        "phone": null,
        "website": null,
        "operator": null,
        "address": null,
        "near_town": "n1891432007",
        "near_town_name": "大野市",
        "osm_id": "n12091882575"
      }
    },
    {
      "type": "Feature",
      "geometry": {
        "type": "Point",
        "coordinates": [
          136.4888187,
          35.9837439
        ]
      },
      "properties": {
        "id": "l01336",
        "name": "旅館ふじや",
        "name_en": null,
        "kind": "hotel",
        "stars": null,
        "rooms": null,
        "phone": null,
        "website": null,
        "operator": null,
        "address": null,
        "near_town": "n1891432007",
        "near_town_name": "大野市",
        "osm_id": "n12091882705"
      }
    },
    {
      "type": "Feature",
      "geometry": {
        "type": "Point",
        "coordinates": [
          136.4904054,
          35.9841932
        ]
      },
      "properties": {
        "id": "l01337",
        "name": "荒島旅舎",
        "name_en": null,
        "kind": "hostel",
        "stars": null,
        "rooms": null,
        "phone": null,
        "website": null,
        "operator": null,
        "address": null,
        "near_town": "n1891432007",
        "near_town_name": "大野市",
        "osm_id": "n12093278304"
      }
    },
    {
      "type": "Feature",
      "geometry": {
        "type": "Point",
        "coordinates": [
          136.4909931,
          35.9837917
        ]
      },
      "properties": {
        "id": "l01338",
        "name": "旅館三浦屋",
        "name_en": null,
        "kind": "hotel",
        "stars": null,
        "rooms": null,
        "phone": null,
        "website": null,
        "operator": null,
        "address": null,
        "near_town": "n1891432007",
        "near_town_name": "大野市",
        "osm_id": "n12093278306"
      }
    },
    {
      "type": "Feature",
      "geometry": {
        "type": "Point",
        "coordinates": [
          136.4911224,
          35.9822943
        ]
      },
      "properties": {
        "id": "l01339",
        "name": "旅館中島屋",
        "name_en": null,
        "kind": "hotel",
        "stars": null,
        "rooms": null,
        "phone": null,
        "website": null,
        "operator": null,
        "address": null,
        "near_town": "n1891432007",
        "near_town_name": "大野市",
        "osm_id": "n12093278349"
      }
    },
    {
      "type": "Feature",
      "geometry": {
        "type": "Point",
        "coordinates": [
          136.2236811,
          36.0632813
        ]
      },
      "properties": {
        "id": "l01340",
        "name": "ホテルルートイン",
        "name_en": null,
        "kind": "hotel",
        "stars": null,
        "rooms": null,
        "phone": null,
        "website": null,
        "operator": null,
        "address": null,
        "near_town": "n762073174",
        "near_town_name": "福井市",
        "osm_id": "n1912538834"
      }
    },
    {
      "type": "Feature",
      "geometry": {
        "type": "Point",
        "coordinates": [
          136.2183677,
          36.0651939
        ]
      },
      "properties": {
        "id": "l01341",
        "name": "ホテルフジタ",
        "name_en": "HOTEL FUJITA FUKUI",
        "kind": "hotel",
        "stars": null,
        "rooms": null,
        "phone": null,
        "website": null,
        "operator": null,
        "address": null,
        "near_town": "n762073174",
        "near_town_name": "福井市",
        "osm_id": "n1912543809",
        "name_ko": "호텔 후지타 후쿠이"
      }
    },
    {
      "type": "Feature",
      "geometry": {
        "type": "Point",
        "coordinates": [
          136.2361229,
          36.0853148
        ]
      },
      "properties": {
        "id": "l01342",
        "name": "バードグリーンホテルレジーナ",
        "name_en": null,
        "kind": "hotel",
        "stars": null,
        "rooms": null,
        "phone": null,
        "website": null,
        "operator": null,
        "address": null,
        "near_town": "n762073174",
        "near_town_name": "福井市",
        "osm_id": "n2021238803"
      }
    },
    {
      "type": "Feature",
      "geometry": {
        "type": "Point",
        "coordinates": [
          136.216269,
          36.064771
        ]
      },
      "properties": {
        "id": "l01343",
        "name": "タウンホテル福井",
        "name_en": null,
        "kind": "hotel",
        "stars": null,
        "rooms": null,
        "phone": null,
        "website": null,
        "operator": null,
        "address": null,
        "near_town": "n762073174",
        "near_town_name": "福井市",
        "osm_id": "n2178459476"
      }
    },
    {
      "type": "Feature",
      "geometry": {
        "type": "Point",
        "coordinates": [
          136.206894,
          36.0709115
        ]
      },
      "properties": {
        "id": "l01344",
        "name": "早見家",
        "name_en": null,
        "kind": "hotel",
        "stars": null,
        "rooms": null,
        "phone": null,
        "website": null,
        "operator": null,
        "address": "松本通り",
        "near_town": "n762073174",
        "near_town_name": "福井市",
        "osm_id": "n4212470602"
      }
    },
    {
      "type": "Feature",
      "geometry": {
        "type": "Point",
        "coordinates": [
          136.1914319,
          36.0845148
        ]
      },
      "properties": {
        "id": "l01345",
        "name": "前田家",
        "name_en": null,
        "kind": "guest_house",
        "stars": null,
        "rooms": null,
        "phone": null,
        "website": null,
        "operator": null,
        "address": null,
        "near_town": "n762073174",
        "near_town_name": "福井市",
        "osm_id": "n4351920092"
      }
    },
    {
      "type": "Feature",
      "geometry": {
        "type": "Point",
        "coordinates": [
          136.2231976,
          36.0658389
        ]
      },
      "properties": {
        "id": "l01346",
        "name": "SHIROMACHI ANNEX",
        "name_en": null,
        "kind": "hotel",
        "stars": null,
        "rooms": null,
        "phone": null,
        "website": null,
        "operator": null,
        "address": null,
        "near_town": "n762073174",
        "near_town_name": "福井市",
        "osm_id": "n6499016690"
      }
    },
    {
      "type": "Feature",
      "geometry": {
        "type": "Point",
        "coordinates": [
          136.2178605,
          36.0613416
        ]
      },
      "properties": {
        "id": "l01347",
        "name": "ドーミーイン福井",
        "name_en": "Dormy Inn Fukui",
        "kind": "hotel",
        "stars": null,
        "rooms": "189",
        "phone": null,
        "website": "https://www.hotespa.net/hotels/fukui/",
        "operator": null,
        "address": "福井県 福井市",
        "near_town": "n762073174",
        "near_town_name": "福井市",
        "osm_id": "n7099377564",
        "name_ko": "도미 인 후쿠이"
      }
    },
    {
      "type": "Feature",
      "geometry": {
        "type": "Point",
        "coordinates": [
          136.2479037,
          36.0957608
        ]
      },
      "properties": {
        "id": "l01348",
        "name": "ホテルルートイン福井大和田",
        "name_en": null,
        "kind": "hotel",
        "stars": null,
        "rooms": null,
        "phone": null,
        "website": null,
        "operator": null,
        "address": null,
        "near_town": "n762073174",
        "near_town_name": "福井市",
        "osm_id": "n11195878179"
      }
    },
    {
      "type": "Feature",
      "geometry": {
        "type": "Point",
        "coordinates": [
          136.2257627,
          36.0615361
        ]
      },
      "properties": {
        "id": "l01349",
        "name": "CENTURION HOTEL VILLA SUITE",
        "name_en": null,
        "kind": "hotel",
        "stars": null,
        "rooms": null,
        "phone": null,
        "website": null,
        "operator": null,
        "address": null,
        "near_town": "n762073174",
        "near_town_name": "福井市",
        "osm_id": "n11212354852"
      }
    },
    {
      "type": "Feature",
      "geometry": {
        "type": "Point",
        "coordinates": [
          136.2149566,
          36.0459859
        ]
      },
      "properties": {
        "id": "l01350",
        "name": "つきみ旅館",
        "name_en": null,
        "kind": "hotel",
        "stars": null,
        "rooms": null,
        "phone": null,
        "website": null,
        "operator": null,
        "address": null,
        "near_town": "n762073174",
        "near_town_name": "福井市",
        "osm_id": "n11422732211"
      }
    },
    {
      "type": "Feature",
      "geometry": {
        "type": "Point",
        "coordinates": [
          136.2219205,
          36.0663185
        ]
      },
      "properties": {
        "id": "l01351",
        "name": "HOTEL フクイキャッスル",
        "name_en": null,
        "kind": "hotel",
        "stars": null,
        "rooms": null,
        "phone": null,
        "website": null,
        "operator": null,
        "address": null,
        "near_town": "n762073174",
        "near_town_name": "福井市",
        "osm_id": "n12345014318"
      }
    },
    {
      "type": "Feature",
      "geometry": {
        "type": "Point",
        "coordinates": [
          136.2205609,
          36.0750099
        ]
      },
      "properties": {
        "id": "l01352",
        "name": "ビジネスホテル松楽",
        "name_en": null,
        "kind": "hotel",
        "stars": null,
        "rooms": null,
        "phone": null,
        "website": null,
        "operator": null,
        "address": null,
        "near_town": "n762073174",
        "near_town_name": "福井市",
        "osm_id": "n12385939547"
      }
    },
    {
      "type": "Feature",
      "geometry": {
        "type": "Point",
        "coordinates": [
          136.2234221,
          36.062964
        ]
      },
      "properties": {
        "id": "l01353",
        "name": "東横イン",
        "name_en": "Toyoko Inn",
        "kind": "hotel",
        "stars": null,
        "rooms": null,
        "phone": null,
        "website": null,
        "operator": null,
        "address": null,
        "near_town": "n762073174",
        "near_town_name": "福井市",
        "osm_id": "w194735821",
        "name_ko": "도요코 인"
      }
    },
    {
      "type": "Feature",
      "geometry": {
        "type": "Point",
        "coordinates": [
          136.2497101,
          36.0899458
        ]
      },
      "properties": {
        "id": "l01354",
        "name": "チサンイン",
        "name_en": null,
        "kind": "hotel",
        "stars": null,
        "rooms": null,
        "phone": null,
        "website": null,
        "operator": null,
        "address": null,
        "near_town": "n762073174",
        "near_town_name": "福井市",
        "osm_id": "w195527042"
      }
    },
    {
      "type": "Feature",
      "geometry": {
        "type": "Point",
        "coordinates": [
          136.2245259,
          36.0617134
        ]
      },
      "properties": {
        "id": "l01355",
        "name": "ホテル京福",
        "name_en": null,
        "kind": "hotel",
        "stars": null,
        "rooms": null,
        "phone": null,
        "website": null,
        "operator": null,
        "address": null,
        "near_town": "n762073174",
        "near_town_name": "福井市",
        "osm_id": "w196947829"
      }
    },
    {
      "type": "Feature",
      "geometry": {
        "type": "Point",
        "coordinates": [
          136.2234737,
          36.0641686
        ]
      },
      "properties": {
        "id": "l01356",
        "name": "福井フェニックスホテル",
        "name_en": null,
        "kind": "hotel",
        "stars": null,
        "rooms": null,
        "phone": null,
        "website": null,
        "operator": null,
        "address": null,
        "near_town": "n762073174",
        "near_town_name": "福井市",
        "osm_id": "w207143133"
      }
    },
    {
      "type": "Feature",
      "geometry": {
        "type": "Point",
        "coordinates": [
          136.217325,
          36.0646111
        ]
      },
      "properties": {
        "id": "l01357",
        "name": "福井パレスイン",
        "name_en": null,
        "kind": "hotel",
        "stars": null,
        "rooms": null,
        "phone": null,
        "website": null,
        "operator": null,
        "address": null,
        "near_town": "n762073174",
        "near_town_name": "福井市",
        "osm_id": "w207549781"
      }
    },
    {
      "type": "Feature",
      "geometry": {
        "type": "Point",
        "coordinates": [
          136.2222941,
          36.0627947
        ]
      },
      "properties": {
        "id": "l01358",
        "name": "福井プラザホテル",
        "name_en": null,
        "kind": "hotel",
        "stars": null,
        "rooms": null,
        "phone": null,
        "website": null,
        "operator": null,
        "address": null,
        "near_town": "n762073174",
        "near_town_name": "福井市",
        "osm_id": "w209497754"
      }
    },
    {
      "type": "Feature",
      "geometry": {
        "type": "Point",
        "coordinates": [
          136.2152098,
          36.0648933
        ]
      },
      "properties": {
        "id": "l01359",
        "name": "アパホテル福井片町",
        "name_en": "APA Hotel",
        "kind": "hotel",
        "stars": null,
        "rooms": null,
        "phone": null,
        "website": null,
        "operator": null,
        "address": null,
        "near_town": "n762073174",
        "near_town_name": "福井市",
        "osm_id": "w209502810",
        "name_ko": "APA 호텔"
      }
    },
    {
      "type": "Feature",
      "geometry": {
        "type": "Point",
        "coordinates": [
          136.2247278,
          36.0678177
        ]
      },
      "properties": {
        "id": "l01360",
        "name": "葵会館",
        "name_en": null,
        "kind": "guest_house",
        "stars": null,
        "rooms": null,
        "phone": null,
        "website": null,
        "operator": null,
        "address": null,
        "near_town": "n762073174",
        "near_town_name": "福井市",
        "osm_id": "w210921878"
      }
    },
    {
      "type": "Feature",
      "geometry": {
        "type": "Point",
        "coordinates": [
          136.195697,
          36.0713751
        ]
      },
      "properties": {
        "id": "l01361",
        "name": "福井アカデミアホテル",
        "name_en": "Fukui Academia Hotel",
        "kind": "hotel",
        "stars": null,
        "rooms": null,
        "phone": null,
        "website": null,
        "operator": null,
        "address": null,
        "near_town": "n762073174",
        "near_town_name": "福井市",
        "osm_id": "w391707921",
        "name_ko": "후쿠이 아c아데미아 호텔"
      }
    },
    {
      "type": "Feature",
      "geometry": {
        "type": "Point",
        "coordinates": [
          136.2146515,
          36.0628519
        ]
      },
      "properties": {
        "id": "l01362",
        "name": "アズイン福井",
        "name_en": null,
        "kind": "hotel",
        "stars": null,
        "rooms": null,
        "phone": null,
        "website": null,
        "operator": null,
        "address": null,
        "near_town": "n762073174",
        "near_town_name": "福井市",
        "osm_id": "w647359228"
      }
    },
    {
      "type": "Feature",
      "geometry": {
        "type": "Point",
        "coordinates": [
          136.2218673,
          36.0606383
        ]
      },
      "properties": {
        "id": "l01363",
        "name": "福井マンテンホテル駅前",
        "name_en": null,
        "kind": "hotel",
        "stars": null,
        "rooms": null,
        "phone": null,
        "website": null,
        "operator": null,
        "address": null,
        "near_town": "n762073174",
        "near_town_name": "福井市",
        "osm_id": "w691440219"
      }
    },
    {
      "type": "Feature",
      "geometry": {
        "type": "Point",
        "coordinates": [
          136.3637846,
          35.8637507
        ]
      },
      "properties": {
        "id": "l01364",
        "name": "渓流温泉 冠荘",
        "name_en": null,
        "kind": "hotel",
        "stars": null,
        "rooms": null,
        "phone": null,
        "website": null,
        "operator": null,
        "address": "池田町",
        "near_town": "n1891607429",
        "near_town_name": "池田町",
        "osm_id": "n6418478747"
      }
    },
    {
      "type": "Feature",
      "geometry": {
        "type": "Point",
        "coordinates": [
          136.3605164,
          35.8672652
        ]
      },
      "properties": {
        "id": "l01365",
        "name": "ファームハウス コムニタ",
        "name_en": null,
        "kind": "hotel",
        "stars": null,
        "rooms": "4",
        "phone": null,
        "website": "https://comunita-nakama.com/",
        "operator": null,
        "address": null,
        "near_town": "n1891607429",
        "near_town_name": "池田町",
        "osm_id": "w685821759"
      }
    },
    {
      "type": "Feature",
      "geometry": {
        "type": "Point",
        "coordinates": [
          136.3041639,
          35.8578246
        ]
      },
      "properties": {
        "id": "l01366",
        "name": "農村de合宿キャンプセンター",
        "name_en": null,
        "kind": "hotel",
        "stars": null,
        "rooms": null,
        "phone": "+81778446181",
        "website": "https://ikeda-noson-camp.jp/",
        "operator": null,
        "address": "福井県 池田町",
        "near_town": "n1891607429",
        "near_town_name": "池田町",
        "osm_id": "w686200033"
      }
    },
    {
      "type": "Feature",
      "geometry": {
        "type": "Point",
        "coordinates": [
          136.2661766,
          35.3795392
        ]
      },
      "properties": {
        "id": "l01367",
        "name": "Yes Nagahama",
        "name_en": null,
        "kind": "hotel",
        "stars": null,
        "rooms": null,
        "phone": null,
        "website": null,
        "operator": null,
        "address": null,
        "near_town": "n324857864",
        "near_town_name": "長浜市",
        "osm_id": "n292539962"
      }
    },
    {
      "type": "Feature",
      "geometry": {
        "type": "Point",
        "coordinates": [
          136.2619891,
          35.3739949
        ]
      },
      "properties": {
        "id": "l01368",
        "name": "Hotel & Resorts NAGAHAMA",
        "name_en": null,
        "kind": "hotel",
        "stars": null,
        "rooms": null,
        "phone": null,
        "website": null,
        "operator": null,
        "address": null,
        "near_town": "n324857864",
        "near_town_name": "長浜市",
        "osm_id": "n401498379"
      }
    },
    {
      "type": "Feature",
      "geometry": {
        "type": "Point",
        "coordinates": [
          136.3146901,
          35.3595583
        ]
      },
      "properties": {
        "id": "l01369",
        "name": "長浜市サイクリングターミナル",
        "name_en": null,
        "kind": "hostel",
        "stars": null,
        "rooms": null,
        "phone": null,
        "website": null,
        "operator": null,
        "address": null,
        "near_town": "n324857864",
        "near_town_name": "長浜市",
        "osm_id": "n413735522"
      }
    },
    {
      "type": "Feature",
      "geometry": {
        "type": "Point",
        "coordinates": [
          136.259652,
          35.3784504
        ]
      },
      "properties": {
        "id": "l01370",
        "name": "浜湖月",
        "name_en": null,
        "kind": "hotel",
        "stars": null,
        "rooms": null,
        "phone": null,
        "website": null,
        "operator": null,
        "address": null,
        "near_town": "n324857864",
        "near_town_name": "長浜市",
        "osm_id": "n416778257"
      }
    },
    {
      "type": "Feature",
      "geometry": {
        "type": "Point",
        "coordinates": [
          136.2631075,
          35.3729905
        ]
      },
      "properties": {
        "id": "l01371",
        "name": "北ビワコホテル住文",
        "name_en": null,
        "kind": "hotel",
        "stars": null,
        "rooms": null,
        "phone": null,
        "website": null,
        "operator": null,
        "address": null,
        "near_town": "n324857864",
        "near_town_name": "長浜市",
        "osm_id": "n417246852"
      }
    },
    {
      "type": "Feature",
      "geometry": {
        "type": "Point",
        "coordinates": [
          136.2635693,
          35.3734215
        ]
      },
      "properties": {
        "id": "l01372",
        "name": "ホテルグラツィエ",
        "name_en": null,
        "kind": "hotel",
        "stars": null,
        "rooms": null,
        "phone": null,
        "website": null,
        "operator": null,
        "address": null,
        "near_town": "n324857864",
        "near_town_name": "長浜市",
        "osm_id": "n417246853"
      }
    },
    {
      "type": "Feature",
      "geometry": {
        "type": "Point",
        "coordinates": [
          136.2623085,
          35.3769593
        ]
      },
      "properties": {
        "id": "l01373",
        "name": "国民宿舎豊公荘",
        "name_en": null,
        "kind": "hotel",
        "stars": null,
        "rooms": null,
        "phone": null,
        "website": null,
        "operator": null,
        "address": null,
        "near_town": "n324857864",
        "near_town_name": "長浜市",
        "osm_id": "n417246857"
      }
    },
    {
      "type": "Feature",
      "geometry": {
        "type": "Point",
        "coordinates": [
          136.2690045,
          35.3818732
        ]
      },
      "properties": {
        "id": "l01374",
        "name": "まちやの宿 いろは",
        "name_en": "Iroha",
        "kind": "hotel",
        "stars": null,
        "rooms": null,
        "phone": "+81 749 53 3321",
        "website": null,
        "operator": null,
        "address": null,
        "near_town": "n324857864",
        "near_town_name": "長浜市",
        "osm_id": "n5504784332",
        "name_ko": "이로하"
      }
    },
    {
      "type": "Feature",
      "geometry": {
        "type": "Point",
        "coordinates": [
          136.2705142,
          35.3812341
        ]
      },
      "properties": {
        "id": "l01375",
        "name": "料理旅館鮒熊",
        "name_en": null,
        "kind": "hotel",
        "stars": null,
        "rooms": null,
        "phone": null,
        "website": null,
        "operator": null,
        "address": null,
        "near_town": "n324857864",
        "near_town_name": "長浜市",
        "osm_id": "n5504784346"
      }
    },
    {
      "type": "Feature",
      "geometry": {
        "type": "Point",
        "coordinates": [
          136.2729225,
          35.3792596
        ]
      },
      "properties": {
        "id": "l01376",
        "name": "平田旅館",
        "name_en": "Hirata Ryokan",
        "kind": "hotel",
        "stars": null,
        "rooms": null,
        "phone": "+81 749 62 0605",
        "website": "http://hirata-ryokan.com",
        "operator": null,
        "address": null,
        "near_town": "n324857864",
        "near_town_name": "長浜市",
        "osm_id": "n5504784534",
        "name_ko": "히라타 료칸"
      }
    },
    {
      "type": "Feature",
      "geometry": {
        "type": "Point",
        "coordinates": [
          136.2678814,
          35.3779529
        ]
      },
      "properties": {
        "id": "l01377",
        "name": "湊屋旅館",
        "name_en": null,
        "kind": "hotel",
        "stars": null,
        "rooms": null,
        "phone": null,
        "website": null,
        "operator": null,
        "address": null,
        "near_town": "n324857864",
        "near_town_name": "長浜市",
        "osm_id": "n5507550421"
      }
    },
    {
      "type": "Feature",
      "geometry": {
        "type": "Point",
        "coordinates": [
          136.2692041,
          35.3746989
        ]
      },
      "properties": {
        "id": "l01378",
        "name": "北国街道の宿 紗蔵",
        "name_en": "Sakura",
        "kind": "hotel",
        "stars": null,
        "rooms": null,
        "phone": "+81 749 63 3911",
        "website": "http://nagahama-sakura.jp",
        "operator": null,
        "address": null,
        "near_town": "n324857864",
        "near_town_name": "長浜市",
        "osm_id": "n5507550428",
        "name_ko": "사쿠라"
      }
    },
    {
      "type": "Feature",
      "geometry": {
        "type": "Point",
        "coordinates": [
          136.2678266,
          35.3774147
        ]
      },
      "properties": {
        "id": "l01379",
        "name": "旗籠白忠",
        "name_en": "Hatago Hakuchu",
        "kind": "hotel",
        "stars": null,
        "rooms": null,
        "phone": "+81 749 62 3061",
        "website": "https://hakuchu.com/",
        "operator": null,
        "address": null,
        "near_town": "n324857864",
        "near_town_name": "長浜市",
        "osm_id": "n5507550724",
        "name_ko": "하타고 하쿠츄"
      }
    },
    {
      "type": "Feature",
      "geometry": {
        "type": "Point",
        "coordinates": [
          136.2663524,
          35.3808223
        ]
      },
      "properties": {
        "id": "l01380",
        "name": "長濱元浜町宿場　片原楽家",
        "name_en": null,
        "kind": "hostel",
        "stars": null,
        "rooms": null,
        "phone": null,
        "website": null,
        "operator": null,
        "address": null,
        "near_town": "n324857864",
        "near_town_name": "長浜市",
        "osm_id": "n11818672011"
      }
    },
    {
      "type": "Feature",
      "geometry": {
        "type": "Point",
        "coordinates": [
          136.2689569,
          35.3821378
        ]
      },
      "properties": {
        "id": "l01381",
        "name": "三谷旅館",
        "name_en": null,
        "kind": "hotel",
        "stars": null,
        "rooms": null,
        "phone": null,
        "website": null,
        "operator": null,
        "address": null,
        "near_town": "n324857864",
        "near_town_name": "長浜市",
        "osm_id": "n12621765978"
      }
    },
    {
      "type": "Feature",
      "geometry": {
        "type": "Point",
        "coordinates": [
          136.2822484,
          35.3818417
        ]
      },
      "properties": {
        "id": "l01382",
        "name": "ビジネスホテルいずみ",
        "name_en": null,
        "kind": "hotel",
        "stars": null,
        "rooms": null,
        "phone": "+81 749 62 3417",
        "website": null,
        "operator": null,
        "address": null,
        "near_town": "n324857864",
        "near_town_name": "長浜市",
        "osm_id": "w557042631"
      }
    },
    {
      "type": "Feature",
      "geometry": {
        "type": "Point",
        "coordinates": [
          136.2828488,
          35.3893261
        ]
      },
      "properties": {
        "id": "l01383",
        "name": "アートホテル 長浜",
        "name_en": null,
        "kind": "hotel",
        "stars": null,
        "rooms": null,
        "phone": null,
        "website": null,
        "operator": null,
        "address": null,
        "near_town": "n324857864",
        "near_town_name": "長浜市",
        "osm_id": "w1311156829"
      }
    },
    {
      "type": "Feature",
      "geometry": {
        "type": "Point",
        "coordinates": [
          136.25572,
          35.2995056
        ]
      },
      "properties": {
        "id": "l01384",
        "name": "彦根ビューホテル",
        "name_en": null,
        "kind": "hotel",
        "stars": null,
        "rooms": null,
        "phone": null,
        "website": null,
        "operator": null,
        "address": null,
        "near_town": "n391076162",
        "near_town_name": "米原市",
        "osm_id": "n416362479"
      }
    },
    {
      "type": "Feature",
      "geometry": {
        "type": "Point",
        "coordinates": [
          136.2876219,
          35.3148851
        ]
      },
      "properties": {
        "id": "l01385",
        "name": "HOTELナレッジイン",
        "name_en": null,
        "kind": "hotel",
        "stars": null,
        "rooms": null,
        "phone": null,
        "website": null,
        "operator": null,
        "address": null,
        "near_town": "n391076162",
        "near_town_name": "米原市",
        "osm_id": "n5235769264"
      }
    },
    {
      "type": "Feature",
      "geometry": {
        "type": "Point",
        "coordinates": [
          136.2662818,
          35.3155355
        ]
      },
      "properties": {
        "id": "l01386",
        "name": "エクシブ琵琶湖",
        "name_en": null,
        "kind": "hotel",
        "stars": null,
        "rooms": null,
        "phone": "+81 749 52 6111",
        "website": null,
        "operator": null,
        "address": null,
        "near_town": "n391076162",
        "near_town_name": "米原市",
        "osm_id": "n5864922095"
      }
    },
    {
      "type": "Feature",
      "geometry": {
        "type": "Point",
        "coordinates": [
          136.2571535,
          35.2998573
        ]
      },
      "properties": {
        "id": "l01387",
        "name": "ホテル華",
        "name_en": "Hotel Hana",
        "kind": "hotel",
        "stars": null,
        "rooms": null,
        "phone": "+81 749 23 3360",
        "website": null,
        "operator": null,
        "address": null,
        "near_town": "n391076162",
        "near_town_name": "米原市",
        "osm_id": "n5864928092",
        "name_ko": "호텔 하나"
      }
    },
    {
      "type": "Feature",
      "geometry": {
        "type": "Point",
        "coordinates": [
          136.2548549,
          35.3013261
        ]
      },
      "properties": {
        "id": "l01388",
        "name": "ニトリクラブ琵琶湖",
        "name_en": null,
        "kind": "hotel",
        "stars": null,
        "rooms": null,
        "phone": null,
        "website": null,
        "operator": null,
        "address": null,
        "near_town": "n391076162",
        "near_town_name": "米原市",
        "osm_id": "n5864932185"
      }
    },
    {
      "type": "Feature",
      "geometry": {
        "type": "Point",
        "coordinates": [
          136.288663,
          35.3151627
        ]
      },
      "properties": {
        "id": "l01389",
        "name": "東横INN 米原駅新幹線西口",
        "name_en": null,
        "kind": "hotel",
        "stars": null,
        "rooms": null,
        "phone": "+81 749-80-0045",
        "website": "https://www.toyoko-inn.com/search/detail/00250/",
        "operator": null,
        "address": null,
        "near_town": "n391076162",
        "near_town_name": "米原市",
        "osm_id": "w542911566"
      }
    },
    {
      "type": "Feature",
      "geometry": {
        "type": "Point",
        "coordinates": [
          136.2494472,
          35.28719
        ]
      },
      "properties": {
        "id": "l01390",
        "name": "かんぽの宿彦根",
        "name_en": null,
        "kind": "hotel",
        "stars": null,
        "rooms": null,
        "phone": null,
        "website": null,
        "operator": null,
        "address": "滋賀県 彦根市",
        "near_town": "n391076162",
        "near_town_name": "米原市",
        "osm_id": "w917885857"
      }
    },
    {
      "type": "Feature",
      "geometry": {
        "type": "Point",
        "coordinates": [
          136.2634741,
          35.2768997
        ]
      },
      "properties": {
        "id": "l01391",
        "name": "ひこねステーションホテル",
        "name_en": "Hikone Station Hotel",
        "kind": "hotel",
        "stars": null,
        "rooms": null,
        "phone": null,
        "website": "https://www.hikone-sh.com/",
        "operator": null,
        "address": null,
        "near_town": "n391076162",
        "near_town_name": "米原市",
        "osm_id": "w1308104431",
        "name_ko": "히코네 역 호텔"
      }
    },
    {
      "type": "Feature",
      "geometry": {
        "type": "Point",
        "coordinates": [
          136.2578512,
          35.2955022
        ]
      },
      "properties": {
        "id": "l01392",
        "name": "Futabaso",
        "name_en": "Futabaso",
        "kind": "hotel",
        "stars": null,
        "rooms": null,
        "phone": null,
        "website": null,
        "operator": null,
        "address": "滋賀県 彦根市",
        "near_town": "n391076162",
        "near_town_name": "米原市",
        "osm_id": "w1381302820",
        "name_ko": "후타바소"
      }
    },
    {
      "type": "Feature",
      "geometry": {
        "type": "Point",
        "coordinates": [
          136.6191481,
          35.3698448
        ]
      },
      "properties": {
        "id": "l01393",
        "name": "コンフォートイン大垣",
        "name_en": "COMFORT INN OGAKI",
        "kind": "hotel",
        "stars": null,
        "rooms": null,
        "phone": "+81-584-75-0011",
        "website": "https://www.bestinn.co.jp/ogaki/",
        "operator": null,
        "address": "岐阜県大垣市林町5-11-3",
        "near_town": "n3412958800",
        "near_town_name": "大垣市",
        "osm_id": "n4324814176",
        "name_ko": "컴포트 인 오가키"
      }
    },
    {
      "type": "Feature",
      "geometry": {
        "type": "Point",
        "coordinates": [
          136.6209224,
          35.330743
        ]
      },
      "properties": {
        "id": "l01394",
        "name": "ルートイン",
        "name_en": null,
        "kind": "hotel",
        "stars": null,
        "rooms": null,
        "phone": null,
        "website": null,
        "operator": null,
        "address": null,
        "near_town": "n3412958800",
        "near_town_name": "大垣市",
        "osm_id": "n4383020838"
      }
    },
    {
      "type": "Feature",
      "geometry": {
        "type": "Point",
        "coordinates": [
          136.6509018,
          35.3612181
        ]
      },
      "properties": {
        "id": "l01395",
        "name": "大垣フォーラムホテル",
        "name_en": "Ogaki Forum Hotel",
        "kind": "hotel",
        "stars": null,
        "rooms": null,
        "phone": null,
        "website": null,
        "operator": null,
        "address": null,
        "near_town": "n3412958800",
        "near_town_name": "大垣市",
        "osm_id": "w187740790",
        "name_ko": "오가키 포루m 호텔"
      }
    },
    {
      "type": "Feature",
      "geometry": {
        "type": "Point",
        "coordinates": [
          136.6164756,
          35.3664822
        ]
      },
      "properties": {
        "id": "l01396",
        "name": "アパホテル",
        "name_en": "APA Hotel",
        "kind": "hotel",
        "stars": null,
        "rooms": null,
        "phone": null,
        "website": null,
        "operator": null,
        "address": null,
        "near_town": "n3412958800",
        "near_town_name": "大垣市",
        "osm_id": "w375920925",
        "name_ko": "APA 호텔"
      }
    },
    {
      "type": "Feature",
      "geometry": {
        "type": "Point",
        "coordinates": [
          136.2068436,
          34.0792562
        ]
      },
      "properties": {
        "id": "l01397",
        "name": "民宿 山口",
        "name_en": null,
        "kind": "guest_house",
        "stars": null,
        "rooms": null,
        "phone": null,
        "website": null,
        "operator": null,
        "address": null,
        "near_town": "n691595771",
        "near_town_name": "尾鷲市",
        "osm_id": "n2097950678"
      }
    },
    {
      "type": "Feature",
      "geometry": {
        "type": "Point",
        "coordinates": [
          136.1973069,
          34.0604172
        ]
      },
      "properties": {
        "id": "l01398",
        "name": "紀文矢の浜店",
        "name_en": null,
        "kind": "guest_house",
        "stars": null,
        "rooms": null,
        "phone": null,
        "website": null,
        "operator": null,
        "address": null,
        "near_town": "n691595771",
        "near_town_name": "尾鷲市",
        "osm_id": "n6854775486"
      }
    },
    {
      "type": "Feature",
      "geometry": {
        "type": "Point",
        "coordinates": [
          136.1978107,
          34.0592872
        ]
      },
      "properties": {
        "id": "l01399",
        "name": "野田民宿",
        "name_en": null,
        "kind": "guest_house",
        "stars": null,
        "rooms": null,
        "phone": null,
        "website": null,
        "operator": null,
        "address": null,
        "near_town": "n691595771",
        "near_town_name": "尾鷲市",
        "osm_id": "n6854775587"
      }
    },
    {
      "type": "Feature",
      "geometry": {
        "type": "Point",
        "coordinates": [
          136.1898604,
          34.0760432
        ]
      },
      "properties": {
        "id": "l01400",
        "name": "ビジネスホテル 末広",
        "name_en": null,
        "kind": "hotel",
        "stars": null,
        "rooms": null,
        "phone": null,
        "website": null,
        "operator": null,
        "address": null,
        "near_town": "n691595771",
        "near_town_name": "尾鷲市",
        "osm_id": "n6854815805"
      }
    },
    {
      "type": "Feature",
      "geometry": {
        "type": "Point",
        "coordinates": [
          136.1937248,
          34.074426
        ]
      },
      "properties": {
        "id": "l01401",
        "name": "きつやま",
        "name_en": null,
        "kind": "hotel",
        "stars": null,
        "rooms": null,
        "phone": null,
        "website": null,
        "operator": null,
        "address": null,
        "near_town": "n691595771",
        "near_town_name": "尾鷲市",
        "osm_id": "n6854817202"
      }
    },
    {
      "type": "Feature",
      "geometry": {
        "type": "Point",
        "coordinates": [
          136.1983672,
          34.0754458
        ]
      },
      "properties": {
        "id": "l01402",
        "name": "新喜楽旅館",
        "name_en": "Shinkiraku Ryokan",
        "kind": "hotel",
        "stars": null,
        "rooms": null,
        "phone": "+81 597 22 0164",
        "website": null,
        "operator": null,
        "address": null,
        "near_town": "n691595771",
        "near_town_name": "尾鷲市",
        "osm_id": "n6859731694",
        "name_ko": "신키라쿠 료칸"
      }
    },
    {
      "type": "Feature",
      "geometry": {
        "type": "Point",
        "coordinates": [
          136.1999923,
          34.077176
        ]
      },
      "properties": {
        "id": "l01403",
        "name": "ひきもと",
        "name_en": null,
        "kind": "guest_house",
        "stars": null,
        "rooms": null,
        "phone": null,
        "website": null,
        "operator": null,
        "address": null,
        "near_town": "n691595771",
        "near_town_name": "尾鷲市",
        "osm_id": "n6859756302"
      }
    },
    {
      "type": "Feature",
      "geometry": {
        "type": "Point",
        "coordinates": [
          136.198832,
          34.0749001
        ]
      },
      "properties": {
        "id": "l01404",
        "name": "たまつ旅館",
        "name_en": null,
        "kind": "hotel",
        "stars": null,
        "rooms": null,
        "phone": null,
        "website": null,
        "operator": null,
        "address": null,
        "near_town": "n691595771",
        "near_town_name": "尾鷲市",
        "osm_id": "n6859756390"
      }
    },
    {
      "type": "Feature",
      "geometry": {
        "type": "Point",
        "coordinates": [
          136.2011982,
          34.0718494
        ]
      },
      "properties": {
        "id": "l01405",
        "name": "柴山民宿",
        "name_en": null,
        "kind": "guest_house",
        "stars": null,
        "rooms": null,
        "phone": null,
        "website": null,
        "operator": null,
        "address": null,
        "near_town": "n691595771",
        "near_town_name": "尾鷲市",
        "osm_id": "n6859756496"
      }
    },
    {
      "type": "Feature",
      "geometry": {
        "type": "Point",
        "coordinates": [
          136.1910412,
          34.0782739
        ]
      },
      "properties": {
        "id": "l01406",
        "name": "シティホテル 望月",
        "name_en": "City Hotel Mochizuki",
        "kind": "hotel",
        "stars": null,
        "rooms": null,
        "phone": "+81-597-22-0040",
        "website": "http://mochizuki.co.jp",
        "operator": null,
        "address": null,
        "near_town": "n691595771",
        "near_town_name": "尾鷲市",
        "osm_id": "w1286188615",
        "name_ko": "c이ty 호텔 모치즈키"
      }
    },
    {
      "type": "Feature",
      "geometry": {
        "type": "Point",
        "coordinates": [
          136.2001623,
          34.0767246
        ]
      },
      "properties": {
        "id": "l01407",
        "name": "ホテルビオラ",
        "name_en": null,
        "kind": "hotel",
        "stars": null,
        "rooms": null,
        "phone": null,
        "website": null,
        "operator": null,
        "address": null,
        "near_town": "n691595771",
        "near_town_name": "尾鷲市",
        "osm_id": "w1286199435"
      }
    },
    {
      "type": "Feature",
      "geometry": {
        "type": "Point",
        "coordinates": [
          136.1935001,
          34.0744295
        ]
      },
      "properties": {
        "id": "l01408",
        "name": "おわせ ビジネスホテル",
        "name_en": "Owase Business Hotel",
        "kind": "hotel",
        "stars": null,
        "rooms": null,
        "phone": "+81-597-22-0180",
        "website": "https://owasehotel.com/",
        "operator": null,
        "address": null,
        "near_town": "n691595771",
        "near_town_name": "尾鷲市",
        "osm_id": "w1286277369",
        "name_ko": "오와세 비즈니스 호텔"
      }
    },
    {
      "type": "Feature",
      "geometry": {
        "type": "Point",
        "coordinates": [
          136.1908009,
          34.0749712
        ]
      },
      "properties": {
        "id": "l01409",
        "name": "胡蝶舘",
        "name_en": null,
        "kind": "hotel",
        "stars": null,
        "rooms": null,
        "phone": null,
        "website": null,
        "operator": null,
        "address": null,
        "near_town": "n691595771",
        "near_town_name": "尾鷲市",
        "osm_id": "w1286277370"
      }
    },
    {
      "type": "Feature",
      "geometry": {
        "type": "Point",
        "coordinates": [
          136.1947151,
          34.0747154
        ]
      },
      "properties": {
        "id": "l01410",
        "name": "ビジネスホテル フェニックス",
        "name_en": "Business Hotel Phoenix",
        "kind": "hotel",
        "stars": null,
        "rooms": null,
        "phone": "+81 597 22 8111",
        "website": "https://bh-phoenix.com/",
        "operator": null,
        "address": null,
        "near_town": "n691595771",
        "near_town_name": "尾鷲市",
        "osm_id": "w1286621953",
        "name_ko": "비즈니스 호텔 p호에니크스"
      }
    },
    {
      "type": "Feature",
      "geometry": {
        "type": "Point",
        "coordinates": [
          136.1915738,
          34.0805297
        ]
      },
      "properties": {
        "id": "l01411",
        "name": "民宿鳥嶋",
        "name_en": null,
        "kind": "guest_house",
        "stars": null,
        "rooms": null,
        "phone": null,
        "website": null,
        "operator": null,
        "address": null,
        "near_town": "n691595771",
        "near_town_name": "尾鷲市",
        "osm_id": "w1288242952"
      }
    },
    {
      "type": "Feature",
      "geometry": {
        "type": "Point",
        "coordinates": [
          135.8632625,
          34.3627416
        ]
      },
      "properties": {
        "id": "l01412",
        "name": "吉野ホテル 芳雲館",
        "name_en": "Hounkan",
        "kind": "hotel",
        "stars": null,
        "rooms": null,
        "phone": null,
        "website": null,
        "operator": null,
        "address": null,
        "near_town": "n2452542791",
        "near_town_name": "吉野町",
        "osm_id": "n1902425561",
        "name_ko": "호운칸"
      }
    },
    {
      "type": "Feature",
      "geometry": {
        "type": "Point",
        "coordinates": [
          135.854035,
          34.374495
        ]
      },
      "properties": {
        "id": "l01413",
        "name": "山紫水明の宿 美吉野 桜庵",
        "name_en": "Miyoshino Sakura-an",
        "kind": "hotel",
        "stars": null,
        "rooms": null,
        "phone": null,
        "website": null,
        "operator": null,
        "address": null,
        "near_town": "n2452542791",
        "near_town_name": "吉野町",
        "osm_id": "n2863405301",
        "name_ko": "미요시노 사쿠라-안"
      }
    },
    {
      "type": "Feature",
      "geometry": {
        "type": "Point",
        "coordinates": [
          135.863112,
          34.360944
        ]
      },
      "properties": {
        "id": "l01414",
        "name": "竹林院群芳園西館",
        "name_en": "Chikurin-in Gumpo-en West Wing",
        "kind": "hotel",
        "stars": null,
        "rooms": null,
        "phone": null,
        "website": null,
        "operator": null,
        "address": null,
        "near_town": "n2452542791",
        "near_town_name": "吉野町",
        "osm_id": "n2863652102",
        "name_ko": "치쿠린-인 구m포-엔 w에st 윙"
      }
    },
    {
      "type": "Feature",
      "geometry": {
        "type": "Point",
        "coordinates": [
          135.863137,
          34.364582
        ]
      },
      "properties": {
        "id": "l01415",
        "name": "文芸の宿 櫻花壇",
        "name_en": "Ohkadan",
        "kind": "hotel",
        "stars": null,
        "rooms": null,
        "phone": null,
        "website": null,
        "operator": null,
        "address": null,
        "near_town": "n2452542791",
        "near_town_name": "吉野町",
        "osm_id": "n2863735801",
        "name_ko": "오h카단"
      }
    },
    {
      "type": "Feature",
      "geometry": {
        "type": "Point",
        "coordinates": [
          135.863742,
          34.363637
        ]
      },
      "properties": {
        "id": "l01416",
        "name": "民宿一休庵",
        "name_en": "Ikkyu-an",
        "kind": "guest_house",
        "stars": null,
        "rooms": null,
        "phone": null,
        "website": null,
        "operator": null,
        "address": null,
        "near_town": "n2452542791",
        "near_town_name": "吉野町",
        "osm_id": "n2863735803",
        "name_ko": "잇큐-안"
      }
    },
    {
      "type": "Feature",
      "geometry": {
        "type": "Point",
        "coordinates": [
          135.862906,
          34.364799
        ]
      },
      "properties": {
        "id": "l01417",
        "name": "料理旅館 坂本屋",
        "name_en": "Sakamotoya",
        "kind": "hotel",
        "stars": null,
        "rooms": null,
        "phone": null,
        "website": null,
        "operator": null,
        "address": null,
        "near_town": "n2452542791",
        "near_town_name": "吉野町",
        "osm_id": "n2863754501",
        "name_ko": "사카모토야"
      }
    },
    {
      "type": "Feature",
      "geometry": {
        "type": "Point",
        "coordinates": [
          135.862166,
          34.365315
        ]
      },
      "properties": {
        "id": "l01418",
        "name": "戎館",
        "name_en": "Ebisukan",
        "kind": "hotel",
        "stars": null,
        "rooms": null,
        "phone": null,
        "website": null,
        "operator": null,
        "address": null,
        "near_town": "n2452542791",
        "near_town_name": "吉野町",
        "osm_id": "n2863789002",
        "name_ko": "에비스칸"
      }
    },
    {
      "type": "Feature",
      "geometry": {
        "type": "Point",
        "coordinates": [
          135.861958,
          34.365537
        ]
      },
      "properties": {
        "id": "l01419",
        "name": "吉野館",
        "name_en": "Yoshinokan",
        "kind": "hotel",
        "stars": null,
        "rooms": null,
        "phone": null,
        "website": null,
        "operator": null,
        "address": null,
        "near_town": "n2452542791",
        "near_town_name": "吉野町",
        "osm_id": "n2863805202",
        "name_ko": "요시노칸"
      }
    },
    {
      "type": "Feature",
      "geometry": {
        "type": "Point",
        "coordinates": [
          135.861868,
          34.365641
        ]
      },
      "properties": {
        "id": "l01420",
        "name": "宝の家",
        "name_en": "Takara no Ie",
        "kind": "guest_house",
        "stars": null,
        "rooms": null,
        "phone": null,
        "website": null,
        "operator": null,
        "address": null,
        "near_town": "n2452542791",
        "near_town_name": "吉野町",
        "osm_id": "n2863810101",
        "name_ko": "타카라 의 이에"
      }
    },
    {
      "type": "Feature",
      "geometry": {
        "type": "Point",
        "coordinates": [
          135.8618378,
          34.3663205
        ]
      },
      "properties": {
        "id": "l01421",
        "name": "民宿 新富",
        "name_en": "Shintomi",
        "kind": "guest_house",
        "stars": null,
        "rooms": null,
        "phone": null,
        "website": null,
        "operator": null,
        "address": null,
        "near_town": "n2452542791",
        "near_town_name": "吉野町",
        "osm_id": "n2863833301",
        "name_ko": "신토미"
      }
    },
    {
      "type": "Feature",
      "geometry": {
        "type": "Point",
        "coordinates": [
          135.861846,
          34.366518
        ]
      },
      "properties": {
        "id": "l01422",
        "name": "民宿 新富",
        "name_en": "Shintomi",
        "kind": "guest_house",
        "stars": null,
        "rooms": null,
        "phone": null,
        "website": null,
        "operator": null,
        "address": null,
        "near_town": "n2452542791",
        "near_town_name": "吉野町",
        "osm_id": "n2863840701",
        "name_ko": "신토미"
      }
    },
    {
      "type": "Feature",
      "geometry": {
        "type": "Point",
        "coordinates": [
          135.8536807,
          34.3727733
        ]
      },
      "properties": {
        "id": "l01423",
        "name": "旅館 歌藤",
        "name_en": "Ryokan Kato",
        "kind": "hotel",
        "stars": null,
        "rooms": null,
        "phone": "0746-32-3177",
        "website": "http://www.kato-yoshino.jp/",
        "operator": null,
        "address": "奈良県吉野郡吉野町 奈良県道15号",
        "near_town": "n2452542791",
        "near_town_name": "吉野町",
        "osm_id": "w259860266",
        "name_ko": "료칸 카토"
      }
    },
    {
      "type": "Feature",
      "geometry": {
        "type": "Point",
        "coordinates": [
          135.8535945,
          34.3726211
        ]
      },
      "properties": {
        "id": "l01424",
        "name": "旅館 歌藤",
        "name_en": "Ryokan Kato",
        "kind": "hotel",
        "stars": null,
        "rooms": null,
        "phone": "0746-32-3177",
        "website": "http://www.kato-yoshino.jp/",
        "operator": null,
        "address": "奈良県吉野郡吉野町 奈良県道15号",
        "near_town": "n2452542791",
        "near_town_name": "吉野町",
        "osm_id": "w259860601",
        "name_ko": "료칸 카토"
      }
    },
    {
      "type": "Feature",
      "geometry": {
        "type": "Point",
        "coordinates": [
          135.8538742,
          34.3727303
        ]
      },
      "properties": {
        "id": "l01425",
        "name": "旅館 歌藤",
        "name_en": "Ryokan Kato",
        "kind": "hotel",
        "stars": null,
        "rooms": null,
        "phone": "0746-32-3177",
        "website": "http://www.kato-yoshino.jp/",
        "operator": null,
        "address": "奈良県吉野郡吉野町 奈良県道15号",
        "near_town": "n2452542791",
        "near_town_name": "吉野町",
        "osm_id": "w259860758",
        "name_ko": "료칸 카토"
      }
    },
    {
      "type": "Feature",
      "geometry": {
        "type": "Point",
        "coordinates": [
          135.857644,
          34.3711173
        ]
      },
      "properties": {
        "id": "l01426",
        "name": "桜山荘 花屋",
        "name_en": "Sakura Sanso Hanaya",
        "kind": "hotel",
        "stars": null,
        "rooms": null,
        "phone": null,
        "website": null,
        "operator": null,
        "address": null,
        "near_town": "n2452542791",
        "near_town_name": "吉野町",
        "osm_id": "w264712197",
        "name_ko": "사쿠라 산소 하나야"
      }
    },
    {
      "type": "Feature",
      "geometry": {
        "type": "Point",
        "coordinates": [
          135.8630293,
          34.3605265
        ]
      },
      "properties": {
        "id": "l01427",
        "name": "竹林院",
        "name_en": "Chikurin-in",
        "kind": "hotel",
        "stars": null,
        "rooms": "25",
        "phone": "+81 746-32-8081",
        "website": null,
        "operator": null,
        "address": null,
        "near_town": "n2452542791",
        "near_town_name": "吉野町",
        "osm_id": "w470662665",
        "name_ko": "치쿠린-인"
      }
    },
    {
      "type": "Feature",
      "geometry": {
        "type": "Point",
        "coordinates": [
          135.8003844,
          34.4344604
        ]
      },
      "properties": {
        "id": "l01428",
        "name": "Hotel M",
        "name_en": null,
        "kind": "hotel",
        "stars": null,
        "rooms": null,
        "phone": null,
        "website": null,
        "operator": null,
        "address": null,
        "near_town": "n2460518022",
        "near_town_name": "大淀町",
        "osm_id": "n12343886001"
      }
    },
    {
      "type": "Feature",
      "geometry": {
        "type": "Point",
        "coordinates": [
          133.3526775,
          35.458587
        ]
      },
      "properties": {
        "id": "l01429",
        "name": "ビジネスホテルオーシャン",
        "name_en": null,
        "kind": "hotel",
        "stars": null,
        "rooms": null,
        "phone": null,
        "website": null,
        "operator": null,
        "address": null,
        "near_town": "n1735958768",
        "near_town_name": "米子市",
        "osm_id": "n728328798"
      }
    },
    {
      "type": "Feature",
      "geometry": {
        "type": "Point",
        "coordinates": [
          133.3401773,
          35.4391547
        ]
      },
      "properties": {
        "id": "l01430",
        "name": "スマイルホテル米子",
        "name_en": null,
        "kind": "hotel",
        "stars": null,
        "rooms": null,
        "phone": "+81 859 33 0911",
        "website": "https://www.smile-hotels.com/yonago/",
        "operator": null,
        "address": "鳥取県 米子市",
        "near_town": "n1735958768",
        "near_town_name": "米子市",
        "osm_id": "n1924863314"
      }
    },
    {
      "type": "Feature",
      "geometry": {
        "type": "Point",
        "coordinates": [
          133.361675,
          35.4576121
        ]
      },
      "properties": {
        "id": "l01431",
        "name": "ラブストーリー",
        "name_en": null,
        "kind": "hotel",
        "stars": null,
        "rooms": null,
        "phone": null,
        "website": null,
        "operator": null,
        "address": null,
        "near_town": "n1735958768",
        "near_town_name": "米子市",
        "osm_id": "n1936266890"
      }
    },
    {
      "type": "Feature",
      "geometry": {
        "type": "Point",
        "coordinates": [
          133.3333462,
          35.4244656
        ]
      },
      "properties": {
        "id": "l01432",
        "name": "ホテル アルファーワン",
        "name_en": null,
        "kind": "hotel",
        "stars": null,
        "rooms": null,
        "phone": null,
        "website": null,
        "operator": null,
        "address": null,
        "near_town": "n1735958768",
        "near_town_name": "米子市",
        "osm_id": "n2518488257"
      }
    },
    {
      "type": "Feature",
      "geometry": {
        "type": "Point",
        "coordinates": [
          133.3334194,
          35.4249743
        ]
      },
      "properties": {
        "id": "l01433",
        "name": "ホテル アジェンダ駅前館",
        "name_en": null,
        "kind": "hotel",
        "stars": null,
        "rooms": "60",
        "phone": null,
        "website": null,
        "operator": null,
        "address": null,
        "near_town": "n1735958768",
        "near_town_name": "米子市",
        "osm_id": "n2518488935"
      }
    },
    {
      "type": "Feature",
      "geometry": {
        "type": "Point",
        "coordinates": [
          133.3618006,
          35.4583159
        ]
      },
      "properties": {
        "id": "l01434",
        "name": "いこい亭菊萬",
        "name_en": null,
        "kind": "hotel",
        "stars": null,
        "rooms": null,
        "phone": null,
        "website": null,
        "operator": null,
        "address": null,
        "near_town": "n1735958768",
        "near_town_name": "米子市",
        "osm_id": "n3942722373"
      }
    },
    {
      "type": "Feature",
      "geometry": {
        "type": "Point",
        "coordinates": [
          133.360413,
          35.4586461
        ]
      },
      "properties": {
        "id": "l01435",
        "name": "かいけ彩朝楽",
        "name_en": null,
        "kind": "hotel",
        "stars": null,
        "rooms": null,
        "phone": null,
        "website": null,
        "operator": null,
        "address": null,
        "near_town": "n1735958768",
        "near_town_name": "米子市",
        "osm_id": "n3942722374"
      }
    },
    {
      "type": "Feature",
      "geometry": {
        "type": "Point",
        "coordinates": [
          133.3595811,
          35.4584348
        ]
      },
      "properties": {
        "id": "l01436",
        "name": "ベイサイドスクエア 皆生ホテル",
        "name_en": null,
        "kind": "hotel",
        "stars": null,
        "rooms": null,
        "phone": null,
        "website": null,
        "operator": null,
        "address": null,
        "near_town": "n1735958768",
        "near_town_name": "米子市",
        "osm_id": "n3942723033"
      }
    },
    {
      "type": "Feature",
      "geometry": {
        "type": "Point",
        "coordinates": [
          133.3621529,
          35.4582272
        ]
      },
      "properties": {
        "id": "l01437",
        "name": "夜見の島旅館",
        "name_en": null,
        "kind": "hotel",
        "stars": null,
        "rooms": null,
        "phone": null,
        "website": null,
        "operator": null,
        "address": null,
        "near_town": "n1735958768",
        "near_town_name": "米子市",
        "osm_id": "n3942723035"
      }
    },
    {
      "type": "Feature",
      "geometry": {
        "type": "Point",
        "coordinates": [
          133.3612884,
          35.4578
        ]
      },
      "properties": {
        "id": "l01438",
        "name": "松涛園",
        "name_en": null,
        "kind": "hotel",
        "stars": null,
        "rooms": null,
        "phone": null,
        "website": null,
        "operator": null,
        "address": null,
        "near_town": "n1735958768",
        "near_town_name": "米子市",
        "osm_id": "n3942723036"
      }
    },
    {
      "type": "Feature",
      "geometry": {
        "type": "Point",
        "coordinates": [
          133.3617623,
          35.4581154
        ]
      },
      "properties": {
        "id": "l01439",
        "name": "海潮園",
        "name_en": null,
        "kind": "hotel",
        "stars": null,
        "rooms": null,
        "phone": null,
        "website": null,
        "operator": null,
        "address": null,
        "near_town": "n1735958768",
        "near_town_name": "米子市",
        "osm_id": "n3942723037"
      }
    },
    {
      "type": "Feature",
      "geometry": {
        "type": "Point",
        "coordinates": [
          133.3624108,
          35.4584688
        ]
      },
      "properties": {
        "id": "l01440",
        "name": "海色・湯の宿 松月",
        "name_en": null,
        "kind": "hotel",
        "stars": null,
        "rooms": null,
        "phone": null,
        "website": null,
        "operator": null,
        "address": null,
        "near_town": "n1735958768",
        "near_town_name": "米子市",
        "osm_id": "n3942723038"
      }
    },
    {
      "type": "Feature",
      "geometry": {
        "type": "Point",
        "coordinates": [
          133.3618398,
          35.4585575
        ]
      },
      "properties": {
        "id": "l01441",
        "name": "皆生シーサイドホテル",
        "name_en": null,
        "kind": "hotel",
        "stars": null,
        "rooms": null,
        "phone": null,
        "website": null,
        "operator": null,
        "address": null,
        "near_town": "n1735958768",
        "near_town_name": "米子市",
        "osm_id": "n3942723039"
      }
    },
    {
      "type": "Feature",
      "geometry": {
        "type": "Point",
        "coordinates": [
          133.3608886,
          35.4586231
        ]
      },
      "properties": {
        "id": "l01442",
        "name": "皆生菊乃家",
        "name_en": null,
        "kind": "hotel",
        "stars": null,
        "rooms": null,
        "phone": null,
        "website": null,
        "operator": null,
        "address": null,
        "near_town": "n1735958768",
        "near_town_name": "米子市",
        "osm_id": "n3942723040"
      }
    },
    {
      "type": "Feature",
      "geometry": {
        "type": "Point",
        "coordinates": [
          133.3640698,
          35.4582976
        ]
      },
      "properties": {
        "id": "l01443",
        "name": "湯喜望　白扇",
        "name_en": null,
        "kind": "hotel",
        "stars": null,
        "rooms": null,
        "phone": null,
        "website": null,
        "operator": null,
        "address": null,
        "near_town": "n1735958768",
        "near_town_name": "米子市",
        "osm_id": "n3942753956"
      }
    },
    {
      "type": "Feature",
      "geometry": {
        "type": "Point",
        "coordinates": [
          133.3649745,
          35.4574144
        ]
      },
      "properties": {
        "id": "l01444",
        "name": "東光園",
        "name_en": null,
        "kind": "hotel",
        "stars": null,
        "rooms": null,
        "phone": null,
        "website": null,
        "operator": null,
        "address": null,
        "near_town": "n1735958768",
        "near_town_name": "米子市",
        "osm_id": "n3942814724"
      }
    },
    {
      "type": "Feature",
      "geometry": {
        "type": "Point",
        "coordinates": [
          133.3639114,
          35.4574804
        ]
      },
      "properties": {
        "id": "l01445",
        "name": "芙蓉別館",
        "name_en": null,
        "kind": "hotel",
        "stars": null,
        "rooms": null,
        "phone": null,
        "website": null,
        "operator": null,
        "address": null,
        "near_town": "n1735958768",
        "near_town_name": "米子市",
        "osm_id": "n3942820448"
      }
    },
    {
      "type": "Feature",
      "geometry": {
        "type": "Point",
        "coordinates": [
          133.3577276,
          35.4574393
        ]
      },
      "properties": {
        "id": "l01446",
        "name": "レストハウス皆生温泉",
        "name_en": null,
        "kind": "hotel",
        "stars": null,
        "rooms": null,
        "phone": null,
        "website": null,
        "operator": null,
        "address": null,
        "near_town": "n1735958768",
        "near_town_name": "米子市",
        "osm_id": "n3943006644"
      }
    },
    {
      "type": "Feature",
      "geometry": {
        "type": "Point",
        "coordinates": [
          133.3569629,
          35.4570105
        ]
      },
      "properties": {
        "id": "l01447",
        "name": "弓ヶ浜荘",
        "name_en": null,
        "kind": "hotel",
        "stars": null,
        "rooms": null,
        "phone": null,
        "website": null,
        "operator": null,
        "address": null,
        "near_town": "n1735958768",
        "near_town_name": "米子市",
        "osm_id": "n3943006645"
      }
    },
    {
      "type": "Feature",
      "geometry": {
        "type": "Point",
        "coordinates": [
          133.3566298,
          35.4586312
        ]
      },
      "properties": {
        "id": "l01448",
        "name": "皆生グランドホテル 天水",
        "name_en": null,
        "kind": "hotel",
        "stars": null,
        "rooms": null,
        "phone": null,
        "website": null,
        "operator": null,
        "address": null,
        "near_town": "n1735958768",
        "near_town_name": "米子市",
        "osm_id": "n3943006647"
      }
    },
    {
      "type": "Feature",
      "geometry": {
        "type": "Point",
        "coordinates": [
          133.3575431,
          35.4584539
        ]
      },
      "properties": {
        "id": "l01449",
        "name": "皆生グランドホテル 華水亭",
        "name_en": null,
        "kind": "hotel",
        "stars": null,
        "rooms": null,
        "phone": null,
        "website": null,
        "operator": null,
        "address": null,
        "near_town": "n1735958768",
        "near_town_name": "米子市",
        "osm_id": "n3943006648"
      }
    },
    {
      "type": "Feature",
      "geometry": {
        "type": "Point",
        "coordinates": [
          133.3590193,
          35.4571821
        ]
      },
      "properties": {
        "id": "l01450",
        "name": "ふそう別館",
        "name_en": null,
        "kind": "hotel",
        "stars": null,
        "rooms": null,
        "phone": null,
        "website": null,
        "operator": null,
        "address": null,
        "near_town": "n1735958768",
        "near_town_name": "米子市",
        "osm_id": "n3945160625"
      }
    },
    {
      "type": "Feature",
      "geometry": {
        "type": "Point",
        "coordinates": [
          133.3651331,
          35.4561238
        ]
      },
      "properties": {
        "id": "l01451",
        "name": "ゆるり",
        "name_en": null,
        "kind": "hotel",
        "stars": null,
        "rooms": null,
        "phone": null,
        "website": null,
        "operator": null,
        "address": null,
        "near_town": "n1735958768",
        "near_town_name": "米子市",
        "osm_id": "n3945160627"
      }
    },
    {
      "type": "Feature",
      "geometry": {
        "type": "Point",
        "coordinates": [
          133.3639456,
          35.4560492
        ]
      },
      "properties": {
        "id": "l01452",
        "name": "三井別館",
        "name_en": null,
        "kind": "hotel",
        "stars": null,
        "rooms": null,
        "phone": null,
        "website": null,
        "operator": null,
        "address": null,
        "near_town": "n1735958768",
        "near_town_name": "米子市",
        "osm_id": "n3945161649"
      }
    },
    {
      "type": "Feature",
      "geometry": {
        "type": "Point",
        "coordinates": [
          133.3607281,
          35.4569738
        ]
      },
      "properties": {
        "id": "l01453",
        "name": "旅館 浦島",
        "name_en": null,
        "kind": "hotel",
        "stars": null,
        "rooms": null,
        "phone": null,
        "website": null,
        "operator": null,
        "address": null,
        "near_town": "n1735958768",
        "near_town_name": "米子市",
        "osm_id": "n3945161651"
      }
    },
    {
      "type": "Feature",
      "geometry": {
        "type": "Point",
        "coordinates": [
          133.3613871,
          35.4570636
        ]
      },
      "properties": {
        "id": "l01454",
        "name": "旅館三井",
        "name_en": null,
        "kind": "hotel",
        "stars": null,
        "rooms": null,
        "phone": null,
        "website": null,
        "operator": null,
        "address": null,
        "near_town": "n1735958768",
        "near_town_name": "米子市",
        "osm_id": "n3945161652"
      }
    },
    {
      "type": "Feature",
      "geometry": {
        "type": "Point",
        "coordinates": [
          133.3621722,
          35.4559238
        ]
      },
      "properties": {
        "id": "l01455",
        "name": "皆生つるや",
        "name_en": null,
        "kind": "hotel",
        "stars": null,
        "rooms": null,
        "phone": null,
        "website": null,
        "operator": null,
        "address": null,
        "near_town": "n1735958768",
        "near_town_name": "米子市",
        "osm_id": "n3945161653"
      }
    },
    {
      "type": "Feature",
      "geometry": {
        "type": "Point",
        "coordinates": [
          133.3624458,
          35.4561464
        ]
      },
      "properties": {
        "id": "l01456",
        "name": "観光・ビジネスホテル皆生温泉",
        "name_en": null,
        "kind": "hotel",
        "stars": null,
        "rooms": null,
        "phone": null,
        "website": null,
        "operator": null,
        "address": null,
        "near_town": "n1735958768",
        "near_town_name": "米子市",
        "osm_id": "n3945161655"
      }
    },
    {
      "type": "Feature",
      "geometry": {
        "type": "Point",
        "coordinates": [
          133.3705075,
          35.4550366
        ]
      },
      "properties": {
        "id": "l01457",
        "name": "ホテルウェルネスほうき路",
        "name_en": null,
        "kind": "hotel",
        "stars": null,
        "rooms": null,
        "phone": null,
        "website": null,
        "operator": null,
        "address": null,
        "near_town": "n1735958768",
        "near_town_name": "米子市",
        "osm_id": "n3945207916"
      }
    },
    {
      "type": "Feature",
      "geometry": {
        "type": "Point",
        "coordinates": [
          133.3572877,
          35.4574712
        ]
      },
      "properties": {
        "id": "l01458",
        "name": "(이름 없음)",
        "name_en": null,
        "kind": "hotel",
        "stars": null,
        "rooms": null,
        "phone": null,
        "website": null,
        "operator": null,
        "address": null,
        "near_town": "n1735958768",
        "near_town_name": "米子市",
        "osm_id": "n5808291855"
      }
    },
    {
      "type": "Feature",
      "geometry": {
        "type": "Point",
        "coordinates": [
          133.3349336,
          35.4252205
        ]
      },
      "properties": {
        "id": "l01459",
        "name": "グリーンホテル米子",
        "name_en": null,
        "kind": "hotel",
        "stars": null,
        "rooms": "21",
        "phone": null,
        "website": null,
        "operator": "株式会社ジェイアール西日本米子メンテック",
        "address": null,
        "near_town": "n1735958768",
        "near_town_name": "米子市",
        "osm_id": "n6129783989"
      }
    },
    {
      "type": "Feature",
      "geometry": {
        "type": "Point",
        "coordinates": [
          133.3357993,
          35.425026
        ]
      },
      "properties": {
        "id": "l01460",
        "name": "米子ユニバーサルホテル",
        "name_en": null,
        "kind": "hotel",
        "stars": null,
        "rooms": "410",
        "phone": null,
        "website": null,
        "operator": "ユニバーサルホテル",
        "address": null,
        "near_town": "n1735958768",
        "near_town_name": "米子市",
        "osm_id": "n6129788727"
      }
    },
    {
      "type": "Feature",
      "geometry": {
        "type": "Point",
        "coordinates": [
          133.3362409,
          35.4249966
        ]
      },
      "properties": {
        "id": "l01461",
        "name": "スーパーホテル米子駅前",
        "name_en": null,
        "kind": "hotel",
        "stars": null,
        "rooms": "134",
        "phone": null,
        "website": null,
        "operator": null,
        "address": null,
        "near_town": "n1735958768",
        "near_town_name": "米子市",
        "osm_id": "n6129788757"
      }
    },
    {
      "type": "Feature",
      "geometry": {
        "type": "Point",
        "coordinates": [
          133.3354929,
          35.4244943
        ]
      },
      "properties": {
        "id": "l01462",
        "name": "東横イン米子駅前",
        "name_en": null,
        "kind": "hotel",
        "stars": null,
        "rooms": "220",
        "phone": null,
        "website": null,
        "operator": null,
        "address": null,
        "near_town": "n1735958768",
        "near_town_name": "米子市",
        "osm_id": "n6129789064"
      }
    },
    {
      "type": "Feature",
      "geometry": {
        "type": "Point",
        "coordinates": [
          133.3352039,
          35.4244419
        ]
      },
      "properties": {
        "id": "l01463",
        "name": "ホテル松本",
        "name_en": null,
        "kind": "hotel",
        "stars": null,
        "rooms": null,
        "phone": null,
        "website": null,
        "operator": null,
        "address": null,
        "near_town": "n1735958768",
        "near_town_name": "米子市",
        "osm_id": "n6129789079"
      }
    },
    {
      "type": "Feature",
      "geometry": {
        "type": "Point",
        "coordinates": [
          133.3355368,
          35.4240217
        ]
      },
      "properties": {
        "id": "l01464",
        "name": "米子ワシントンホテルプラザ",
        "name_en": null,
        "kind": "hotel",
        "stars": null,
        "rooms": "169",
        "phone": "+81-859-31-9111",
        "website": null,
        "operator": "ワシントンホテル株式会社",
        "address": null,
        "near_town": "n1735958768",
        "near_town_name": "米子市",
        "osm_id": "n6129789110"
      }
    },
    {
      "type": "Feature",
      "geometry": {
        "type": "Point",
        "coordinates": [
          133.3352371,
          35.4235447
        ]
      },
      "properties": {
        "id": "l01465",
        "name": "米子タウンホテル",
        "name_en": null,
        "kind": "hotel",
        "stars": null,
        "rooms": "50",
        "phone": null,
        "website": null,
        "operator": null,
        "address": null,
        "near_town": "n1735958768",
        "near_town_name": "米子市",
        "osm_id": "n6129819324"
      }
    },
    {
      "type": "Feature",
      "geometry": {
        "type": "Point",
        "coordinates": [
          133.333675,
          35.4244005
        ]
      },
      "properties": {
        "id": "l01466",
        "name": "ホテル真田",
        "name_en": "Hotel Sanada",
        "kind": "hotel",
        "stars": null,
        "rooms": "30",
        "phone": null,
        "website": null,
        "operator": null,
        "address": null,
        "near_town": "n1735958768",
        "near_town_name": "米子市",
        "osm_id": "n6129847202",
        "name_ko": "호텔 사나다"
      }
    },
    {
      "type": "Feature",
      "geometry": {
        "type": "Point",
        "coordinates": [
          133.3347247,
          35.4228135
        ]
      },
      "properties": {
        "id": "l01467",
        "name": "米子ターミナルホテル松田",
        "name_en": null,
        "kind": "hotel",
        "stars": null,
        "rooms": "29",
        "phone": null,
        "website": null,
        "operator": null,
        "address": null,
        "near_town": "n1735958768",
        "near_town_name": "米子市",
        "osm_id": "n6129850450"
      }
    },
    {
      "type": "Feature",
      "geometry": {
        "type": "Point",
        "coordinates": [
          133.3348212,
          35.4221275
        ]
      },
      "properties": {
        "id": "l01468",
        "name": "ホテルハーベストイン米子",
        "name_en": null,
        "kind": "hotel",
        "stars": null,
        "rooms": "132",
        "phone": null,
        "website": null,
        "operator": null,
        "address": null,
        "near_town": "n1735958768",
        "near_town_name": "米子市",
        "osm_id": "n6131568813"
      }
    },
    {
      "type": "Feature",
      "geometry": {
        "type": "Point",
        "coordinates": [
          133.3273877,
          35.4403996
        ]
      },
      "properties": {
        "id": "l01469",
        "name": "nha",
        "name_en": null,
        "kind": "hostel",
        "stars": null,
        "rooms": null,
        "phone": null,
        "website": null,
        "operator": null,
        "address": null,
        "near_town": "n1735958768",
        "near_town_name": "米子市",
        "osm_id": "n6895462686"
      }
    },
    {
      "type": "Feature",
      "geometry": {
        "type": "Point",
        "coordinates": [
          133.3271032,
          35.4410443
        ]
      },
      "properties": {
        "id": "l01470",
        "name": "nha",
        "name_en": null,
        "kind": "motel",
        "stars": null,
        "rooms": null,
        "phone": null,
        "website": null,
        "operator": null,
        "address": null,
        "near_town": "n1735958768",
        "near_town_name": "米子市",
        "osm_id": "n6895462687"
      }
    },
    {
      "type": "Feature",
      "geometry": {
        "type": "Point",
        "coordinates": [
          133.3363368,
          35.4249876
        ]
      },
      "properties": {
        "id": "l01471",
        "name": "スーパーホテル米子駅前",
        "name_en": "Super Hotel Yonago Ekimae",
        "kind": "hotel",
        "stars": null,
        "rooms": null,
        "phone": "0859329000",
        "website": null,
        "operator": null,
        "address": "万能町",
        "near_town": "n1735958768",
        "near_town_name": "米子市",
        "osm_id": "n8356160917",
        "name_ko": "슈퍼 호텔 요나고 에키마에"
      }
    },
    {
      "type": "Feature",
      "geometry": {
        "type": "Point",
        "coordinates": [
          133.329877,
          35.4296653
        ]
      },
      "properties": {
        "id": "l01472",
        "name": "米子ニューアーバンホテル",
        "name_en": null,
        "kind": "hotel",
        "stars": null,
        "rooms": "36",
        "phone": null,
        "website": null,
        "operator": null,
        "address": null,
        "near_town": "n1735958768",
        "near_town_name": "米子市",
        "osm_id": "n10251349261"
      }
    },
    {
      "type": "Feature",
      "geometry": {
        "type": "Point",
        "coordinates": [
          133.3400833,
          35.4291222
        ]
      },
      "properties": {
        "id": "l01473",
        "name": "ルートインホテルズ",
        "name_en": "ROUTEINN HOTELS",
        "kind": "hotel",
        "stars": null,
        "rooms": null,
        "phone": null,
        "website": null,
        "operator": null,
        "address": null,
        "near_town": "n1735958768",
        "near_town_name": "米子市",
        "osm_id": "n10264852309",
        "name_ko": "루트인 호테르s"
      }
    },
    {
      "type": "Feature",
      "geometry": {
        "type": "Point",
        "coordinates": [
          133.3285236,
          35.425686
        ]
      },
      "properties": {
        "id": "l01474",
        "name": "米子全日空ホテル",
        "name_en": null,
        "kind": "hotel",
        "stars": null,
        "rooms": null,
        "phone": null,
        "website": null,
        "operator": null,
        "address": null,
        "near_town": "n1735958768",
        "near_town_name": "米子市",
        "osm_id": "w654301781"
      }
    },
    {
      "type": "Feature",
      "geometry": {
        "type": "Point",
        "coordinates": [
          133.3655769,
          35.4563151
        ]
      },
      "properties": {
        "id": "l01475",
        "name": "皆生風雅",
        "name_en": null,
        "kind": "hotel",
        "stars": null,
        "rooms": null,
        "phone": null,
        "website": "https://www.kaike-fuga.com/",
        "operator": null,
        "address": null,
        "near_town": "n1735958768",
        "near_town_name": "米子市",
        "osm_id": "w1115328491"
      }
    },
    {
      "type": "Feature",
      "geometry": {
        "type": "Point",
        "coordinates": [
          133.4152861,
          35.4243614
        ]
      },
      "properties": {
        "id": "l01476",
        "name": "ぴーかんぴーぷる",
        "name_en": "pi-kan pi-puru",
        "kind": "motel",
        "stars": null,
        "rooms": null,
        "phone": null,
        "website": null,
        "operator": null,
        "address": null,
        "near_town": "n1735956527",
        "near_town_name": "伯耆町",
        "osm_id": "n1966014624",
        "name_ko": "피-칸 피-푸루"
      }
    },
    {
      "type": "Feature",
      "geometry": {
        "type": "Point",
        "coordinates": [
          133.4125246,
          35.4192545
        ]
      },
      "properties": {
        "id": "l01477",
        "name": "シャトー尾高",
        "name_en": null,
        "kind": "hotel",
        "stars": null,
        "rooms": null,
        "phone": null,
        "website": null,
        "operator": null,
        "address": null,
        "near_town": "n1735956527",
        "near_town_name": "伯耆町",
        "osm_id": "n1966014948"
      }
    },
    {
      "type": "Feature",
      "geometry": {
        "type": "Point",
        "coordinates": [
          133.4229666,
          35.3963473
        ]
      },
      "properties": {
        "id": "l01478",
        "name": "ぴーかんぱりぱり",
        "name_en": null,
        "kind": "motel",
        "stars": null,
        "rooms": null,
        "phone": null,
        "website": null,
        "operator": null,
        "address": null,
        "near_town": "n1735956527",
        "near_town_name": "伯耆町",
        "osm_id": "n1966015989"
      }
    },
    {
      "type": "Feature",
      "geometry": {
        "type": "Point",
        "coordinates": [
          133.3600338,
          35.3707086
        ]
      },
      "properties": {
        "id": "l01479",
        "name": "てま里",
        "name_en": null,
        "kind": "guest_house",
        "stars": null,
        "rooms": null,
        "phone": "+81 859 21 1527",
        "website": "https://temari.tottori.jp/",
        "operator": null,
        "address": null,
        "near_town": "n1735956527",
        "near_town_name": "伯耆町",
        "osm_id": "n7617881040"
      }
    },
    {
      "type": "Feature",
      "geometry": {
        "type": "Point",
        "coordinates": [
          134.1643957,
          34.0560113
        ]
      },
      "properties": {
        "id": "l01480",
        "name": "すえひろ",
        "name_en": null,
        "kind": "hotel",
        "stars": null,
        "rooms": null,
        "phone": null,
        "website": null,
        "operator": null,
        "address": null,
        "near_town": "n309631885",
        "near_town_name": "美馬市",
        "osm_id": "n13645377773"
      }
    },
    {
      "type": "Feature",
      "geometry": {
        "type": "Point",
        "coordinates": [
          134.1763184,
          34.0475415
        ]
      },
      "properties": {
        "id": "l01481",
        "name": "清月屋敷",
        "name_en": null,
        "kind": "hotel",
        "stars": null,
        "rooms": null,
        "phone": "0883-53-7733",
        "website": "https://seigetsuyashiki.com/",
        "operator": null,
        "address": "美馬市 穴吹町穴吹字市ノ下",
        "near_town": "n309631885",
        "near_town_name": "美馬市",
        "osm_id": "w312015206"
      }
    },
    {
      "type": "Feature",
      "geometry": {
        "type": "Point",
        "coordinates": [
          134.1506293,
          34.0228569
        ]
      },
      "properties": {
        "id": "l01482",
        "name": "ブルーヴィラ あなぶき",
        "name_en": null,
        "kind": "hotel",
        "stars": null,
        "rooms": null,
        "phone": "0883-55-3777",
        "website": "http://bv-anabuki.com/",
        "operator": null,
        "address": "美馬市 穴吹町口山字丸山",
        "near_town": "n309631885",
        "near_town_name": "美馬市",
        "osm_id": "w312018169"
      }
    },
    {
      "type": "Feature",
      "geometry": {
        "type": "Point",
        "coordinates": [
          134.1288166,
          34.0260268
        ]
      },
      "properties": {
        "id": "l01483",
        "name": "水車の里穴吹温泉",
        "name_en": null,
        "kind": "guest_house",
        "stars": null,
        "rooms": null,
        "phone": "0883-56-0025",
        "website": "https://www.anabukionsen.com/",
        "operator": null,
        "address": "美馬市 穴吹町口山字渕名",
        "near_town": "n309631885",
        "near_town_name": "美馬市",
        "osm_id": "w312018783"
      }
    },
    {
      "type": "Feature",
      "geometry": {
        "type": "Point",
        "coordinates": [
          134.1709755,
          34.0683856
        ]
      },
      "properties": {
        "id": "l01484",
        "name": "ビジネスホテル稲田苑",
        "name_en": null,
        "kind": "hotel",
        "stars": null,
        "rooms": null,
        "phone": "0883-52-3333",
        "website": "http://www11.plala.or.jp/inadaen/",
        "operator": null,
        "address": "美馬市 脇町字拝原",
        "near_town": "n309631885",
        "near_town_name": "美馬市",
        "osm_id": "w312025333"
      }
    },
    {
      "type": "Feature",
      "geometry": {
        "type": "Point",
        "coordinates": [
          134.1699373,
          34.0660537
        ]
      },
      "properties": {
        "id": "l01485",
        "name": "ビジネス脇プラザ",
        "name_en": null,
        "kind": "hotel",
        "stars": null,
        "rooms": null,
        "phone": "0883-53-1126",
        "website": "http://www.infoeddy.ne.jp/~kodak/waki.html",
        "operator": null,
        "address": "美馬市 脇町字拝原",
        "near_town": "n309631885",
        "near_town_name": "美馬市",
        "osm_id": "w312027049"
      }
    },
    {
      "type": "Feature",
      "geometry": {
        "type": "Point",
        "coordinates": [
          134.1631718,
          34.0651346
        ]
      },
      "properties": {
        "id": "l01486",
        "name": "ビジネスホテルマツカ",
        "name_en": null,
        "kind": "hotel",
        "stars": null,
        "rooms": null,
        "phone": "0883-52-1555",
        "website": "https://www.hotel-matsuka.com/",
        "operator": null,
        "address": "美馬市 脇町猪尻建神社下南",
        "near_town": "n309631885",
        "near_town_name": "美馬市",
        "osm_id": "w312027797"
      }
    },
    {
      "type": "Feature",
      "geometry": {
        "type": "Point",
        "coordinates": [
          134.2019753,
          34.0583721
        ]
      },
      "properties": {
        "id": "l01487",
        "name": "フレンド",
        "name_en": null,
        "kind": "motel",
        "stars": null,
        "rooms": null,
        "phone": null,
        "website": null,
        "operator": null,
        "address": "吉野川市 山川町引地",
        "near_town": "n309631885",
        "near_town_name": "美馬市",
        "osm_id": "w314963145"
      }
    },
    {
      "type": "Feature",
      "geometry": {
        "type": "Point",
        "coordinates": [
          134.0194776,
          34.0471484
        ]
      },
      "properties": {
        "id": "l01488",
        "name": "浜一旅館",
        "name_en": null,
        "kind": "hotel",
        "stars": null,
        "rooms": null,
        "phone": "0883-63-2559",
        "website": null,
        "operator": null,
        "address": "美馬市 美馬町字八幡",
        "near_town": "n309633281",
        "near_town_name": "つるぎ町",
        "osm_id": "w312020563"
      }
    },
    {
      "type": "Feature",
      "geometry": {
        "type": "Point",
        "coordinates": [
          134.0631133,
          34.0376086
        ]
      },
      "properties": {
        "id": "l01489",
        "name": "ビジネスホテルふじ",
        "name_en": null,
        "kind": "hotel",
        "stars": null,
        "rooms": null,
        "phone": "0883-62-2336",
        "website": null,
        "operator": null,
        "address": "つるぎ町 貞光字町",
        "near_town": "n309633281",
        "near_town_name": "つるぎ町",
        "osm_id": "w313783872"
      }
    },
    {
      "type": "Feature",
      "geometry": {
        "type": "Point",
        "coordinates": [
          134.0625706,
          34.0361279
        ]
      },
      "properties": {
        "id": "l01490",
        "name": "双葉旅館",
        "name_en": null,
        "kind": "hotel",
        "stars": null,
        "rooms": null,
        "phone": "0883-62-2076",
        "website": null,
        "operator": null,
        "address": "つるぎ町 貞光字町",
        "near_town": "n309633281",
        "near_town_name": "つるぎ町",
        "osm_id": "w313785831"
      }
    },
    {
      "type": "Feature",
      "geometry": {
        "type": "Point",
        "coordinates": [
          134.1124416,
          34.0516522
        ]
      },
      "properties": {
        "id": "l01491",
        "name": "ホテル エンゼル",
        "name_en": null,
        "kind": "motel",
        "stars": null,
        "rooms": null,
        "phone": null,
        "website": null,
        "operator": null,
        "address": "美馬市 穴吹町三島字小島",
        "near_town": "n309633281",
        "near_town_name": "つるぎ町",
        "osm_id": "w315123468"
      }
    },
    {
      "type": "Feature",
      "geometry": {
        "type": "Point",
        "coordinates": [
          133.1874105,
          33.9132379
        ]
      },
      "properties": {
        "id": "l01492",
        "name": "ルートイン西条",
        "name_en": null,
        "kind": "hotel",
        "stars": null,
        "rooms": null,
        "phone": null,
        "website": null,
        "operator": null,
        "address": null,
        "near_town": "n636903845",
        "near_town_name": "西条市",
        "osm_id": "n2190491932"
      }
    },
    {
      "type": "Feature",
      "geometry": {
        "type": "Point",
        "coordinates": [
          133.187412,
          33.913232
        ]
      },
      "properties": {
        "id": "l01493",
        "name": "西条アーバンホテル",
        "name_en": null,
        "kind": "hotel",
        "stars": null,
        "rooms": null,
        "phone": null,
        "website": null,
        "operator": null,
        "address": null,
        "near_town": "n636903845",
        "near_town_name": "西条市",
        "osm_id": "n2190508939"
      }
    },
    {
      "type": "Feature",
      "geometry": {
        "type": "Point",
        "coordinates": [
          133.187765,
          33.913044
        ]
      },
      "properties": {
        "id": "l01494",
        "name": "西条ステーションホテル",
        "name_en": null,
        "kind": "hotel",
        "stars": null,
        "rooms": null,
        "phone": null,
        "website": null,
        "operator": null,
        "address": null,
        "near_town": "n636903845",
        "near_town_name": "西条市",
        "osm_id": "n2190511021"
      }
    },
    {
      "type": "Feature",
      "geometry": {
        "type": "Point",
        "coordinates": [
          133.187864,
          33.912925
        ]
      },
      "properties": {
        "id": "l01495",
        "name": "ホテルオレール西条",
        "name_en": null,
        "kind": "hotel",
        "stars": null,
        "rooms": null,
        "phone": null,
        "website": null,
        "operator": null,
        "address": null,
        "near_town": "n636903845",
        "near_town_name": "西条市",
        "osm_id": "n2190511938"
      }
    },
    {
      "type": "Feature",
      "geometry": {
        "type": "Point",
        "coordinates": [
          133.186939,
          33.913243
        ]
      },
      "properties": {
        "id": "l01496",
        "name": "玉の家西条",
        "name_en": null,
        "kind": "hotel",
        "stars": null,
        "rooms": null,
        "phone": null,
        "website": null,
        "operator": null,
        "address": null,
        "near_town": "n636903845",
        "near_town_name": "西条市",
        "osm_id": "n2190527292"
      }
    },
    {
      "type": "Feature",
      "geometry": {
        "type": "Point",
        "coordinates": [
          133.189732,
          33.913649
        ]
      },
      "properties": {
        "id": "l01497",
        "name": "西条国際ホテル",
        "name_en": null,
        "kind": "hotel",
        "stars": null,
        "rooms": null,
        "phone": null,
        "website": null,
        "operator": null,
        "address": null,
        "near_town": "n636903845",
        "near_town_name": "西条市",
        "osm_id": "n2190537605"
      }
    },
    {
      "type": "Feature",
      "geometry": {
        "type": "Point",
        "coordinates": [
          133.1839346,
          33.9278338
        ]
      },
      "properties": {
        "id": "l01498",
        "name": "ホテルルートイン西条",
        "name_en": null,
        "kind": "hotel",
        "stars": null,
        "rooms": null,
        "phone": null,
        "website": null,
        "operator": null,
        "address": null,
        "near_town": "n636903845",
        "near_town_name": "西条市",
        "osm_id": "n2213881199"
      }
    },
    {
      "type": "Feature",
      "geometry": {
        "type": "Point",
        "coordinates": [
          133.1862791,
          33.9282595
        ]
      },
      "properties": {
        "id": "l01499",
        "name": "西条パシフィックホテル",
        "name_en": null,
        "kind": "hotel",
        "stars": null,
        "rooms": null,
        "phone": null,
        "website": null,
        "operator": null,
        "address": null,
        "near_town": "n636903845",
        "near_town_name": "西条市",
        "osm_id": "n2213882208"
      }
    },
    {
      "type": "Feature",
      "geometry": {
        "type": "Point",
        "coordinates": [
          133.1900654,
          33.9257166
        ]
      },
      "properties": {
        "id": "l01500",
        "name": "Itomachi Hotel 0",
        "name_en": null,
        "kind": "hotel",
        "stars": null,
        "rooms": null,
        "phone": "+81 897-47-7568",
        "website": "http://itomachihotel-0.com",
        "operator": null,
        "address": "⻄条市朔日市",
        "near_town": "n636903845",
        "near_town_name": "西条市",
        "osm_id": "n13702732701"
      }
    },
    {
      "type": "Feature",
      "geometry": {
        "type": "Point",
        "coordinates": [
          133.1866635,
          33.9137336
        ]
      },
      "properties": {
        "id": "l01501",
        "name": "ビジネスホテル　アネックス　あかやね",
        "name_en": null,
        "kind": "hotel",
        "stars": null,
        "rooms": null,
        "phone": null,
        "website": null,
        "operator": null,
        "address": null,
        "near_town": "n636903845",
        "near_town_name": "西条市",
        "osm_id": "w1127824604"
      }
    },
    {
      "type": "Feature",
      "geometry": {
        "type": "Point",
        "coordinates": [
          131.0771868,
          32.9326819
        ]
      },
      "properties": {
        "id": "l01502",
        "name": "Syubuko",
        "name_en": "Syubuko",
        "kind": "hotel",
        "stars": null,
        "rooms": null,
        "phone": null,
        "website": null,
        "operator": null,
        "address": null,
        "near_town": "n739281195",
        "near_town_name": "阿蘇市",
        "osm_id": "n1783968251",
        "name_ko": "s유부코"
      }
    },
    {
      "type": "Feature",
      "geometry": {
        "type": "Point",
        "coordinates": [
          131.0804236,
          32.9356781
        ]
      },
      "properties": {
        "id": "l01503",
        "name": "Aso Backpackers",
        "name_en": null,
        "kind": "hotel",
        "stars": null,
        "rooms": null,
        "phone": null,
        "website": null,
        "operator": null,
        "address": null,
        "near_town": "n739281195",
        "near_town_name": "阿蘇市",
        "osm_id": "n1858900680"
      }
    },
    {
      "type": "Feature",
      "geometry": {
        "type": "Point",
        "coordinates": [
          131.0767547,
          32.9286539
        ]
      },
      "properties": {
        "id": "l01504",
        "name": "Aso Youth Hostel",
        "name_en": null,
        "kind": "hostel",
        "stars": null,
        "rooms": null,
        "phone": null,
        "website": "http://www.aso-yh.ecnet.jp/",
        "operator": null,
        "address": null,
        "near_town": "n739281195",
        "near_town_name": "阿蘇市",
        "osm_id": "n2742521572"
      }
    },
    {
      "type": "Feature",
      "geometry": {
        "type": "Point",
        "coordinates": [
          131.1081106,
          32.9266054
        ]
      },
      "properties": {
        "id": "l01505",
        "name": "かんぽの宿",
        "name_en": null,
        "kind": "hotel",
        "stars": null,
        "rooms": null,
        "phone": null,
        "website": null,
        "operator": null,
        "address": null,
        "near_town": "n739281195",
        "near_town_name": "阿蘇市",
        "osm_id": "n6778450283"
      }
    },
    {
      "type": "Feature",
      "geometry": {
        "type": "Point",
        "coordinates": [
          131.079204,
          32.9370636
        ]
      },
      "properties": {
        "id": "l01506",
        "name": "フェアフィールド・バイ・マリオット・熊本阿蘇",
        "name_en": "Fairfield by Marriott Kumamoto Aso",
        "kind": "hotel",
        "stars": null,
        "rooms": null,
        "phone": "81967340515",
        "website": "https://www.marriott.com/en-us/hotels/kmjfi-fairfield-kumamoto-aso/overview/?scid=f2ae0541-1279-4f24-b197-a979c79310b0",
        "operator": null,
        "address": null,
        "near_town": "n739281195",
        "near_town_name": "阿蘇市",
        "osm_id": "n11765652769",
        "name_ko": "파이r피에르d by 맛리옷t 쿠마모토 아소"
      }
    },
    {
      "type": "Feature",
      "geometry": {
        "type": "Point",
        "coordinates": [
          131.0730943,
          32.9365229
        ]
      },
      "properties": {
        "id": "l01507",
        "name": "(이름 없음)",
        "name_en": null,
        "kind": "guest_house",
        "stars": null,
        "rooms": null,
        "phone": null,
        "website": null,
        "operator": null,
        "address": null,
        "near_town": "n739281195",
        "near_town_name": "阿蘇市",
        "osm_id": "n12191966727"
      }
    },
    {
      "type": "Feature",
      "geometry": {
        "type": "Point",
        "coordinates": [
          131.3042263,
          32.7137518
        ]
      },
      "properties": {
        "id": "l01508",
        "name": "Hotel Grateful Takachiho",
        "name_en": null,
        "kind": "hotel",
        "stars": null,
        "rooms": null,
        "phone": null,
        "website": "https://www.h-hikari.co.jp/",
        "operator": null,
        "address": "高千穗 高千穗町大字三田井1352-1",
        "near_town": "n739203621",
        "near_town_name": "高千穂町",
        "osm_id": "n2183573492"
      }
    },
    {
      "type": "Feature",
      "geometry": {
        "type": "Point",
        "coordinates": [
          131.310565,
          32.7089667
        ]
      },
      "properties": {
        "id": "l01509",
        "name": "(이름 없음)",
        "name_en": null,
        "kind": "hotel",
        "stars": null,
        "rooms": null,
        "phone": null,
        "website": null,
        "operator": null,
        "address": null,
        "near_town": "n739203621",
        "near_town_name": "高千穂町",
        "osm_id": "n2183598123"
      }
    },
    {
      "type": "Feature",
      "geometry": {
        "type": "Point",
        "coordinates": [
          131.310801,
          32.7087838
        ]
      },
      "properties": {
        "id": "l01510",
        "name": "ホテル 四季見",
        "name_en": null,
        "kind": "hotel",
        "stars": null,
        "rooms": null,
        "phone": null,
        "website": null,
        "operator": null,
        "address": null,
        "near_town": "n739203621",
        "near_town_name": "高千穂町",
        "osm_id": "n2183598161"
      }
    },
    {
      "type": "Feature",
      "geometry": {
        "type": "Point",
        "coordinates": [
          131.3076056,
          32.7037524
        ]
      },
      "properties": {
        "id": "l01511",
        "name": "Hotel Chikimi",
        "name_en": null,
        "kind": "hotel",
        "stars": null,
        "rooms": null,
        "phone": null,
        "website": null,
        "operator": null,
        "address": null,
        "near_town": "n739203621",
        "near_town_name": "高千穂町",
        "osm_id": "n2962849149"
      }
    },
    {
      "type": "Feature",
      "geometry": {
        "type": "Point",
        "coordinates": [
          131.310207,
          32.709082
        ]
      },
      "properties": {
        "id": "l01512",
        "name": "Shikimi",
        "name_en": null,
        "kind": "hotel",
        "stars": null,
        "rooms": null,
        "phone": null,
        "website": "https://shikimi.jp/",
        "operator": null,
        "address": "Miyozaki-ken",
        "near_town": "n739203621",
        "near_town_name": "高千穂町",
        "osm_id": "n3731457225"
      }
    },
    {
      "type": "Feature",
      "geometry": {
        "type": "Point",
        "coordinates": [
          131.3008974,
          32.7044826
        ]
      },
      "properties": {
        "id": "l01513",
        "name": "浮き雲",
        "name_en": null,
        "kind": "guest_house",
        "stars": null,
        "rooms": null,
        "phone": null,
        "website": null,
        "operator": null,
        "address": null,
        "near_town": "n739203621",
        "near_town_name": "高千穂町",
        "osm_id": "n3918435760"
      }
    },
    {
      "type": "Feature",
      "geometry": {
        "type": "Point",
        "coordinates": [
          131.3085101,
          32.7056006
        ]
      },
      "properties": {
        "id": "l01514",
        "name": "Kariboshi",
        "name_en": null,
        "kind": "guest_house",
        "stars": null,
        "rooms": null,
        "phone": null,
        "website": null,
        "operator": null,
        "address": null,
        "near_town": "n739203621",
        "near_town_name": "高千穂町",
        "osm_id": "n5087166409"
      }
    },
    {
      "type": "Feature",
      "geometry": {
        "type": "Point",
        "coordinates": [
          131.3077195,
          32.7099106
        ]
      },
      "properties": {
        "id": "l01515",
        "name": "(이름 없음)",
        "name_en": null,
        "kind": "guest_house",
        "stars": null,
        "rooms": null,
        "phone": null,
        "website": null,
        "operator": null,
        "address": null,
        "near_town": "n739203621",
        "near_town_name": "高千穂町",
        "osm_id": "n5088715519"
      }
    },
    {
      "type": "Feature",
      "geometry": {
        "type": "Point",
        "coordinates": [
          131.3008589,
          32.7046366
        ]
      },
      "properties": {
        "id": "l01516",
        "name": "Takachiho B&B",
        "name_en": null,
        "kind": "hotel",
        "stars": null,
        "rooms": null,
        "phone": null,
        "website": null,
        "operator": null,
        "address": null,
        "near_town": "n739203621",
        "near_town_name": "高千穂町",
        "osm_id": "n6746486885"
      }
    },
    {
      "type": "Feature",
      "geometry": {
        "type": "Point",
        "coordinates": [
          131.3049019,
          32.7077704
        ]
      },
      "properties": {
        "id": "l01517",
        "name": "Solest Takachiho Hotel",
        "name_en": null,
        "kind": "hotel",
        "stars": null,
        "rooms": null,
        "phone": "0982-83-0001",
        "website": "solest-Takachiho.jp",
        "operator": null,
        "address": null,
        "near_town": "n739203621",
        "near_town_name": "高千穂町",
        "osm_id": "n11779953333"
      }
    },
    {
      "type": "Feature",
      "geometry": {
        "type": "Point",
        "coordinates": [
          131.2996419,
          32.7052695
        ]
      },
      "properties": {
        "id": "l01518",
        "name": "国民宿舎 ホテル高千穂",
        "name_en": "Hotel Takachiho",
        "kind": "hotel",
        "stars": null,
        "rooms": null,
        "phone": null,
        "website": null,
        "operator": null,
        "address": null,
        "near_town": "n739203621",
        "near_town_name": "高千穂町",
        "osm_id": "w762762527",
        "name_ko": "호텔 타카치호"
      }
    },
    {
      "type": "Feature",
      "geometry": {
        "type": "Point",
        "coordinates": [
          130.8935122,
          32.8799224
        ]
      },
      "properties": {
        "id": "l01519",
        "name": "Hotel AZ",
        "name_en": null,
        "kind": "hotel",
        "stars": null,
        "rooms": null,
        "phone": null,
        "website": null,
        "operator": null,
        "address": null,
        "near_town": "n739281206",
        "near_town_name": "大津町",
        "osm_id": "w413495935"
      }
    },
    {
      "type": "Feature",
      "geometry": {
        "type": "Point",
        "coordinates": [
          130.7636648,
          31.7443712
        ]
      },
      "properties": {
        "id": "l01520",
        "name": "ロイヤルイン国分",
        "name_en": null,
        "kind": "hotel",
        "stars": null,
        "rooms": null,
        "phone": null,
        "website": null,
        "operator": null,
        "address": null,
        "near_town": "n739243868",
        "near_town_name": "霧島市",
        "osm_id": "n4461556017"
      }
    },
    {
      "type": "Feature",
      "geometry": {
        "type": "Point",
        "coordinates": [
          130.7636352,
          31.7430477
        ]
      },
      "properties": {
        "id": "l01521",
        "name": "ビジネスホテル舞鶴館",
        "name_en": null,
        "kind": "hotel",
        "stars": null,
        "rooms": null,
        "phone": null,
        "website": null,
        "operator": null,
        "address": null,
        "near_town": "n739243868",
        "near_town_name": "霧島市",
        "osm_id": "n4461556027"
      }
    },
    {
      "type": "Feature",
      "geometry": {
        "type": "Point",
        "coordinates": [
          130.7377154,
          31.7420395
        ]
      },
      "properties": {
        "id": "l01522",
        "name": "ステーションホテル隼人",
        "name_en": null,
        "kind": "hotel",
        "stars": null,
        "rooms": null,
        "phone": null,
        "website": null,
        "operator": null,
        "address": null,
        "near_town": "n739243868",
        "near_town_name": "霧島市",
        "osm_id": "n4465447289"
      }
    },
    {
      "type": "Feature",
      "geometry": {
        "type": "Point",
        "coordinates": [
          130.7468091,
          31.7442804
        ]
      },
      "properties": {
        "id": "l01523",
        "name": "ホテル京セラ",
        "name_en": null,
        "kind": "hotel",
        "stars": null,
        "rooms": null,
        "phone": null,
        "website": null,
        "operator": null,
        "address": null,
        "near_town": "n739243868",
        "near_town_name": "霧島市",
        "osm_id": "n4488987725"
      }
    },
    {
      "type": "Feature",
      "geometry": {
        "type": "Point",
        "coordinates": [
          130.746736,
          31.7431504
        ]
      },
      "properties": {
        "id": "l01524",
        "name": "ホテル京セラアネックス新館",
        "name_en": null,
        "kind": "hotel",
        "stars": null,
        "rooms": null,
        "phone": null,
        "website": null,
        "operator": null,
        "address": null,
        "near_town": "n739243868",
        "near_town_name": "霧島市",
        "osm_id": "n4488987726"
      }
    },
    {
      "type": "Feature",
      "geometry": {
        "type": "Point",
        "coordinates": [
          130.7468103,
          31.7459185
        ]
      },
      "properties": {
        "id": "l01525",
        "name": "グッドイン隼人",
        "name_en": "Good Inn",
        "kind": "hotel",
        "stars": null,
        "rooms": null,
        "phone": null,
        "website": null,
        "operator": null,
        "address": null,
        "near_town": "n739243868",
        "near_town_name": "霧島市",
        "osm_id": "n4488987727",
        "name_ko": "고오d 인"
      }
    },
    {
      "type": "Feature",
      "geometry": {
        "type": "Point",
        "coordinates": [
          130.7569642,
          31.761643
        ]
      },
      "properties": {
        "id": "l01526",
        "name": "(이름 없음)",
        "name_en": null,
        "kind": "guest_house",
        "stars": null,
        "rooms": null,
        "phone": null,
        "website": null,
        "operator": null,
        "address": null,
        "near_town": "n739243868",
        "near_town_name": "霧島市",
        "osm_id": "n8635231251"
      }
    },
    {
      "type": "Feature",
      "geometry": {
        "type": "Point",
        "coordinates": [
          130.7636117,
          31.7430239
        ]
      },
      "properties": {
        "id": "l01527",
        "name": "(이름 없음)",
        "name_en": null,
        "kind": "hotel",
        "stars": null,
        "rooms": null,
        "phone": null,
        "website": null,
        "operator": null,
        "address": null,
        "near_town": "n739243868",
        "near_town_name": "霧島市",
        "osm_id": "w547555327"
      }
    },
    {
      "type": "Feature",
      "geometry": {
        "type": "Point",
        "coordinates": [
          130.7612864,
          31.740213
        ]
      },
      "properties": {
        "id": "l01528",
        "name": "アパホテル",
        "name_en": "APA Hotel",
        "kind": "hotel",
        "stars": null,
        "rooms": null,
        "phone": null,
        "website": null,
        "operator": null,
        "address": "鹿児島県 霧島市",
        "near_town": "n739243868",
        "near_town_name": "霧島市",
        "osm_id": "w547682978",
        "name_ko": "APA 호텔"
      }
    },
    {
      "type": "Feature",
      "geometry": {
        "type": "Point",
        "coordinates": [
          130.7637184,
          31.7397719
        ]
      },
      "properties": {
        "id": "l01529",
        "name": "ホテル　ネクステージ",
        "name_en": null,
        "kind": "hotel",
        "stars": null,
        "rooms": null,
        "phone": null,
        "website": null,
        "operator": null,
        "address": null,
        "near_town": "n739243868",
        "near_town_name": "霧島市",
        "osm_id": "w547682979"
      }
    },
    {
      "type": "Feature",
      "geometry": {
        "type": "Point",
        "coordinates": [
          130.7677841,
          31.741982
        ]
      },
      "properties": {
        "id": "l01530",
        "name": "ビジネス旅館森本",
        "name_en": null,
        "kind": "hotel",
        "stars": null,
        "rooms": null,
        "phone": null,
        "website": null,
        "operator": null,
        "address": null,
        "near_town": "n739243868",
        "near_town_name": "霧島市",
        "osm_id": "w658706901"
      }
    },
    {
      "type": "Feature",
      "geometry": {
        "type": "Point",
        "coordinates": [
          130.7661093,
          31.7379716
        ]
      },
      "properties": {
        "id": "l01531",
        "name": "サンホテル国分",
        "name_en": null,
        "kind": "hotel",
        "stars": null,
        "rooms": null,
        "phone": null,
        "website": null,
        "operator": null,
        "address": null,
        "near_town": "n739243868",
        "near_town_name": "霧島市",
        "osm_id": "w1413190428"
      }
    },
    {
      "type": "Feature",
      "geometry": {
        "type": "Point",
        "coordinates": [
          130.6512053,
          31.2313937
        ]
      },
      "properties": {
        "id": "l01532",
        "name": "大黑屋",
        "name_en": null,
        "kind": "hostel",
        "stars": null,
        "rooms": null,
        "phone": "0993222585",
        "website": null,
        "operator": null,
        "address": null,
        "near_town": "n698791778",
        "near_town_name": "指宿市",
        "osm_id": "n4411523492"
      }
    },
    {
      "type": "Feature",
      "geometry": {
        "type": "Point",
        "coordinates": [
          130.6522661,
          31.2478001
        ]
      },
      "properties": {
        "id": "l01533",
        "name": "指宿シーサイドホテル",
        "name_en": null,
        "kind": "hotel",
        "stars": null,
        "rooms": null,
        "phone": null,
        "website": null,
        "operator": null,
        "address": null,
        "near_town": "n698791778",
        "near_town_name": "指宿市",
        "osm_id": "n6984898305"
      }
    },
    {
      "type": "Feature",
      "geometry": {
        "type": "Point",
        "coordinates": [
          130.6526851,
          31.2282342
        ]
      },
      "properties": {
        "id": "l01534",
        "name": "夫婦露天風呂の宿 吟松",
        "name_en": "Ryokan Ginsyou, famous for its couple's open-air bath",
        "kind": "hotel",
        "stars": null,
        "rooms": null,
        "phone": "+81-993-22-3231",
        "website": "https://ginsyou.com/",
        "operator": "ふじリゾート",
        "address": "鹿児島県 指宿市",
        "near_town": "n698791778",
        "near_town_name": "指宿市",
        "osm_id": "n9610369575",
        "name_ko": "료칸 긴s요우, 파모우s 포r 이ts c오p레's 오펜-아이r 바th"
      }
    },
    {
      "type": "Feature",
      "geometry": {
        "type": "Point",
        "coordinates": [
          130.6522131,
          31.2279889
        ]
      },
      "properties": {
        "id": "l01535",
        "name": "秀水園",
        "name_en": null,
        "kind": "hotel",
        "stars": null,
        "rooms": null,
        "phone": null,
        "website": null,
        "operator": null,
        "address": null,
        "near_town": "n698791778",
        "near_town_name": "指宿市",
        "osm_id": "n9930556472"
      }
    },
    {
      "type": "Feature",
      "geometry": {
        "type": "Point",
        "coordinates": [
          130.6295201,
          31.2105107
        ]
      },
      "properties": {
        "id": "l01536",
        "name": "Kuriya Hotel and restaurant",
        "name_en": null,
        "kind": "guest_house",
        "stars": null,
        "rooms": null,
        "phone": null,
        "website": null,
        "operator": null,
        "address": null,
        "near_town": "n698791778",
        "near_town_name": "指宿市",
        "osm_id": "n11763209866"
      }
    },
    {
      "type": "Feature",
      "geometry": {
        "type": "Point",
        "coordinates": [
          130.6450752,
          31.235499
        ]
      },
      "properties": {
        "id": "l01537",
        "name": "Guest House Machikado",
        "name_en": null,
        "kind": "hostel",
        "stars": null,
        "rooms": null,
        "phone": null,
        "website": null,
        "operator": null,
        "address": null,
        "near_town": "n698791778",
        "near_town_name": "指宿市",
        "osm_id": "n11862072223"
      }
    },
    {
      "type": "Feature",
      "geometry": {
        "type": "Point",
        "coordinates": [
          130.6548906,
          31.2223786
        ]
      },
      "properties": {
        "id": "l01538",
        "name": "(이름 없음)",
        "name_en": null,
        "kind": "hotel",
        "stars": null,
        "rooms": null,
        "phone": null,
        "website": null,
        "operator": null,
        "address": null,
        "near_town": "n698791778",
        "near_town_name": "指宿市",
        "osm_id": "w611977415"
      }
    },
    {
      "type": "Feature",
      "geometry": {
        "type": "Point",
        "coordinates": [
          130.6125294,
          31.2347843
        ]
      },
      "properties": {
        "id": "l01539",
        "name": "指宿ベイヒルズ HOTEL＆SPA",
        "name_en": null,
        "kind": "hotel",
        "stars": null,
        "rooms": null,
        "phone": null,
        "website": null,
        "operator": null,
        "address": null,
        "near_town": "n698791778",
        "near_town_name": "指宿市",
        "osm_id": "w759010436"
      }
    },
    {
      "type": "Feature",
      "geometry": {
        "type": "Point",
        "coordinates": [
          130.653592,
          31.2269886
        ]
      },
      "properties": {
        "id": "l01540",
        "name": "指宿海上ホテル",
        "name_en": "Ibusuki Kaijo Hotel",
        "kind": "hotel",
        "stars": null,
        "rooms": null,
        "phone": null,
        "website": null,
        "operator": null,
        "address": null,
        "near_town": "n698791778",
        "near_town_name": "指宿市",
        "osm_id": "w875378826",
        "name_ko": "이부스키 카이조 호텔"
      }
    },
    {
      "type": "Feature",
      "geometry": {
        "type": "Point",
        "coordinates": [
          130.6498358,
          31.2181052
        ]
      },
      "properties": {
        "id": "l01541",
        "name": "指宿ロイヤルホテル",
        "name_en": "Ibusuki Royal Hotel",
        "kind": "hotel",
        "stars": null,
        "rooms": null,
        "phone": null,
        "website": null,
        "operator": null,
        "address": null,
        "near_town": "n698791778",
        "near_town_name": "指宿市",
        "osm_id": "w875378827",
        "name_ko": "이부스키 로얄 호텔"
      }
    },
    {
      "type": "Feature",
      "geometry": {
        "type": "Point",
        "coordinates": [
          130.6556147,
          31.2536286
        ]
      },
      "properties": {
        "id": "l01542",
        "name": "指宿白水館",
        "name_en": "Ibusuki Hakusuikan",
        "kind": "hotel",
        "stars": null,
        "rooms": null,
        "phone": "+81-993-22-3131",
        "website": "https://www.hakusuikan.co.jp/",
        "operator": null,
        "address": "鹿児島県 指宿市",
        "near_town": "n698791778",
        "near_town_name": "指宿市",
        "osm_id": "w1044322114",
        "name_ko": "이부스키 하쿠스이칸"
      }
    },
    {
      "type": "Feature",
      "geometry": {
        "type": "Point",
        "coordinates": [
          130.6251845,
          31.2357971
        ]
      },
      "properties": {
        "id": "l01543",
        "name": "悠離庵",
        "name_en": null,
        "kind": "hotel",
        "stars": null,
        "rooms": null,
        "phone": null,
        "website": null,
        "operator": null,
        "address": null,
        "near_town": "n698791778",
        "near_town_name": "指宿市",
        "osm_id": "w1413189966"
      }
    },
    {
      "type": "Feature",
      "geometry": {
        "type": "Point",
        "coordinates": [
          130.6599743,
          31.2602771
        ]
      },
      "properties": {
        "id": "l01544",
        "name": "休暇村指宿",
        "name_en": null,
        "kind": "hotel",
        "stars": null,
        "rooms": null,
        "phone": null,
        "website": null,
        "operator": null,
        "address": null,
        "near_town": "n698791778",
        "near_town_name": "指宿市",
        "osm_id": "w1454801317"
      }
    },
    {
      "type": "Feature",
      "geometry": {
        "type": "Point",
        "coordinates": [
          130.6437751,
          31.2179383
        ]
      },
      "properties": {
        "id": "l01545",
        "name": "指宿フェニックスホテル",
        "name_en": "Ibusuki Phoenix Hotel",
        "kind": "hotel",
        "stars": null,
        "rooms": null,
        "phone": null,
        "website": null,
        "operator": null,
        "address": null,
        "near_town": "n698791778",
        "near_town_name": "指宿市",
        "osm_id": "w1458271901",
        "name_ko": "이부스키 p호에니크스 호텔"
      }
    },
    {
      "type": "Feature",
      "geometry": {
        "type": "Point",
        "coordinates": [
          130.644998,
          31.2180135
        ]
      },
      "properties": {
        "id": "l01546",
        "name": "お宿やまびこ",
        "name_en": null,
        "kind": "hotel",
        "stars": null,
        "rooms": null,
        "phone": null,
        "website": null,
        "operator": null,
        "address": null,
        "near_town": "n698791778",
        "near_town_name": "指宿市",
        "osm_id": "w1458271904"
      }
    },
    {
      "type": "Feature",
      "geometry": {
        "type": "Point",
        "coordinates": [
          130.3093648,
          31.26646
        ]
      },
      "properties": {
        "id": "l01547",
        "name": "ホテル岩戸",
        "name_en": null,
        "kind": "hotel",
        "stars": null,
        "rooms": null,
        "phone": null,
        "website": null,
        "operator": null,
        "address": null,
        "near_town": "n739243832",
        "near_town_name": "枕崎市",
        "osm_id": "n6743733630"
      }
    },
    {
      "type": "Feature",
      "geometry": {
        "type": "Point",
        "coordinates": [
          130.3116511,
          31.2641437
        ]
      },
      "properties": {
        "id": "l01548",
        "name": "グリーンホテル福住",
        "name_en": null,
        "kind": "hotel",
        "stars": null,
        "rooms": null,
        "phone": null,
        "website": null,
        "operator": null,
        "address": null,
        "near_town": "n739243832",
        "near_town_name": "枕崎市",
        "osm_id": "n6743733631"
      }
    },
    {
      "type": "Feature",
      "geometry": {
        "type": "Point",
        "coordinates": [
          130.2981563,
          31.2696343
        ]
      },
      "properties": {
        "id": "l01549",
        "name": "シティーホテル福住",
        "name_en": null,
        "kind": "hotel",
        "stars": null,
        "rooms": null,
        "phone": null,
        "website": null,
        "operator": null,
        "address": null,
        "near_town": "n739243832",
        "near_town_name": "枕崎市",
        "osm_id": "w982202945"
      }
    },
    {
      "type": "Feature",
      "geometry": {
        "type": "Point",
        "coordinates": [
          130.6596832,
          30.3819159
        ]
      },
      "properties": {
        "id": "l01550",
        "name": "RAKUSA ホテル",
        "name_en": null,
        "kind": "hotel",
        "stars": null,
        "rooms": null,
        "phone": null,
        "website": "https://www.rakusa-hoteland.com/",
        "operator": null,
        "address": "鹿児島県熊毛郡屋久島町小瀬田",
        "near_town": "n582952665",
        "near_town_name": "屋久島町",
        "osm_id": "w432816977"
      }
    },
    {
      "type": "Feature",
      "geometry": {
        "type": "Point",
        "coordinates": [
          130.6522419,
          30.388956
        ]
      },
      "properties": {
        "id": "l01551",
        "name": "里の宿 はな千",
        "name_en": null,
        "kind": "guest_house",
        "stars": null,
        "rooms": null,
        "phone": null,
        "website": "https://hanasen.jimdo.com/",
        "operator": null,
        "address": null,
        "near_town": "n582952665",
        "near_town_name": "屋久島町",
        "osm_id": "w432819118"
      }
    },
    {
      "type": "Feature",
      "geometry": {
        "type": "Point",
        "coordinates": [
          130.6513619,
          30.389335
        ]
      },
      "properties": {
        "id": "l01552",
        "name": "こていじ はな千",
        "name_en": null,
        "kind": "chalet",
        "stars": null,
        "rooms": null,
        "phone": null,
        "website": "https://hanasen.jimdo.com/",
        "operator": null,
        "address": null,
        "near_town": "n582952665",
        "near_town_name": "屋久島町",
        "osm_id": "w432825471"
      }
    },
    {
      "type": "Feature",
      "geometry": {
        "type": "Point",
        "coordinates": [
          130.6572242,
          30.3821025
        ]
      },
      "properties": {
        "id": "l01553",
        "name": "ライダーハウス とまり木",
        "name_en": null,
        "kind": "guest_house",
        "stars": null,
        "rooms": null,
        "phone": null,
        "website": null,
        "operator": null,
        "address": "鹿児島県熊毛郡屋久島町小瀬田",
        "near_town": "n582952665",
        "near_town_name": "屋久島町",
        "osm_id": "w432826829"
      }
    },
    {
      "type": "Feature",
      "geometry": {
        "type": "Point",
        "coordinates": [
          130.6562474,
          30.3817143
        ]
      },
      "properties": {
        "id": "l01554",
        "name": "屋久島ペンション 苺一笑",
        "name_en": null,
        "kind": "guest_house",
        "stars": null,
        "rooms": null,
        "phone": null,
        "website": null,
        "operator": null,
        "address": "鹿児島県熊毛郡屋久島町小瀬田",
        "near_town": "n582952665",
        "near_town_name": "屋久島町",
        "osm_id": "w432826830"
      }
    },
    {
      "type": "Feature",
      "geometry": {
        "type": "Point",
        "coordinates": [
          130.6522807,
          30.3851487
        ]
      },
      "properties": {
        "id": "l01555",
        "name": "鹿鳴庵",
        "name_en": null,
        "kind": "guest_house",
        "stars": null,
        "rooms": null,
        "phone": null,
        "website": "http://yakushima-rokumeian.jp/",
        "operator": null,
        "address": "鹿児島県熊毛郡屋久島町小瀬田",
        "near_town": "n582952665",
        "near_town_name": "屋久島町",
        "osm_id": "w432972652"
      }
    },
    {
      "type": "Feature",
      "geometry": {
        "type": "Point",
        "coordinates": [
          130.6535346,
          30.3841793
        ]
      },
      "properties": {
        "id": "l01556",
        "name": "オレンジハウス",
        "name_en": "Orange House",
        "kind": "guest_house",
        "stars": null,
        "rooms": "1",
        "phone": null,
        "website": "https://www.airbnb.com/rooms/12955945",
        "operator": null,
        "address": null,
        "near_town": "n582952665",
        "near_town_name": "屋久島町",
        "osm_id": "w688268307",
        "name_ko": "오란게 하우스"
      }
    },
    {
      "type": "Feature",
      "geometry": {
        "type": "Point",
        "coordinates": [
          142.3607501,
          43.3430449
        ]
      },
      "properties": {
        "id": "l01557",
        "name": "Furano Fresh Powder Apartments",
        "name_en": null,
        "kind": "hotel",
        "stars": null,
        "rooms": null,
        "phone": null,
        "website": null,
        "operator": null,
        "address": null,
        "near_town": "n389337975",
        "near_town_name": "富良野市",
        "osm_id": "n3080110111"
      }
    },
    {
      "type": "Feature",
      "geometry": {
        "type": "Point",
        "coordinates": [
          142.36411,
          43.343571
        ]
      },
      "properties": {
        "id": "l01558",
        "name": "Furano",
        "name_en": null,
        "kind": "guest_house",
        "stars": null,
        "rooms": null,
        "phone": null,
        "website": null,
        "operator": null,
        "address": null,
        "near_town": "n389337975",
        "near_town_name": "富良野市",
        "osm_id": "n3080110112"
      }
    },
    {
      "type": "Feature",
      "geometry": {
        "type": "Point",
        "coordinates": [
          142.3612059,
          43.343627
        ]
      },
      "properties": {
        "id": "l01559",
        "name": "Snow crystal pension",
        "name_en": null,
        "kind": "guest_house",
        "stars": null,
        "rooms": null,
        "phone": null,
        "website": null,
        "operator": null,
        "address": null,
        "near_town": "n389337975",
        "near_town_name": "富良野市",
        "osm_id": "n3080110114"
      }
    },
    {
      "type": "Feature",
      "geometry": {
        "type": "Point",
        "coordinates": [
          142.3607421,
          43.3429126
        ]
      },
      "properties": {
        "id": "l01560",
        "name": "くつろぎの宿 北誠荘",
        "name_en": null,
        "kind": "hotel",
        "stars": null,
        "rooms": null,
        "phone": "0081167222358",
        "website": null,
        "operator": null,
        "address": "北海道富良野市北の峰町14番27号",
        "near_town": "n389337975",
        "near_town_name": "富良野市",
        "osm_id": "n3080110119"
      }
    },
    {
      "type": "Feature",
      "geometry": {
        "type": "Point",
        "coordinates": [
          142.3616356,
          43.3426271
        ]
      },
      "properties": {
        "id": "l01561",
        "name": "ニュー富良野ホテル",
        "name_en": null,
        "kind": "hotel",
        "stars": null,
        "rooms": null,
        "phone": null,
        "website": null,
        "operator": null,
        "address": null,
        "near_town": "n389337975",
        "near_town_name": "富良野市",
        "osm_id": "n3080110122"
      }
    },
    {
      "type": "Feature",
      "geometry": {
        "type": "Point",
        "coordinates": [
          142.36171,
          43.342995
        ]
      },
      "properties": {
        "id": "l01562",
        "name": "ペンションやまばと",
        "name_en": null,
        "kind": "guest_house",
        "stars": null,
        "rooms": null,
        "phone": null,
        "website": null,
        "operator": null,
        "address": null,
        "near_town": "n389337975",
        "near_town_name": "富良野市",
        "osm_id": "n3080110124"
      }
    },
    {
      "type": "Feature",
      "geometry": {
        "type": "Point",
        "coordinates": [
          142.3609319,
          43.3419784
        ]
      },
      "properties": {
        "id": "l01563",
        "name": "ペンションやんぐはうす",
        "name_en": null,
        "kind": "guest_house",
        "stars": null,
        "rooms": null,
        "phone": null,
        "website": null,
        "operator": null,
        "address": null,
        "near_town": "n389337975",
        "near_town_name": "富良野市",
        "osm_id": "n3080110125"
      }
    },
    {
      "type": "Feature",
      "geometry": {
        "type": "Point",
        "coordinates": [
          142.366518,
          43.3428902
        ]
      },
      "properties": {
        "id": "l01564",
        "name": "ペンションクレヨンハウス",
        "name_en": null,
        "kind": "guest_house",
        "stars": null,
        "rooms": null,
        "phone": null,
        "website": null,
        "operator": null,
        "address": null,
        "near_town": "n389337975",
        "near_town_name": "富良野市",
        "osm_id": "n3080110127"
      }
    },
    {
      "type": "Feature",
      "geometry": {
        "type": "Point",
        "coordinates": [
          142.36385,
          43.342665
        ]
      },
      "properties": {
        "id": "l01565",
        "name": "ペンションフラヌイ",
        "name_en": null,
        "kind": "guest_house",
        "stars": null,
        "rooms": null,
        "phone": null,
        "website": null,
        "operator": null,
        "address": null,
        "near_town": "n389337975",
        "near_town_name": "富良野市",
        "osm_id": "n3080110128"
      }
    },
    {
      "type": "Feature",
      "geometry": {
        "type": "Point",
        "coordinates": [
          142.36078,
          43.34247
        ]
      },
      "properties": {
        "id": "l01566",
        "name": "ホテルナトゥールワルト富良野",
        "name_en": null,
        "kind": "hotel",
        "stars": null,
        "rooms": null,
        "phone": null,
        "website": null,
        "operator": null,
        "address": null,
        "near_town": "n389337975",
        "near_town_name": "富良野市",
        "osm_id": "n3080110130"
      }
    },
    {
      "type": "Feature",
      "geometry": {
        "type": "Point",
        "coordinates": [
          142.3617402,
          43.3438584
        ]
      },
      "properties": {
        "id": "l01567",
        "name": "ホテルベルヒルズ",
        "name_en": null,
        "kind": "hotel",
        "stars": null,
        "rooms": null,
        "phone": null,
        "website": null,
        "operator": null,
        "address": null,
        "near_town": "n389337975",
        "near_town_name": "富良野市",
        "osm_id": "n3080110132"
      }
    },
    {
      "type": "Feature",
      "geometry": {
        "type": "Point",
        "coordinates": [
          142.3653761,
          43.3429863
        ]
      },
      "properties": {
        "id": "l01568",
        "name": "リゾートホテルエーデルヴェルメ",
        "name_en": null,
        "kind": "hotel",
        "stars": null,
        "rooms": null,
        "phone": null,
        "website": null,
        "operator": null,
        "address": null,
        "near_town": "n389337975",
        "near_town_name": "富良野市",
        "osm_id": "n3080111635"
      }
    },
    {
      "type": "Feature",
      "geometry": {
        "type": "Point",
        "coordinates": [
          142.36071,
          43.343203
        ]
      },
      "properties": {
        "id": "l01569",
        "name": "北の宿もね",
        "name_en": null,
        "kind": "guest_house",
        "stars": null,
        "rooms": null,
        "phone": null,
        "website": null,
        "operator": null,
        "address": null,
        "near_town": "n389337975",
        "near_town_name": "富良野市",
        "osm_id": "n3080111637"
      }
    },
    {
      "type": "Feature",
      "geometry": {
        "type": "Point",
        "coordinates": [
          142.3629136,
          43.343263
        ]
      },
      "properties": {
        "id": "l01570",
        "name": "千葉荘",
        "name_en": null,
        "kind": "hotel",
        "stars": null,
        "rooms": null,
        "phone": null,
        "website": null,
        "operator": null,
        "address": null,
        "near_town": "n389337975",
        "near_town_name": "富良野市",
        "osm_id": "n3080111638"
      }
    },
    {
      "type": "Feature",
      "geometry": {
        "type": "Point",
        "coordinates": [
          142.3608036,
          43.3439229
        ]
      },
      "properties": {
        "id": "l01571",
        "name": "宿フェニックス",
        "name_en": null,
        "kind": "hotel",
        "stars": null,
        "rooms": null,
        "phone": null,
        "website": null,
        "operator": null,
        "address": null,
        "near_town": "n389337975",
        "near_town_name": "富良野市",
        "osm_id": "n3080111639"
      }
    },
    {
      "type": "Feature",
      "geometry": {
        "type": "Point",
        "coordinates": [
          142.354089,
          43.3233006
        ]
      },
      "properties": {
        "id": "l01572",
        "name": "新富良野プリンスホテル",
        "name_en": null,
        "kind": "hotel",
        "stars": null,
        "rooms": null,
        "phone": null,
        "website": null,
        "operator": null,
        "address": null,
        "near_town": "n389337975",
        "near_town_name": "富良野市",
        "osm_id": "n3080111640"
      }
    },
    {
      "type": "Feature",
      "geometry": {
        "type": "Point",
        "coordinates": [
          142.36074,
          43.342244
        ]
      },
      "properties": {
        "id": "l01573",
        "name": "旅館ふる峰荘",
        "name_en": null,
        "kind": "hotel",
        "stars": null,
        "rooms": null,
        "phone": null,
        "website": null,
        "operator": null,
        "address": null,
        "near_town": "n389337975",
        "near_town_name": "富良野市",
        "osm_id": "n3080111641"
      }
    },
    {
      "type": "Feature",
      "geometry": {
        "type": "Point",
        "coordinates": [
          142.3648632,
          43.3432047
        ]
      },
      "properties": {
        "id": "l01574",
        "name": "民宿ふじ峰荘",
        "name_en": null,
        "kind": "guest_house",
        "stars": null,
        "rooms": null,
        "phone": null,
        "website": null,
        "operator": null,
        "address": null,
        "near_town": "n389337975",
        "near_town_name": "富良野市",
        "osm_id": "n3080111644"
      }
    },
    {
      "type": "Feature",
      "geometry": {
        "type": "Point",
        "coordinates": [
          142.36783,
          43.33545
        ]
      },
      "properties": {
        "id": "l01575",
        "name": "Resort Inn North Country",
        "name_en": "Resort Inn North Country",
        "kind": "hotel",
        "stars": null,
        "rooms": null,
        "phone": null,
        "website": null,
        "operator": null,
        "address": null,
        "near_town": "n389337975",
        "near_town_name": "富良野市",
        "osm_id": "n3104867023",
        "name_ko": "리조트 인 노rth c온try"
      }
    },
    {
      "type": "Feature",
      "geometry": {
        "type": "Point",
        "coordinates": [
          142.387725,
          43.3445105
        ]
      },
      "properties": {
        "id": "l01576",
        "name": "Sunfuraton Hotel",
        "name_en": null,
        "kind": "hotel",
        "stars": null,
        "rooms": null,
        "phone": null,
        "website": null,
        "operator": null,
        "address": null,
        "near_town": "n389337975",
        "near_town_name": "富良野市",
        "osm_id": "n4198785440"
      }
    },
    {
      "type": "Feature",
      "geometry": {
        "type": "Point",
        "coordinates": [
          142.3871181,
          43.3449797
        ]
      },
      "properties": {
        "id": "l01577",
        "name": "Sunfuraton Hotel",
        "name_en": null,
        "kind": "hotel",
        "stars": null,
        "rooms": null,
        "phone": null,
        "website": null,
        "operator": null,
        "address": null,
        "near_town": "n389337975",
        "near_town_name": "富良野市",
        "osm_id": "n4225396299"
      }
    },
    {
      "type": "Feature",
      "geometry": {
        "type": "Point",
        "coordinates": [
          142.3686966,
          43.3427206
        ]
      },
      "properties": {
        "id": "l01578",
        "name": "Yuki House",
        "name_en": null,
        "kind": "guest_house",
        "stars": null,
        "rooms": null,
        "phone": null,
        "website": null,
        "operator": null,
        "address": null,
        "near_town": "n389337975",
        "near_town_name": "富良野市",
        "osm_id": "n4344570890"
      }
    },
    {
      "type": "Feature",
      "geometry": {
        "type": "Point",
        "coordinates": [
          142.3632005,
          43.3426966
        ]
      },
      "properties": {
        "id": "l01579",
        "name": "Rising Sun 富良野",
        "name_en": "Rising Sun Furano",
        "kind": "guest_house",
        "stars": null,
        "rooms": null,
        "phone": null,
        "website": null,
        "operator": null,
        "address": null,
        "near_town": "n389337975",
        "near_town_name": "富良野市",
        "osm_id": "n4995922725",
        "name_ko": "리신g 선 후라노"
      }
    },
    {
      "type": "Feature",
      "geometry": {
        "type": "Point",
        "coordinates": [
          142.3747493,
          43.3006844
        ]
      },
      "properties": {
        "id": "l01580",
        "name": "ゴリョウゲストハウス",
        "name_en": "Goryo Guesthouse",
        "kind": "hostel",
        "stars": null,
        "rooms": null,
        "phone": "+81 167 23 5139",
        "website": "https://www.goryo.info/guesthouse/en/index.html",
        "operator": null,
        "address": null,
        "near_town": "n389337975",
        "near_town_name": "富良野市",
        "osm_id": "n5794387384",
        "name_ko": "고료 게스트하우스"
      }
    },
    {
      "type": "Feature",
      "geometry": {
        "type": "Point",
        "coordinates": [
          142.3878019,
          43.3469996
        ]
      },
      "properties": {
        "id": "l01581",
        "name": "Hostel Tomar",
        "name_en": null,
        "kind": "hostel",
        "stars": null,
        "rooms": null,
        "phone": null,
        "website": null,
        "operator": null,
        "address": null,
        "near_town": "n389337975",
        "near_town_name": "富良野市",
        "osm_id": "n11960245765"
      }
    },
    {
      "type": "Feature",
      "geometry": {
        "type": "Point",
        "coordinates": [
          142.3902441,
          43.3475754
        ]
      },
      "properties": {
        "id": "l01582",
        "name": "Natulux Hotel Furano",
        "name_en": null,
        "kind": "hotel",
        "stars": null,
        "rooms": null,
        "phone": null,
        "website": null,
        "operator": null,
        "address": null,
        "near_town": "n389337975",
        "near_town_name": "富良野市",
        "osm_id": "w282993795"
      }
    },
    {
      "type": "Feature",
      "geometry": {
        "type": "Point",
        "coordinates": [
          142.3625776,
          43.3432201
        ]
      },
      "properties": {
        "id": "l01583",
        "name": "Alpine Backpackers",
        "name_en": null,
        "kind": "hostel",
        "stars": null,
        "rooms": null,
        "phone": "+81 167 22 1311",
        "website": "https://www.alpn.co.jp/furano/accomodation/backpakers.txt.html",
        "operator": null,
        "address": null,
        "near_town": "n389337975",
        "near_town_name": "富良野市",
        "osm_id": "w530026506"
      }
    },
    {
      "type": "Feature",
      "geometry": {
        "type": "Point",
        "coordinates": [
          142.3737011,
          43.3692189
        ]
      },
      "properties": {
        "id": "l01584",
        "name": "Ashitaya",
        "name_en": null,
        "kind": "guest_house",
        "stars": null,
        "rooms": null,
        "phone": "+81 0167 22 0041",
        "website": null,
        "operator": null,
        "address": null,
        "near_town": "n389337975",
        "near_town_name": "富良野市",
        "osm_id": "w560036520"
      }
    },
    {
      "type": "Feature",
      "geometry": {
        "type": "Point",
        "coordinates": [
          142.3402824,
          43.3664907
        ]
      },
      "properties": {
        "id": "l01585",
        "name": "Highland Hotel",
        "name_en": null,
        "kind": "hotel",
        "stars": null,
        "rooms": null,
        "phone": "+81 0167-22-5700",
        "website": null,
        "operator": null,
        "address": null,
        "near_town": "n389337975",
        "near_town_name": "富良野市",
        "osm_id": "w560038225"
      }
    },
    {
      "type": "Feature",
      "geometry": {
        "type": "Point",
        "coordinates": [
          142.3576113,
          43.7633829
        ]
      },
      "properties": {
        "id": "l01586",
        "name": "JR INN",
        "name_en": null,
        "kind": "hotel",
        "stars": null,
        "rooms": null,
        "phone": null,
        "website": null,
        "operator": null,
        "address": null,
        "near_town": "n184366763",
        "near_town_name": "旭川市",
        "osm_id": "n4440110689"
      }
    },
    {
      "type": "Feature",
      "geometry": {
        "type": "Point",
        "coordinates": [
          142.3952951,
          43.7857125
        ]
      },
      "properties": {
        "id": "l01587",
        "name": "ホテル クリップ",
        "name_en": null,
        "kind": "motel",
        "stars": null,
        "rooms": null,
        "phone": null,
        "website": null,
        "operator": null,
        "address": null,
        "near_town": "n184366763",
        "near_town_name": "旭川市",
        "osm_id": "n5154784545"
      }
    },
    {
      "type": "Feature",
      "geometry": {
        "type": "Point",
        "coordinates": [
          142.3935073,
          43.7860355
        ]
      },
      "properties": {
        "id": "l01588",
        "name": "ホテル ウィング",
        "name_en": null,
        "kind": "motel",
        "stars": null,
        "rooms": null,
        "phone": null,
        "website": null,
        "operator": null,
        "address": null,
        "near_town": "n184366763",
        "near_town_name": "旭川市",
        "osm_id": "n5154798141"
      }
    },
    {
      "type": "Feature",
      "geometry": {
        "type": "Point",
        "coordinates": [
          142.3946576,
          43.7888513
        ]
      },
      "properties": {
        "id": "l01589",
        "name": "ホテル エリーテ",
        "name_en": null,
        "kind": "motel",
        "stars": null,
        "rooms": null,
        "phone": null,
        "website": null,
        "operator": null,
        "address": null,
        "near_town": "n184366763",
        "near_town_name": "旭川市",
        "osm_id": "n5154798142"
      }
    },
    {
      "type": "Feature",
      "geometry": {
        "type": "Point",
        "coordinates": [
          142.3575022,
          43.7819003
        ]
      },
      "properties": {
        "id": "l01590",
        "name": "ホテル アイル",
        "name_en": null,
        "kind": "motel",
        "stars": null,
        "rooms": null,
        "phone": null,
        "website": null,
        "operator": null,
        "address": null,
        "near_town": "n184366763",
        "near_town_name": "旭川市",
        "osm_id": "n5154798143"
      }
    },
    {
      "type": "Feature",
      "geometry": {
        "type": "Point",
        "coordinates": [
          142.3589426,
          43.7796718
        ]
      },
      "properties": {
        "id": "l01591",
        "name": "ホテル セリーヌ",
        "name_en": null,
        "kind": "motel",
        "stars": null,
        "rooms": null,
        "phone": null,
        "website": null,
        "operator": null,
        "address": null,
        "near_town": "n184366763",
        "near_town_name": "旭川市",
        "osm_id": "n5154798144"
      }
    },
    {
      "type": "Feature",
      "geometry": {
        "type": "Point",
        "coordinates": [
          142.3639951,
          43.7753993
        ]
      },
      "properties": {
        "id": "l01592",
        "name": "ユニオンホテル",
        "name_en": null,
        "kind": "motel",
        "stars": null,
        "rooms": null,
        "phone": null,
        "website": "https://union.liprose-group.jp/",
        "operator": null,
        "address": null,
        "near_town": "n184366763",
        "near_town_name": "旭川市",
        "osm_id": "n5154798145"
      }
    },
    {
      "type": "Feature",
      "geometry": {
        "type": "Point",
        "coordinates": [
          142.3611213,
          43.7759513
        ]
      },
      "properties": {
        "id": "l01593",
        "name": "つじ旅館",
        "name_en": null,
        "kind": "hotel",
        "stars": null,
        "rooms": null,
        "phone": null,
        "website": null,
        "operator": null,
        "address": null,
        "near_town": "n184366763",
        "near_town_name": "旭川市",
        "osm_id": "n5154798146"
      }
    },
    {
      "type": "Feature",
      "geometry": {
        "type": "Point",
        "coordinates": [
          142.3576792,
          43.7681009
        ]
      },
      "properties": {
        "id": "l01594",
        "name": "ホテルピアザ3・6",
        "name_en": null,
        "kind": "motel",
        "stars": null,
        "rooms": null,
        "phone": null,
        "website": null,
        "operator": null,
        "address": null,
        "near_town": "n184366763",
        "near_town_name": "旭川市",
        "osm_id": "n5154803829"
      }
    },
    {
      "type": "Feature",
      "geometry": {
        "type": "Point",
        "coordinates": [
          142.3570534,
          43.7676709
        ]
      },
      "properties": {
        "id": "l01595",
        "name": "ホテルXO",
        "name_en": null,
        "kind": "motel",
        "stars": null,
        "rooms": null,
        "phone": null,
        "website": null,
        "operator": null,
        "address": null,
        "near_town": "n184366763",
        "near_town_name": "旭川市",
        "osm_id": "n5154803830"
      }
    },
    {
      "type": "Feature",
      "geometry": {
        "type": "Point",
        "coordinates": [
          142.3735606,
          43.747717
        ]
      },
      "properties": {
        "id": "l01596",
        "name": "ホテル　マリオン",
        "name_en": null,
        "kind": "motel",
        "stars": null,
        "rooms": null,
        "phone": null,
        "website": null,
        "operator": null,
        "address": null,
        "near_town": "n184366763",
        "near_town_name": "旭川市",
        "osm_id": "n5154806287"
      }
    },
    {
      "type": "Feature",
      "geometry": {
        "type": "Point",
        "coordinates": [
          142.3772425,
          43.7621123
        ]
      },
      "properties": {
        "id": "l01597",
        "name": "ホテル　アルファ19",
        "name_en": null,
        "kind": "motel",
        "stars": null,
        "rooms": null,
        "phone": null,
        "website": null,
        "operator": null,
        "address": null,
        "near_town": "n184366763",
        "near_town_name": "旭川市",
        "osm_id": "n5154808191"
      }
    },
    {
      "type": "Feature",
      "geometry": {
        "type": "Point",
        "coordinates": [
          142.3731939,
          43.7478372
        ]
      },
      "properties": {
        "id": "l01598",
        "name": "ホテル ムーンドロップ",
        "name_en": null,
        "kind": "motel",
        "stars": null,
        "rooms": null,
        "phone": null,
        "website": null,
        "operator": null,
        "address": null,
        "near_town": "n184366763",
        "near_town_name": "旭川市",
        "osm_id": "n5154810155"
      }
    },
    {
      "type": "Feature",
      "geometry": {
        "type": "Point",
        "coordinates": [
          142.317418,
          43.7613795
        ]
      },
      "properties": {
        "id": "l01599",
        "name": "ホテル ラマダ",
        "name_en": null,
        "kind": "motel",
        "stars": null,
        "rooms": null,
        "phone": null,
        "website": null,
        "operator": null,
        "address": null,
        "near_town": "n184366763",
        "near_town_name": "旭川市",
        "osm_id": "n5154813626"
      }
    },
    {
      "type": "Feature",
      "geometry": {
        "type": "Point",
        "coordinates": [
          142.3170264,
          43.7609494
        ]
      },
      "properties": {
        "id": "l01600",
        "name": "ホテル 岬",
        "name_en": null,
        "kind": "motel",
        "stars": null,
        "rooms": null,
        "phone": null,
        "website": null,
        "operator": null,
        "address": null,
        "near_town": "n184366763",
        "near_town_name": "旭川市",
        "osm_id": "n5154813627"
      }
    },
    {
      "type": "Feature",
      "geometry": {
        "type": "Point",
        "coordinates": [
          142.3174746,
          43.7603189
        ]
      },
      "properties": {
        "id": "l01601",
        "name": "ホテル シャレル",
        "name_en": null,
        "kind": "motel",
        "stars": null,
        "rooms": null,
        "phone": null,
        "website": null,
        "operator": null,
        "address": null,
        "near_town": "n184366763",
        "near_town_name": "旭川市",
        "osm_id": "n5154815130"
      }
    },
    {
      "type": "Feature",
      "geometry": {
        "type": "Point",
        "coordinates": [
          142.3181698,
          43.7598609
        ]
      },
      "properties": {
        "id": "l01602",
        "name": "ホテル ファイン",
        "name_en": null,
        "kind": "motel",
        "stars": null,
        "rooms": null,
        "phone": null,
        "website": null,
        "operator": null,
        "address": null,
        "near_town": "n184366763",
        "near_town_name": "旭川市",
        "osm_id": "n5154815131"
      }
    },
    {
      "type": "Feature",
      "geometry": {
        "type": "Point",
        "coordinates": [
          142.3173811,
          43.7605039
        ]
      },
      "properties": {
        "id": "l01603",
        "name": "Hotel Trips",
        "name_en": null,
        "kind": "motel",
        "stars": null,
        "rooms": null,
        "phone": null,
        "website": null,
        "operator": null,
        "address": null,
        "near_town": "n184366763",
        "near_town_name": "旭川市",
        "osm_id": "n5154815641"
      }
    },
    {
      "type": "Feature",
      "geometry": {
        "type": "Point",
        "coordinates": [
          142.3166818,
          43.7608827
        ]
      },
      "properties": {
        "id": "l01604",
        "name": "ホテル レッツ",
        "name_en": null,
        "kind": "motel",
        "stars": null,
        "rooms": null,
        "phone": null,
        "website": null,
        "operator": null,
        "address": null,
        "near_town": "n184366763",
        "near_town_name": "旭川市",
        "osm_id": "n5154817621"
      }
    },
    {
      "type": "Feature",
      "geometry": {
        "type": "Point",
        "coordinates": [
          142.3156051,
          43.7605959
        ]
      },
      "properties": {
        "id": "l01605",
        "name": "プレステージ",
        "name_en": null,
        "kind": "motel",
        "stars": null,
        "rooms": null,
        "phone": null,
        "website": null,
        "operator": null,
        "address": null,
        "near_town": "n184366763",
        "near_town_name": "旭川市",
        "osm_id": "n5154817622"
      }
    },
    {
      "type": "Feature",
      "geometry": {
        "type": "Point",
        "coordinates": [
          142.3238105,
          43.769647
        ]
      },
      "properties": {
        "id": "l01606",
        "name": "ホテル グランシャリオ",
        "name_en": null,
        "kind": "motel",
        "stars": null,
        "rooms": null,
        "phone": null,
        "website": null,
        "operator": null,
        "address": null,
        "near_town": "n184366763",
        "near_town_name": "旭川市",
        "osm_id": "n5154827542"
      }
    },
    {
      "type": "Feature",
      "geometry": {
        "type": "Point",
        "coordinates": [
          142.3805261,
          43.7561136
        ]
      },
      "properties": {
        "id": "l01607",
        "name": "アーバニティ",
        "name_en": null,
        "kind": "apartment",
        "stars": null,
        "rooms": null,
        "phone": null,
        "website": null,
        "operator": null,
        "address": null,
        "near_town": "n184366763",
        "near_town_name": "旭川市",
        "osm_id": "n5219099737"
      }
    },
    {
      "type": "Feature",
      "geometry": {
        "type": "Point",
        "coordinates": [
          142.3623677,
          43.7635328
        ]
      },
      "properties": {
        "id": "l01608",
        "name": "Hotel Mates Asahikawa",
        "name_en": "Hotel Mates Asahikawa",
        "kind": "hostel",
        "stars": null,
        "rooms": null,
        "phone": null,
        "website": null,
        "operator": null,
        "address": null,
        "near_town": "n184366763",
        "near_town_name": "旭川市",
        "osm_id": "n5612911921",
        "name_ko": "호텔 마테s 아사히카와"
      }
    },
    {
      "type": "Feature",
      "geometry": {
        "type": "Point",
        "coordinates": [
          142.3603755,
          43.7669905
        ]
      },
      "properties": {
        "id": "l01609",
        "name": "R Hotels Inn Hokkaido Asahikawa",
        "name_en": "R Hotels Inn Hokkaido Asahikawa",
        "kind": "hotel",
        "stars": null,
        "rooms": null,
        "phone": null,
        "website": null,
        "operator": null,
        "address": null,
        "near_town": "n184366763",
        "near_town_name": "旭川市",
        "osm_id": "n5643153230",
        "name_ko": "r 호테르s 인 홋카이도 아사히카와"
      }
    },
    {
      "type": "Feature",
      "geometry": {
        "type": "Point",
        "coordinates": [
          142.3632583,
          43.7716268
        ]
      },
      "properties": {
        "id": "l01610",
        "name": "遊民バックパッカーズ",
        "name_en": "Yumin Backpackers",
        "kind": "hostel",
        "stars": null,
        "rooms": null,
        "phone": "+81 90 6449 9093",
        "website": "https://vwrdmayu.wixsite.com/yuminbackpackers",
        "operator": null,
        "address": null,
        "near_town": "n184366763",
        "near_town_name": "旭川市",
        "osm_id": "n5799426659",
        "name_ko": "유민 백패커스"
      }
    },
    {
      "type": "Feature",
      "geometry": {
        "type": "Point",
        "coordinates": [
          142.3621651,
          43.77127
        ]
      },
      "properties": {
        "id": "l01611",
        "name": "ゲストハウス アサヒカワライド",
        "name_en": "Guest House Asahikawa Ride",
        "kind": "hostel",
        "stars": null,
        "rooms": null,
        "phone": "+81 166 73 7923",
        "website": "https://www.asahikawaride.com",
        "operator": null,
        "address": null,
        "near_town": "n184366763",
        "near_town_name": "旭川市",
        "osm_id": "n5799463839",
        "name_ko": "게스트 하우스 아사히카와 리데"
      }
    },
    {
      "type": "Feature",
      "geometry": {
        "type": "Point",
        "coordinates": [
          142.3700181,
          43.7657657
        ]
      },
      "properties": {
        "id": "l01612",
        "name": "宿・レトロハウス銀座旭川",
        "name_en": "Yado Retro House Ginza Asahikawa",
        "kind": "hostel",
        "stars": null,
        "rooms": null,
        "phone": "080-5466-3190",
        "website": "https://retoro2017.wixsite.com/asahikawa",
        "operator": null,
        "address": "旭川市",
        "near_town": "n184366763",
        "near_town_name": "旭川市",
        "osm_id": "n5799520202",
        "name_ko": "야도 레t로 하우스 긴자 아사히카와"
      }
    },
    {
      "type": "Feature",
      "geometry": {
        "type": "Point",
        "coordinates": [
          142.3562014,
          43.7697534
        ]
      },
      "properties": {
        "id": "l01613",
        "name": "Green Hotel Asahikawa",
        "name_en": null,
        "kind": "hotel",
        "stars": null,
        "rooms": null,
        "phone": null,
        "website": null,
        "operator": null,
        "address": null,
        "near_town": "n184366763",
        "near_town_name": "旭川市",
        "osm_id": "n7192436985"
      }
    },
    {
      "type": "Feature",
      "geometry": {
        "type": "Point",
        "coordinates": [
          142.3561561,
          43.7700894
        ]
      },
      "properties": {
        "id": "l01614",
        "name": "Green Hotel Asahikawa",
        "name_en": null,
        "kind": "hotel",
        "stars": null,
        "rooms": null,
        "phone": null,
        "website": null,
        "operator": null,
        "address": null,
        "near_town": "n184366763",
        "near_town_name": "旭川市",
        "osm_id": "n7192437085"
      }
    },
    {
      "type": "Feature",
      "geometry": {
        "type": "Point",
        "coordinates": [
          142.3641544,
          43.7701814
        ]
      },
      "properties": {
        "id": "l01615",
        "name": "(이름 없음)",
        "name_en": null,
        "kind": "hotel",
        "stars": null,
        "rooms": null,
        "phone": null,
        "website": "https://omo-hotels.com/asahikawa/",
        "operator": null,
        "address": "北海道 旭川市",
        "near_town": "n184366763",
        "near_town_name": "旭川市",
        "osm_id": "n10225275216"
      }
    },
    {
      "type": "Feature",
      "geometry": {
        "type": "Point",
        "coordinates": [
          142.3606923,
          43.7771999
        ]
      },
      "properties": {
        "id": "l01616",
        "name": "Tabist ダイバーシティホテル シン トキワ 旭川",
        "name_en": "Tabist Diversity Hotel Shin Tokiwa Asahikawa",
        "kind": "hotel",
        "stars": null,
        "rooms": null,
        "phone": null,
        "website": "https://tabist.co.jp",
        "operator": null,
        "address": null,
        "near_town": "n184366763",
        "near_town_name": "旭川市",
        "osm_id": "n12473281201",
        "name_ko": "타비st 지베r시ty 호텔 신 토키와 아사히카와"
      }
    },
    {
      "type": "Feature",
      "geometry": {
        "type": "Point",
        "coordinates": [
          142.3614959,
          43.7644071
        ]
      },
      "properties": {
        "id": "l01617",
        "name": "9Cホテル旭川",
        "name_en": "9C Hotel Asahikawa",
        "kind": "hotel",
        "stars": null,
        "rooms": null,
        "phone": "+81 166733199",
        "website": "https://9chotel.jp/",
        "operator": null,
        "address": null,
        "near_town": "n184366763",
        "near_town_name": "旭川市",
        "osm_id": "n12669427093",
        "name_ko": "9c 호텔 아사히카와"
      }
    },
    {
      "type": "Feature",
      "geometry": {
        "type": "Point",
        "coordinates": [
          142.3631917,
          43.762855
        ]
      },
      "properties": {
        "id": "l01618",
        "name": "東横イン 旭川駅東口",
        "name_en": "Toyoko-Inn Asahikawa Station East Exit",
        "kind": "hotel",
        "stars": null,
        "rooms": null,
        "phone": null,
        "website": null,
        "operator": "東横イン",
        "address": null,
        "near_town": "n184366763",
        "near_town_name": "旭川市",
        "osm_id": "w141783234",
        "name_ko": "도요코-인 아사히카와 역 에아st 에x이t"
      }
    },
    {
      "type": "Feature",
      "geometry": {
        "type": "Point",
        "coordinates": [
          142.3641664,
          43.7701232
        ]
      },
      "properties": {
        "id": "l01619",
        "name": "旭川グランドホテル",
        "name_en": "Asahikawa Grand Hotel",
        "kind": "hotel",
        "stars": null,
        "rooms": null,
        "phone": null,
        "website": null,
        "operator": null,
        "address": null,
        "near_town": "n184366763",
        "near_town_name": "旭川市",
        "osm_id": "w141805631",
        "name_ko": "아사히카와 그랜드 호텔"
      }
    },
    {
      "type": "Feature",
      "geometry": {
        "type": "Point",
        "coordinates": [
          142.3578569,
          43.7656325
        ]
      },
      "properties": {
        "id": "l01620",
        "name": "プレミアホテル-CABIN-旭川",
        "name_en": "Premier Hotel Cabin Asahikawa",
        "kind": "hotel",
        "stars": null,
        "rooms": null,
        "phone": null,
        "website": null,
        "operator": null,
        "address": null,
        "near_town": "n184366763",
        "near_town_name": "旭川市",
        "osm_id": "w141824437",
        "name_ko": "p레미에r 호텔 c아빈 아사히카와"
      }
    },
    {
      "type": "Feature",
      "geometry": {
        "type": "Point",
        "coordinates": [
          142.3604328,
          43.7724899
        ]
      },
      "properties": {
        "id": "l01621",
        "name": "アートホテル旭川",
        "name_en": "Art Hotel Asahikawa",
        "kind": "hotel",
        "stars": null,
        "rooms": null,
        "phone": null,
        "website": null,
        "operator": "マイステイズ・ホテル・マネジメント",
        "address": null,
        "near_town": "n184366763",
        "near_town_name": "旭川市",
        "osm_id": "w141910754",
        "name_ko": "아rt 호텔 아사히카와"
      }
    },
    {
      "type": "Feature",
      "geometry": {
        "type": "Point",
        "coordinates": [
          142.3596945,
          43.76445
        ]
      },
      "properties": {
        "id": "l01622",
        "name": "ホテルルートインGrand旭川駅前",
        "name_en": "Hotel Route-Inn Grand Asahikawa Ekimae",
        "kind": "hotel",
        "stars": null,
        "rooms": "342",
        "phone": null,
        "website": "https://www.route-inn.co.jp/search/hotel/index_hotel_id_635",
        "operator": null,
        "address": null,
        "near_town": "n184366763",
        "near_town_name": "旭川市",
        "osm_id": "w143596689",
        "name_ko": "호텔 루트인 그랜드 아사히카와 에키마에"
      }
    },
    {
      "type": "Feature",
      "geometry": {
        "type": "Point",
        "coordinates": [
          142.3595739,
          43.7672027
        ]
      },
      "properties": {
        "id": "l01623",
        "name": "旭川サンホテル",
        "name_en": "Asahikawa Sun Hotel",
        "kind": "hotel",
        "stars": null,
        "rooms": null,
        "phone": null,
        "website": "https://asahikawa-sunhotel.com/area/",
        "operator": null,
        "address": null,
        "near_town": "n184366763",
        "near_town_name": "旭川市",
        "osm_id": "w191393328",
        "name_ko": "아사히카와 선 호텔"
      }
    },
    {
      "type": "Feature",
      "geometry": {
        "type": "Point",
        "coordinates": [
          142.3624937,
          43.7694199
        ]
      },
      "properties": {
        "id": "l01624",
        "name": "ホテルクレッセント旭川",
        "name_en": "Hotel Crescent Asahikawa",
        "kind": "hotel",
        "stars": null,
        "rooms": null,
        "phone": null,
        "website": null,
        "operator": null,
        "address": null,
        "near_town": "n184366763",
        "near_town_name": "旭川市",
        "osm_id": "w191393344",
        "name_ko": "호텔 c레sc엔t 아사히카와"
      }
    },
    {
      "type": "Feature",
      "geometry": {
        "type": "Point",
        "coordinates": [
          142.3583681,
          43.7648688
        ]
      },
      "properties": {
        "id": "l01625",
        "name": "ホテルウィングインターナショナル旭川駅前",
        "name_en": "Hotel Wing International Asahikawa Ekimae",
        "kind": "hotel",
        "stars": null,
        "rooms": null,
        "phone": "+81-166-27-5330",
        "website": "https://www.hotelwing.co.jp/en/#hokkaido",
        "operator": null,
        "address": null,
        "near_town": "n184366763",
        "near_town_name": "旭川市",
        "osm_id": "w191393346",
        "name_ko": "호텔 윙 인테r나치오나르 아사히카와 에키마에"
      }
    },
    {
      "type": "Feature",
      "geometry": {
        "type": "Point",
        "coordinates": [
          142.3613816,
          43.7652554
        ]
      },
      "properties": {
        "id": "l01626",
        "name": "東横イン",
        "name_en": "Toyoko-Inn Asahikawa ekimae ichijo dori",
        "kind": "hotel",
        "stars": null,
        "rooms": null,
        "phone": null,
        "website": null,
        "operator": "東横イン",
        "address": null,
        "near_town": "n184366763",
        "near_town_name": "旭川市",
        "osm_id": "w191393352",
        "name_ko": "도요코-인 아사히카와 에키마에 이치조 도리"
      }
    },
    {
      "type": "Feature",
      "geometry": {
        "type": "Point",
        "coordinates": [
          142.3608065,
          43.7646212
        ]
      },
      "properties": {
        "id": "l01627",
        "name": "コートホテル旭川",
        "name_en": "Court Hotel Asahikawa",
        "kind": "hotel",
        "stars": null,
        "rooms": null,
        "phone": "+81-166260510",
        "website": "https://www.courthotels.co.jp/asahikawa/",
        "operator": null,
        "address": null,
        "near_town": "n184366763",
        "near_town_name": "旭川市",
        "osm_id": "w191554082",
        "name_ko": "c오rt 호텔 아사히카와"
      }
    },
    {
      "type": "Feature",
      "geometry": {
        "type": "Point",
        "coordinates": [
          142.3574913,
          43.7665456
        ]
      },
      "properties": {
        "id": "l01628",
        "name": "スマイルホテル旭川",
        "name_en": "Smile Hotel Asahikawa",
        "kind": "hotel",
        "stars": null,
        "rooms": null,
        "phone": null,
        "website": null,
        "operator": null,
        "address": null,
        "near_town": "n184366763",
        "near_town_name": "旭川市",
        "osm_id": "w191554090",
        "name_ko": "스마일 호텔 아사히카와"
      }
    },
    {
      "type": "Feature",
      "geometry": {
        "type": "Point",
        "coordinates": [
          142.3644278,
          43.7629939
        ]
      },
      "properties": {
        "id": "l01629",
        "name": "スーパーホテル旭川",
        "name_en": "Super hotel Asahikawa",
        "kind": "hotel",
        "stars": null,
        "rooms": null,
        "phone": null,
        "website": null,
        "operator": null,
        "address": null,
        "near_town": "n184366763",
        "near_town_name": "旭川市",
        "osm_id": "w198558552",
        "name_ko": "슈퍼 호텔 아사히카와"
      }
    },
    {
      "type": "Feature",
      "geometry": {
        "type": "Point",
        "coordinates": [
          142.3599066,
          43.7709717
        ]
      },
      "properties": {
        "id": "l01630",
        "name": "ドーミーイン旭川",
        "name_en": "Dormy inn Asahikawa",
        "kind": "hotel",
        "stars": null,
        "rooms": null,
        "phone": null,
        "website": null,
        "operator": null,
        "address": null,
        "near_town": "n184366763",
        "near_town_name": "旭川市",
        "osm_id": "w215590060",
        "name_ko": "도미 인 아사히카와"
      }
    },
    {
      "type": "Feature",
      "geometry": {
        "type": "Point",
        "coordinates": [
          142.3137861,
          43.7645674
        ]
      },
      "properties": {
        "id": "l01631",
        "name": "旭川パークホテル (Asahikawa park hotel)",
        "name_en": null,
        "kind": "hotel",
        "stars": null,
        "rooms": null,
        "phone": null,
        "website": null,
        "operator": null,
        "address": null,
        "near_town": "n184366763",
        "near_town_name": "旭川市",
        "osm_id": "w240259582"
      }
    },
    {
      "type": "Feature",
      "geometry": {
        "type": "Point",
        "coordinates": [
          142.3614706,
          43.7721785
        ]
      },
      "properties": {
        "id": "l01632",
        "name": "トーヨーホテル",
        "name_en": "Toyo Hotel",
        "kind": "hotel",
        "stars": null,
        "rooms": null,
        "phone": null,
        "website": null,
        "operator": null,
        "address": null,
        "near_town": "n184366763",
        "near_town_name": "旭川市",
        "osm_id": "w251872109",
        "name_ko": "토요 호텔"
      }
    },
    {
      "type": "Feature",
      "geometry": {
        "type": "Point",
        "coordinates": [
          142.3625603,
          43.7680209
        ]
      },
      "properties": {
        "id": "l01633",
        "name": "くれたけイン旭川",
        "name_en": "Kuretake Inn Asahikawa",
        "kind": "hotel",
        "stars": null,
        "rooms": null,
        "phone": "+81 166 27 9111",
        "website": "https://kuretake-inn.com/hotel/asahikawa",
        "operator": null,
        "address": "北海道 旭川市",
        "near_town": "n184366763",
        "near_town_name": "旭川市",
        "osm_id": "w297311695",
        "name_ko": "쿠레타케 인 아사히카와"
      }
    },
    {
      "type": "Feature",
      "geometry": {
        "type": "Point",
        "coordinates": [
          142.3550507,
          43.7696308
        ]
      },
      "properties": {
        "id": "l01634",
        "name": "ホテル リベルテ旭川",
        "name_en": null,
        "kind": "hotel",
        "stars": null,
        "rooms": null,
        "phone": null,
        "website": null,
        "operator": null,
        "address": null,
        "near_town": "n184366763",
        "near_town_name": "旭川市",
        "osm_id": "w306234307"
      }
    },
    {
      "type": "Feature",
      "geometry": {
        "type": "Point",
        "coordinates": [
          142.3194418,
          43.7597219
        ]
      },
      "properties": {
        "id": "l01635",
        "name": "高砂温泉",
        "name_en": null,
        "kind": "hotel",
        "stars": null,
        "rooms": null,
        "phone": null,
        "website": null,
        "operator": null,
        "address": null,
        "near_town": "n184366763",
        "near_town_name": "旭川市",
        "osm_id": "w494230918"
      }
    },
    {
      "type": "Feature",
      "geometry": {
        "type": "Point",
        "coordinates": [
          142.3594103,
          43.7650107
        ]
      },
      "properties": {
        "id": "l01636",
        "name": "ホテル アマネク旭川",
        "name_en": "Hotel Amanek Asahikawa",
        "kind": "hotel",
        "stars": null,
        "rooms": null,
        "phone": null,
        "website": "https://amanekhotels.jp/asahikawa/",
        "operator": null,
        "address": "北海道 旭川市",
        "near_town": "n184366763",
        "near_town_name": "旭川市",
        "osm_id": "w1104044169",
        "name_ko": "호텔 아마네k 아사히카와"
      }
    },
    {
      "type": "Feature",
      "geometry": {
        "type": "Point",
        "coordinates": [
          142.3601954,
          43.7628486
        ]
      },
      "properties": {
        "id": "l01637",
        "name": "ワイズホテル旭川駅前",
        "name_en": "Y’s Hotel Asahikawa Ekimae",
        "kind": "hotel",
        "stars": null,
        "rooms": null,
        "phone": null,
        "website": null,
        "operator": null,
        "address": null,
        "near_town": "n184366763",
        "near_town_name": "旭川市",
        "osm_id": "w1277683477",
        "name_ko": "y’s 호텔 아사히카와 에키마에"
      }
    },
    {
      "type": "Feature",
      "geometry": {
        "type": "Point",
        "coordinates": [
          137.2522925,
          36.1408964
        ]
      },
      "properties": {
        "id": "l01638",
        "name": "Washington Hotel Plaza",
        "name_en": null,
        "kind": "hotel",
        "stars": null,
        "rooms": null,
        "phone": null,
        "website": null,
        "operator": null,
        "address": null,
        "near_town": "n315430925",
        "near_town_name": "高山市",
        "osm_id": "n251369869"
      }
    },
    {
      "type": "Feature",
      "geometry": {
        "type": "Point",
        "coordinates": [
          137.253069,
          36.1420334
        ]
      },
      "properties": {
        "id": "l01639",
        "name": "Oyado koto no yume",
        "name_en": null,
        "kind": "hotel",
        "stars": null,
        "rooms": null,
        "phone": null,
        "website": null,
        "operator": null,
        "address": null,
        "near_town": "n315430925",
        "near_town_name": "高山市",
        "osm_id": "n815233948"
      }
    },
    {
      "type": "Feature",
      "geometry": {
        "type": "Point",
        "coordinates": [
          137.2544472,
          36.1434472
        ]
      },
      "properties": {
        "id": "l01640",
        "name": "民宿 桑谷屋",
        "name_en": "Minshuku Kuwataniya",
        "kind": "hotel",
        "stars": null,
        "rooms": null,
        "phone": null,
        "website": null,
        "operator": null,
        "address": null,
        "near_town": "n315430925",
        "near_town_name": "高山市",
        "osm_id": "n1682437089",
        "name_ko": "민슈쿠 쿠와타니야"
      }
    },
    {
      "type": "Feature",
      "geometry": {
        "type": "Point",
        "coordinates": [
          137.2653747,
          36.1425777
        ]
      },
      "properties": {
        "id": "l01641",
        "name": "Oyado Yamakyu",
        "name_en": null,
        "kind": "hotel",
        "stars": null,
        "rooms": null,
        "phone": null,
        "website": null,
        "operator": null,
        "address": null,
        "near_town": "n315430925",
        "near_town_name": "高山市",
        "osm_id": "n2300678727"
      }
    },
    {
      "type": "Feature",
      "geometry": {
        "type": "Point",
        "coordinates": [
          137.2531457,
          36.144838
        ]
      },
      "properties": {
        "id": "l01642",
        "name": "Ryokan Asunaro",
        "name_en": null,
        "kind": "hotel",
        "stars": null,
        "rooms": null,
        "phone": null,
        "website": null,
        "operator": null,
        "address": null,
        "near_town": "n315430925",
        "near_town_name": "高山市",
        "osm_id": "n2626684203"
      }
    },
    {
      "type": "Feature",
      "geometry": {
        "type": "Point",
        "coordinates": [
          137.2559558,
          36.1452069
        ]
      },
      "properties": {
        "id": "l01643",
        "name": "フォーシーズン",
        "name_en": null,
        "kind": "hotel",
        "stars": null,
        "rooms": null,
        "phone": null,
        "website": null,
        "operator": null,
        "address": null,
        "near_town": "n315430925",
        "near_town_name": "高山市",
        "osm_id": "n3270217997"
      }
    },
    {
      "type": "Feature",
      "geometry": {
        "type": "Point",
        "coordinates": [
          137.2573813,
          36.1431069
        ]
      },
      "properties": {
        "id": "l01644",
        "name": "ホテルアルファーワン高山",
        "name_en": null,
        "kind": "hotel",
        "stars": null,
        "rooms": null,
        "phone": null,
        "website": null,
        "operator": null,
        "address": null,
        "near_town": "n315430925",
        "near_town_name": "高山市",
        "osm_id": "n3270224069"
      }
    },
    {
      "type": "Feature",
      "geometry": {
        "type": "Point",
        "coordinates": [
          137.2545023,
          36.1385615
        ]
      },
      "properties": {
        "id": "l01645",
        "name": "Takayama Hostel Guesthouse Zenkoji Temple",
        "name_en": null,
        "kind": "hotel",
        "stars": null,
        "rooms": null,
        "phone": null,
        "website": null,
        "operator": null,
        "address": "Takayama",
        "near_town": "n315430925",
        "near_town_name": "高山市",
        "osm_id": "n3521858853"
      }
    },
    {
      "type": "Feature",
      "geometry": {
        "type": "Point",
        "coordinates": [
          137.2625803,
          36.1399758
        ]
      },
      "properties": {
        "id": "l01646",
        "name": "Hidatakayama Futarishizuka Hakuun",
        "name_en": null,
        "kind": "hotel",
        "stars": null,
        "rooms": null,
        "phone": null,
        "website": "https://ryokan-hakuun.co.jp/",
        "operator": null,
        "address": "Takayama",
        "near_town": "n315430925",
        "near_town_name": "高山市",
        "osm_id": "n3773041770"
      }
    },
    {
      "type": "Feature",
      "geometry": {
        "type": "Point",
        "coordinates": [
          137.2563997,
          36.1422626
        ]
      },
      "properties": {
        "id": "l01647",
        "name": "Ryokan Seiryu",
        "name_en": null,
        "kind": "hotel",
        "stars": null,
        "rooms": null,
        "phone": "+81 577-32-0448",
        "website": "https://ryokan-seiryu.co.jp/",
        "operator": null,
        "address": "Takayama",
        "near_town": "n315430925",
        "near_town_name": "高山市",
        "osm_id": "n3964063473"
      }
    },
    {
      "type": "Feature",
      "geometry": {
        "type": "Point",
        "coordinates": [
          137.2555066,
          36.1433146
        ]
      },
      "properties": {
        "id": "l01648",
        "name": "Rickshaw Inn",
        "name_en": null,
        "kind": "hotel",
        "stars": null,
        "rooms": null,
        "phone": "+81577322890",
        "website": "https://www.rickshawinn.com",
        "operator": null,
        "address": null,
        "near_town": "n315430925",
        "near_town_name": "高山市",
        "osm_id": "n4130088791"
      }
    },
    {
      "type": "Feature",
      "geometry": {
        "type": "Point",
        "coordinates": [
          137.2525194,
          36.1426865
        ]
      },
      "properties": {
        "id": "l01649",
        "name": "shiranir2",
        "name_en": null,
        "kind": "hotel",
        "stars": null,
        "rooms": null,
        "phone": null,
        "website": null,
        "operator": null,
        "address": null,
        "near_town": "n315430925",
        "near_town_name": "高山市",
        "osm_id": "n4153211389"
      }
    },
    {
      "type": "Feature",
      "geometry": {
        "type": "Point",
        "coordinates": [
          137.2530092,
          36.1431793
        ]
      },
      "properties": {
        "id": "l01650",
        "name": "Ryokan",
        "name_en": "Ryokan",
        "kind": "hostel",
        "stars": null,
        "rooms": null,
        "phone": null,
        "website": null,
        "operator": null,
        "address": null,
        "near_town": "n315430925",
        "near_town_name": "高山市",
        "osm_id": "n4430081892",
        "name_ko": "료칸"
      }
    },
    {
      "type": "Feature",
      "geometry": {
        "type": "Point",
        "coordinates": [
          137.2523345,
          36.1450406
        ]
      },
      "properties": {
        "id": "l01651",
        "name": "Hida Plaza",
        "name_en": null,
        "kind": "hotel",
        "stars": "4",
        "rooms": null,
        "phone": null,
        "website": null,
        "operator": null,
        "address": "Takayama Hanaoka-Cho",
        "near_town": "n315430925",
        "near_town_name": "高山市",
        "osm_id": "n4430489453"
      }
    },
    {
      "type": "Feature",
      "geometry": {
        "type": "Point",
        "coordinates": [
          137.2171441,
          36.1331214
        ]
      },
      "properties": {
        "id": "l01652",
        "name": "Auberge Hidanomori (オーベルジュ飛騨の森)",
        "name_en": "Auberge Hidanomori",
        "kind": "guest_house",
        "stars": null,
        "rooms": null,
        "phone": "+81 577-34-6575",
        "website": "https://www.hidanomori.jp/",
        "operator": null,
        "address": "Takayama Shingumachi",
        "near_town": "n315430925",
        "near_town_name": "高山市",
        "osm_id": "n4470527217",
        "name_ko": "아우베r게 히다노모리"
      }
    },
    {
      "type": "Feature",
      "geometry": {
        "type": "Point",
        "coordinates": [
          137.256415,
          36.1842731
        ]
      },
      "properties": {
        "id": "l01653",
        "name": "Otoboke Beaver Utopia",
        "name_en": "Otoboke Beaver Utopia",
        "kind": "hotel",
        "stars": null,
        "rooms": null,
        "phone": null,
        "website": null,
        "operator": null,
        "address": "Shimogiri-cho 1753-1, Shirakawago, Takayama, Japan 506-0041",
        "near_town": "n315430925",
        "near_town_name": "高山市",
        "osm_id": "n4760597322",
        "name_ko": "오토보케 베아베r 우토피아"
      }
    },
    {
      "type": "Feature",
      "geometry": {
        "type": "Point",
        "coordinates": [
          137.2521647,
          36.141822
        ]
      },
      "properties": {
        "id": "l01654",
        "name": "カントリーホテル高山",
        "name_en": "Country Hotel Takayama",
        "kind": "hotel",
        "stars": null,
        "rooms": null,
        "phone": null,
        "website": null,
        "operator": null,
        "address": null,
        "near_town": "n315430925",
        "near_town_name": "高山市",
        "osm_id": "n4780444724",
        "name_ko": "c온try 호텔 타카야마"
      }
    },
    {
      "type": "Feature",
      "geometry": {
        "type": "Point",
        "coordinates": [
          137.252652,
          36.1425007
        ]
      },
      "properties": {
        "id": "l01655",
        "name": "K's House Takayama Oasis",
        "name_en": null,
        "kind": "hotel",
        "stars": null,
        "rooms": null,
        "phone": null,
        "website": null,
        "operator": null,
        "address": null,
        "near_town": "n315430925",
        "near_town_name": "高山市",
        "osm_id": "n4780444725"
      }
    },
    {
      "type": "Feature",
      "geometry": {
        "type": "Point",
        "coordinates": [
          137.2527804,
          36.1416924
        ]
      },
      "properties": {
        "id": "l01656",
        "name": "Best Western",
        "name_en": null,
        "kind": "hotel",
        "stars": null,
        "rooms": null,
        "phone": null,
        "website": null,
        "operator": null,
        "address": null,
        "near_town": "n315430925",
        "near_town_name": "高山市",
        "osm_id": "n4782723621"
      }
    },
    {
      "type": "Feature",
      "geometry": {
        "type": "Point",
        "coordinates": [
          137.2526908,
          36.1423075
        ]
      },
      "properties": {
        "id": "l01657",
        "name": "Oyado Koto No Yume",
        "name_en": null,
        "kind": "hotel",
        "stars": null,
        "rooms": null,
        "phone": null,
        "website": null,
        "operator": null,
        "address": null,
        "near_town": "n315430925",
        "near_town_name": "高山市",
        "osm_id": "n4782752721"
      }
    },
    {
      "type": "Feature",
      "geometry": {
        "type": "Point",
        "coordinates": [
          137.2539382,
          36.1437644
        ]
      },
      "properties": {
        "id": "l01658",
        "name": "Guesthouse Kakurega",
        "name_en": "Guesthouse Kakurega",
        "kind": "hostel",
        "stars": null,
        "rooms": null,
        "phone": null,
        "website": null,
        "operator": null,
        "address": null,
        "near_town": "n315430925",
        "near_town_name": "高山市",
        "osm_id": "n4799973421",
        "name_ko": "게스트하우스 카쿠레가"
      }
    },
    {
      "type": "Feature",
      "geometry": {
        "type": "Point",
        "coordinates": [
          137.2531737,
          36.1433951
        ]
      },
      "properties": {
        "id": "l01659",
        "name": "穂高荘 山の庵",
        "name_en": "Hodakaso Yamanoiori",
        "kind": "hotel",
        "stars": null,
        "rooms": null,
        "phone": null,
        "website": null,
        "operator": null,
        "address": null,
        "near_town": "n315430925",
        "near_town_name": "高山市",
        "osm_id": "n4988358176",
        "name_ko": "호다카소 야마노이오리"
      }
    },
    {
      "type": "Feature",
      "geometry": {
        "type": "Point",
        "coordinates": [
          137.2544523,
          36.1403822
        ]
      },
      "properties": {
        "id": "l01660",
        "name": "スパホテルアルピナ飛騨高山",
        "name_en": "Spa Hotel Alpina Hida",
        "kind": "hotel",
        "stars": null,
        "rooms": null,
        "phone": null,
        "website": null,
        "operator": null,
        "address": null,
        "near_town": "n315430925",
        "near_town_name": "高山市",
        "osm_id": "n4988365212",
        "name_ko": "스파 호텔 아르피나 히다"
      }
    },
    {
      "type": "Feature",
      "geometry": {
        "type": "Point",
        "coordinates": [
          137.2537404,
          36.1413978
        ]
      },
      "properties": {
        "id": "l01661",
        "name": "飛驒琢磨",
        "name_en": null,
        "kind": "hotel",
        "stars": null,
        "rooms": null,
        "phone": "0577-35-1341",
        "website": null,
        "operator": null,
        "address": null,
        "near_town": "n315430925",
        "near_town_name": "高山市",
        "osm_id": "n5100388621"
      }
    },
    {
      "type": "Feature",
      "geometry": {
        "type": "Point",
        "coordinates": [
          137.2524109,
          36.141306
        ]
      },
      "properties": {
        "id": "l01662",
        "name": "Relax hostel",
        "name_en": "Relax hostel",
        "kind": "hostel",
        "stars": null,
        "rooms": null,
        "phone": null,
        "website": null,
        "operator": null,
        "address": null,
        "near_town": "n315430925",
        "near_town_name": "高山市",
        "osm_id": "n5157163324",
        "name_ko": "레라크스 호스텔"
      }
    },
    {
      "type": "Feature",
      "geometry": {
        "type": "Point",
        "coordinates": [
          137.238173,
          36.1387445
        ]
      },
      "properties": {
        "id": "l01663",
        "name": "ニューイング",
        "name_en": "NEWING",
        "kind": "apartment",
        "stars": null,
        "rooms": null,
        "phone": null,
        "website": null,
        "operator": null,
        "address": "国道41号",
        "near_town": "n315430925",
        "near_town_name": "高山市",
        "osm_id": "n5497674621",
        "name_ko": "네w인g"
      }
    },
    {
      "type": "Feature",
      "geometry": {
        "type": "Point",
        "coordinates": [
          137.260406,
          36.137913
        ]
      },
      "properties": {
        "id": "l01664",
        "name": "Takayama Hanzasha",
        "name_en": "Takayama Hanzasha",
        "kind": "hostel",
        "stars": null,
        "rooms": null,
        "phone": null,
        "website": null,
        "operator": null,
        "address": null,
        "near_town": "n315430925",
        "near_town_name": "高山市",
        "osm_id": "n5630768424",
        "name_ko": "타카야마 한자샤"
      }
    },
    {
      "type": "Feature",
      "geometry": {
        "type": "Point",
        "coordinates": [
          137.2476944,
          36.1382362
        ]
      },
      "properties": {
        "id": "l01665",
        "name": "Minshuku Sosuke",
        "name_en": null,
        "kind": "guest_house",
        "stars": null,
        "rooms": null,
        "phone": "+81-577-32-0818",
        "website": "https://www.irori-sosuke.com/",
        "operator": null,
        "address": "Okamotocho",
        "near_town": "n315430925",
        "near_town_name": "高山市",
        "osm_id": "n6038971354"
      }
    },
    {
      "type": "Feature",
      "geometry": {
        "type": "Point",
        "coordinates": [
          137.2503006,
          36.1381967
        ]
      },
      "properties": {
        "id": "l01666",
        "name": "Tau Guesthouse",
        "name_en": null,
        "kind": "guest_house",
        "stars": null,
        "rooms": null,
        "phone": null,
        "website": null,
        "operator": null,
        "address": null,
        "near_town": "n315430925",
        "near_town_name": "高山市",
        "osm_id": "n6164766475"
      }
    },
    {
      "type": "Feature",
      "geometry": {
        "type": "Point",
        "coordinates": [
          137.2490022,
          36.1414854
        ]
      },
      "properties": {
        "id": "l01667",
        "name": "Kuretakeso",
        "name_en": null,
        "kind": "hotel",
        "stars": null,
        "rooms": null,
        "phone": null,
        "website": null,
        "operator": null,
        "address": null,
        "near_town": "n315430925",
        "near_town_name": "高山市",
        "osm_id": "n6164766483"
      }
    },
    {
      "type": "Feature",
      "geometry": {
        "type": "Point",
        "coordinates": [
          137.2531234,
          36.1385248
        ]
      },
      "properties": {
        "id": "l01668",
        "name": "Tomarotto Hotel",
        "name_en": null,
        "kind": "hostel",
        "stars": null,
        "rooms": null,
        "phone": null,
        "website": null,
        "operator": null,
        "address": null,
        "near_town": "n315430925",
        "near_town_name": "高山市",
        "osm_id": "n6164768185"
      }
    },
    {
      "type": "Feature",
      "geometry": {
        "type": "Point",
        "coordinates": [
          137.2531014,
          36.1373016
        ]
      },
      "properties": {
        "id": "l01669",
        "name": "Wat hotel and spa",
        "name_en": null,
        "kind": "hotel",
        "stars": null,
        "rooms": null,
        "phone": null,
        "website": null,
        "operator": null,
        "address": null,
        "near_town": "n315430925",
        "near_town_name": "高山市",
        "osm_id": "n6164768186"
      }
    },
    {
      "type": "Feature",
      "geometry": {
        "type": "Point",
        "coordinates": [
          137.2581062,
          36.1390737
        ]
      },
      "properties": {
        "id": "l01670",
        "name": "Guesthouse JINYA",
        "name_en": null,
        "kind": "guest_house",
        "stars": null,
        "rooms": null,
        "phone": null,
        "website": null,
        "operator": null,
        "address": null,
        "near_town": "n315430925",
        "near_town_name": "高山市",
        "osm_id": "n6164768187"
      }
    },
    {
      "type": "Feature",
      "geometry": {
        "type": "Point",
        "coordinates": [
          137.2604576,
          36.1501354
        ]
      },
      "properties": {
        "id": "l01671",
        "name": "Takayama Kanko Hotel",
        "name_en": "Takayama Kanko Hotel",
        "kind": "hotel",
        "stars": null,
        "rooms": null,
        "phone": null,
        "website": null,
        "operator": null,
        "address": null,
        "near_town": "n315430925",
        "near_town_name": "高山市",
        "osm_id": "n6419667328",
        "name_ko": "타카야마 칸코 호텔"
      }
    },
    {
      "type": "Feature",
      "geometry": {
        "type": "Point",
        "coordinates": [
          137.2528053,
          36.141387
        ]
      },
      "properties": {
        "id": "l01672",
        "name": "eph Takayama",
        "name_en": null,
        "kind": "hotel",
        "stars": null,
        "rooms": null,
        "phone": null,
        "website": null,
        "operator": null,
        "address": null,
        "near_town": "n315430925",
        "near_town_name": "高山市",
        "osm_id": "n6690877085"
      }
    },
    {
      "type": "Feature",
      "geometry": {
        "type": "Point",
        "coordinates": [
          137.2567385,
          36.1420717
        ]
      },
      "properties": {
        "id": "l01673",
        "name": "Airbnb Omotenashi Teru House",
        "name_en": null,
        "kind": "apartment",
        "stars": null,
        "rooms": null,
        "phone": null,
        "website": null,
        "operator": null,
        "address": null,
        "near_town": "n315430925",
        "near_town_name": "高山市",
        "osm_id": "n7125332385"
      }
    },
    {
      "type": "Feature",
      "geometry": {
        "type": "Point",
        "coordinates": [
          137.2567064,
          36.1419873
        ]
      },
      "properties": {
        "id": "l01674",
        "name": "Airbnb Omotenashi Teru House",
        "name_en": null,
        "kind": "apartment",
        "stars": null,
        "rooms": null,
        "phone": null,
        "website": null,
        "operator": null,
        "address": null,
        "near_town": "n315430925",
        "near_town_name": "高山市",
        "osm_id": "n7169619795"
      }
    },
    {
      "type": "Feature",
      "geometry": {
        "type": "Point",
        "coordinates": [
          137.2534572,
          36.1421193
        ]
      },
      "properties": {
        "id": "l01675",
        "name": "Hotel and Spa Gift Takayama",
        "name_en": "Hotel and Spa Gift Takayama",
        "kind": "hotel",
        "stars": null,
        "rooms": null,
        "phone": null,
        "website": null,
        "operator": null,
        "address": null,
        "near_town": "n315430925",
        "near_town_name": "高山市",
        "osm_id": "n11103932308",
        "name_ko": "호텔 앤 스파 기후t 타카야마"
      }
    },
    {
      "type": "Feature",
      "geometry": {
        "type": "Point",
        "coordinates": [
          137.2603517,
          36.1408227
        ]
      },
      "properties": {
        "id": "l01676",
        "name": "Hotel Wood Takayama",
        "name_en": null,
        "kind": "hotel",
        "stars": null,
        "rooms": null,
        "phone": null,
        "website": "https://www.hotel-wood.com",
        "operator": null,
        "address": null,
        "near_town": "n315430925",
        "near_town_name": "高山市",
        "osm_id": "n11104900103"
      }
    },
    {
      "type": "Feature",
      "geometry": {
        "type": "Point",
        "coordinates": [
          137.2515831,
          36.1469119
        ]
      },
      "properties": {
        "id": "l01677",
        "name": "飛騨高山ゲストハウス桜花",
        "name_en": "Guesthouse Ouka",
        "kind": "hostel",
        "stars": null,
        "rooms": null,
        "phone": "0577-62-9642",
        "website": "http://guesthouse-ouka.com",
        "operator": null,
        "address": null,
        "near_town": "n315430925",
        "near_town_name": "高山市",
        "osm_id": "n11878532169",
        "name_ko": "게스트하우스 오카"
      }
    },
    {
      "type": "Feature",
      "geometry": {
        "type": "Point",
        "coordinates": [
          137.2549535,
          36.140569
        ]
      },
      "properties": {
        "id": "l01678",
        "name": "KOMOREBI Hostel Takayama",
        "name_en": null,
        "kind": "hotel",
        "stars": null,
        "rooms": null,
        "phone": null,
        "website": null,
        "operator": null,
        "address": null,
        "near_town": "n315430925",
        "near_town_name": "高山市",
        "osm_id": "n12118386783"
      }
    },
    {
      "type": "Feature",
      "geometry": {
        "type": "Point",
        "coordinates": [
          137.2521316,
          36.1416784
        ]
      },
      "properties": {
        "id": "l01679",
        "name": "たびのホテル飛騨高山",
        "name_en": null,
        "kind": "hotel",
        "stars": null,
        "rooms": null,
        "phone": null,
        "website": null,
        "operator": null,
        "address": null,
        "near_town": "n315430925",
        "near_town_name": "高山市",
        "osm_id": "n12401633432"
      }
    },
    {
      "type": "Feature",
      "geometry": {
        "type": "Point",
        "coordinates": [
          137.2620007,
          36.144881
        ]
      },
      "properties": {
        "id": "l01680",
        "name": "AOI SUITE TAKAYAMA",
        "name_en": null,
        "kind": "hostel",
        "stars": null,
        "rooms": "2",
        "phone": null,
        "website": "https://aoi-hotels.com",
        "operator": "Goodluck高山",
        "address": "岐阜県 高山市鉄砲町",
        "near_town": "n315430925",
        "near_town_name": "高山市",
        "osm_id": "n12805252861"
      }
    },
    {
      "type": "Feature",
      "geometry": {
        "type": "Point",
        "coordinates": [
          137.2534314,
          36.1446809
        ]
      },
      "properties": {
        "id": "l01681",
        "name": "Koko Hotel Hidatakayama",
        "name_en": null,
        "kind": "hotel",
        "stars": null,
        "rooms": null,
        "phone": null,
        "website": null,
        "operator": null,
        "address": null,
        "near_town": "n315430925",
        "near_town_name": "高山市",
        "osm_id": "n12984691401"
      }
    },
    {
      "type": "Feature",
      "geometry": {
        "type": "Point",
        "coordinates": [
          137.2437882,
          36.122166
        ]
      },
      "properties": {
        "id": "l01682",
        "name": "Hotel Associa Takayama Ressort",
        "name_en": null,
        "kind": "hotel",
        "stars": null,
        "rooms": null,
        "phone": null,
        "website": null,
        "operator": null,
        "address": null,
        "near_town": "n315430925",
        "near_town_name": "高山市",
        "osm_id": "n13253142701"
      }
    },
    {
      "type": "Feature",
      "geometry": {
        "type": "Point",
        "coordinates": [
          137.2519109,
          36.1402205
        ]
      },
      "properties": {
        "id": "l01683",
        "name": "TOKYU STAY",
        "name_en": null,
        "kind": "hotel",
        "stars": null,
        "rooms": null,
        "phone": null,
        "website": null,
        "operator": null,
        "address": null,
        "near_town": "n315430925",
        "near_town_name": "高山市",
        "osm_id": "n13684168632"
      }
    },
    {
      "type": "Feature",
      "geometry": {
        "type": "Point",
        "coordinates": [
          137.261017,
          36.143576
        ]
      },
      "properties": {
        "id": "l01684",
        "name": "RIKKA BABA",
        "name_en": null,
        "kind": "chalet",
        "stars": null,
        "rooms": null,
        "phone": "+81 90-6647-8290",
        "website": "https://rikkatakayama.com",
        "operator": null,
        "address": null,
        "near_town": "n315430925",
        "near_town_name": "高山市",
        "osm_id": "n13702812601"
      }
    },
    {
      "type": "Feature",
      "geometry": {
        "type": "Point",
        "coordinates": [
          137.2516763,
          36.1425981
        ]
      },
      "properties": {
        "id": "l01685",
        "name": "FĀV",
        "name_en": "FĀV",
        "kind": "hotel",
        "stars": null,
        "rooms": null,
        "phone": null,
        "website": null,
        "operator": null,
        "address": null,
        "near_town": "n315430925",
        "near_town_name": "高山市",
        "osm_id": "n13739464001",
        "name_ko": "후ā브"
      }
    },
    {
      "type": "Feature",
      "geometry": {
        "type": "Point",
        "coordinates": [
          137.2471986,
          36.1377172
        ]
      },
      "properties": {
        "id": "l01686",
        "name": "Takayama Green",
        "name_en": "Takayama Green",
        "kind": "hotel",
        "stars": "4",
        "rooms": null,
        "phone": null,
        "website": "https://www.takayama-gh.com/",
        "operator": null,
        "address": "Gifu, Takayama Nishinoisshiki-machi",
        "near_town": "n315430925",
        "near_town_name": "高山市",
        "osm_id": "w177445363",
        "name_ko": "타카야마 그린"
      }
    },
    {
      "type": "Feature",
      "geometry": {
        "type": "Point",
        "coordinates": [
          137.2519334,
          36.1386248
        ]
      },
      "properties": {
        "id": "l01687",
        "name": "高山桜庵",
        "name_en": null,
        "kind": "hotel",
        "stars": null,
        "rooms": null,
        "phone": "+81 577-37-2230",
        "website": null,
        "operator": null,
        "address": null,
        "near_town": "n315430925",
        "near_town_name": "高山市",
        "osm_id": "w240742819"
      }
    },
    {
      "type": "Feature",
      "geometry": {
        "type": "Point",
        "coordinates": [
          137.2536161,
          36.1403988
        ]
      },
      "properties": {
        "id": "l01688",
        "name": "スーパーホテル飛騨・高山",
        "name_en": "Super Hotel",
        "kind": "hotel",
        "stars": null,
        "rooms": null,
        "phone": "0577-32-9000",
        "website": "https://www.spa-hotel-alpina.com/",
        "operator": null,
        "address": "高山市",
        "near_town": "n315430925",
        "near_town_name": "高山市",
        "osm_id": "w340212620",
        "name_ko": "슈퍼 호텔"
      }
    },
    {
      "type": "Feature",
      "geometry": {
        "type": "Point",
        "coordinates": [
          137.2515348,
          36.1423078
        ]
      },
      "properties": {
        "id": "l01689",
        "name": "レジデンスホテル 高山駅前",
        "name_en": "Residence Hotel Takayama Ekimae",
        "kind": "hotel",
        "stars": null,
        "rooms": null,
        "phone": "+81-57-757-5578",
        "website": "https://rh-takayama.com/",
        "operator": null,
        "address": null,
        "near_town": "n315430925",
        "near_town_name": "高山市",
        "osm_id": "w370381757",
        "name_ko": "레시덴c에 호텔 타카야마 에키마에"
      }
    },
    {
      "type": "Feature",
      "geometry": {
        "type": "Point",
        "coordinates": [
          137.2661744,
          36.1514528
        ]
      },
      "properties": {
        "id": "l01690",
        "name": "Muhyokan",
        "name_en": null,
        "kind": "hotel",
        "stars": null,
        "rooms": null,
        "phone": null,
        "website": "http://www.muhyokan.book.direct/",
        "operator": null,
        "address": null,
        "near_town": "n315430925",
        "near_town_name": "高山市",
        "osm_id": "w537391039"
      }
    },
    {
      "type": "Feature",
      "geometry": {
        "type": "Point",
        "coordinates": [
          137.2499492,
          36.1229231
        ]
      },
      "properties": {
        "id": "l01691",
        "name": "ルートイングランティア飛騨高山",
        "name_en": "Route Inn Grantia Hidatakayama",
        "kind": "hotel",
        "stars": null,
        "rooms": null,
        "phone": "+81 577-32-0100",
        "website": "https://www.hotel-grantia.co.jp/",
        "operator": null,
        "address": null,
        "near_town": "n315430925",
        "near_town_name": "高山市",
        "osm_id": "w592156849",
        "name_ko": "루트 인 g란치아 히다타카야마"
      }
    },
    {
      "type": "Feature",
      "geometry": {
        "type": "Point",
        "coordinates": [
          137.2490657,
          36.134599
        ]
      },
      "properties": {
        "id": "l01692",
        "name": "ファミリーロッジ旅籠屋飛騨高山店",
        "name_en": null,
        "kind": "motel",
        "stars": null,
        "rooms": null,
        "phone": null,
        "website": null,
        "operator": null,
        "address": null,
        "near_town": "n315430925",
        "near_town_name": "高山市",
        "osm_id": "w655293933"
      }
    },
    {
      "type": "Feature",
      "geometry": {
        "type": "Point",
        "coordinates": [
          137.265743,
          36.1430816
        ]
      },
      "properties": {
        "id": "l01693",
        "name": "Youth Hostel",
        "name_en": "Youth Hostel",
        "kind": "hostel",
        "stars": null,
        "rooms": null,
        "phone": null,
        "website": null,
        "operator": null,
        "address": null,
        "near_town": "n315430925",
        "near_town_name": "高山市",
        "osm_id": "w719494952",
        "name_ko": "유스 호스텔"
      }
    },
    {
      "type": "Feature",
      "geometry": {
        "type": "Point",
        "coordinates": [
          137.2415303,
          36.135706
        ]
      },
      "properties": {
        "id": "l01694",
        "name": "桜ゲストハウス",
        "name_en": "Sakura Guest House",
        "kind": "hostel",
        "stars": null,
        "rooms": null,
        "phone": null,
        "website": null,
        "operator": null,
        "address": "Takayama Nishinoisshiki-cho",
        "near_town": "n315430925",
        "near_town_name": "高山市",
        "osm_id": "w723980367",
        "name_ko": "사쿠라 게스트 하우스"
      }
    },
    {
      "type": "Feature",
      "geometry": {
        "type": "Point",
        "coordinates": [
          137.2826711,
          36.1509788
        ]
      },
      "properties": {
        "id": "l01695",
        "name": "たびのホテル飛騨高山",
        "name_en": "Tabino Hotel Hida Takayama",
        "kind": "hotel",
        "stars": null,
        "rooms": "81",
        "phone": "+81-577-36-1220",
        "website": "https://hida-takayama.tabino-hotel.jp/",
        "operator": null,
        "address": "岐阜県 高山市",
        "near_town": "n315430925",
        "near_town_name": "高山市",
        "osm_id": "w1353184585",
        "name_ko": "타비노 호텔 히다 타카야마"
      }
    },
    {
      "type": "Feature",
      "geometry": {
        "type": "Point",
        "coordinates": [
          137.2619629,
          36.1448664
        ]
      },
      "properties": {
        "id": "l01696",
        "name": "AOI SUITE TAKAYAMA",
        "name_en": null,
        "kind": "apartment",
        "stars": null,
        "rooms": "2",
        "phone": null,
        "website": "https://aoi-hotels.com",
        "operator": null,
        "address": "岐阜県 高山市鉄砲町",
        "near_town": "n315430925",
        "near_town_name": "高山市",
        "osm_id": "w1383095160"
      }
    }
  ]
}