{"type": "FeatureCollection", "features": [{"type": "Feature", "geometry": {"type": "LineString", "coordinates": [[141.2125282, 45.2227889], [141.2155255, 45.2202143], [141.2170489, 45.2196958], [141.2184147, 45.2198239], [141.2219401, 45.2166859], [141.2258667, 45.2151381], [141.226234, 45.2138786], [141.2276679, 45.2121935], [141.2301811, 45.2101351], [141.2316896, 45.2071146], [141.2338948, 45.2043416], [141.2342931, 45.2027735], [141.2352856, 45.2024487], [141.2361856, 45.2014077], [141.2368485, 45.2014474], [141.2367344, 45.2009115], [141.2375134, 45.2009598], [141.2382316, 45.1986372], [141.2374953, 45.1963608], [141.2382407, 45.19404], [141.2363718, 45.1920549], [141.2360884, 45.1898071], [141.2366457, 45.189054], [141.2358681, 45.1885773], [141.235851, 45.1873648], [141.2399248, 45.1840482], [141.240706, 45.1811824], [141.2415022, 45.1804103]]}, "properties": {"route_id": "m001-r0", "mountain_no": 1, "mountain_name_ko": "리시리산", "mountain_name_ja": "利尻岳", "route_name_ja": "利尻山鴛泊コース", "source": "relation", "distance_km": 6.25, "ascent_m": 1474, "elev_start_m": 215, "elev_end_m": 1678, "summit_elev_m": 1721, "trailhead_lat": 45.2227889, "trailhead_lon": 141.2125282, "summit_lat": 45.1804103, "summit_lon": 141.2415022, "point_count": 28, "score": 43.015143291740856, "is_primary": true}}, {"type": "Feature", "geometry": {"type": "LineString", "coordinates": [[141.168424, 45.177916], [141.175092, 45.181032], [141.177248, 45.181308], [141.178676, 45.180915], [141.181049, 45.18133], [141.182934, 45.180976], [141.184669, 45.181351], [141.187724, 45.1799], [141.189586, 45.180585], [141.190399, 45.181404], [141.193669, 45.181504], [141.192611, 45.181332], [141.194143, 45.181143], [141.201195, 45.182327], [141.203991, 45.183536], [141.21268, 45.184417], [141.217223, 45.183085], [141.217855, 45.183861], [141.22349, 45.183784], [141.233055, 45.179947], [141.236615, 45.180907], [141.237964, 45.180725], [141.239041, 45.181571], [141.238803, 45.1825], [141.239294, 45.182736], [141.240598, 45.182229], [141.240706, 45.181182], [141.241502, 45.18041]]}, "properties": {"route_id": "m001-r1", "mountain_no": 1, "mountain_name_ko": "리시리산", "mountain_name_ja": "利尻岳", "route_name_ja": "대표 등산로", "source": "way_graph", "distance_km": 7.01, "ascent_m": 1555, "elev_start_m": 149, "elev_end_m": 1678, "summit_elev_m": 1721, "trailhead_lat": 45.177916, "trailhead_lon": 141.168424, "summit_lat": 45.18041, "summit_lon": 141.241502, "point_count": 28, "score": 0, "is_primary": false}}, {"type": "Feature", "geometry": {"type": "LineString", "coordinates": [[141.229184, 45.215445], [141.228229, 45.216813], [141.2281, 45.218188], [141.226158, 45.219435], [141.224334, 45.21979], [141.222376, 45.221681], [141.220266, 45.220225], [141.217954, 45.220006], [141.22194, 45.216686], [141.225867, 45.215138], [141.226234, 45.213879], [141.227668, 45.212193], [141.230181, 45.210135], [141.23169, 45.207115], [141.233895, 45.204342], [141.234293, 45.202773], [141.235286, 45.202449], [141.236186, 45.201408], [141.236849, 45.201447], [141.236734, 45.200911], [141.237513, 45.20096], [141.238232, 45.198637], [141.237495, 45.196361], [141.238241, 45.19404], [141.236372, 45.192055], [141.236088, 45.189807], [141.236646, 45.189054], [141.235868, 45.188577], [141.235851, 45.187365], [141.239925, 45.184048], [141.240706, 45.181182], [141.241502, 45.18041]]}, "properties": {"route_id": "m001-r2", "mountain_no": 1, "mountain_name_ko": "리시리산", "mountain_name_ja": "利尻岳", "route_name_ja": "대표 등산로", "source": "way_graph", "distance_km": 7.02, "ascent_m": 1406, "elev_start_m": 371, "elev_end_m": 1678, "summit_elev_m": 1721, "trailhead_lat": 45.215445, "trailhead_lon": 141.229184, "summit_lat": 45.18041, "summit_lon": 141.241502, "point_count": 32, "score": 0, "is_primary": false}}, {"type": "Feature", "geometry": {"type": "LineString", "coordinates": [[141.187478, 45.179937], [141.189586, 45.180585], [141.190399, 45.181404], [141.193669, 45.181504], [141.192611, 45.181332], [141.194143, 45.181143], [141.201195, 45.182327], [141.203991, 45.183536], [141.21268, 45.184417], [141.217223, 45.183085], [141.217855, 45.183861], [141.22349, 45.183784], [141.233055, 45.179947], [141.236615, 45.180907], [141.237964, 45.180725], [141.239041, 45.181571], [141.238803, 45.1825], [141.239294, 45.182736], [141.240598, 45.182229], [141.240706, 45.181182], [141.241502, 45.18041]]}, "properties": {"route_id": "m001-r3", "mountain_no": 1, "mountain_name_ko": "리시리산", "mountain_name_ja": "利尻岳", "route_name_ja": "대표 등산로", "source": "way_graph", "distance_km": 5.31, "ascent_m": 1339, "elev_start_m": 365, "elev_end_m": 1678, "summit_elev_m": 1721, "trailhead_lat": 45.179937, "trailhead_lon": 141.187478, "summit_lat": 45.18041, "summit_lon": 141.241502, "point_count": 21, "score": 0, "is_primary": false}}, {"type": "Feature", "geometry": {"type": "LineString", "coordinates": [[145.163324, 44.114144], [145.160818, 44.112056], [145.156919, 44.112573], [145.155207, 44.111681], [145.149794, 44.112255], [145.14972, 44.111674], [145.148763, 44.111046], [145.150111, 44.109674], [145.149577, 44.108674], [145.149952, 44.107728], [145.147683, 44.105341], [145.146285, 44.105414], [145.143684, 44.103824], [145.14334, 44.102105], [145.145427, 44.101738], [145.144143, 44.09909], [145.141484, 44.097052], [145.141662, 44.095202], [145.139154, 44.093992], [145.138226, 44.092499], [145.138554, 44.092038], [145.137305, 44.090512], [145.136174, 44.089465], [145.134712, 44.088919], [145.132521, 44.086444], [145.131102, 44.085563], [145.130721, 44.084541], [145.128133, 44.082942], [145.12898, 44.08109], [145.128035, 44.079156], [145.12534, 44.077813], [145.125692, 44.077378], [145.124756, 44.076187], [145.122342, 44.075913]]}, "properties": {"route_id": "m002-r0", "mountain_no": 2, "mountain_name_ko": "라우스다케", "mountain_name_ja": "羅臼岳", "route_name_ja": "대표 등산로", "source": "way_graph", "distance_km": 7.0, "ascent_m": 743, "elev_start_m": 1407, "elev_end_m": 1626, "summit_elev_m": 1660, "trailhead_lat": 44.114144, "trailhead_lon": 145.163324, "summit_lat": 44.075913, "summit_lon": 145.122342, "point_count": 34, "score": 0, "is_primary": true}}, {"type": "Feature", "geometry": {"type": "LineString", "coordinates": [[145.155091, 44.037622], [145.152085, 44.03953], [145.15122, 44.038055], [145.150699, 44.038], [145.150321, 44.038828], [145.150618, 44.040931], [145.151854, 44.042858], [145.154102, 44.043859], [145.153596, 44.045353], [145.155522, 44.047841], [145.155416, 44.049489], [145.153852, 44.050631], [145.153532, 44.053158], [145.152213, 44.055424], [145.152486, 44.056437], [145.150904, 44.059224], [145.150045, 44.059504], [145.1499, 44.060952], [145.143243, 44.063033], [145.143165, 44.064718], [145.141442, 44.067015], [145.140106, 44.067166], [145.138773, 44.068686], [145.135985, 44.069995], [145.134484, 44.072095], [145.131568, 44.073795], [145.130647, 44.075403], [145.12923, 44.076441], [145.127713, 44.07665], [145.125462, 44.077834], [145.125692, 44.077378], [145.124756, 44.076187], [145.122342, 44.075913]]}, "properties": {"route_id": "m002-r1", "mountain_no": 2, "mountain_name_ko": "라우스다케", "mountain_name_ja": "羅臼岳", "route_name_ja": "대표 등산로", "source": "way_graph", "distance_km": 7.01, "ascent_m": 1461, "elev_start_m": 177, "elev_end_m": 1626, "summit_elev_m": 1660, "trailhead_lat": 44.037622, "trailhead_lon": 145.155091, "summit_lat": 44.075913, "summit_lon": 145.122342, "point_count": 33, "score": 0, "is_primary": false}}, {"type": "Feature", "geometry": {"type": "LineString", "coordinates": [[145.090457, 44.109687], [145.090058, 44.108612], [145.089189, 44.109054], [145.089569, 44.108246], [145.088852, 44.107755], [145.090887, 44.106675], [145.094707, 44.105703], [145.09611, 44.104697], [145.096784, 44.104809], [145.097838, 44.103715], [145.099472, 44.103234], [145.101477, 44.101922], [145.104689, 44.099334], [145.104854, 44.098391], [145.105792, 44.097786], [145.106737, 44.094171], [145.114727, 44.090838], [145.115922, 44.091401], [145.115283, 44.090624], [145.116527, 44.090898], [145.116228, 44.090052], [145.116936, 44.089687], [145.11704, 44.08901], [145.118372, 44.088701], [145.120448, 44.087276], [145.124383, 44.083197], [145.128514, 44.081646], [145.12885, 44.080402], [145.128035, 44.079156], [145.12534, 44.077813], [145.125692, 44.077378], [145.124756, 44.076187], [145.122342, 44.075913]]}, "properties": {"route_id": "m002-r2", "mountain_no": 2, "mountain_name_ko": "라우스다케", "mountain_name_ja": "羅臼岳", "route_name_ja": "대표 등산로", "source": "way_graph", "distance_km": 6.48, "ascent_m": 1396, "elev_start_m": 230, "elev_end_m": 1626, "summit_elev_m": 1660, "trailhead_lat": 44.109687, "trailhead_lon": 145.090457, "summit_lat": 44.075913, "summit_lon": 145.122342, "point_count": 33, "score": 0, "is_primary": false}}, {"type": "Feature", "geometry": {"type": "LineString", "coordinates": [[145.167551, 44.127339], [145.169267, 44.124984], [145.170148, 44.124845], [145.170434, 44.12404], [145.171815, 44.123249], [145.171591, 44.121467], [145.167575, 44.119307], [145.167935, 44.118686], [145.166115, 44.117047], [145.166067, 44.115978], [145.164753, 44.115655], [145.160818, 44.112056], [145.156919, 44.112573], [145.155207, 44.111681], [145.149794, 44.112255], [145.14972, 44.111674], [145.148763, 44.111046], [145.150111, 44.109674], [145.149577, 44.108674], [145.149952, 44.107728], [145.147683, 44.105341], [145.146285, 44.105414], [145.143684, 44.103824], [145.14334, 44.102105], [145.145427, 44.101738], [145.144143, 44.09909], [145.141484, 44.097052], [145.141662, 44.095202], [145.139154, 44.093992], [145.138226, 44.092499], [145.138554, 44.092038], [145.137305, 44.090512], [145.136174, 44.089465], [145.134712, 44.088919], [145.132521, 44.086444], [145.131102, 44.085563], [145.130721, 44.084541], [145.128133, 44.082942], [145.12898, 44.08109], [145.128035, 44.079156], [145.12534, 44.077813], [145.125692, 44.077378], [145.124756, 44.076187], [145.122342, 44.075913]]}, "properties": {"route_id": "m002-r3", "mountain_no": 2, "mountain_name_ko": "라우스다케", "mountain_name_ja": "羅臼岳", "route_name_ja": "대표 등산로", "source": "way_graph", "distance_km": 9.02, "ascent_m": 798, "elev_start_m": 1474, "elev_end_m": 1626, "summit_elev_m": 1660, "trailhead_lat": 44.127339, "trailhead_lon": 145.167551, "summit_lat": 44.075913, "summit_lon": 145.122342, "point_count": 44, "score": 0, "is_primary": false}}, {"type": "Feature", "geometry": {"type": "LineString", "coordinates": [[144.715091, 43.801718], [144.715062, 43.802725], [144.713318, 43.802699], [144.712344, 43.801666], [144.711337, 43.801405], [144.710037, 43.799706], [144.708485, 43.799041], [144.708952, 43.801498], [144.706709, 43.802876], [144.703784, 43.802814], [144.701844, 43.801582], [144.704249, 43.800056], [144.701635, 43.800057], [144.699307, 43.799586], [144.698695, 43.798966], [144.700366, 43.797464], [144.699692, 43.794393], [144.700615, 43.793605], [144.700858, 43.791554], [144.702088, 43.790208], [144.702297, 43.788166], [144.703809, 43.786795], [144.705117, 43.786315], [144.70597, 43.782166], [144.707124, 43.780846], [144.709683, 43.774619], [144.712775, 43.770895], [144.713833, 43.767542], [144.717942, 43.765511]]}, "properties": {"route_id": "m003-r0", "mountain_no": 3, "mountain_name_ko": "샤리다케", "mountain_name_ja": "斜里岳", "route_name_ja": "대표 등산로", "source": "way_graph", "distance_km": 6.99, "ascent_m": 1107, "elev_start_m": 440, "elev_end_m": 1514, "summit_elev_m": 1547, "trailhead_lat": 43.801718, "trailhead_lon": 144.715091, "summit_lat": 43.765511, "summit_lon": 144.717942, "point_count": 29, "score": 0, "is_primary": true}}, {"type": "Feature", "geometry": {"type": "LineString", "coordinates": [[144.693216, 43.808921], [144.692557, 43.806722], [144.693641, 43.80341], [144.691167, 43.800643], [144.68923, 43.797382], [144.691035, 43.796407], [144.692133, 43.79454], [144.693643, 43.79498], [144.693681, 43.795912], [144.695249, 43.79724], [144.698047, 43.798321], [144.698695, 43.798966], [144.700271, 43.797635], [144.700461, 43.796338], [144.699692, 43.794393], [144.700615, 43.793605], [144.700858, 43.791554], [144.702088, 43.790208], [144.702313, 43.788133], [144.703809, 43.786795], [144.705117, 43.786315], [144.70597, 43.782166], [144.707124, 43.780846], [144.709683, 43.774619], [144.712775, 43.770895], [144.713833, 43.767542], [144.717942, 43.765511]]}, "properties": {"route_id": "m003-r1", "mountain_no": 3, "mountain_name_ko": "샤리다케", "mountain_name_ja": "斜里岳", "route_name_ja": "대표 등산로", "source": "way_graph", "distance_km": 7.01, "ascent_m": 1196, "elev_start_m": 325, "elev_end_m": 1514, "summit_elev_m": 1547, "trailhead_lat": 43.808921, "trailhead_lon": 144.693216, "summit_lat": 43.765511, "summit_lon": 144.717942, "point_count": 27, "score": 0, "is_primary": false}}, {"type": "Feature", "geometry": {"type": "LineString", "coordinates": [[144.786164, 43.74497], [144.788908, 43.747113], [144.783283, 43.747634], [144.777719, 43.748892], [144.775788, 43.750382], [144.774659, 43.75056], [144.774595, 43.751516], [144.768345, 43.750958], [144.762164, 43.755385], [144.759012, 43.756619], [144.756216, 43.756765], [144.752298, 43.757827], [144.746309, 43.760529], [144.737541, 43.760567], [144.732394, 43.761059], [144.728399, 43.762457], [144.727449, 43.761802], [144.725785, 43.76148], [144.722905, 43.761522], [144.718164, 43.763492], [144.717942, 43.765511]]}, "properties": {"route_id": "m003-r2", "mountain_no": 3, "mountain_name_ko": "샤리다케", "mountain_name_ja": "斜里岳", "route_name_ja": "대표 등산로", "source": "way_graph", "distance_km": 7.01, "ascent_m": 1060, "elev_start_m": 509, "elev_end_m": 1507, "summit_elev_m": 1547, "trailhead_lat": 43.74497, "trailhead_lon": 144.786164, "summit_lat": 43.765511, "summit_lon": 144.717942, "point_count": 21, "score": 0, "is_primary": false}}, {"type": "Feature", "geometry": {"type": "LineString", "coordinates": [[144.796069, 43.756448], [144.793979, 43.75621], [144.792335, 43.75144], [144.789445, 43.747533], [144.788908, 43.747113], [144.78498, 43.747421], [144.777719, 43.748892], [144.775788, 43.750382], [144.774659, 43.75056], [144.774595, 43.751516], [144.768245, 43.75099], [144.762164, 43.755385], [144.759012, 43.756619], [144.756216, 43.756765], [144.752298, 43.757827], [144.746127, 43.760581], [144.737541, 43.760567], [144.732394, 43.761059], [144.728399, 43.762457], [144.727449, 43.761802], [144.725785, 43.76148], [144.722905, 43.761522], [144.718164, 43.763492], [144.717942, 43.765511]]}, "properties": {"route_id": "m003-r3", "mountain_no": 3, "mountain_name_ko": "샤리다케", "mountain_name_ja": "斜里岳", "route_name_ja": "대표 등산로", "source": "way_graph", "distance_km": 7.96, "ascent_m": 1085, "elev_start_m": 483, "elev_end_m": 1507, "summit_elev_m": 1547, "trailhead_lat": 43.756448, "trailhead_lon": 144.796069, "summit_lat": 43.765511, "summit_lon": 144.717942, "point_count": 24, "score": 0, "is_primary": false}}, {"type": "Feature", "geometry": {"type": "LineString", "coordinates": [[144.060376, 43.415636], [144.060073, 43.413741], [144.061264, 43.410447], [144.062546, 43.408652], [144.062962, 43.404344], [144.062164, 43.402726], [144.058816, 43.400992], [144.056485, 43.398853], [144.054611, 43.398283], [144.051169, 43.398735], [144.049458, 43.398021], [144.04879, 43.396904], [144.044933, 43.395977], [144.041735, 43.396641], [144.036833, 43.395448], [144.036939, 43.39403], [144.036457, 43.39403], [144.035453, 43.392446], [144.032441, 43.392106], [144.029978, 43.390781], [144.026916, 43.389911], [144.024838, 43.390018], [144.021339, 43.388298], [144.019548, 43.386729], [144.014794, 43.385069], [144.013714, 43.384231], [144.012543, 43.38459], [144.01108, 43.385849], [144.008862, 43.386275]]}, "properties": {"route_id": "m004-r0", "mountain_no": 4, "mountain_name_ko": "메아칸다케", "mountain_name_ja": "阿寒岳", "route_name_ja": "대표 등산로", "source": "way_graph", "distance_km": 7.0, "ascent_m": 785, "elev_start_m": 691, "elev_end_m": 1476, "summit_elev_m": 1499, "trailhead_lat": 43.415636, "trailhead_lon": 144.060376, "summit_lat": 43.386275, "summit_lon": 144.008862, "point_count": 29, "score": 0, "is_primary": true}}, {"type": "Feature", "geometry": {"type": "LineString", "coordinates": [[144.075797, 43.404633], [144.073763, 43.404717], [144.073379, 43.40584], [144.072154, 43.406633], [144.069757, 43.406369], [144.068054, 43.405053], [144.065424, 43.404939], [144.064904, 43.403562], [144.062555, 43.403239], [144.058816, 43.400992], [144.05578, 43.398497], [144.054611, 43.398283], [144.051169, 43.398735], [144.049458, 43.398021], [144.049245, 43.397117], [144.047641, 43.396547], [144.044933, 43.395977], [144.041735, 43.396641], [144.036833, 43.395448], [144.036939, 43.39403], [144.036457, 43.39403], [144.035453, 43.392446], [144.032441, 43.392106], [144.029978, 43.390781], [144.026916, 43.389911], [144.024838, 43.390018], [144.021339, 43.388298], [144.019548, 43.386729], [144.014794, 43.385069], [144.013714, 43.384231], [144.012543, 43.38459], [144.01108, 43.385849], [144.008862, 43.386275]]}, "properties": {"route_id": "m004-r1", "mountain_no": 4, "mountain_name_ko": "메아칸다케", "mountain_name_ja": "阿寒岳", "route_name_ja": "대표 등산로", "source": "way_graph", "distance_km": 7.0, "ascent_m": 705, "elev_start_m": 802, "elev_end_m": 1476, "summit_elev_m": 1499, "trailhead_lat": 43.404633, "trailhead_lon": 144.075797, "summit_lat": 43.386275, "summit_lon": 144.008862, "point_count": 33, "score": 0, "is_primary": false}}, {"type": "Feature", "geometry": {"type": "LineString", "coordinates": [[144.084359, 43.416678], [144.084362, 43.415348], [144.082363, 43.414155], [144.081661, 43.414204], [144.081574, 43.413185], [144.079971, 43.412734], [144.079575, 43.41165], [144.078296, 43.411602], [144.077397, 43.412492], [144.075222, 43.41224], [144.074451, 43.40782], [144.071761, 43.406408], [144.069619, 43.406318], [144.068054, 43.405053], [144.065424, 43.404939], [144.064904, 43.403562], [144.062555, 43.403239], [144.058816, 43.400992], [144.05578, 43.398497], [144.054611, 43.398283], [144.051169, 43.398735], [144.049458, 43.398021], [144.049245, 43.397117], [144.047641, 43.396547], [144.044933, 43.395977], [144.041735, 43.396641], [144.036833, 43.395448], [144.036939, 43.39403], [144.036457, 43.39403], [144.035453, 43.392446], [144.032441, 43.392106], [144.029978, 43.390781], [144.026916, 43.389911], [144.024838, 43.390018], [144.021339, 43.388298], [144.019548, 43.386729], [144.014794, 43.385069], [144.013714, 43.384231], [144.012543, 43.38459], [144.01108, 43.385849], [144.008862, 43.386275]]}, "properties": {"route_id": "m004-r2", "mountain_no": 4, "mountain_name_ko": "메아칸다케", "mountain_name_ja": "阿寒岳", "route_name_ja": "대표 등산로", "source": "way_graph", "distance_km": 8.56, "ascent_m": 901, "elev_start_m": 635, "elev_end_m": 1476, "summit_elev_m": 1499, "trailhead_lat": 43.416678, "trailhead_lon": 144.084359, "summit_lat": 43.386275, "summit_lon": 144.008862, "point_count": 41, "score": 0, "is_primary": false}}, {"type": "Feature", "geometry": {"type": "LineString", "coordinates": [[144.094382, 43.40444], [144.091915, 43.404431], [144.089775, 43.406414], [144.08775, 43.406817], [144.086341, 43.406197], [144.081092, 43.405499], [144.076928, 43.406783], [144.076465, 43.407851], [144.075567, 43.408073], [144.073821, 43.407652], [144.071761, 43.406408], [144.069619, 43.406318], [144.068054, 43.405053], [144.065424, 43.404939], [144.064904, 43.403562], [144.062555, 43.403239], [144.058816, 43.400992], [144.05578, 43.398497], [144.054611, 43.398283], [144.051169, 43.398735], [144.049458, 43.398021], [144.049245, 43.397117], [144.047641, 43.396547], [144.044933, 43.395977], [144.041735, 43.396641], [144.036833, 43.395448], [144.036939, 43.39403], [144.036457, 43.39403], [144.035453, 43.392446], [144.032441, 43.392106], [144.029978, 43.390781], [144.026916, 43.389911], [144.024838, 43.390018], [144.021339, 43.388298], [144.019548, 43.386729], [144.014794, 43.385069], [144.013714, 43.384231], [144.012543, 43.38459], [144.01108, 43.385849], [144.008862, 43.386275]]}, "properties": {"route_id": "m004-r3", "mountain_no": 4, "mountain_name_ko": "메아칸다케", "mountain_name_ja": "阿寒岳", "route_name_ja": "대표 등산로", "source": "way_graph", "distance_km": 8.71, "ascent_m": 838, "elev_start_m": 669, "elev_end_m": 1476, "summit_elev_m": 1499, "trailhead_lat": 43.40444, "trailhead_lon": 144.094382, "summit_lat": 43.386275, "summit_lon": 144.008862, "point_count": 40, "score": 0, "is_primary": false}}, {"type": "Feature", "geometry": {"type": "LineString", "coordinates": [[142.828837, 43.688413], [142.830215, 43.688893], [142.831235, 43.68725], [142.834186, 43.686049], [142.834588, 43.685571], [142.833526, 43.685247], [142.83382, 43.684746], [142.840235, 43.682779], [142.843874, 43.677599], [142.845382, 43.676536], [142.842777, 43.675438], [142.842611, 43.674315], [142.839511, 43.673734], [142.838631, 43.673024], [142.838842, 43.672096], [142.835994, 43.670402], [142.833604, 43.668195], [142.83364, 43.666775], [142.82863, 43.664831], [142.828204, 43.664259], [142.831906, 43.663104], [142.832929, 43.662406], [142.832805, 43.661084], [142.834253, 43.660549], [142.838199, 43.661178], [142.850649, 43.661503]]}, "properties": {"route_id": "m005-r0", "mountain_no": 5, "mountain_name_ko": "다이세쓰산", "mountain_name_ja": "大雪山", "route_name_ja": "대표 등산로", "source": "way_graph", "distance_km": 7.0, "ascent_m": 645, "elev_start_m": 1649, "elev_end_m": 2098, "summit_elev_m": 2291, "trailhead_lat": 43.688413, "trailhead_lon": 142.828837, "summit_lat": 43.661503, "summit_lon": 142.850649, "point_count": 26, "score": 0, "is_primary": true}}, {"type": "Feature", "geometry": {"type": "LineString", "coordinates": [[142.910469, 43.690917], [142.910323, 43.690102], [142.908557, 43.688463], [142.909158, 43.688002], [142.908096, 43.686894], [142.907699, 43.685567], [142.905619, 43.684691], [142.905798, 43.684095], [142.903892, 43.682248], [142.903538, 43.679646], [142.899508, 43.677503], [142.895875, 43.676527], [142.891668, 43.673186], [142.889344, 43.672171], [142.881529, 43.671018], [142.879138, 43.670273], [142.875097, 43.670785], [142.872743, 43.671968], [142.866299, 43.668629], [142.865652, 43.667539], [142.861009, 43.663725], [142.855486, 43.663059], [142.854103, 43.66358], [142.853701, 43.661681], [142.850649, 43.661503]]}, "properties": {"route_id": "m005-r1", "mountain_no": 5, "mountain_name_ko": "다이세쓰산", "mountain_name_ja": "大雪山", "route_name_ja": "대표 등산로", "source": "way_graph", "distance_km": 7.0, "ascent_m": 605, "elev_start_m": 1842, "elev_end_m": 2113, "summit_elev_m": 2291, "trailhead_lat": 43.690917, "trailhead_lon": 142.910469, "summit_lat": 43.661503, "summit_lon": 142.850649, "point_count": 25, "score": 0, "is_primary": false}}, {"type": "Feature", "geometry": {"type": "LineString", "coordinates": [[142.794499, 43.64376], [142.794896, 43.645458], [142.796232, 43.645419], [142.796731, 43.646343], [142.796211, 43.647675], [142.796506, 43.648698], [142.795224, 43.648924], [142.798625, 43.650953], [142.798383, 43.652504], [142.79886, 43.652674], [142.802857, 43.652053], [142.803348, 43.651838], [142.80313, 43.65129], [142.805518, 43.651477], [142.809371, 43.649358], [142.81125, 43.649176], [142.814819, 43.650599], [142.815489, 43.652094], [142.817778, 43.653407], [142.820771, 43.653788], [142.820774, 43.654228], [142.821502, 43.654004], [142.821613, 43.654742], [142.822575, 43.654762], [142.822452, 43.655236], [142.823428, 43.655322], [142.824231, 43.656101], [142.825408, 43.656059], [142.82499, 43.657112], [142.826283, 43.65944], [142.826592, 43.661211], [142.831499, 43.66149], [142.834253, 43.660549], [142.838199, 43.661178], [142.850649, 43.661503]]}, "properties": {"route_id": "m005-r2", "mountain_no": 5, "mountain_name_ko": "다이세쓰산", "mountain_name_ja": "大雪山", "route_name_ja": "대표 등산로", "source": "way_graph", "distance_km": 7.0, "ascent_m": 1037, "elev_start_m": 1082, "elev_end_m": 2098, "summit_elev_m": 2291, "trailhead_lat": 43.64376, "trailhead_lon": 142.794499, "summit_lat": 43.661503, "summit_lon": 142.850649, "point_count": 35, "score": 0, "is_primary": false}}, {"type": "Feature", "geometry": {"type": "LineString", "coordinates": [[142.864889, 43.698513], [142.8673, 43.698233], [142.869009, 43.697186], [142.871351, 43.697077], [142.872545, 43.696482], [142.87885, 43.697166], [142.880886, 43.695773], [142.88083, 43.69373], [142.879854, 43.692801], [142.88099, 43.689746], [142.876005, 43.685819], [142.874596, 43.682165], [142.871922, 43.679224], [142.871244, 43.674804], [142.872672, 43.671801], [142.866299, 43.668629], [142.865652, 43.667539], [142.861009, 43.663725], [142.855486, 43.663059], [142.854103, 43.66358], [142.853701, 43.661681], [142.850649, 43.661503]]}, "properties": {"route_id": "m005-r3", "mountain_no": 5, "mountain_name_ko": "다이세쓰산", "mountain_name_ja": "大雪山", "route_name_ja": "대표 등산로", "source": "way_graph", "distance_km": 7.0, "ascent_m": 523, "elev_start_m": 2137, "elev_end_m": 2113, "summit_elev_m": 2291, "trailhead_lat": 43.698513, "trailhead_lon": 142.864889, "summit_lat": 43.661503, "summit_lon": 142.850649, "point_count": 22, "score": 0, "is_primary": false}}, {"type": "Feature", "geometry": {"type": "LineString", "coordinates": [[142.846414, 43.57585], [142.848237, 43.574553], [142.851366, 43.574029], [142.852302, 43.572346], [142.853408, 43.571868], [142.853386, 43.570345], [142.856505, 43.567058], [142.859481, 43.565429], [142.861436, 43.565306], [142.861197, 43.564265], [142.861997, 43.562554], [142.861011, 43.560546], [142.86078, 43.558307], [142.857859, 43.555984], [142.856396, 43.55579], [142.85442, 43.554287], [142.853947, 43.553604], [142.854724, 43.552397], [142.854479, 43.551277], [142.852827, 43.550082], [142.852251, 43.547964], [142.851329, 43.547666], [142.851403, 43.546658], [142.852917, 43.545215], [142.851701, 43.544443], [142.851351, 43.54365], [142.852488, 43.541733], [142.853059, 43.538801], [142.85291, 43.538273], [142.851801, 43.537747], [142.852316, 43.536118], [142.851439, 43.533395], [142.852125, 43.532433], [142.851913, 43.531474], [142.850706, 43.529753], [142.848983, 43.52873], [142.848783, 43.527213]]}, "properties": {"route_id": "m006-r0", "mountain_no": 6, "mountain_name_ko": "도무라우시산", "mountain_name_ja": "トムラウシ", "route_name_ja": "대표 등산로", "source": "way_graph", "distance_km": 7.0, "ascent_m": 440, "elev_start_m": 1922, "elev_end_m": 2126, "summit_elev_m": 2141, "trailhead_lat": 43.57585, "trailhead_lon": 142.846414, "summit_lat": 43.527213, "summit_lon": 142.848783, "point_count": 37, "score": 0, "is_primary": true}}, {"type": "Feature", "geometry": {"type": "LineString", "coordinates": [[142.873806, 43.492847], [142.872513, 43.493754], [142.871428, 43.493765], [142.869338, 43.495928], [142.868357, 43.495863], [142.866107, 43.494629], [142.85959, 43.494482], [142.857804, 43.497188], [142.855379, 43.498347], [142.854335, 43.498263], [142.852694, 43.498877], [142.851299, 43.499853], [142.848474, 43.503547], [142.849779, 43.503721], [142.850983, 43.504924], [142.847803, 43.506222], [142.847421, 43.506751], [142.8476, 43.509873], [142.848055, 43.510591], [142.849133, 43.510433], [142.851176, 43.511931], [142.851345, 43.512659], [142.850308, 43.514132], [142.84938, 43.514605], [142.850457, 43.515985], [142.851396, 43.516405], [142.849009, 43.5173], [142.848354, 43.520174], [142.846435, 43.521875], [142.844963, 43.524523], [142.845271, 43.525085], [142.847402, 43.525087], [142.848783, 43.527213]]}, "properties": {"route_id": "m006-r1", "mountain_no": 6, "mountain_name_ko": "도무라우시산", "mountain_name_ja": "トムラウシ", "route_name_ja": "대표 등산로", "source": "way_graph", "distance_km": 7.0, "ascent_m": 1053, "elev_start_m": 1188, "elev_end_m": 2125, "summit_elev_m": 2141, "trailhead_lat": 43.492847, "trailhead_lon": 142.873806, "summit_lat": 43.527213, "summit_lon": 142.848783, "point_count": 33, "score": 0, "is_primary": false}}, {"type": "Feature", "geometry": {"type": "LineString", "coordinates": [[142.806843, 43.511017], [142.810399, 43.513045], [142.813349, 43.513888], [142.814871, 43.517334], [142.813759, 43.519765], [142.814147, 43.521586], [142.813738, 43.523148], [142.811433, 43.525722], [142.80827, 43.526384], [142.808103, 43.527165], [142.807194, 43.527709], [142.807547, 43.528799], [142.809634, 43.530089], [142.811947, 43.530671], [142.816918, 43.530751], [142.819059, 43.528845], [142.820385, 43.528797], [142.82152, 43.527832], [142.822457, 43.527859], [142.823427, 43.526707], [142.825704, 43.526756], [142.826627, 43.525454], [142.828719, 43.525232], [142.828767, 43.524235], [142.830319, 43.523496], [142.831325, 43.523948], [142.837772, 43.523173], [142.842042, 43.523753], [142.843723, 43.524197], [142.844445, 43.525158], [142.847344, 43.525051], [142.848783, 43.527213]]}, "properties": {"route_id": "m006-r2", "mountain_no": 6, "mountain_name_ko": "도무라우시산", "mountain_name_ja": "トムラウシ", "route_name_ja": "대표 등산로", "source": "way_graph", "distance_km": 7.0, "ascent_m": 667, "elev_start_m": 1624, "elev_end_m": 2125, "summit_elev_m": 2141, "trailhead_lat": 43.511017, "trailhead_lon": 142.806843, "summit_lat": 43.527213, "summit_lon": 142.848783, "point_count": 32, "score": 0, "is_primary": false}}, {"type": "Feature", "geometry": {"type": "LineString", "coordinates": [[142.885732, 43.565738], [142.885045, 43.565529], [142.87938, 43.566849], [142.875398, 43.564361], [142.870731, 43.564685], [142.866262, 43.563442], [142.862966, 43.563294], [142.861955, 43.562877], [142.86078, 43.558307], [142.857859, 43.555984], [142.856396, 43.55579], [142.85442, 43.554287], [142.853947, 43.553604], [142.854724, 43.552397], [142.854479, 43.551277], [142.852827, 43.550082], [142.852251, 43.547964], [142.851329, 43.547666], [142.851403, 43.546658], [142.852917, 43.545215], [142.851701, 43.544443], [142.851351, 43.54365], [142.852488, 43.541733], [142.853059, 43.538801], [142.85291, 43.538273], [142.851801, 43.537747], [142.852316, 43.536118], [142.851439, 43.533395], [142.852125, 43.532433], [142.851913, 43.531474], [142.850706, 43.529753], [142.848983, 43.52873], [142.848783, 43.527213]]}, "properties": {"route_id": "m006-r3", "mountain_no": 6, "mountain_name_ko": "도무라우시산", "mountain_name_ja": "トムラウシ", "route_name_ja": "대표 등산로", "source": "way_graph", "distance_km": 7.0, "ascent_m": 440, "elev_start_m": 1873, "elev_end_m": 2126, "summit_elev_m": 2141, "trailhead_lat": 43.565738, "trailhead_lon": 142.885732, "summit_lat": 43.527213, "summit_lon": 142.848783, "point_count": 33, "score": 0, "is_primary": false}}, {"type": "Feature", "geometry": {"type": "LineString", "coordinates": [[142.730162, 43.459705], [142.728522, 43.456268], [142.727521, 43.455739], [142.725878, 43.453672], [142.724385, 43.453053], [142.723651, 43.453182], [142.722017, 43.45223], [142.721039, 43.450781], [142.718396, 43.449428], [142.716455, 43.447707], [142.712382, 43.44687], [142.712376, 43.445561], [142.711478, 43.444052], [142.711632, 43.441462], [142.710914, 43.440386], [142.711641, 43.439678], [142.711719, 43.438659], [142.712785, 43.438013], [142.712147, 43.436164], [142.712378, 43.434985], [142.710373, 43.43277], [142.705533, 43.430691], [142.70284, 43.428117], [142.703122, 43.427107], [142.702517, 43.426324], [142.69976, 43.424999], [142.699227, 43.42357], [142.697818, 43.423042], [142.697576, 43.422219], [142.696217, 43.422955], [142.695486, 43.422735], [142.692872, 43.421675], [142.688512, 43.417678], [142.68619, 43.417862]]}, "properties": {"route_id": "m007-r0", "mountain_no": 7, "mountain_name_ko": "도카치다케", "mountain_name_ja": "十勝岳", "route_name_ja": "대표 등산로", "source": "way_graph", "distance_km": 7.0, "ascent_m": 625, "elev_start_m": 1793, "elev_end_m": 2054, "summit_elev_m": 2077, "trailhead_lat": 43.459705, "trailhead_lon": 142.730162, "summit_lat": 43.417862, "summit_lon": 142.68619, "point_count": 34, "score": 0, "is_primary": true}}, {"type": "Feature", "geometry": {"type": "LineString", "coordinates": [[142.636815, 43.423737], [142.63761, 43.42749], [142.638899, 43.429487], [142.640303, 43.430525], [142.642074, 43.430623], [142.643381, 43.43174], [142.643854, 43.431582], [142.646973, 43.433118], [142.651369, 43.433418], [142.653316, 43.435788], [142.652969, 43.437112], [142.654616, 43.437791], [142.656177, 43.437035], [142.659025, 43.438511], [142.662474, 43.435318], [142.663472, 43.434888], [142.664943, 43.434999], [142.668249, 43.432705], [142.668985, 43.433292], [142.672466, 43.433056], [142.677744, 43.429905], [142.679745, 43.429605], [142.682799, 43.428095], [142.685232, 43.424326], [142.684872, 43.422112], [142.68364, 43.420183], [142.68619, 43.417862]]}, "properties": {"route_id": "m007-r1", "mountain_no": 7, "mountain_name_ko": "도카치다케", "mountain_name_ja": "十勝岳", "route_name_ja": "대표 등산로", "source": "way_graph", "distance_km": 7.0, "ascent_m": 1053, "elev_start_m": 1106, "elev_end_m": 2055, "summit_elev_m": 2077, "trailhead_lat": 43.423737, "trailhead_lon": 142.636815, "summit_lat": 43.417862, "summit_lon": 142.68619, "point_count": 27, "score": 0, "is_primary": false}}, {"type": "Feature", "geometry": {"type": "LineString", "coordinates": [[142.665308, 43.413719], [142.661482, 43.41327], [142.659653, 43.413524], [142.656826, 43.414855], [142.655172, 43.414689], [142.654976, 43.413911], [142.652008, 43.412364], [142.651404, 43.411533], [142.657817, 43.409547], [142.655466, 43.408442], [142.653319, 43.408047], [142.653131, 43.406736], [142.654129, 43.405829], [142.654605, 43.40528], [142.655704, 43.405144], [142.657681, 43.405488], [142.659287, 43.405409], [142.659282, 43.404913], [142.66144, 43.40519], [142.662472, 43.404179], [142.664167, 43.403781], [142.667095, 43.404091], [142.667936, 43.402672], [142.670949, 43.403489], [142.672484, 43.403278], [142.675234, 43.405914], [142.675244, 43.407035], [142.674713, 43.407403], [142.676096, 43.410568], [142.675789, 43.411671], [142.680991, 43.415878], [142.684993, 43.416991], [142.68619, 43.417862]]}, "properties": {"route_id": "m007-r2", "mountain_no": 7, "mountain_name_ko": "도카치다케", "mountain_name_ja": "十勝岳", "route_name_ja": "대표 등산로", "source": "way_graph", "distance_km": 7.01, "ascent_m": 782, "elev_start_m": 1722, "elev_end_m": 2054, "summit_elev_m": 2077, "trailhead_lat": 43.413719, "trailhead_lon": 142.665308, "summit_lat": 43.417862, "summit_lon": 142.68619, "point_count": 33, "score": 0, "is_primary": false}}, {"type": "Feature", "geometry": {"type": "LineString", "coordinates": [[142.757342, 43.402326], [142.75606, 43.403482], [142.751866, 43.403429], [142.745009, 43.40444], [142.742972, 43.403754], [142.739454, 43.403678], [142.736669, 43.402892], [142.729538, 43.402237], [142.72812, 43.403317], [142.725061, 43.403442], [142.722796, 43.405401], [142.7232, 43.405648], [142.72251, 43.40695], [142.720889, 43.408711], [142.71647, 43.410983], [142.715829, 43.411768], [142.712147, 43.412814], [142.711764, 43.414532], [142.708079, 43.414501], [142.704826, 43.415471], [142.702614, 43.415052], [142.695929, 43.417352], [142.691916, 43.417921], [142.690422, 43.419147], [142.688512, 43.417678], [142.68619, 43.417862]]}, "properties": {"route_id": "m007-r3", "mountain_no": 7, "mountain_name_ko": "도카치다케", "mountain_name_ja": "十勝岳", "route_name_ja": "대표 등산로", "source": "way_graph", "distance_km": 7.01, "ascent_m": 1128, "elev_start_m": 929, "elev_end_m": 2054, "summit_elev_m": 2077, "trailhead_lat": 43.402326, "trailhead_lon": 142.757342, "summit_lat": 43.417862, "summit_lon": 142.68619, "point_count": 26, "score": 0, "is_primary": false}}, {"type": "Feature", "geometry": {"type": "LineString", "coordinates": [[142.702504, 42.768783], [142.697675, 42.767396], [142.697774, 42.764364], [142.693815, 42.761694], [142.69349, 42.759795], [142.69078, 42.756547], [142.690597, 42.754044], [142.689367, 42.752384], [142.686829, 42.750375], [142.686578, 42.747921], [142.687698, 42.743536], [142.68962, 42.74123], [142.692198, 42.739199], [142.694964, 42.738689], [142.692534, 42.735052], [142.691627, 42.732171], [142.692039, 42.726089], [142.689999, 42.725379], [142.686858, 42.7226], [142.684208, 42.721777], [142.682802, 42.719382]]}, "properties": {"route_id": "m008-r0", "mountain_no": 8, "mountain_name_ko": "호로시리다케", "mountain_name_ja": "幌尻岳", "route_name_ja": "대표 등산로", "source": "way_graph", "distance_km": 6.99, "ascent_m": 631, "elev_start_m": 1882, "elev_end_m": 2037, "summit_elev_m": 2052, "trailhead_lat": 42.768783, "trailhead_lon": 142.702504, "summit_lat": 42.719382, "summit_lon": 142.682802, "point_count": 21, "score": 0, "is_primary": true}}, {"type": "Feature", "geometry": {"type": "LineString", "coordinates": [[142.661824, 42.758984], [142.663768, 42.757888], [142.663664, 42.757304], [142.665493, 42.755599], [142.667889, 42.754717], [142.668224, 42.752665], [142.67027, 42.751497], [142.672951, 42.751078], [142.675081, 42.751475], [142.678455, 42.750673], [142.680873, 42.751061], [142.682986, 42.750606], [142.686768, 42.750595], [142.686578, 42.747921], [142.687698, 42.743536], [142.68962, 42.74123], [142.692198, 42.739199], [142.694964, 42.738689], [142.692534, 42.735052], [142.691627, 42.732171], [142.692039, 42.726089], [142.689999, 42.725379], [142.686858, 42.7226], [142.684208, 42.721777], [142.682802, 42.719382]]}, "properties": {"route_id": "m008-r1", "mountain_no": 8, "mountain_name_ko": "호로시리다케", "mountain_name_ja": "幌尻岳", "route_name_ja": "대표 등산로", "source": "way_graph", "distance_km": 6.99, "ascent_m": 1336, "elev_start_m": 1052, "elev_end_m": 2037, "summit_elev_m": 2052, "trailhead_lat": 42.758984, "trailhead_lon": 142.661824, "summit_lat": 42.719382, "summit_lon": 142.682802, "point_count": 25, "score": 0, "is_primary": false}}, {"type": "Feature", "geometry": {"type": "LineString", "coordinates": [[142.66822, 42.675154], [142.669759, 42.673931], [142.67026, 42.674339], [142.672253, 42.674439], [142.675088, 42.67382], [142.678545, 42.674909], [142.678544, 42.675616], [142.68089, 42.675501], [142.681078, 42.67682], [142.683356, 42.680073], [142.684155, 42.68445], [142.685634, 42.685648], [142.685559, 42.689583], [142.684393, 42.690882], [142.683682, 42.693219], [142.680063, 42.697343], [142.679562, 42.699576], [142.67755, 42.701698], [142.677395, 42.703389], [142.676266, 42.704847], [142.675881, 42.706829], [142.677094, 42.711039], [142.678789, 42.713916], [142.678065, 42.715704], [142.678784, 42.715858], [142.680563, 42.717606], [142.680932, 42.718677], [142.682802, 42.719382]]}, "properties": {"route_id": "m008-r2", "mountain_no": 8, "mountain_name_ko": "호로시리다케", "mountain_name_ja": "幌尻岳", "route_name_ja": "대표 등산로", "source": "way_graph", "distance_km": 7.01, "ascent_m": 1384, "elev_start_m": 710, "elev_end_m": 2038, "summit_elev_m": 2052, "trailhead_lat": 42.675154, "trailhead_lon": 142.66822, "summit_lat": 42.719382, "summit_lon": 142.682802, "point_count": 28, "score": 0, "is_primary": false}}, {"type": "Feature", "geometry": {"type": "LineString", "coordinates": [[142.719207, 42.775754], [142.714832, 42.775056], [142.712075, 42.774262], [142.708494, 42.772389], [142.706577, 42.772315], [142.702287, 42.768606], [142.697766, 42.767452], [142.697774, 42.764364], [142.693815, 42.761694], [142.69349, 42.759795], [142.69078, 42.756547], [142.690597, 42.754044], [142.689367, 42.752384], [142.686919, 42.750502], [142.686593, 42.74894], [142.686867, 42.745772], [142.688202, 42.742874], [142.692198, 42.739199], [142.694964, 42.738689], [142.692534, 42.735052], [142.691627, 42.732171], [142.692075, 42.726191], [142.689999, 42.725379], [142.686858, 42.7226], [142.684208, 42.721777], [142.682802, 42.719382]]}, "properties": {"route_id": "m008-r3", "mountain_no": 8, "mountain_name_ko": "호로시리다케", "mountain_name_ja": "幌尻岳", "route_name_ja": "대표 등산로", "source": "way_graph", "distance_km": 8.66, "ascent_m": 784, "elev_start_m": 1841, "elev_end_m": 2037, "summit_elev_m": 2052, "trailhead_lat": 42.775754, "trailhead_lon": 142.719207, "summit_lat": 42.719382, "summit_lon": 142.682802, "point_count": 26, "score": 0, "is_primary": false}}, {"type": "Feature", "geometry": {"type": "LineString", "coordinates": [[140.786905, 42.79774], [140.787937, 42.797844], [140.7887263, 42.7993366], [140.791363, 42.801428], [140.7919839, 42.802833], [140.7959553, 42.8054156], [140.7938896, 42.805945], [140.792565, 42.804526], [140.7919839, 42.802833], [140.7969721, 42.8058305], [140.796873, 42.80915], [140.797818, 42.810162], [140.8008023, 42.8106457], [140.8001477, 42.8115821], [140.8010153, 42.8118242], [140.800431, 42.8124649], [140.8015384, 42.8128852], [140.8009309, 42.8134444], [140.8026973, 42.8142283], [140.8020207, 42.8146569], [140.8028555, 42.8151401], [140.8020748, 42.8155774], [140.8029213, 42.8157973], [140.802452, 42.8160272], [140.802893, 42.816141], [140.801265, 42.816781], [140.801671, 42.8172632], [140.8013403, 42.8181222], [140.802007, 42.817984], [140.8018208, 42.8184692], [140.802506, 42.818578], [140.8019602, 42.8202669], [140.802735, 42.8204533], [140.8016784, 42.8218319], [140.7985451, 42.8239956], [140.7981381, 42.8234455], [140.798404, 42.822977], [140.8004056, 42.8223942], [140.7985451, 42.8239956], [140.8000704, 42.8238515], [140.802234, 42.8255027], [140.802969, 42.825191], [140.8031838, 42.8258342]]}, "properties": {"route_id": "m009-r0", "mountain_no": 9, "mountain_name_ko": "요테이산", "mountain_name_ja": "後方羊蹄山", "route_name_ja": "真狩コース · Makkari trail", "source": "relation", "distance_km": 6.95, "ascent_m": 1480, "elev_start_m": 428, "elev_end_m": 1788, "summit_elev_m": 1898, "trailhead_lat": 42.79774, "trailhead_lon": 140.786905, "summit_lat": 42.8258342, "summit_lon": 140.8031838, "point_count": 43, "score": 31.964519284840385, "is_primary": true}}, {"type": "Feature", "geometry": {"type": "LineString", "coordinates": [[140.7597748, 42.8457615], [140.7630035, 42.8453665], [140.7648297, 42.8443261], [140.7737875, 42.8433541], [140.7726527, 42.8424815], [140.7734963, 42.8419782], [140.777396, 42.8414563], [140.7774514, 42.8411199], [140.7798841, 42.8410722], [140.7832598, 42.8398232], [140.7874193, 42.8380224], [140.7888442, 42.836172], [140.7930034, 42.8333182], [140.7936417, 42.8334843], [140.7936924, 42.8331058], [140.7971832, 42.8318838], [140.7984598, 42.8308111], [140.8023915, 42.8306842], [140.8022988, 42.8285105]]}, "properties": {"route_id": "m009-r1", "mountain_no": 9, "mountain_name_ko": "요테이산", "mountain_name_ja": "後方羊蹄山", "route_name_ja": "倶知安コース · Kutchan trail", "source": "relation", "distance_km": 4.78, "ascent_m": 1451, "elev_start_m": 371, "elev_end_m": 1822, "summit_elev_m": 1898, "trailhead_lat": 42.8457615, "trailhead_lon": 140.7597748, "summit_lat": 42.8285105, "summit_lon": 140.8022988, "point_count": 19, "score": 31.369921259220906, "is_primary": false}}, {"type": "Feature", "geometry": {"type": "LineString", "coordinates": [[140.851104, 42.813324], [140.856417, 42.8102455], [140.841316, 42.818805], [140.834378, 42.819904], [140.829703, 42.819868], [140.824888, 42.82083], [140.822157, 42.82237], [140.8210476, 42.8236596], [140.819951, 42.8236331], [140.8192995, 42.8242606], [140.817361, 42.824448], [140.8114529, 42.8264171]]}, "properties": {"route_id": "m009-r2", "mountain_no": 9, "mountain_name_ko": "요테이산", "mountain_name_ja": "後方羊蹄山", "route_name_ja": "喜茂別コース · Kimobetsu trail", "source": "relation", "distance_km": 5.08, "ascent_m": 1501, "elev_start_m": 417, "elev_end_m": 1870, "summit_elev_m": 1898, "trailhead_lat": 42.813324, "trailhead_lon": 140.851104, "summit_lat": 42.8264171, "summit_lon": 140.8114529, "point_count": 12, "score": 30.77429125037073, "is_primary": false}}, {"type": "Feature", "geometry": {"type": "LineString", "coordinates": [[140.8482858, 42.8438162], [140.8438159, 42.8425084], [140.8388026, 42.8397838], [140.8357707, 42.8396901], [140.8242069, 42.8357713], [140.8224027, 42.8344894], [140.819928, 42.8337521], [140.8164827, 42.8317998], [140.8137323, 42.830805], [140.8135125, 42.8301875], [140.8129199, 42.8302839], [140.8109362, 42.8288002]]}, "properties": {"route_id": "m009-r3", "mountain_no": 9, "mountain_name_ko": "요테이산", "mountain_name_ja": "後方羊蹄山", "route_name_ja": "京極コース · Kyōgoku trail", "source": "relation", "distance_km": 3.61, "ascent_m": 1370, "elev_start_m": 487, "elev_end_m": 1857, "summit_elev_m": 1898, "trailhead_lat": 42.8438162, "trailhead_lon": 140.8482858, "summit_lat": 42.8288002, "summit_lon": 140.8109362, "point_count": 12, "score": 23.897501229663774, "is_primary": false}}, {"type": "Feature", "geometry": {"type": "LineString", "coordinates": [[140.343005, 40.636795], [140.343574, 40.636111], [140.349601, 40.633672], [140.345639, 40.631434], [140.344632, 40.631631], [140.342897, 40.630747], [140.341914, 40.630719], [140.341288, 40.630004], [140.337854, 40.629643], [140.337396, 40.628804], [140.336532, 40.628973], [140.336096, 40.628174], [140.335557, 40.629007], [140.332521, 40.63015], [140.333496, 40.631418], [140.330726, 40.631466], [140.332049, 40.633434], [140.330612, 40.633709], [140.32972, 40.634923], [140.32803, 40.635424], [140.326569, 40.636787], [140.325774, 40.636826], [140.32368, 40.638278], [140.323445, 40.639167], [140.322218, 40.639502], [140.322707, 40.640378], [140.321423, 40.640254], [140.321787, 40.640745], [140.32067, 40.64079], [140.320923, 40.641477], [140.319959, 40.64171], [140.319889, 40.642172], [140.31684, 40.642282], [140.313297, 40.64503], [140.309564, 40.646943], [140.309117, 40.647363], [140.309999, 40.647982], [140.309125, 40.648402], [140.309073, 40.649033], [140.305371, 40.651413]]}, "properties": {"route_id": "m010-r0", "mountain_no": 10, "mountain_name_ko": "이와키산", "mountain_name_ja": "岩木山", "route_name_ja": "대표 등산로", "source": "way_graph", "distance_km": 7.0, "ascent_m": 1040, "elev_start_m": 341, "elev_end_m": 1315, "summit_elev_m": 1625, "trailhead_lat": 40.636795, "trailhead_lon": 140.343005, "summit_lat": 40.651413, "summit_lon": 140.305371, "point_count": 40, "score": 0, "is_primary": true}}, {"type": "Feature", "geometry": {"type": "LineString", "coordinates": [[140.326, 40.691881], [140.325291, 40.691617], [140.324418, 40.692453], [140.324817, 40.691707], [140.32422, 40.691475], [140.324299, 40.691054], [140.322414, 40.690254], [140.323745, 40.689291], [140.321867, 40.688796], [140.322163, 40.688261], [140.321341, 40.687816], [140.322266, 40.687157], [140.321231, 40.684708], [140.322608, 40.684248], [140.3227, 40.683675], [140.324611, 40.684764], [140.32421, 40.683301], [140.320463, 40.678164], [140.321454, 40.675468], [140.321215, 40.674316], [140.319244, 40.672374], [140.313756, 40.669342], [140.31138, 40.667063], [140.308156, 40.662899], [140.306767, 40.662384], [140.30775, 40.658728], [140.30743, 40.657956], [140.306435, 40.657442], [140.30446, 40.65733], [140.30216, 40.655334], [140.3022, 40.654619], [140.301118, 40.654066], [140.301366, 40.653027], [140.305371, 40.651413]]}, "properties": {"route_id": "m010-r1", "mountain_no": 10, "mountain_name_ko": "이와키산", "mountain_name_ja": "岩木山", "route_name_ja": "대표 등산로", "source": "way_graph", "distance_km": 7.01, "ascent_m": 1224, "elev_start_m": 387, "elev_end_m": 1328, "summit_elev_m": 1625, "trailhead_lat": 40.691881, "trailhead_lon": 140.326, "summit_lat": 40.651413, "summit_lon": 140.305371, "point_count": 34, "score": 0, "is_primary": false}}, {"type": "Feature", "geometry": {"type": "LineString", "coordinates": [[140.276452, 40.683912], [140.277842, 40.684059], [140.27972, 40.685399], [140.280912, 40.684684], [140.281304, 40.686593], [140.284852, 40.687739], [140.285799, 40.687612], [140.286088, 40.688834], [140.286737, 40.689166], [140.286487, 40.689622], [140.287573, 40.689588], [140.287833, 40.685518], [140.286428, 40.683474], [140.287278, 40.682652], [140.288077, 40.680556], [140.287633, 40.680472], [140.286856, 40.678136], [140.285608, 40.677516], [140.286384, 40.674397], [140.286345, 40.671317], [140.288003, 40.669341], [140.287303, 40.668129], [140.290385, 40.667452], [140.292046, 40.666391], [140.295996, 40.662233], [140.299501, 40.65732], [140.300941, 40.656728], [140.30216, 40.655334], [140.3022, 40.654619], [140.301118, 40.654066], [140.301366, 40.653027], [140.305371, 40.651413]]}, "properties": {"route_id": "m010-r2", "mountain_no": 10, "mountain_name_ko": "이와키산", "mountain_name_ja": "岩木山", "route_name_ja": "대표 등산로", "source": "way_graph", "distance_km": 6.99, "ascent_m": 1060, "elev_start_m": 557, "elev_end_m": 1328, "summit_elev_m": 1625, "trailhead_lat": 40.683912, "trailhead_lon": 140.276452, "summit_lat": 40.651413, "summit_lon": 140.305371, "point_count": 32, "score": 0, "is_primary": false}}, {"type": "Feature", "geometry": {"type": "LineString", "coordinates": [[140.35408, 40.625247], [140.353368, 40.625118], [140.351357, 40.625878], [140.350122, 40.627235], [140.349273, 40.62737], [140.345715, 40.630827], [140.345639, 40.631434], [140.344632, 40.631631], [140.342897, 40.630747], [140.341914, 40.630719], [140.341288, 40.630004], [140.337854, 40.629643], [140.337396, 40.628804], [140.336532, 40.628973], [140.336237, 40.628168], [140.335557, 40.629007], [140.332698, 40.629992], [140.332491, 40.630448], [140.333558, 40.631371], [140.33069, 40.631539], [140.332049, 40.633434], [140.330612, 40.633709], [140.32972, 40.634923], [140.32803, 40.635424], [140.326569, 40.636787], [140.325774, 40.636826], [140.32368, 40.638278], [140.323445, 40.639167], [140.322218, 40.639502], [140.322707, 40.640378], [140.321423, 40.640254], [140.321787, 40.640745], [140.32067, 40.64079], [140.320923, 40.641477], [140.319959, 40.64171], [140.319889, 40.642172], [140.31684, 40.642282], [140.313297, 40.64503], [140.309564, 40.646943], [140.309117, 40.647363], [140.309999, 40.647982], [140.309125, 40.648402], [140.309073, 40.649033], [140.305371, 40.651413]]}, "properties": {"route_id": "m010-r3", "mountain_no": 10, "mountain_name_ko": "이와키산", "mountain_name_ja": "岩木山", "route_name_ja": "대표 등산로", "source": "way_graph", "distance_km": 7.01, "ascent_m": 1130, "elev_start_m": 188, "elev_end_m": 1315, "summit_elev_m": 1625, "trailhead_lat": 40.625247, "trailhead_lon": 140.35408, "summit_lat": 40.651413, "summit_lon": 140.305371, "point_count": 44, "score": 0, "is_primary": false}}, {"type": "Feature", "geometry": {"type": "LineString", "coordinates": [[140.93378, 40.673357], [140.93029, 40.671585], [140.922655, 40.66997], [140.922182, 40.6696], [140.922631, 40.666951], [140.920963, 40.665326], [140.91396, 40.66561], [140.910983, 40.664428], [140.910111, 40.66455], [140.908033, 40.663834], [140.903609, 40.661987], [140.902068, 40.660208], [140.901139, 40.656081], [140.899334, 40.65411], [140.890535, 40.653785], [140.888478, 40.652906], [140.881069, 40.65235], [140.880618, 40.653362], [140.877588, 40.654871], [140.877357, 40.655806], [140.877854, 40.656287], [140.876842, 40.657557], [140.87723, 40.658859]]}, "properties": {"route_id": "m011-r0", "mountain_no": 11, "mountain_name_ko": "핫코다산", "mountain_name_ja": "八甲田山", "route_name_ja": "대표 등산로", "source": "way_graph", "distance_km": 7.01, "ascent_m": 1083, "elev_start_m": 651, "elev_end_m": 1575, "summit_elev_m": 1584, "trailhead_lat": 40.673357, "trailhead_lon": 140.93378, "summit_lat": 40.658859, "summit_lon": 140.87723, "point_count": 23, "score": 0, "is_primary": true}}, {"type": "Feature", "geometry": {"type": "LineString", "coordinates": [[140.902299, 40.699109], [140.900969, 40.69937], [140.897708, 40.697641], [140.896953, 40.697627], [140.897125, 40.696422], [140.896123, 40.694438], [140.89633, 40.69299], [140.892312, 40.689724], [140.891739, 40.688398], [140.892145, 40.687912], [140.887122, 40.685526], [140.883341, 40.684596], [140.880159, 40.682946], [140.879674, 40.68166], [140.8801, 40.679979], [140.879289, 40.678289], [140.879472, 40.677531], [140.878465, 40.676192], [140.878942, 40.67429], [140.877872, 40.673598], [140.877067, 40.670972], [140.878201, 40.669742], [140.88018, 40.669608], [140.881192, 40.668746], [140.881707, 40.667899], [140.880925, 40.666935], [140.881607, 40.665966], [140.879867, 40.663244], [140.878292, 40.66272], [140.878088, 40.661273], [140.877036, 40.660401], [140.87723, 40.658859]]}, "properties": {"route_id": "m011-r1", "mountain_no": 11, "mountain_name_ko": "핫코다산", "mountain_name_ja": "八甲田山", "route_name_ja": "대표 등산로", "source": "way_graph", "distance_km": 6.47, "ascent_m": 1079, "elev_start_m": 592, "elev_end_m": 1575, "summit_elev_m": 1584, "trailhead_lat": 40.699109, "trailhead_lon": 140.902299, "summit_lat": 40.658859, "summit_lon": 140.87723, "point_count": 32, "score": 0, "is_primary": false}}, {"type": "Feature", "geometry": {"type": "LineString", "coordinates": [[140.925005, 40.632755], [140.922444, 40.634648], [140.921467, 40.636312], [140.920533, 40.636427], [140.918931, 40.639681], [140.91682, 40.641521], [140.916862, 40.642399], [140.915879, 40.643811], [140.912589, 40.646305], [140.908865, 40.650443], [140.908293, 40.652795], [140.904831, 40.654043], [140.90184, 40.653867], [140.898304, 40.654306], [140.896743, 40.654273], [140.896161, 40.65381], [140.890535, 40.653785], [140.888478, 40.652906], [140.881069, 40.65235], [140.880618, 40.653362], [140.877588, 40.654871], [140.877357, 40.655806], [140.877854, 40.656287], [140.876842, 40.657557], [140.87723, 40.658859]]}, "properties": {"route_id": "m011-r2", "mountain_no": 11, "mountain_name_ko": "핫코다산", "mountain_name_ja": "八甲田山", "route_name_ja": "대표 등산로", "source": "way_graph", "distance_km": 6.36, "ascent_m": 1192, "elev_start_m": 786, "elev_end_m": 1575, "summit_elev_m": 1584, "trailhead_lat": 40.632755, "trailhead_lon": 140.925005, "summit_lat": 40.658859, "summit_lon": 140.87723, "point_count": 25, "score": 0, "is_primary": false}}, {"type": "Feature", "geometry": {"type": "LineString", "coordinates": [[140.924866, 40.660612], [140.925008, 40.661532], [140.921632, 40.664864], [140.921655, 40.665464], [140.91396, 40.66561], [140.910983, 40.664428], [140.910111, 40.66455], [140.908033, 40.663834], [140.903019, 40.661653], [140.902068, 40.660208], [140.901139, 40.656081], [140.899334, 40.65411], [140.890535, 40.653785], [140.888478, 40.652906], [140.881069, 40.65235], [140.880618, 40.653362], [140.877588, 40.654871], [140.877357, 40.655806], [140.877854, 40.656287], [140.876842, 40.657557], [140.87723, 40.658859]]}, "properties": {"route_id": "m011-r3", "mountain_no": 11, "mountain_name_ko": "핫코다산", "mountain_name_ja": "八甲田山", "route_name_ja": "대표 등산로", "source": "way_graph", "distance_km": 6.1, "ascent_m": 829, "elev_start_m": 1224, "elev_end_m": 1575, "summit_elev_m": 1584, "trailhead_lat": 40.660612, "trailhead_lon": 140.924866, "summit_lat": 40.658859, "summit_lon": 140.87723, "point_count": 21, "score": 0, "is_primary": false}}, {"type": "Feature", "geometry": {"type": "LineString", "coordinates": [[140.879001, 39.9946], [140.880464, 39.99036], [140.880553, 39.987043], [140.881241, 39.985129], [140.880941, 39.982595], [140.879012, 39.981629], [140.875208, 39.98127], [140.873518, 39.979755], [140.870951, 39.980093], [140.866695, 39.978646], [140.86437, 39.978804], [140.862542, 39.977367], [140.858608, 39.970318], [140.854681, 39.968493], [140.850417, 39.968449], [140.849723, 39.970402], [140.847238, 39.970592], [140.847106, 39.969307], [140.84817, 39.96847], [140.847839, 39.967775], [140.848733, 39.965384], [140.850527, 39.962239], [140.850334, 39.960844], [140.85184, 39.959172], [140.854101, 39.957782]]}, "properties": {"route_id": "m012-r0", "mountain_no": 12, "mountain_name_ko": "하치만타이", "mountain_name_ja": "八幡平", "route_name_ja": "대표 등산로", "source": "way_graph", "distance_km": 7.0, "ascent_m": 619, "elev_start_m": 1044, "elev_end_m": 1611, "summit_elev_m": 1614, "trailhead_lat": 39.9946, "trailhead_lon": 140.879001, "summit_lat": 39.957782, "summit_lon": 140.854101, "point_count": 25, "score": 0, "is_primary": true}}, {"type": "Feature", "geometry": {"type": "LineString", "coordinates": [[140.90547, 39.971846], [140.906084, 39.968979], [140.904556, 39.96614], [140.904292, 39.96261], [140.903079, 39.959518], [140.899005, 39.956167], [140.898703, 39.952436], [140.892977, 39.955922], [140.885735, 39.959346], [140.883109, 39.959925], [140.879114, 39.959547], [140.873606, 39.957972], [140.870811, 39.958142], [140.86891, 39.95931], [140.86703, 39.959745], [140.865593, 39.957597], [140.859683, 39.957674], [140.859202, 39.95683], [140.857434, 39.955697], [140.856431, 39.955994], [140.855676, 39.957372], [140.854101, 39.957782]]}, "properties": {"route_id": "m012-r1", "mountain_no": 12, "mountain_name_ko": "하치만타이", "mountain_name_ja": "八幡平", "route_name_ja": "대표 등산로", "source": "way_graph", "distance_km": 7.0, "ascent_m": 424, "elev_start_m": 1311, "elev_end_m": 1612, "summit_elev_m": 1614, "trailhead_lat": 39.971846, "trailhead_lon": 140.90547, "summit_lat": 39.957782, "summit_lon": 140.854101, "point_count": 22, "score": 0, "is_primary": false}}, {"type": "Feature", "geometry": {"type": "LineString", "coordinates": [[140.82197, 39.991792], [140.819202, 39.989649], [140.81993, 39.987609], [140.818729, 39.985903], [140.818627, 39.984816], [140.820251, 39.983228], [140.820521, 39.981234], [140.821355, 39.981594], [140.822452, 39.983019], [140.824067, 39.983458], [140.82466, 39.984489], [140.826203, 39.984765], [140.827688, 39.985615], [140.827169, 39.983679], [140.827937, 39.983335], [140.827878, 39.98262], [140.828851, 39.981567], [140.835183, 39.98186], [140.834795, 39.980722], [140.83541, 39.980367], [140.836032, 39.978707], [140.842175, 39.977051], [140.843534, 39.976156], [140.844566, 39.973713], [140.847262, 39.970667], [140.847106, 39.969307], [140.84817, 39.96847], [140.847839, 39.967775], [140.850527, 39.962239], [140.850504, 39.960543], [140.854101, 39.957782]]}, "properties": {"route_id": "m012-r2", "mountain_no": 12, "mountain_name_ko": "하치만타이", "mountain_name_ja": "八幡平", "route_name_ja": "대표 등산로", "source": "way_graph", "distance_km": 7.01, "ascent_m": 654, "elev_start_m": 996, "elev_end_m": 1611, "summit_elev_m": 1614, "trailhead_lat": 39.991792, "trailhead_lon": 140.82197, "summit_lat": 39.957782, "summit_lon": 140.854101, "point_count": 31, "score": 0, "is_primary": false}}, {"type": "Feature", "geometry": {"type": "LineString", "coordinates": [[140.807255, 39.98396], [140.808286, 39.984123], [140.809837, 39.983459], [140.811342, 39.98422], [140.812022, 39.983109], [140.814317, 39.982842], [140.815197, 39.981577], [140.818225, 39.981881], [140.820594, 39.980471], [140.820521, 39.981234], [140.821355, 39.981594], [140.822452, 39.983019], [140.824067, 39.983458], [140.82466, 39.984489], [140.826203, 39.984765], [140.827688, 39.985615], [140.827169, 39.983679], [140.827937, 39.983335], [140.827944, 39.982496], [140.828975, 39.9815], [140.835183, 39.98186], [140.834795, 39.980722], [140.83541, 39.980367], [140.836032, 39.978707], [140.842175, 39.977051], [140.843776, 39.975858], [140.844566, 39.973713], [140.847262, 39.970667], [140.847106, 39.969307], [140.84817, 39.96847], [140.847839, 39.967775], [140.850527, 39.962239], [140.850504, 39.960543], [140.854101, 39.957782]]}, "properties": {"route_id": "m012-r3", "mountain_no": 12, "mountain_name_ko": "하치만타이", "mountain_name_ja": "八幡平", "route_name_ja": "대표 등산로", "source": "way_graph", "distance_km": 7.17, "ascent_m": 681, "elev_start_m": 987, "elev_end_m": 1611, "summit_elev_m": 1614, "trailhead_lat": 39.98396, "trailhead_lon": 140.807255, "summit_lat": 39.957782, "summit_lon": 140.854101, "point_count": 34, "score": 0, "is_primary": false}}, {"type": "Feature", "geometry": {"type": "LineString", "coordinates": [[141.0391869, 39.8344393], [141.0374245, 39.8363423], [141.0379475, 39.8366697], [141.0352226, 39.8382787], [141.0329211, 39.8390115], [141.0310724, 39.8386052], [141.0284284, 39.8400196], [141.0241905, 39.8408588], [141.0222184, 39.842493], [141.019954, 39.843313], [141.0199003, 39.8439397], [141.0181334, 39.8445282], [141.0116552, 39.8455239], [141.0097973, 39.8450284], [141.0095582, 39.8445977], [141.0060856, 39.8440895], [141.0095429, 39.8444999], [141.0056142, 39.8439629], [141.0027414, 39.8444057], [141.0002106, 39.8455949], [141.0008418, 39.8450961], [141.0024066, 39.8446919], [141.0002106, 39.8455949], [141.0006031, 39.8462678], [141.001564, 39.8464743], [141.0018627, 39.8473768], [140.9998213, 39.8500692], [140.9999949, 39.8517912], [141.0010088, 39.8526102]]}, "properties": {"route_id": "m013-r0", "mountain_no": 13, "mountain_name_ko": "이와테산", "mountain_name_ja": "岩手山", "route_name_ja": "Mount Iwate Yanagisawa Trail (New)", "source": "relation", "distance_km": 6.62, "ascent_m": 1397, "elev_start_m": 639, "elev_end_m": 2018, "summit_elev_m": 2038, "trailhead_lat": 39.8344393, "trailhead_lon": 141.0391869, "summit_lat": 39.8526102, "summit_lon": 141.0010088, "point_count": 29, "score": 44.849524707116046, "is_primary": true}}, {"type": "Feature", "geometry": {"type": "LineString", "coordinates": [[141.417272, 39.553426], [141.420689, 39.553634], [141.424324, 39.55186], [141.425359, 39.551902], [141.427247, 39.552795], [141.428715, 39.554592], [141.432068, 39.554013], [141.434496, 39.554756], [141.437074, 39.554807], [141.440075, 39.556992], [141.441197, 39.556539], [141.44455, 39.556359], [141.449126, 39.55764], [141.450629, 39.55856], [141.452946, 39.558958], [141.458869, 39.55781], [141.461813, 39.558506], [141.46949, 39.558282], [141.474485, 39.558996], [141.477902, 39.558676], [141.479733, 39.557852], [141.483323, 39.557751], [141.488982, 39.558337]]}, "properties": {"route_id": "m014-r0", "mountain_no": 14, "mountain_name_ko": "하야치네산", "mountain_name_ja": "早池峰", "route_name_ja": "대표 등산로", "source": "way_graph", "distance_km": 7.0, "ascent_m": 941, "elev_start_m": 1051, "elev_end_m": 1899, "summit_elev_m": 1917, "trailhead_lat": 39.553426, "trailhead_lon": 141.417272, "summit_lat": 39.558337, "summit_lon": 141.488982, "point_count": 23, "score": 0, "is_primary": true}}, {"type": "Feature", "geometry": {"type": "LineString", "coordinates": [[141.50744, 39.509982], [141.506649, 39.511327], [141.507398, 39.512966], [141.507107, 39.51443], [141.507612, 39.51457], [141.507015, 39.516246], [141.504147, 39.516107], [141.500891, 39.51831], [141.496208, 39.520072], [141.494254, 39.521988], [141.495526, 39.525012], [141.494523, 39.527783], [141.495801, 39.529946], [141.492655, 39.531223], [141.492626, 39.532159], [141.494407, 39.536213], [141.493978, 39.53927], [141.496273, 39.541358], [141.496066, 39.542482], [141.49682, 39.544232], [141.495989, 39.54689], [141.494293, 39.548362], [141.494755, 39.549483], [141.493512, 39.551341], [141.492559, 39.554492], [141.492875, 39.55714], [141.49119, 39.558134], [141.488982, 39.558337]]}, "properties": {"route_id": "m014-r1", "mountain_no": 14, "mountain_name_ko": "하야치네산", "mountain_name_ja": "早池峰", "route_name_ja": "대표 등산로", "source": "way_graph", "distance_km": 7.01, "ascent_m": 1494, "elev_start_m": 781, "elev_end_m": 1897, "summit_elev_m": 1917, "trailhead_lat": 39.509982, "trailhead_lon": 141.50744, "summit_lat": 39.558337, "summit_lon": 141.488982, "point_count": 28, "score": 0, "is_primary": false}}, {"type": "Feature", "geometry": {"type": "LineString", "coordinates": [[141.555024, 39.569075], [141.55072, 39.572058], [141.54593, 39.571613], [141.540769, 39.572465], [141.535324, 39.572144], [141.534448, 39.571807], [141.529697, 39.566984], [141.528477, 39.566462], [141.529102, 39.564575], [141.528099, 39.564406], [141.528717, 39.563922], [141.527299, 39.563652], [141.527139, 39.562243], [141.523563, 39.560511], [141.515065, 39.560708], [141.511918, 39.559047], [141.509075, 39.559745], [141.504641, 39.55997], [141.500114, 39.558431], [141.496138, 39.558105], [141.49283, 39.557209], [141.49119, 39.558134], [141.488982, 39.558337]]}, "properties": {"route_id": "m014-r2", "mountain_no": 14, "mountain_name_ko": "하야치네산", "mountain_name_ja": "早池峰", "route_name_ja": "대표 등산로", "source": "way_graph", "distance_km": 6.98, "ascent_m": 826, "elev_start_m": 1076, "elev_end_m": 1897, "summit_elev_m": 1917, "trailhead_lat": 39.569075, "trailhead_lon": 141.555024, "summit_lat": 39.558337, "summit_lon": 141.488982, "point_count": 23, "score": 0, "is_primary": false}}, {"type": "Feature", "geometry": {"type": "LineString", "coordinates": [[141.543461, 39.541289], [141.540428, 39.540897], [141.53515, 39.541443], [141.533137, 39.542231], [141.530905, 39.542248], [141.523449, 39.539965], [141.516688, 39.540314], [141.514099, 39.541074], [141.50782, 39.540042], [141.505995, 39.541151], [141.50427, 39.54147], [141.500673, 39.54063], [141.500355, 39.540232], [141.498152, 39.539984], [141.496321, 39.541298], [141.49606, 39.54205], [141.496761, 39.544608], [141.495989, 39.54689], [141.494293, 39.548362], [141.494755, 39.549483], [141.493512, 39.551341], [141.492559, 39.554492], [141.492875, 39.55714], [141.49119, 39.558134], [141.488982, 39.558337]]}, "properties": {"route_id": "m014-r3", "mountain_no": 14, "mountain_name_ko": "하야치네산", "mountain_name_ja": "早池峰", "route_name_ja": "대표 등산로", "source": "way_graph", "distance_km": 6.74, "ascent_m": 1221, "elev_start_m": 676, "elev_end_m": 1897, "summit_elev_m": 1917, "trailhead_lat": 39.541289, "trailhead_lon": 141.543461, "summit_lat": 39.558337, "summit_lon": 141.488982, "point_count": 25, "score": 0, "is_primary": false}}, {"type": "Feature", "geometry": {"type": "LineString", "coordinates": [[140.014915, 39.122224], [140.01598, 39.120807], [140.017, 39.1152], [140.016265, 39.110537], [140.014305, 39.108368], [140.013995, 39.106234], [140.014814, 39.104096], [140.018924, 39.104072], [140.025287, 39.102], [140.026751, 39.100991], [140.029933, 39.100591], [140.032213, 39.099443], [140.035074, 39.099496], [140.038024, 39.098178], [140.040826, 39.09799], [140.041823, 39.097257], [140.048039, 39.09733], [140.048686, 39.09945], [140.049041, 39.099258]]}, "properties": {"route_id": "m015-r0", "mountain_no": 15, "mountain_name_ko": "조카이산", "mountain_name_ja": "鳥海山", "route_name_ja": "대표 등산로", "source": "way_graph", "distance_km": 5.86, "ascent_m": 889, "elev_start_m": 1541, "elev_end_m": 2222, "summit_elev_m": 2236, "trailhead_lat": 39.122224, "trailhead_lon": 140.014915, "summit_lat": 39.099258, "summit_lon": 140.049041, "point_count": 19, "score": 0, "is_primary": true}}, {"type": "Feature", "geometry": {"type": "LineString", "coordinates": [[140.014305, 39.108368], [140.013995, 39.106234], [140.014814, 39.104096], [140.018924, 39.104072], [140.025287, 39.102], [140.026751, 39.100991], [140.029933, 39.100591], [140.032213, 39.099443], [140.034199, 39.099658], [140.038024, 39.098178], [140.040826, 39.09799], [140.041823, 39.097257], [140.044947, 39.097146], [140.04839, 39.097477], [140.048342, 39.098598], [140.048686, 39.09945], [140.049041, 39.099258]]}, "properties": {"route_id": "m015-r1", "mountain_no": 15, "mountain_name_ko": "조카이산", "mountain_name_ja": "鳥海山", "route_name_ja": "대표 등산로", "source": "way_graph", "distance_km": 4.16, "ascent_m": 707, "elev_start_m": 1590, "elev_end_m": 2222, "summit_elev_m": 2236, "trailhead_lat": 39.108368, "trailhead_lon": 140.014305, "summit_lat": 39.099258, "summit_lon": 140.049041, "point_count": 17, "score": 0, "is_primary": false}}, {"type": "Feature", "geometry": {"type": "LineString", "coordinates": [[140.038144, 39.09555], [140.033075, 39.09946], [140.035074, 39.099496], [140.038024, 39.098178], [140.040826, 39.09799], [140.041823, 39.097257], [140.044947, 39.097146], [140.04839, 39.097477], [140.048342, 39.098598], [140.048686, 39.09945], [140.049041, 39.099258]]}, "properties": {"route_id": "m015-r2", "mountain_no": 15, "mountain_name_ko": "조카이산", "mountain_name_ja": "鳥海山", "route_name_ja": "대표 등산로", "source": "way_graph", "distance_km": 2.55, "ascent_m": 406, "elev_start_m": 1997, "elev_end_m": 2222, "summit_elev_m": 2236, "trailhead_lat": 39.09555, "trailhead_lon": 140.038144, "summit_lat": 39.099258, "summit_lon": 140.049041, "point_count": 11, "score": 0, "is_primary": false}}, {"type": "Feature", "geometry": {"type": "LineString", "coordinates": [[139.989808, 38.541562], [139.994206, 38.538884], [139.997728, 38.539629], [140.000096, 38.539682], [140.000437, 38.539349], [140.004262, 38.54132], [140.009281, 38.540104], [140.013004, 38.542882], [140.015408, 38.543892], [140.017553, 38.544333], [140.018488, 38.545015], [140.021655, 38.544858], [140.02301, 38.545677], [140.025921, 38.545936], [140.026578, 38.546846]]}, "properties": {"route_id": "m016-r0", "mountain_no": 16, "mountain_name_ko": "갓산", "mountain_name_ja": "月山", "route_name_ja": "대표 등산로", "source": "way_graph", "distance_km": 3.88, "ascent_m": 852, "elev_start_m": 1115, "elev_end_m": 1970, "summit_elev_m": 1984, "trailhead_lat": 38.541562, "trailhead_lon": 139.989808, "summit_lat": 38.546846, "summit_lon": 140.026578, "point_count": 15, "score": 0, "is_primary": true}}, {"type": "Feature", "geometry": {"type": "LineString", "coordinates": [[139.96382, 38.231555], [139.9622, 38.233351], [139.954036, 38.232999], [139.950282, 38.233286], [139.945752, 38.231908], [139.944354, 38.230641], [139.941041, 38.231034], [139.937996, 38.232441], [139.934432, 38.233107], [139.932476, 38.233984], [139.930065, 38.237487], [139.926278, 38.238387], [139.924139, 38.239367], [139.919676, 38.243625], [139.918777, 38.245448], [139.916749, 38.246505], [139.916664, 38.249555], [139.917149, 38.251181], [139.916199, 38.253799], [139.916931, 38.255066], [139.91876, 38.256277], [139.919743, 38.257941], [139.922022, 38.260195]]}, "properties": {"route_id": "m017-r0", "mountain_no": 17, "mountain_name_ko": "아사히다케", "mountain_name_ja": "朝日岳", "route_name_ja": "대표 등산로", "source": "way_graph", "distance_km": 7.0, "ascent_m": 929, "elev_start_m": 1118, "elev_end_m": 1824, "summit_elev_m": 1870, "trailhead_lat": 38.231555, "trailhead_lon": 139.96382, "summit_lat": 38.260195, "summit_lon": 139.922022, "point_count": 23, "score": 0, "is_primary": true}}, {"type": "Feature", "geometry": {"type": "LineString", "coordinates": [[139.891107, 38.211594], [139.891493, 38.212812], [139.895481, 38.21473], [139.896496, 38.215872], [139.899374, 38.216584], [139.900105, 38.219275], [139.899905, 38.22207], [139.902979, 38.22537], [139.902317, 38.228555], [139.902977, 38.231394], [139.90227, 38.234902], [139.905189, 38.236908], [139.906136, 38.239854], [139.90702, 38.24072], [139.909512, 38.241429], [139.910696, 38.242525], [139.91178, 38.245426], [139.914905, 38.246273], [139.916564, 38.247496], [139.917149, 38.251181], [139.916216, 38.253839], [139.922022, 38.260195]]}, "properties": {"route_id": "m017-r1", "mountain_no": 17, "mountain_name_ko": "아사히다케", "mountain_name_ja": "朝日岳", "route_name_ja": "대표 등산로", "source": "way_graph", "distance_km": 7.0, "ascent_m": 1025, "elev_start_m": 1050, "elev_end_m": 1824, "summit_elev_m": 1870, "trailhead_lat": 38.211594, "trailhead_lon": 139.891107, "summit_lat": 38.260195, "summit_lon": 139.922022, "point_count": 22, "score": 0, "is_primary": false}}, {"type": "Feature", "geometry": {"type": "LineString", "coordinates": [[139.974312, 38.283437], [139.974473, 38.281573], [139.973194, 38.278607], [139.973622, 38.277787], [139.971706, 38.277036], [139.971858, 38.276335], [139.970515, 38.27505], [139.971052, 38.272475], [139.969588, 38.272227], [139.967896, 38.270825], [139.96705, 38.270858], [139.965964, 38.27002], [139.963374, 38.270077], [139.962112, 38.269429], [139.956831, 38.269156], [139.95405, 38.270163], [139.951536, 38.272353], [139.948481, 38.272416], [139.945112, 38.273519], [139.944042, 38.272784], [139.94072, 38.272335], [139.93956, 38.270429], [139.938334, 38.269626], [139.93613, 38.269506], [139.932095, 38.267957], [139.923764, 38.265961], [139.921169, 38.263195], [139.921324, 38.261801], [139.922373, 38.260538], [139.922022, 38.260195]]}, "properties": {"route_id": "m017-r2", "mountain_no": 17, "mountain_name_ko": "아사히다케", "mountain_name_ja": "朝日岳", "route_name_ja": "대표 등산로", "source": "way_graph", "distance_km": 7.0, "ascent_m": 879, "elev_start_m": 1198, "elev_end_m": 1833, "summit_elev_m": 1870, "trailhead_lat": 38.283437, "trailhead_lon": 139.974312, "summit_lat": 38.260195, "summit_lon": 139.922022, "point_count": 30, "score": 0, "is_primary": false}}, {"type": "Feature", "geometry": {"type": "LineString", "coordinates": [[139.943831, 38.217082], [139.945039, 38.218615], [139.944778, 38.220987], [139.941194, 38.222653], [139.940925, 38.223595], [139.944756, 38.22683], [139.944354, 38.230641], [139.941041, 38.231034], [139.937996, 38.232441], [139.934432, 38.233107], [139.932253, 38.234104], [139.930388, 38.237275], [139.924139, 38.239367], [139.919676, 38.243625], [139.918777, 38.245448], [139.916749, 38.246505], [139.916664, 38.249555], [139.917149, 38.251181], [139.916199, 38.253799], [139.916931, 38.255066], [139.91876, 38.256277], [139.919743, 38.257941], [139.922022, 38.260195]]}, "properties": {"route_id": "m017-r3", "mountain_no": 17, "mountain_name_ko": "아사히다케", "mountain_name_ja": "朝日岳", "route_name_ja": "대표 등산로", "source": "way_graph", "distance_km": 7.0, "ascent_m": 750, "elev_start_m": 1312, "elev_end_m": 1824, "summit_elev_m": 1870, "trailhead_lat": 38.217082, "trailhead_lon": 139.943831, "summit_lat": 38.260195, "summit_lon": 139.922022, "point_count": 23, "score": 0, "is_primary": false}}, {"type": "Feature", "geometry": {"type": "LineString", "coordinates": [[139.688904, 37.907707], [139.691154, 37.904471], [139.693289, 37.902845], [139.693801, 37.899657], [139.694932, 37.898677], [139.695161, 37.897853], [139.697971, 37.895953], [139.700162, 37.895202], [139.702505, 37.889861], [139.705042, 37.887817], [139.704488, 37.88503], [139.705617, 37.882183], [139.705247, 37.877927], [139.705973, 37.876609], [139.705638, 37.874674], [139.706174, 37.873829], [139.705416, 37.871543], [139.706269, 37.870618], [139.706578, 37.867682], [139.705775, 37.865626], [139.706769, 37.864045], [139.706555, 37.862098], [139.705406, 37.860851], [139.705733, 37.860406], [139.705098, 37.858817], [139.705584, 37.856898], [139.707107, 37.85482]]}, "properties": {"route_id": "m019-r0", "mountain_no": 19, "mountain_name_ko": "이이데산", "mountain_name_ja": "飯豊山", "route_name_ja": "대표 등산로", "source": "way_graph", "distance_km": 7.01, "ascent_m": 1502, "elev_start_m": 623, "elev_end_m": 2084, "summit_elev_m": 2128, "trailhead_lat": 37.907707, "trailhead_lon": 139.688904, "summit_lat": 37.85482, "summit_lon": 139.707107, "point_count": 27, "score": 0, "is_primary": true}}, {"type": "Feature", "geometry": {"type": "LineString", "coordinates": [[139.697971, 37.895953], [139.700162, 37.895202], [139.702505, 37.889861], [139.705042, 37.887817], [139.704488, 37.88503], [139.705617, 37.882183], [139.705247, 37.877927], [139.705973, 37.876609], [139.705638, 37.874674], [139.706174, 37.873829], [139.705416, 37.871543], [139.706269, 37.870618], [139.706578, 37.867682], [139.705775, 37.865626], [139.706769, 37.864045], [139.706555, 37.862098], [139.705406, 37.860851], [139.705733, 37.860406], [139.705098, 37.858817], [139.705584, 37.856898], [139.707107, 37.85482]]}, "properties": {"route_id": "m019-r1", "mountain_no": 19, "mountain_name_ko": "이이데산", "mountain_name_ja": "飯豊山", "route_name_ja": "대표 등산로", "source": "way_graph", "distance_km": 5.37, "ascent_m": 968, "elev_start_m": 1156, "elev_end_m": 2084, "summit_elev_m": 2128, "trailhead_lat": 37.895953, "trailhead_lon": 139.697971, "summit_lat": 37.85482, "summit_lon": 139.707107, "point_count": 21, "score": 0, "is_primary": false}}, {"type": "Feature", "geometry": {"type": "LineString", "coordinates": [[139.705002, 37.883502], [139.705617, 37.882183], [139.705247, 37.877927], [139.705973, 37.876609], [139.705638, 37.874674], [139.706174, 37.873829], [139.705416, 37.871543], [139.706269, 37.870618], [139.706575, 37.867762], [139.705775, 37.865626], [139.706769, 37.864045], [139.706555, 37.862098], [139.705406, 37.860851], [139.705733, 37.860406], [139.705098, 37.858817], [139.705584, 37.856898], [139.707107, 37.85482]]}, "properties": {"route_id": "m019-r2", "mountain_no": 19, "mountain_name_ko": "이이데산", "mountain_name_ja": "飯豊山", "route_name_ja": "대표 등산로", "source": "way_graph", "distance_km": 3.58, "ascent_m": 668, "elev_start_m": 1436, "elev_end_m": 2084, "summit_elev_m": 2128, "trailhead_lat": 37.883502, "trailhead_lon": 139.705002, "summit_lat": 37.85482, "summit_lon": 139.707107, "point_count": 17, "score": 0, "is_primary": false}}, {"type": "Feature", "geometry": {"type": "LineString", "coordinates": [[140.189665, 37.762724], [140.190141, 37.762718], [140.189662, 37.761355], [140.18915, 37.761167], [140.189387, 37.760711], [140.187276, 37.758719], [140.186163, 37.758296], [140.186505, 37.757277], [140.185682, 37.75607], [140.184831, 37.755936], [140.184509, 37.756455], [140.183321, 37.756811], [140.182348, 37.756482], [140.177382, 37.756676], [140.176906, 37.757257], [140.175687, 37.757468], [140.173927, 37.756411], [140.171975, 37.75619], [140.168858, 37.75693], [140.168283, 37.756571], [140.16683, 37.757051], [140.165666, 37.756697], [140.164828, 37.756936], [140.159048, 37.755622], [140.157361, 37.754184], [140.154674, 37.753657], [140.15292, 37.752536], [140.151652, 37.753145], [140.150091, 37.752878], [140.14694, 37.750615], [140.147421, 37.749273], [140.146628, 37.748198], [140.147151, 37.746003], [140.145825, 37.744212], [140.144067, 37.74368], [140.14318, 37.743831], [140.142125, 37.742789], [140.140914, 37.742654], [140.140378, 37.73813]]}, "properties": {"route_id": "m020-r0", "mountain_no": 20, "mountain_name_ko": "아즈마산", "mountain_name_ja": "吾妻山", "route_name_ja": "대표 등산로", "source": "way_graph", "distance_km": 7.0, "ascent_m": 364, "elev_start_m": 1834, "elev_end_m": 2029, "summit_elev_m": 2035, "trailhead_lat": 37.762724, "trailhead_lon": 140.189665, "summit_lat": 37.73813, "summit_lon": 140.140378, "point_count": 39, "score": 0, "is_primary": true}}, {"type": "Feature", "geometry": {"type": "LineString", "coordinates": [[140.153847, 37.778027], [140.154822, 37.778009], [140.160626, 37.77314], [140.163901, 37.771364], [140.167817, 37.763891], [140.167505, 37.761536], [140.16803, 37.759345], [140.166932, 37.758461], [140.16648, 37.756935], [140.163325, 37.756682], [140.159048, 37.755622], [140.157361, 37.754184], [140.154674, 37.753657], [140.15292, 37.752536], [140.151016, 37.753164], [140.148011, 37.751606], [140.147868, 37.750982], [140.14694, 37.750615], [140.147421, 37.749273], [140.146628, 37.748198], [140.147151, 37.746003], [140.145569, 37.744067], [140.14318, 37.743831], [140.142125, 37.742789], [140.140914, 37.742654], [140.140378, 37.73813]]}, "properties": {"route_id": "m020-r1", "mountain_no": 20, "mountain_name_ko": "아즈마산", "mountain_name_ja": "吾妻山", "route_name_ja": "대표 등산로", "source": "way_graph", "distance_km": 6.99, "ascent_m": 829, "elev_start_m": 1289, "elev_end_m": 2029, "summit_elev_m": 2035, "trailhead_lat": 37.778027, "trailhead_lon": 140.153847, "summit_lat": 37.73813, "summit_lon": 140.140378, "point_count": 26, "score": 0, "is_primary": false}}, {"type": "Feature", "geometry": {"type": "LineString", "coordinates": [[140.168321, 37.73089], [140.169624, 37.734314], [140.168788, 37.740623], [140.170404, 37.744358], [140.169624, 37.747636], [140.167151, 37.749005], [140.165953, 37.750723], [140.165415, 37.752204], [140.166018, 37.753336], [140.16451, 37.756733], [140.159048, 37.755622], [140.157361, 37.754184], [140.154674, 37.753657], [140.15292, 37.752536], [140.15083, 37.753111], [140.148011, 37.751606], [140.147868, 37.750982], [140.14694, 37.750615], [140.147421, 37.749273], [140.146628, 37.748198], [140.147151, 37.746003], [140.145569, 37.744067], [140.14318, 37.743831], [140.142125, 37.742789], [140.140914, 37.742654], [140.140378, 37.73813]]}, "properties": {"route_id": "m020-r2", "mountain_no": 20, "mountain_name_ko": "아즈마산", "mountain_name_ja": "吾妻山", "route_name_ja": "대표 등산로", "source": "way_graph", "distance_km": 6.98, "ascent_m": 614, "elev_start_m": 1526, "elev_end_m": 2029, "summit_elev_m": 2035, "trailhead_lat": 37.73089, "trailhead_lon": 140.168321, "summit_lat": 37.73813, "summit_lon": 140.140378, "point_count": 26, "score": 0, "is_primary": false}}, {"type": "Feature", "geometry": {"type": "LineString", "coordinates": [[140.196429, 37.750309], [140.193706, 37.753091], [140.19083, 37.754255], [140.187666, 37.754913], [140.186169, 37.75607], [140.184831, 37.755936], [140.184509, 37.756455], [140.183321, 37.756811], [140.182348, 37.756482], [140.177382, 37.756676], [140.176906, 37.757257], [140.175574, 37.75747], [140.173927, 37.756411], [140.171975, 37.75619], [140.166771, 37.757056], [140.163325, 37.756682], [140.159048, 37.755622], [140.157361, 37.754184], [140.154674, 37.753657], [140.15292, 37.752536], [140.151016, 37.753164], [140.148011, 37.751606], [140.147868, 37.750982], [140.14694, 37.750615], [140.147421, 37.749273], [140.146628, 37.748198], [140.147151, 37.746003], [140.145569, 37.744067], [140.14318, 37.743831], [140.142125, 37.742789], [140.140914, 37.742654], [140.140378, 37.73813]]}, "properties": {"route_id": "m020-r3", "mountain_no": 20, "mountain_name_ko": "아즈마산", "mountain_name_ja": "吾妻山", "route_name_ja": "대표 등산로", "source": "way_graph", "distance_km": 7.28, "ascent_m": 430, "elev_start_m": 1805, "elev_end_m": 2029, "summit_elev_m": 2035, "trailhead_lat": 37.750309, "trailhead_lon": 140.196429, "summit_lat": 37.73813, "summit_lon": 140.140378, "point_count": 32, "score": 0, "is_primary": false}}, {"type": "Feature", "geometry": {"type": "LineString", "coordinates": [[140.2460118, 37.6290798], [140.2480786, 37.6289065], [140.2492465, 37.6280639], [140.2579605, 37.6265121], [140.2558047, 37.6265599], [140.253155, 37.627795], [140.25166, 37.627507], [140.2492465, 37.6280639], [140.2730757, 37.6241304], [140.2718805, 37.6249964], [140.2703503, 37.6251122], [140.2685572, 37.6261255], [140.2653788, 37.6258982], [140.2633403, 37.6264006], [140.2592379, 37.6256719], [140.2579605, 37.6265121], [140.2786403, 37.6219765], [140.2760299, 37.6227594], [140.2750417, 37.6222369], [140.2746966, 37.6224807], [140.2756906, 37.6235274], [140.2739163, 37.6243612], [140.2730757, 37.6241304], [140.2847028, 37.6257558], [140.2822834, 37.624904], [140.2786403, 37.6219765], [140.2847913, 37.6257144], [140.2873313, 37.6229394], [140.2883751, 37.620922], [140.287873, 37.6211219], [140.2848721, 37.6264579], [140.2847913, 37.6257144], [140.2830398, 37.6330728], [140.2828065, 37.6316178], [140.2833402, 37.6300087], [140.2852312, 37.6274362], [140.2848721, 37.6264579], [140.2830063, 37.6332385]]}, "properties": {"route_id": "m021-r0", "mountain_no": 21, "mountain_name_ko": "아다타라산", "mountain_name_ja": "安達太良山", "route_name_ja": "Mt. Adatara - West Loop Trail", "source": "relation", "distance_km": 14.68, "ascent_m": 1101, "elev_start_m": 1126, "elev_end_m": 1696, "summit_elev_m": 1709, "trailhead_lat": 37.6290798, "trailhead_lon": 140.2460118, "summit_lat": 37.6332385, "summit_lon": 140.2830063, "point_count": 38, "score": 34.6933185360051, "is_primary": true}}, {"type": "Feature", "geometry": {"type": "LineString", "coordinates": [[140.3188687, 37.6247906], [140.3175328, 37.6256137], [140.3187591, 37.6262744], [140.3178751, 37.6258164], [140.3187591, 37.6262744], [140.3180091, 37.6264824], [140.3205211, 37.6281504], [140.3189876, 37.627714], [140.3196091, 37.6284144], [140.3174008, 37.6278875], [140.3185471, 37.6285384], [140.3159971, 37.6286344], [140.3163371, 37.6288314], [140.3157421, 37.6293764], [140.3149281, 37.6296184], [140.3133269, 37.6289369], [140.3130063, 37.6296989], [140.3127384, 37.6293053], [140.3043582, 37.6340771], [140.3077698, 37.6321265], [140.3108531, 37.63119], [140.3127384, 37.6293053], [140.295312, 37.6334626], [140.2963086, 37.633578], [140.2974974, 37.6327175], [140.2988119, 37.6326803], [140.3035507, 37.6345703], [140.3043582, 37.6340771], [140.2929868, 37.6320819], [140.2943037, 37.6322773], [140.295312, 37.6334626], [140.293121, 37.6321217], [140.2915102, 37.6316847], [140.2938451, 37.6321106], [140.2908584, 37.6313129]]}, "properties": {"route_id": "m021-r1", "mountain_no": 21, "mountain_name_ko": "아다타라산", "mountain_name_ja": "安達太良山", "route_name_ja": "Mt. Adatara Loop Trail", "source": "relation", "distance_km": 8.8, "ascent_m": 475, "elev_start_m": 1016, "elev_end_m": 1377, "summit_elev_m": 1709, "trailhead_lat": 37.6247906, "trailhead_lon": 140.3188687, "summit_lat": 37.6313129, "summit_lon": 140.2908584, "point_count": 35, "score": 18.002923513458413, "is_primary": false}}, {"type": "Feature", "geometry": {"type": "LineString", "coordinates": [[140.2284366, 37.6203059], [140.2285511, 37.6209116], [140.2296411, 37.6216156], [140.2297891, 37.6224776], [140.2312068, 37.6228718], [140.2306518, 37.6242978], [140.2339218, 37.6228868], [140.2331168, 37.6242528], [140.2353678, 37.6242138], [140.2371538, 37.6248108], [140.2413598, 37.6251648], [140.2460118, 37.6290798], [140.2480786, 37.6289065], [140.2492465, 37.6280639], [140.2579605, 37.6265121], [140.2558047, 37.6265599], [140.253155, 37.627795], [140.25166, 37.627507], [140.2492465, 37.6280639], [140.2730757, 37.6241304], [140.2718805, 37.6249964], [140.2703503, 37.6251122], [140.2685572, 37.6261255], [140.2653788, 37.6258982], [140.2633403, 37.6264006], [140.2592379, 37.6256719], [140.2579605, 37.6265121], [140.2786403, 37.6219765], [140.2760299, 37.6227594], [140.2750417, 37.6222369], [140.2746966, 37.6224807], [140.2756906, 37.6235274], [140.2739163, 37.6243612], [140.2730757, 37.6241304], [140.2846277, 37.6257601]]}, "properties": {"route_id": "m021-r2", "mountain_no": 21, "mountain_name_ko": "아다타라산", "mountain_name_ja": "安達太良山", "route_name_ja": "Mt. Adatara", "source": "relation", "distance_km": 11.95, "ascent_m": 1151, "elev_start_m": 901, "elev_end_m": 1637, "summit_elev_m": 1709, "trailhead_lat": 37.6203059, "trailhead_lon": 140.2284366, "summit_lat": 37.6257601, "summit_lon": 140.2846277, "point_count": 35, "score": 6.502153654320983, "is_primary": false}}, {"type": "Feature", "geometry": {"type": "LineString", "coordinates": [[140.017788, 37.60655], [140.018232, 37.606086], [140.022206, 37.608427], [140.022721, 37.609673], [140.022482, 37.61164], [140.023474, 37.611907], [140.031848, 37.611626], [140.034217, 37.61306], [140.035887, 37.61353], [140.037289, 37.613688], [140.038196, 37.6132], [140.040884, 37.612941], [140.042411, 37.613496], [140.043562, 37.613386], [140.045558, 37.614874], [140.047754, 37.6144], [140.050885, 37.614897], [140.052315, 37.614238], [140.053458, 37.61455], [140.053899, 37.614081], [140.055642, 37.614233], [140.058276, 37.613462], [140.059392, 37.613644], [140.060033, 37.612989], [140.061162, 37.613023], [140.061939, 37.612333], [140.063921, 37.612428], [140.066276, 37.611138], [140.066647, 37.608654], [140.068784, 37.606562], [140.071393, 37.606003], [140.071785, 37.604709], [140.073474, 37.604542], [140.07262, 37.603513], [140.072195, 37.600928]]}, "properties": {"route_id": "m022-r0", "mountain_no": 22, "mountain_name_ko": "반다이산", "mountain_name_ja": "磐梯山", "route_name_ja": "대표 등산로", "source": "way_graph", "distance_km": 7.0, "ascent_m": 801, "elev_start_m": 1189, "elev_end_m": 1787, "summit_elev_m": 1816, "trailhead_lat": 37.60655, "trailhead_lon": 140.017788, "summit_lat": 37.600928, "summit_lon": 140.072195, "point_count": 35, "score": 0, "is_primary": true}}, {"type": "Feature", "geometry": {"type": "LineString", "coordinates": [[140.082293, 37.567957], [140.081341, 37.568222], [140.080603, 37.56929], [140.081127, 37.569673], [140.080985, 37.570912], [140.082259, 37.573942], [140.081757, 37.575368], [140.082096, 37.576878], [140.080809, 37.578471], [140.080123, 37.581727], [140.085024, 37.580769], [140.08431, 37.58196], [140.082721, 37.582836], [140.082334, 37.584243], [140.08119, 37.585646], [140.081825, 37.587366], [140.082513, 37.587421], [140.082026, 37.588632], [140.083223, 37.590527], [140.083136, 37.591476], [140.085303, 37.593694], [140.086358, 37.596775], [140.084255, 37.599331], [140.082409, 37.599509], [140.082137, 37.601183], [140.080426, 37.602304], [140.080164, 37.604406], [140.079395, 37.605853], [140.077694, 37.607047], [140.076488, 37.606992], [140.074475, 37.605619], [140.074045, 37.604587], [140.07333, 37.604405], [140.07262, 37.603513], [140.072195, 37.600928]]}, "properties": {"route_id": "m022-r1", "mountain_no": 22, "mountain_name_ko": "반다이산", "mountain_name_ja": "磐梯山", "route_name_ja": "대표 등산로", "source": "way_graph", "distance_km": 6.99, "ascent_m": 1165, "elev_start_m": 635, "elev_end_m": 1787, "summit_elev_m": 1816, "trailhead_lat": 37.567957, "trailhead_lon": 140.082293, "summit_lat": 37.600928, "summit_lon": 140.072195, "point_count": 35, "score": 0, "is_primary": false}}, {"type": "Feature", "geometry": {"type": "LineString", "coordinates": [[140.013919, 37.619693], [140.013906, 37.618961], [140.015304, 37.618007], [140.015241, 37.617321], [140.016662, 37.616046], [140.017791, 37.613703], [140.020465, 37.612988], [140.022482, 37.61164], [140.02671, 37.612045], [140.029126, 37.611468], [140.031848, 37.611626], [140.0353, 37.613407], [140.037289, 37.613688], [140.038196, 37.6132], [140.040884, 37.612941], [140.042411, 37.613496], [140.043562, 37.613386], [140.045965, 37.614891], [140.047754, 37.6144], [140.050885, 37.614897], [140.052315, 37.614238], [140.05361, 37.614535], [140.053899, 37.614081], [140.055642, 37.614233], [140.058276, 37.613462], [140.059392, 37.613644], [140.060033, 37.612989], [140.061162, 37.613023], [140.061939, 37.612333], [140.063921, 37.612428], [140.066276, 37.611138], [140.066647, 37.608654], [140.068784, 37.606562], [140.071393, 37.606003], [140.071785, 37.604709], [140.073474, 37.604542], [140.07262, 37.603513], [140.072195, 37.600928]]}, "properties": {"route_id": "m022-r2", "mountain_no": 22, "mountain_name_ko": "반다이산", "mountain_name_ja": "磐梯山", "route_name_ja": "대표 등산로", "source": "way_graph", "distance_km": 7.41, "ascent_m": 863, "elev_start_m": 1130, "elev_end_m": 1787, "summit_elev_m": 1816, "trailhead_lat": 37.619693, "trailhead_lon": 140.013919, "summit_lat": 37.600928, "summit_lon": 140.072195, "point_count": 38, "score": 0, "is_primary": false}}, {"type": "Feature", "geometry": {"type": "LineString", "coordinates": [[140.099601, 37.643117], [140.096508, 37.642202], [140.091628, 37.638802], [140.090801, 37.63776], [140.090809, 37.634517], [140.084473, 37.631057], [140.08296, 37.629553], [140.081866, 37.627356], [140.080254, 37.6263], [140.079785, 37.624024], [140.078872, 37.623066], [140.079213, 37.621145], [140.077155, 37.615794], [140.078191, 37.614496], [140.077755, 37.613947], [140.077939, 37.612094], [140.07871, 37.610809], [140.080285, 37.609812], [140.078513, 37.608407], [140.07789, 37.607311], [140.07597, 37.606678], [140.074475, 37.605619], [140.074045, 37.604587], [140.07333, 37.604405], [140.07262, 37.603513], [140.072195, 37.600928]]}, "properties": {"route_id": "m022-r3", "mountain_no": 22, "mountain_name_ko": "반다이산", "mountain_name_ja": "磐梯山", "route_name_ja": "대표 등산로", "source": "way_graph", "distance_km": 6.39, "ascent_m": 1054, "elev_start_m": 737, "elev_end_m": 1787, "summit_elev_m": 1816, "trailhead_lat": 37.643117, "trailhead_lon": 140.099601, "summit_lat": 37.600928, "summit_lon": 140.072195, "point_count": 26, "score": 0, "is_primary": false}}, {"type": "Feature", "geometry": {"type": "LineString", "coordinates": [[139.355344, 37.006025], [139.353959, 37.006303], [139.354211, 37.005798], [139.35291, 37.005714], [139.352817, 37.005193], [139.352184, 37.005381], [139.352222, 37.00498], [139.351355, 37.004792], [139.350492, 37.006007], [139.348594, 37.006607], [139.348165, 37.007819], [139.347216, 37.008385], [139.347656, 37.014052], [139.346745, 37.016936], [139.345952, 37.018], [139.34479, 37.018572], [139.34494, 37.018929], [139.341785, 37.020024], [139.342261, 37.020409], [139.339789, 37.022855], [139.341423, 37.023818], [139.343451, 37.028837], [139.345766, 37.031841], [139.347053, 37.032712], [139.346184, 37.034385], [139.347245, 37.03923], [139.348222, 37.04033], [139.352254, 37.04288], [139.352782, 37.044213], [139.353979, 37.045328], [139.353878, 37.045956], [139.352886, 37.046492], [139.353632, 37.047262]]}, "properties": {"route_id": "m023-r0", "mountain_no": 23, "mountain_name_ko": "아이즈코마가타케", "mountain_name_ja": "会津駒ヶ岳", "route_name_ja": "대표 등산로", "source": "way_graph", "distance_km": 7.0, "ascent_m": 887, "elev_start_m": 1262, "elev_end_m": 2117, "summit_elev_m": 2133, "trailhead_lat": 37.006025, "trailhead_lon": 139.355344, "summit_lat": 37.047262, "summit_lon": 139.353632, "point_count": 33, "score": 0, "is_primary": true}}, {"type": "Feature", "geometry": {"type": "LineString", "coordinates": [[139.315358, 37.016932], [139.316791, 37.01491], [139.318448, 37.013729], [139.318534, 37.012728], [139.320571, 37.009841], [139.322309, 37.008287], [139.323158, 37.009692], [139.327188, 37.011551], [139.328291, 37.013035], [139.331651, 37.014694], [139.334513, 37.017647], [139.335655, 37.021695], [139.336794, 37.022435], [139.339789, 37.022855], [139.341423, 37.023818], [139.343451, 37.028837], [139.345766, 37.031841], [139.347053, 37.032712], [139.346184, 37.034385], [139.347245, 37.03923], [139.348222, 37.04033], [139.352254, 37.04288], [139.352782, 37.044213], [139.353979, 37.045328], [139.353878, 37.045956], [139.352886, 37.046492], [139.353632, 37.047262]]}, "properties": {"route_id": "m023-r1", "mountain_no": 23, "mountain_name_ko": "아이즈코마가타케", "mountain_name_ja": "会津駒ヶ岳", "route_name_ja": "대표 등산로", "source": "way_graph", "distance_km": 7.0, "ascent_m": 616, "elev_start_m": 1653, "elev_end_m": 2117, "summit_elev_m": 2133, "trailhead_lat": 37.016932, "trailhead_lon": 139.315358, "summit_lat": 37.047262, "summit_lon": 139.353632, "point_count": 27, "score": 0, "is_primary": false}}, {"type": "Feature", "geometry": {"type": "LineString", "coordinates": [[139.3276, 37.001675], [139.3267, 37.00186], [139.325637, 37.002878], [139.32603, 37.004058], [139.322784, 37.00554], [139.322964, 37.006321], [139.32214, 37.007054], [139.322946, 37.009468], [139.327287, 37.011611], [139.328291, 37.013035], [139.331651, 37.014694], [139.3331, 37.015924], [139.335289, 37.019207], [139.335112, 37.020912], [139.335979, 37.021977], [139.338559, 37.022852], [139.339789, 37.022855], [139.341423, 37.023818], [139.343451, 37.028837], [139.345766, 37.031841], [139.347053, 37.032712], [139.346184, 37.034385], [139.347245, 37.03923], [139.348222, 37.04033], [139.352254, 37.04288], [139.352782, 37.044213], [139.353979, 37.045328], [139.353878, 37.045956], [139.352886, 37.046492], [139.353632, 37.047262]]}, "properties": {"route_id": "m023-r2", "mountain_no": 23, "mountain_name_ko": "아이즈코마가타케", "mountain_name_ja": "会津駒ヶ岳", "route_name_ja": "대표 등산로", "source": "way_graph", "distance_km": 7.01, "ascent_m": 551, "elev_start_m": 1715, "elev_end_m": 2117, "summit_elev_m": 2133, "trailhead_lat": 37.001675, "trailhead_lon": 139.3276, "summit_lat": 37.047262, "summit_lon": 139.353632, "point_count": 30, "score": 0, "is_primary": false}}, {"type": "Feature", "geometry": {"type": "LineString", "coordinates": [[139.310449, 37.002339], [139.311243, 37.002221], [139.312499, 37.003009], [139.316675, 37.0039], [139.317808, 37.004652], [139.321898, 37.005284], [139.322309, 37.008287], [139.323025, 37.009574], [139.327287, 37.011611], [139.328291, 37.013035], [139.331651, 37.014694], [139.3331, 37.015924], [139.335289, 37.019207], [139.335112, 37.020912], [139.335655, 37.021695], [139.336794, 37.022435], [139.339789, 37.022855], [139.341195, 37.023567], [139.343451, 37.028837], [139.345766, 37.031841], [139.347053, 37.032712], [139.346184, 37.034385], [139.347245, 37.03923], [139.348222, 37.04033], [139.352254, 37.04288], [139.352782, 37.044213], [139.353979, 37.045328], [139.353878, 37.045956], [139.352886, 37.046492], [139.353632, 37.047262]]}, "properties": {"route_id": "m023-r3", "mountain_no": 23, "mountain_name_ko": "아이즈코마가타케", "mountain_name_ja": "会津駒ヶ岳", "route_name_ja": "대표 등산로", "source": "way_graph", "distance_km": 7.29, "ascent_m": 483, "elev_start_m": 1857, "elev_end_m": 2117, "summit_elev_m": 2133, "trailhead_lat": 37.002339, "trailhead_lon": 139.310449, "summit_lat": 37.047262, "summit_lon": 139.353632, "point_count": 30, "score": 0, "is_primary": false}}, {"type": "Feature", "geometry": {"type": "LineString", "coordinates": [[139.052376, 37.094431], [139.055352, 37.093584], [139.056999, 37.091899], [139.061926, 37.09106], [139.063804, 37.089858], [139.064779, 37.089701], [139.067077, 37.090325], [139.068661, 37.089903], [139.070079, 37.090117], [139.072606, 37.089385], [139.075364, 37.087766], [139.076148, 37.086741], [139.077036, 37.086875], [139.079131, 37.088586], [139.080864, 37.091721], [139.078692, 37.098393], [139.078372, 37.105346], [139.079027, 37.106518], [139.077489, 37.109372], [139.078029, 37.115894], [139.07766, 37.11703], [139.075271, 37.118768], [139.075729, 37.120813], [139.075269, 37.123611]]}, "properties": {"route_id": "m025-r0", "mountain_no": 25, "mountain_name_ko": "魚沼駒ヶ岳", "mountain_name_ja": "魚沼駒ヶ岳", "route_name_ja": "대표 등산로", "source": "way_graph", "distance_km": 7.0, "ascent_m": 1228, "elev_start_m": 1273, "elev_end_m": 1983, "summit_elev_m": 2003, "trailhead_lat": 37.094431, "trailhead_lon": 139.052376, "summit_lat": 37.123611, "summit_lon": 139.075269, "point_count": 24, "score": 0, "is_primary": true}}, {"type": "Feature", "geometry": {"type": "LineString", "coordinates": [[139.12934, 37.150169], [139.128758, 37.149249], [139.126279, 37.147703], [139.121246, 37.146767], [139.118712, 37.143691], [139.117659, 37.139], [139.116667, 37.138011], [139.11373, 37.13663], [139.112517, 37.135011], [139.110542, 37.134809], [139.10799, 37.135288], [139.106684, 37.136021], [139.105596, 37.13501], [139.102458, 37.133752], [139.097432, 37.134658], [139.096876, 37.134231], [139.097009, 37.13298], [139.096034, 37.13193], [139.095822, 37.130328], [139.089668, 37.125904], [139.088164, 37.125938], [139.085464, 37.123905], [139.083472, 37.123207], [139.079352, 37.123025], [139.078616, 37.123495], [139.076963, 37.122462], [139.075492, 37.12225], [139.075269, 37.123611]]}, "properties": {"route_id": "m025-r1", "mountain_no": 25, "mountain_name_ko": "魚沼駒ヶ岳", "mountain_name_ja": "魚沼駒ヶ岳", "route_name_ja": "대표 등산로", "source": "way_graph", "distance_km": 7.0, "ascent_m": 993, "elev_start_m": 1091, "elev_end_m": 1985, "summit_elev_m": 2003, "trailhead_lat": 37.150169, "trailhead_lon": 139.12934, "summit_lat": 37.123611, "summit_lon": 139.075269, "point_count": 28, "score": 0, "is_primary": false}}, {"type": "Feature", "geometry": {"type": "LineString", "coordinates": [[139.092195, 37.071099], [139.089315, 37.071723], [139.086047, 37.073166], [139.084831, 37.07445], [139.083044, 37.074926], [139.081784, 37.076169], [139.08064, 37.078846], [139.07921, 37.079696], [139.078869, 37.081323], [139.077849, 37.082039], [139.077823, 37.084998], [139.076793, 37.086791], [139.079131, 37.088586], [139.080864, 37.091721], [139.078692, 37.098393], [139.078372, 37.105346], [139.079027, 37.106518], [139.077489, 37.109372], [139.078029, 37.115894], [139.07766, 37.11703], [139.075271, 37.118768], [139.075729, 37.120813], [139.075269, 37.123611]]}, "properties": {"route_id": "m025-r2", "mountain_no": 25, "mountain_name_ko": "魚沼駒ヶ岳", "mountain_name_ja": "魚沼駒ヶ岳", "route_name_ja": "대표 등산로", "source": "way_graph", "distance_km": 7.0, "ascent_m": 746, "elev_start_m": 1784, "elev_end_m": 1983, "summit_elev_m": 2003, "trailhead_lat": 37.071099, "trailhead_lon": 139.092195, "summit_lat": 37.123611, "summit_lon": 139.075269, "point_count": 23, "score": 0, "is_primary": false}}, {"type": "Feature", "geometry": {"type": "LineString", "coordinates": [[139.060804, 37.071992], [139.063288, 37.073045], [139.0641, 37.074016], [139.066242, 37.07471], [139.069137, 37.077421], [139.071446, 37.077948], [139.075507, 37.081088], [139.077849, 37.082039], [139.077823, 37.084998], [139.076793, 37.086791], [139.079131, 37.088586], [139.080864, 37.091721], [139.078692, 37.098393], [139.078372, 37.105346], [139.079027, 37.106518], [139.077489, 37.109372], [139.078029, 37.115894], [139.07766, 37.11703], [139.075271, 37.118768], [139.075729, 37.120813], [139.075269, 37.123611]]}, "properties": {"route_id": "m025-r3", "mountain_no": 25, "mountain_name_ko": "魚沼駒ヶ岳", "mountain_name_ja": "魚沼駒ヶ岳", "route_name_ja": "대표 등산로", "source": "way_graph", "distance_km": 7.01, "ascent_m": 948, "elev_start_m": 1526, "elev_end_m": 1983, "summit_elev_m": 2003, "trailhead_lat": 37.071992, "trailhead_lon": 139.060804, "summit_lat": 37.123611, "summit_lon": 139.075269, "point_count": 21, "score": 0, "is_primary": false}}, {"type": "Feature", "geometry": {"type": "LineString", "coordinates": [[139.22352, 37.032122], [139.222494, 37.03092], [139.222106, 37.029013], [139.220289, 37.027985], [139.218392, 37.025129], [139.218799, 37.023633], [139.217788, 37.017256], [139.214094, 37.015945], [139.212395, 37.016253], [139.210189, 37.016089], [139.209216, 37.015584], [139.206904, 37.01571], [139.199791, 37.014073], [139.196432, 37.014047], [139.194091, 37.013238], [139.190536, 37.013122], [139.182169, 37.010099], [139.177565, 37.010891], [139.177205, 37.009572], [139.173709, 37.00644], [139.173363, 37.005549], [139.173747, 37.004572], [139.172883, 37.003341], [139.171965, 37.002305], [139.170999, 37.002128]]}, "properties": {"route_id": "m026-r0", "mountain_no": 26, "mountain_name_ko": "平ヶ岳", "mountain_name_ja": "平ヶ岳", "route_name_ja": "대표 등산로", "source": "way_graph", "distance_km": 7.0, "ascent_m": 657, "elev_start_m": 1588, "elev_end_m": 2130, "summit_elev_m": 2141, "trailhead_lat": 37.032122, "trailhead_lon": 139.22352, "summit_lat": 37.002128, "summit_lon": 139.170999, "point_count": 25, "score": 0, "is_primary": true}}, {"type": "Feature", "geometry": {"type": "LineString", "coordinates": [[139.218189, 37.019204], [139.217905, 37.017324], [139.214094, 37.015945], [139.212395, 37.016253], [139.210189, 37.016089], [139.209216, 37.015584], [139.206904, 37.01571], [139.199791, 37.014073], [139.196432, 37.014047], [139.194091, 37.013238], [139.190536, 37.013122], [139.182169, 37.010099], [139.177565, 37.010891], [139.177205, 37.009572], [139.173709, 37.00644], [139.173363, 37.005549], [139.173747, 37.004572], [139.172883, 37.003341], [139.171965, 37.002305], [139.170999, 37.002128]]}, "properties": {"route_id": "m026-r1", "mountain_no": 26, "mountain_name_ko": "平ヶ岳", "mountain_name_ja": "平ヶ岳", "route_name_ja": "대표 등산로", "source": "way_graph", "distance_km": 5.35, "ascent_m": 559, "elev_start_m": 1684, "elev_end_m": 2130, "summit_elev_m": 2141, "trailhead_lat": 37.019204, "trailhead_lon": 139.218189, "summit_lat": 37.002128, "summit_lon": 139.170999, "point_count": 20, "score": 0, "is_primary": false}}, {"type": "Feature", "geometry": {"type": "LineString", "coordinates": [[139.24032, 37.034273], [139.238037, 37.032524], [139.236465, 37.032065], [139.233571, 37.032078], [139.230599, 37.031495], [139.224728, 37.03254], [139.223672, 37.032314], [139.222494, 37.03092], [139.222106, 37.029013], [139.220289, 37.027985], [139.218392, 37.025129], [139.218799, 37.023633], [139.218024, 37.017481], [139.216489, 37.016582], [139.214094, 37.015945], [139.212395, 37.016253], [139.210189, 37.016089], [139.209216, 37.015584], [139.206904, 37.01571], [139.199791, 37.014073], [139.196432, 37.014047], [139.194091, 37.013238], [139.190536, 37.013122], [139.182169, 37.010099], [139.177565, 37.010891], [139.177205, 37.009572], [139.173709, 37.00644], [139.173363, 37.005549], [139.173747, 37.004572], [139.172883, 37.003341], [139.171965, 37.002305], [139.170999, 37.002128]]}, "properties": {"route_id": "m026-r2", "mountain_no": 26, "mountain_name_ko": "平ヶ岳", "mountain_name_ja": "平ヶ岳", "route_name_ja": "대표 등산로", "source": "way_graph", "distance_km": 8.67, "ascent_m": 1169, "elev_start_m": 1076, "elev_end_m": 2130, "summit_elev_m": 2141, "trailhead_lat": 37.034273, "trailhead_lon": 139.24032, "summit_lat": 37.002128, "summit_lon": 139.170999, "point_count": 32, "score": 0, "is_primary": false}}, {"type": "Feature", "geometry": {"type": "LineString", "coordinates": [[139.15387, 37.022266], [139.154157, 37.020963], [139.15541, 37.019938], [139.155809, 37.018959], [139.156729, 37.019089], [139.157515, 37.018334], [139.161318, 37.018085], [139.164827, 37.01571], [139.1651, 37.014498], [139.167785, 37.011671], [139.168598, 37.010126], [139.171599, 37.010234], [139.171674, 37.009947], [139.172769, 37.010431], [139.174791, 37.010317], [139.174679, 37.009225], [139.175558, 37.008187], [139.173709, 37.00644], [139.173363, 37.005549], [139.173747, 37.004572], [139.172883, 37.003341], [139.171965, 37.002305], [139.170999, 37.002128]]}, "properties": {"route_id": "m026-r3", "mountain_no": 26, "mountain_name_ko": "平ヶ岳", "mountain_name_ja": "平ヶ岳", "route_name_ja": "대표 등산로", "source": "way_graph", "distance_km": 3.96, "ascent_m": 880, "elev_start_m": 1276, "elev_end_m": 2130, "summit_elev_m": 2141, "trailhead_lat": 37.022266, "trailhead_lon": 139.15387, "summit_lat": 37.002128, "summit_lon": 139.170999, "point_count": 23, "score": 0, "is_primary": false}}, {"type": "Feature", "geometry": {"type": "LineString", "coordinates": [[138.976317, 36.921748], [138.97394, 36.924483], [138.971918, 36.925673], [138.970857, 36.92729], [138.966849, 36.931132], [138.966655, 36.938746], [138.965811, 36.940828], [138.965858, 36.943494], [138.965005, 36.944888], [138.965368, 36.946175], [138.964405, 36.948509], [138.963937, 36.952672], [138.964548, 36.954983], [138.966202, 36.9571], [138.965498, 36.961048], [138.966067, 36.965873], [138.965516, 36.967362], [138.966599, 36.971121], [138.968639, 36.973724], [138.968167, 36.975897], [138.968666, 36.977073], [138.966821, 36.978388]]}, "properties": {"route_id": "m027-r0", "mountain_no": 27, "mountain_name_ko": "마키하타야마", "mountain_name_ja": "巻機山", "route_name_ja": "대표 등산로", "source": "way_graph", "distance_km": 7.01, "ascent_m": 697, "elev_start_m": 1582, "elev_end_m": 1950, "summit_elev_m": 1967, "trailhead_lat": 36.921748, "trailhead_lon": 138.976317, "summit_lat": 36.978388, "summit_lon": 138.966821, "point_count": 22, "score": 0, "is_primary": true}}, {"type": "Feature", "geometry": {"type": "LineString", "coordinates": [[138.966823, 36.932911], [138.966655, 36.938746], [138.965811, 36.940828], [138.965858, 36.943494], [138.965005, 36.944888], [138.965368, 36.946175], [138.964405, 36.948509], [138.963937, 36.952672], [138.964548, 36.954983], [138.966202, 36.9571], [138.965498, 36.961048], [138.966067, 36.965873], [138.965516, 36.967362], [138.966599, 36.971121], [138.968639, 36.973724], [138.968167, 36.975897], [138.968666, 36.977073], [138.966821, 36.978388]]}, "properties": {"route_id": "m027-r1", "mountain_no": 27, "mountain_name_ko": "마키하타야마", "mountain_name_ja": "巻機山", "route_name_ja": "대표 등산로", "source": "way_graph", "distance_km": 5.42, "ascent_m": 411, "elev_start_m": 1833, "elev_end_m": 1950, "summit_elev_m": 1967, "trailhead_lat": 36.932911, "trailhead_lon": 138.966823, "summit_lat": 36.978388, "summit_lon": 138.966821, "point_count": 18, "score": 0, "is_primary": false}}, {"type": "Feature", "geometry": {"type": "LineString", "coordinates": [[138.965209, 36.946419], [138.964405, 36.948509], [138.963937, 36.952672], [138.964548, 36.954983], [138.966202, 36.9571], [138.965498, 36.961048], [138.966067, 36.965873], [138.965516, 36.967362], [138.966599, 36.971121], [138.968639, 36.973724], [138.968167, 36.975897], [138.968666, 36.977073], [138.966821, 36.978388]]}, "properties": {"route_id": "m027-r2", "mountain_no": 27, "mountain_name_ko": "마키하타야마", "mountain_name_ja": "巻機山", "route_name_ja": "대표 등산로", "source": "way_graph", "distance_km": 3.86, "ascent_m": 351, "elev_start_m": 1784, "elev_end_m": 1950, "summit_elev_m": 1967, "trailhead_lat": 36.946419, "trailhead_lon": 138.965209, "summit_lat": 36.978388, "summit_lon": 138.966821, "point_count": 13, "score": 0, "is_primary": false}}, {"type": "Feature", "geometry": {"type": "LineString", "coordinates": [[139.251114, 36.95973], [139.250719, 36.959286], [139.251784, 36.957291], [139.251766, 36.954419], [139.250799, 36.953128], [139.248901, 36.952124], [139.24789, 36.946694], [139.248098, 36.944976], [139.250549, 36.941391], [139.2518, 36.94044], [139.257581, 36.942695], [139.25999, 36.942603], [139.261545, 36.943176], [139.263703, 36.945487], [139.26718, 36.947774], [139.274596, 36.948203], [139.275476, 36.948732], [139.276665, 36.948524], [139.279746, 36.948981], [139.282686, 36.950179], [139.283893, 36.950192], [139.284617, 36.951107], [139.284086, 36.953389], [139.285136, 36.955017], [139.288485, 36.95513], [139.288411, 36.953426]]}, "properties": {"route_id": "m028-r0", "mountain_no": 28, "mountain_name_ko": "히우치가타케", "mountain_name_ja": "燧岳", "route_name_ja": "대표 등산로", "source": "way_graph", "distance_km": 7.0, "ascent_m": 987, "elev_start_m": 1367, "elev_end_m": 2262, "summit_elev_m": 2356, "trailhead_lat": 36.95973, "trailhead_lon": 139.251114, "summit_lat": 36.953426, "summit_lon": 139.288411, "point_count": 26, "score": 0, "is_primary": true}}, {"type": "Feature", "geometry": {"type": "LineString", "coordinates": [[139.258173, 36.920923], [139.258534, 36.923921], [139.260039, 36.927343], [139.260461, 36.929709], [139.260161, 36.932588], [139.25884, 36.933987], [139.256522, 36.934904], [139.255589, 36.937718], [139.253412, 36.939179], [139.252965, 36.940267], [139.253972, 36.940488], [139.254681, 36.941529], [139.256827, 36.942467], [139.259098, 36.942846], [139.25999, 36.942603], [139.261545, 36.943176], [139.263703, 36.945487], [139.26718, 36.947774], [139.274596, 36.948203], [139.275476, 36.948732], [139.276665, 36.948524], [139.279746, 36.948981], [139.282686, 36.950179], [139.283893, 36.950192], [139.284617, 36.951107], [139.284086, 36.953389], [139.285136, 36.955017], [139.288485, 36.95513], [139.288411, 36.953426]]}, "properties": {"route_id": "m028-r1", "mountain_no": 28, "mountain_name_ko": "히우치가타케", "mountain_name_ja": "燧岳", "route_name_ja": "대표 등산로", "source": "way_graph", "distance_km": 7.0, "ascent_m": 906, "elev_start_m": 1501, "elev_end_m": 2262, "summit_elev_m": 2356, "trailhead_lat": 36.920923, "trailhead_lon": 139.258173, "summit_lat": 36.953426, "summit_lon": 139.288411, "point_count": 29, "score": 0, "is_primary": false}}, {"type": "Feature", "geometry": {"type": "LineString", "coordinates": [[139.33046, 36.943814], [139.33048, 36.942969], [139.327477, 36.941464], [139.328435, 36.941083], [139.325167, 36.938472], [139.320187, 36.935753], [139.318594, 36.933952], [139.318109, 36.931412], [139.316453, 36.929163], [139.315158, 36.929856], [139.314016, 36.929716], [139.313524, 36.930301], [139.313748, 36.931327], [139.312602, 36.932219], [139.307849, 36.932746], [139.306061, 36.933998], [139.301788, 36.934424], [139.298554, 36.935842], [139.297371, 36.935359], [139.295692, 36.936127], [139.293752, 36.935654], [139.292857, 36.938451], [139.292902, 36.940698], [139.291062, 36.945492], [139.291258, 36.948381], [139.289171, 36.951028], [139.289222, 36.952477], [139.288411, 36.953426]]}, "properties": {"route_id": "m028-r2", "mountain_no": 28, "mountain_name_ko": "히우치가타케", "mountain_name_ja": "燧岳", "route_name_ja": "대표 등산로", "source": "way_graph", "distance_km": 6.99, "ascent_m": 625, "elev_start_m": 1791, "elev_end_m": 2258, "summit_elev_m": 2356, "trailhead_lat": 36.943814, "trailhead_lon": 139.33046, "summit_lat": 36.953426, "summit_lon": 139.288411, "point_count": 28, "score": 0, "is_primary": false}}, {"type": "Feature", "geometry": {"type": "LineString", "coordinates": [[139.230188, 36.936822], [139.236948, 36.931952], [139.238321, 36.932533], [139.239005, 36.933719], [139.241672, 36.935439], [139.252608, 36.940882], [139.257581, 36.942695], [139.25999, 36.942603], [139.261545, 36.943176], [139.263703, 36.945487], [139.26718, 36.947774], [139.274596, 36.948203], [139.275476, 36.948732], [139.276665, 36.948524], [139.279746, 36.948981], [139.282686, 36.950179], [139.283893, 36.950192], [139.284617, 36.951107], [139.284086, 36.953389], [139.285267, 36.95506], [139.288514, 36.955115], [139.288411, 36.953426]]}, "properties": {"route_id": "m028-r3", "mountain_no": 28, "mountain_name_ko": "히우치가타케", "mountain_name_ja": "燧岳", "route_name_ja": "대표 등산로", "source": "way_graph", "distance_km": 6.99, "ascent_m": 936, "elev_start_m": 1402, "elev_end_m": 2262, "summit_elev_m": 2356, "trailhead_lat": 36.936822, "trailhead_lon": 139.230188, "summit_lat": 36.953426, "summit_lon": 139.288411, "point_count": 22, "score": 0, "is_primary": false}}, {"type": "Feature", "geometry": {"type": "LineString", "coordinates": [[139.19569, 36.9157751], [139.19364, 36.9151073], [139.1843177, 36.9083947], [139.1796443, 36.9055851], [139.1788396, 36.905495], [139.1783719, 36.9047055], [139.1736811, 36.9030483], [139.1732144, 36.9034697]]}, "properties": {"route_id": "m029-r0", "mountain_no": 29, "mountain_name_ko": "시부쓰산", "mountain_name_ja": "至仏山", "route_name_ja": "Mt. Shibutsu Loop", "source": "relation", "distance_km": 2.71, "ascent_m": 791, "elev_start_m": 1410, "elev_end_m": 2204, "summit_elev_m": 2228, "trailhead_lat": 36.9157751, "trailhead_lon": 139.19569, "summit_lat": 36.9034697, "summit_lon": 139.1732144, "point_count": 8, "score": 41.96824246114771, "is_primary": true}}, {"type": "Feature", "geometry": {"type": "LineString", "coordinates": [[138.876357, 36.837337], [138.876991, 36.834373], [138.879078, 36.832052], [138.87773, 36.83074], [138.877199, 36.829024], [138.878473, 36.827604], [138.87975, 36.824985], [138.884394, 36.826175], [138.886758, 36.825345], [138.890064, 36.826328], [138.893339, 36.826655], [138.894993, 36.826378], [138.897205, 36.827042], [138.89841, 36.826873], [138.900039, 36.827314], [138.902523, 36.827037], [138.903733, 36.827517], [138.909428, 36.827807], [138.911875, 36.828385], [138.912653, 36.829264], [138.917467, 36.829791], [138.921302, 36.831099], [138.923731, 36.831131], [138.929615, 36.832881], [138.930095, 36.837346]]}, "properties": {"route_id": "m030-r0", "mountain_no": 30, "mountain_name_ko": "다니가와다케", "mountain_name_ja": "谷川岳", "route_name_ja": "대표 등산로", "source": "way_graph", "distance_km": 7.0, "ascent_m": 957, "elev_start_m": 1449, "elev_end_m": 1940, "summit_elev_m": 1977, "trailhead_lat": 36.837337, "trailhead_lon": 138.876357, "summit_lat": 36.837346, "summit_lon": 138.930095, "point_count": 25, "score": 0, "is_primary": true}}, {"type": "Feature", "geometry": {"type": "LineString", "coordinates": [[138.91772, 36.885533], [138.92063, 36.883805], [138.923074, 36.883517], [138.921567, 36.879596], [138.921881, 36.878541], [138.918158, 36.874036], [138.918214, 36.872177], [138.917235, 36.87086], [138.918817, 36.867875], [138.9216, 36.865798], [138.922625, 36.863446], [138.922027, 36.860625], [138.918031, 36.856687], [138.917314, 36.855008], [138.917335, 36.85322], [138.916335, 36.852286], [138.916189, 36.850752], [138.916731, 36.849148], [138.923618, 36.847463], [138.924891, 36.846809], [138.927771, 36.839651], [138.92943, 36.838463], [138.930095, 36.837346]]}, "properties": {"route_id": "m030-r1", "mountain_no": 30, "mountain_name_ko": "다니가와다케", "mountain_name_ja": "谷川岳", "route_name_ja": "대표 등산로", "source": "way_graph", "distance_km": 7.0, "ascent_m": 839, "elev_start_m": 1433, "elev_end_m": 1937, "summit_elev_m": 1977, "trailhead_lat": 36.885533, "trailhead_lon": 138.91772, "summit_lat": 36.837346, "summit_lon": 138.930095, "point_count": 23, "score": 0, "is_primary": false}}, {"type": "Feature", "geometry": {"type": "LineString", "coordinates": [[138.925367, 36.872164], [138.923499, 36.87205], [138.923636, 36.872598], [138.922342, 36.872954], [138.922859, 36.873772], [138.921202, 36.873964], [138.921053, 36.87547], [138.920678, 36.875409], [138.92099, 36.877808], [138.918158, 36.874036], [138.918214, 36.872177], [138.917276, 36.871254], [138.917226, 36.870328], [138.918817, 36.867875], [138.9216, 36.865798], [138.922625, 36.863446], [138.922307, 36.861136], [138.918031, 36.856687], [138.917314, 36.855008], [138.917335, 36.85322], [138.916335, 36.852286], [138.916189, 36.850752], [138.916731, 36.849148], [138.923618, 36.847463], [138.924891, 36.846809], [138.927771, 36.839651], [138.92943, 36.838463], [138.930095, 36.837346]]}, "properties": {"route_id": "m030-r2", "mountain_no": 30, "mountain_name_ko": "다니가와다케", "mountain_name_ja": "谷川岳", "route_name_ja": "대표 등산로", "source": "way_graph", "distance_km": 7.01, "ascent_m": 895, "elev_start_m": 1355, "elev_end_m": 1937, "summit_elev_m": 1977, "trailhead_lat": 36.872164, "trailhead_lon": 138.925367, "summit_lat": 36.837346, "summit_lon": 138.930095, "point_count": 28, "score": 0, "is_primary": false}}, {"type": "Feature", "geometry": {"type": "LineString", "coordinates": [[138.867575, 36.817209], [138.870064, 36.817433], [138.873103, 36.818633], [138.87554, 36.818757], [138.877175, 36.821259], [138.879178, 36.82293], [138.879668, 36.824998], [138.881859, 36.825701], [138.884736, 36.826163], [138.886758, 36.825345], [138.890064, 36.826328], [138.893339, 36.826655], [138.894993, 36.826378], [138.897205, 36.827042], [138.89841, 36.826873], [138.900039, 36.827314], [138.902523, 36.827037], [138.903733, 36.827517], [138.909428, 36.827807], [138.911875, 36.828385], [138.912653, 36.829264], [138.917241, 36.829745], [138.921302, 36.831099], [138.923266, 36.831029], [138.927867, 36.832535], [138.929015, 36.832475], [138.929615, 36.832881], [138.930095, 36.837346]]}, "properties": {"route_id": "m030-r3", "mountain_no": 30, "mountain_name_ko": "다니가와다케", "mountain_name_ja": "谷川岳", "route_name_ja": "대표 등산로", "source": "way_graph", "distance_km": 6.99, "ascent_m": 787, "elev_start_m": 1632, "elev_end_m": 1940, "summit_elev_m": 1977, "trailhead_lat": 36.817209, "trailhead_lon": 138.867575, "summit_lat": 36.837346, "summit_lon": 138.930095, "point_count": 28, "score": 0, "is_primary": false}}, {"type": "Feature", "geometry": {"type": "LineString", "coordinates": [[138.068556, 36.922804], [138.069265, 36.923246], [138.070361, 36.922548], [138.072466, 36.92256], [138.075736, 36.92137], [138.077746, 36.921164], [138.07788, 36.920303], [138.07969, 36.919268], [138.081711, 36.916235], [138.079974, 36.913845], [138.08127, 36.912245], [138.083792, 36.910622], [138.086221, 36.910247], [138.088982, 36.911233], [138.091086, 36.909556], [138.090909, 36.90912], [138.093071, 36.908599], [138.096115, 36.909114], [138.098798, 36.90762], [138.099276, 36.906862], [138.100625, 36.90699], [138.102998, 36.90557], [138.104668, 36.903714], [138.106269, 36.902824], [138.106088, 36.900703], [138.10787, 36.899279], [138.1078, 36.897806], [138.108495, 36.897378], [138.109018, 36.895791], [138.11022, 36.894834], [138.113319, 36.893893], [138.113663, 36.893283], [138.112769, 36.892158], [138.113432, 36.891338]]}, "properties": {"route_id": "m033-r0", "mountain_no": 33, "mountain_name_ko": "묘코산", "mountain_name_ja": "妙高山", "route_name_ja": "대표 등산로", "source": "way_graph", "distance_km": 7.0, "ascent_m": 614, "elev_start_m": 2440, "elev_end_m": 2418, "summit_elev_m": 2454, "trailhead_lat": 36.922804, "trailhead_lon": 138.068556, "summit_lat": 36.891338, "summit_lon": 138.113432, "point_count": 34, "score": 0, "is_primary": true}}, {"type": "Feature", "geometry": {"type": "LineString", "coordinates": [[138.079188, 36.878516], [138.078764, 36.879162], [138.080054, 36.883893], [138.082322, 36.885889], [138.082058, 36.888561], [138.082579, 36.888381], [138.083163, 36.889051], [138.084225, 36.888663], [138.08453, 36.88892], [138.084312, 36.890993], [138.08494, 36.892206], [138.083278, 36.895524], [138.084451, 36.896113], [138.085183, 36.897731], [138.086276, 36.898679], [138.087684, 36.898825], [138.090084, 36.898169], [138.091053, 36.89887], [138.091451, 36.898651], [138.095845, 36.902487], [138.101611, 36.906159], [138.102998, 36.90557], [138.104668, 36.903714], [138.105924, 36.903258], [138.106363, 36.902578], [138.106088, 36.900703], [138.10787, 36.899279], [138.1078, 36.897806], [138.108495, 36.897378], [138.108495, 36.896592], [138.11022, 36.894834], [138.113319, 36.893893], [138.113663, 36.893283], [138.112769, 36.892158], [138.113432, 36.891338]]}, "properties": {"route_id": "m033-r1", "mountain_no": 33, "mountain_name_ko": "묘코산", "mountain_name_ja": "妙高山", "route_name_ja": "대표 등산로", "source": "way_graph", "distance_km": 7.0, "ascent_m": 1160, "elev_start_m": 1447, "elev_end_m": 2418, "summit_elev_m": 2454, "trailhead_lat": 36.878516, "trailhead_lon": 138.079188, "summit_lat": 36.891338, "summit_lon": 138.113432, "point_count": 35, "score": 0, "is_primary": false}}, {"type": "Feature", "geometry": {"type": "LineString", "coordinates": [[138.154872, 36.906737], [138.153842, 36.906201], [138.153725, 36.906526], [138.150048, 36.906757], [138.148256, 36.907556], [138.146348, 36.909756], [138.144743, 36.909761], [138.144618, 36.909054], [138.143037, 36.908913], [138.139251, 36.909628], [138.138533, 36.910368], [138.137088, 36.910508], [138.133668, 36.911854], [138.132135, 36.911104], [138.130094, 36.910882], [138.128045, 36.911234], [138.125844, 36.910778], [138.121238, 36.910975], [138.120298, 36.910392], [138.120804, 36.910006], [138.119185, 36.907827], [138.118349, 36.906964], [138.116886, 36.90657], [138.113809, 36.902737], [138.112576, 36.901984], [138.111244, 36.902126], [138.108592, 36.900384], [138.108495, 36.896592], [138.11022, 36.894834], [138.113319, 36.893893], [138.113663, 36.893283], [138.112769, 36.892158], [138.113432, 36.891338]]}, "properties": {"route_id": "m033-r2", "mountain_no": 33, "mountain_name_ko": "묘코산", "mountain_name_ja": "妙高山", "route_name_ja": "대표 등산로", "source": "way_graph", "distance_km": 6.86, "ascent_m": 1492, "elev_start_m": 1124, "elev_end_m": 2418, "summit_elev_m": 2454, "trailhead_lat": 36.906737, "trailhead_lon": 138.154872, "summit_lat": 36.891338, "summit_lon": 138.113432, "point_count": 33, "score": 0, "is_primary": false}}, {"type": "Feature", "geometry": {"type": "LineString", "coordinates": [[138.128182, 36.896146], [138.12851, 36.898602], [138.129622, 36.899298], [138.130951, 36.901076], [138.133988, 36.901427], [138.138072, 36.902552], [138.137002, 36.902757], [138.137066, 36.903351], [138.135607, 36.90417], [138.135987, 36.904593], [138.135496, 36.905026], [138.133159, 36.905632], [138.131621, 36.905475], [138.130776, 36.906705], [138.12816, 36.90767], [138.12799, 36.908099], [138.125935, 36.908282], [138.123993, 36.906811], [138.121339, 36.908682], [138.119957, 36.90878], [138.118349, 36.906964], [138.116886, 36.90657], [138.11357, 36.90254], [138.112363, 36.901944], [138.111244, 36.902126], [138.108592, 36.900384], [138.108495, 36.896592], [138.11022, 36.894834], [138.113319, 36.893893], [138.113663, 36.893283], [138.112769, 36.892158], [138.113432, 36.891338]]}, "properties": {"route_id": "m033-r3", "mountain_no": 33, "mountain_name_ko": "묘코산", "mountain_name_ja": "妙高山", "route_name_ja": "대표 등산로", "source": "way_graph", "distance_km": 6.42, "ascent_m": 1112, "elev_start_m": 1611, "elev_end_m": 2418, "summit_elev_m": 2454, "trailhead_lat": 36.896146, "trailhead_lon": 138.128182, "summit_lat": 36.891338, "summit_lon": 138.113432, "point_count": 32, "score": 0, "is_primary": false}}, {"type": "Feature", "geometry": {"type": "LineString", "coordinates": [[138.014468, 36.905891], [138.014574, 36.907728], [138.015504, 36.909401], [138.01529, 36.910558], [138.016098, 36.911186], [138.017427, 36.911283], [138.019658, 36.910615], [138.020579, 36.911523], [138.023425, 36.912049], [138.024581, 36.913531], [138.025864, 36.914223], [138.025982, 36.914981], [138.027924, 36.917063], [138.027758, 36.918256], [138.026806, 36.91925], [138.027298, 36.91932], [138.026843, 36.919515], [138.026964, 36.920297], [138.027864, 36.921016], [138.029346, 36.920458], [138.031392, 36.921389], [138.033515, 36.921568], [138.034425, 36.920739], [138.035422, 36.920589], [138.036302, 36.921242], [138.037826, 36.920683], [138.039812, 36.918545], [138.041103, 36.918288], [138.043635, 36.91877], [138.044707, 36.919801], [138.047007, 36.919494], [138.048844, 36.920728], [138.050915, 36.921275], [138.053568, 36.921633], [138.059431, 36.920368], [138.06233, 36.92051], [138.065769, 36.922144], [138.068106, 36.922668]]}, "properties": {"route_id": "m034-r0", "mountain_no": 34, "mountain_name_ko": "히우치산", "mountain_name_ja": "火打山", "route_name_ja": "대표 등산로", "source": "way_graph", "distance_km": 7.0, "ascent_m": 860, "elev_start_m": 2171, "elev_end_m": 2449, "summit_elev_m": 2462, "trailhead_lat": 36.905891, "trailhead_lon": 138.014468, "summit_lat": 36.922668, "summit_lon": 138.068106, "point_count": 38, "score": 0, "is_primary": true}}, {"type": "Feature", "geometry": {"type": "LineString", "coordinates": [[138.041527, 36.906773], [138.041044, 36.907837], [138.041574, 36.908844], [138.040391, 36.909474], [138.039232, 36.909468], [138.039262, 36.909996], [138.037522, 36.910911], [138.036935, 36.912122], [138.037229, 36.912394], [138.034985, 36.914834], [138.033299, 36.915739], [138.031187, 36.915464], [138.027924, 36.917063], [138.027758, 36.918256], [138.026806, 36.91925], [138.027298, 36.91932], [138.026843, 36.919515], [138.026964, 36.920297], [138.027864, 36.921016], [138.029346, 36.920458], [138.031392, 36.921389], [138.033515, 36.921568], [138.034425, 36.920739], [138.035422, 36.920589], [138.036302, 36.921242], [138.037826, 36.920683], [138.039812, 36.918545], [138.041103, 36.918288], [138.043635, 36.91877], [138.044707, 36.919801], [138.047007, 36.919494], [138.048844, 36.920728], [138.050915, 36.921275], [138.053568, 36.921633], [138.059431, 36.920368], [138.06233, 36.92051], [138.065769, 36.922144], [138.068106, 36.922668]]}, "properties": {"route_id": "m034-r1", "mountain_no": 34, "mountain_name_ko": "히우치산", "mountain_name_ja": "火打山", "route_name_ja": "대표 등산로", "source": "way_graph", "distance_km": 7.0, "ascent_m": 1292, "elev_start_m": 1583, "elev_end_m": 2449, "summit_elev_m": 2462, "trailhead_lat": 36.906773, "trailhead_lon": 138.041527, "summit_lat": 36.922668, "summit_lon": 138.068106, "point_count": 38, "score": 0, "is_primary": false}}, {"type": "Feature", "geometry": {"type": "LineString", "coordinates": [[138.124548, 36.910778], [138.119575, 36.911123], [138.117625, 36.910327], [138.116051, 36.910443], [138.112214, 36.908816], [138.109545, 36.909542], [138.10498, 36.907222], [138.104492, 36.907375], [138.101611, 36.906159], [138.100625, 36.90699], [138.099276, 36.906862], [138.098798, 36.90762], [138.096115, 36.909114], [138.093071, 36.908599], [138.090909, 36.90912], [138.091086, 36.909556], [138.088982, 36.911233], [138.086221, 36.910247], [138.083792, 36.910622], [138.08127, 36.912245], [138.079974, 36.913845], [138.081711, 36.916235], [138.07969, 36.919268], [138.07788, 36.920303], [138.077746, 36.921164], [138.075736, 36.92137], [138.072466, 36.92256], [138.070361, 36.922548], [138.069265, 36.923246], [138.068106, 36.922668]]}, "properties": {"route_id": "m034-r2", "mountain_no": 34, "mountain_name_ko": "히우치산", "mountain_name_ja": "火打山", "route_name_ja": "대표 등산로", "source": "way_graph", "distance_km": 7.0, "ascent_m": 710, "elev_start_m": 1842, "elev_end_m": 2448, "summit_elev_m": 2462, "trailhead_lat": 36.910778, "trailhead_lon": 138.124548, "summit_lat": 36.922668, "summit_lon": 138.068106, "point_count": 30, "score": 0, "is_primary": false}}, {"type": "Feature", "geometry": {"type": "LineString", "coordinates": [[138.113271, 36.891709], [138.112769, 36.892158], [138.113663, 36.893283], [138.113319, 36.893893], [138.11022, 36.894834], [138.109018, 36.895791], [138.108495, 36.897378], [138.1078, 36.897806], [138.10787, 36.899279], [138.106088, 36.900703], [138.106269, 36.902824], [138.104668, 36.903714], [138.102998, 36.90557], [138.100625, 36.90699], [138.099276, 36.906862], [138.098798, 36.90762], [138.096115, 36.909114], [138.093071, 36.908599], [138.090909, 36.90912], [138.091086, 36.909556], [138.088982, 36.911233], [138.086221, 36.910247], [138.083792, 36.910622], [138.08127, 36.912245], [138.079974, 36.913845], [138.081711, 36.916235], [138.07969, 36.919268], [138.07788, 36.920303], [138.077746, 36.921164], [138.075736, 36.92137], [138.072466, 36.92256], [138.070361, 36.922548], [138.069265, 36.923246], [138.068106, 36.922668]]}, "properties": {"route_id": "m034-r3", "mountain_no": 34, "mountain_name_ko": "히우치산", "mountain_name_ja": "火打山", "route_name_ja": "대표 등산로", "source": "way_graph", "distance_km": 7.0, "ascent_m": 615, "elev_start_m": 2429, "elev_end_m": 2448, "summit_elev_m": 2462, "trailhead_lat": 36.891709, "trailhead_lon": 138.113271, "summit_lat": 36.922668, "summit_lon": 138.068106, "point_count": 34, "score": 0, "is_primary": false}}, {"type": "Feature", "geometry": {"type": "LineString", "coordinates": [[139.4869545, 36.7411931], [139.4867902, 36.7421758], [139.4879997, 36.744319], [139.4878853, 36.7455608], [139.4891526, 36.7472331], [139.4889894, 36.7476898], [139.490029, 36.747895], [139.489306, 36.749727], [139.4925739, 36.7497041], [139.4909006, 36.7489979], [139.4927161, 36.7489481], [139.4909188, 36.7484772], [139.4902033, 36.7488578], [139.4899331, 36.748386], [139.488749, 36.748175], [139.490029, 36.747895], [139.4891169, 36.7498953], [139.4897581, 36.7516106], [139.4894853, 36.7523447], [139.490002, 36.7526334], [139.4893734, 36.7537102], [139.489949, 36.7546731], [139.4893589, 36.757394], [139.4897013, 36.7577266], [139.4889693, 36.7587453], [139.48912, 36.761519]]}, "properties": {"route_id": "m036-r0", "mountain_no": 36, "mountain_name_ko": "난타이산", "mountain_name_ja": "男体山", "route_name_ja": "男体山表登山道", "source": "relation", "distance_km": 4.7, "ascent_m": 1172, "elev_start_m": 1286, "elev_end_m": 2364, "summit_elev_m": 2486, "trailhead_lat": 36.7411931, "trailhead_lon": 139.4869545, "summit_lat": 36.761519, "summit_lon": 139.48912, "point_count": 26, "score": 33.725532819388434, "is_primary": true}}, {"type": "Feature", "geometry": {"type": "LineString", "coordinates": [[139.5012123, 36.783694], [139.5003971, 36.782604], [139.4998955, 36.7829576], [139.4983158, 36.7827746], [139.495752, 36.7766624], [139.4921468, 36.7746403], [139.4921763, 36.7715901], [139.4929364, 36.771509], [139.4940091, 36.7683396], [139.4931006, 36.7669793], [139.4908278, 36.7651689]]}, "properties": {"route_id": "m036-r1", "mountain_no": 36, "mountain_name_ko": "난타이산", "mountain_name_ja": "男体山", "route_name_ja": "男体山志津登山道", "source": "relation", "distance_km": 2.88, "ascent_m": 678, "elev_start_m": 1789, "elev_end_m": 2472, "summit_elev_m": 2486, "trailhead_lat": 36.783694, "trailhead_lon": 139.5012123, "summit_lat": 36.7651689, "summit_lon": 139.4908278, "point_count": 11, "score": 26.495470436456408, "is_primary": false}}, {"type": "Feature", "geometry": {"type": "LineString", "coordinates": [[139.401835, 36.831163], [139.403627, 36.831218], [139.405739, 36.82998], [139.404997, 36.828507], [139.406153, 36.827527], [139.406161, 36.826873], [139.405245, 36.825567], [139.405198, 36.823994], [139.402483, 36.822962], [139.401281, 36.821654], [139.398815, 36.821504], [139.398536, 36.820999], [139.396338, 36.820364], [139.395766, 36.819297], [139.393759, 36.81803], [139.392922, 36.816451], [139.391469, 36.816097], [139.39081, 36.813456], [139.392422, 36.809367], [139.389368, 36.806714], [139.38856, 36.804856], [139.387707, 36.805232], [139.385879, 36.804971], [139.383997, 36.8057], [139.382713, 36.805366], [139.382217, 36.804668], [139.379535, 36.80437], [139.377469, 36.803037], [139.376143, 36.803982], [139.374197, 36.803851], [139.374041, 36.803404], [139.375053, 36.802723], [139.375653, 36.801457], [139.375044, 36.799724], [139.376043, 36.799068], [139.375888, 36.798167], [139.374945, 36.797559]]}, "properties": {"route_id": "m037-r0", "mountain_no": 37, "mountain_name_ko": "닛코시라네산", "mountain_name_ja": "奥白根山", "route_name_ja": "대표 등산로", "source": "way_graph", "distance_km": 7.0, "ascent_m": 789, "elev_start_m": 2258, "elev_end_m": 2542, "summit_elev_m": 2578, "trailhead_lat": 36.831163, "trailhead_lon": 139.401835, "summit_lat": 36.797559, "summit_lon": 139.374945, "point_count": 37, "score": 0, "is_primary": true}}, {"type": "Feature", "geometry": {"type": "LineString", "coordinates": [[139.380997, 36.82175], [139.384293, 36.823217], [139.387897, 36.822009], [139.390288, 36.820006], [139.390623, 36.820457], [139.392159, 36.820418], [139.393111, 36.819576], [139.394155, 36.819677], [139.395044, 36.819165], [139.393759, 36.81803], [139.392922, 36.816451], [139.391469, 36.816097], [139.3912, 36.815662], [139.391471, 36.814952], [139.39081, 36.813456], [139.392422, 36.809367], [139.389368, 36.806714], [139.38856, 36.804856], [139.387707, 36.805232], [139.385879, 36.804971], [139.383997, 36.8057], [139.382713, 36.805366], [139.382217, 36.804668], [139.379535, 36.80437], [139.377469, 36.803037], [139.376143, 36.803982], [139.374197, 36.803851], [139.374041, 36.803404], [139.375053, 36.802723], [139.375653, 36.801457], [139.375044, 36.799724], [139.376043, 36.799068], [139.375888, 36.798167], [139.374945, 36.797559]]}, "properties": {"route_id": "m037-r1", "mountain_no": 37, "mountain_name_ko": "닛코시라네산", "mountain_name_ja": "奥白根山", "route_name_ja": "대표 등산로", "source": "way_graph", "distance_km": 6.13, "ascent_m": 997, "elev_start_m": 1752, "elev_end_m": 2542, "summit_elev_m": 2578, "trailhead_lat": 36.82175, "trailhead_lon": 139.380997, "summit_lat": 36.797559, "summit_lon": 139.374945, "point_count": 34, "score": 0, "is_primary": false}}, {"type": "Feature", "geometry": {"type": "LineString", "coordinates": [[139.415745, 36.807622], [139.413594, 36.80817], [139.411055, 36.807671], [139.410383, 36.808225], [139.408786, 36.808405], [139.407312, 36.80827], [139.405218, 36.806939], [139.399414, 36.808769], [139.396112, 36.808635], [139.392439, 36.809949], [139.392171, 36.808947], [139.391118, 36.808491], [139.391028, 36.807909], [139.38928, 36.806604], [139.38856, 36.804856], [139.387707, 36.805232], [139.385879, 36.804971], [139.383997, 36.8057], [139.382713, 36.805366], [139.382217, 36.804668], [139.379535, 36.80437], [139.377469, 36.803037], [139.376143, 36.803982], [139.374197, 36.803851], [139.374041, 36.803404], [139.375053, 36.802723], [139.375653, 36.801457], [139.375044, 36.799724], [139.376043, 36.799068], [139.375888, 36.798167], [139.374945, 36.797559]]}, "properties": {"route_id": "m037-r2", "mountain_no": 37, "mountain_name_ko": "닛코시라네산", "mountain_name_ja": "奥白根山", "route_name_ja": "대표 등산로", "source": "way_graph", "distance_km": 5.48, "ascent_m": 1154, "elev_start_m": 1536, "elev_end_m": 2542, "summit_elev_m": 2578, "trailhead_lat": 36.807622, "trailhead_lon": 139.415745, "summit_lat": 36.797559, "summit_lon": 139.374945, "point_count": 31, "score": 0, "is_primary": false}}, {"type": "Feature", "geometry": {"type": "LineString", "coordinates": [[139.391609, 36.841893], [139.397734, 36.836717], [139.397922, 36.835572], [139.400749, 36.833254], [139.401225, 36.831579], [139.402222, 36.830972], [139.403627, 36.831218], [139.405739, 36.82998], [139.404997, 36.828507], [139.406203, 36.827368], [139.405245, 36.825567], [139.405242, 36.824103], [139.403771, 36.823166], [139.402483, 36.822962], [139.401281, 36.821654], [139.398815, 36.821504], [139.398536, 36.820999], [139.396262, 36.82032], [139.395766, 36.819297], [139.393759, 36.81803], [139.392922, 36.816451], [139.391469, 36.816097], [139.39081, 36.813456], [139.392422, 36.809367], [139.389368, 36.806714], [139.38856, 36.804856], [139.387707, 36.805232], [139.385879, 36.804971], [139.383997, 36.8057], [139.382713, 36.805366], [139.382217, 36.804668], [139.379535, 36.80437], [139.377469, 36.803037], [139.376143, 36.803982], [139.374197, 36.803851], [139.374041, 36.803404], [139.375053, 36.802723], [139.375653, 36.801457], [139.375044, 36.799724], [139.376043, 36.799068], [139.375888, 36.798167], [139.374945, 36.797559]]}, "properties": {"route_id": "m037-r3", "mountain_no": 37, "mountain_name_ko": "닛코시라네산", "mountain_name_ja": "奥白根山", "route_name_ja": "대표 등산로", "source": "way_graph", "distance_km": 8.6, "ascent_m": 867, "elev_start_m": 2310, "elev_end_m": 2542, "summit_elev_m": 2578, "trailhead_lat": 36.841893, "trailhead_lon": 139.391609, "summit_lat": 36.797559, "summit_lon": 139.374945, "point_count": 42, "score": 0, "is_primary": false}}, {"type": "Feature", "geometry": {"type": "LineString", "coordinates": [[139.174456, 36.830604], [139.174896, 36.832232], [139.176837, 36.833464], [139.174613, 36.834913], [139.173563, 36.834625], [139.168502, 36.830803], [139.163769, 36.828769], [139.161171, 36.82518], [139.158303, 36.823018], [139.1582, 36.820431], [139.157538, 36.81954], [139.1583, 36.818956], [139.158828, 36.817391], [139.15889, 36.815072], [139.156917, 36.812805], [139.155172, 36.811997], [139.154267, 36.810789], [139.152833, 36.810062], [139.151256, 36.807715], [139.144544, 36.805853], [139.14259, 36.804761], [139.142302, 36.803946], [139.141245, 36.803899], [139.139873, 36.802821], [139.136185, 36.803711], [139.134718, 36.804293], [139.134124, 36.805004], [139.132481, 36.80522]]}, "properties": {"route_id": "m039-r0", "mountain_no": 39, "mountain_name_ko": "호타카야마(군마)", "mountain_name_ja": "武尊山", "route_name_ja": "대표 등산로", "source": "way_graph", "distance_km": 7.0, "ascent_m": 584, "elev_start_m": 1588, "elev_end_m": 2136, "summit_elev_m": 2158, "trailhead_lat": 36.830604, "trailhead_lon": 139.174456, "summit_lat": 36.80522, "summit_lon": 139.132481, "point_count": 28, "score": 0, "is_primary": true}}, {"type": "Feature", "geometry": {"type": "LineString", "coordinates": [[139.103354, 36.761312], [139.102549, 36.761416], [139.102298, 36.762256], [139.10196, 36.762079], [139.101198, 36.763959], [139.101288, 36.767795], [139.103128, 36.768837], [139.10595, 36.771386], [139.106225, 36.772399], [139.109974, 36.774887], [139.114425, 36.776927], [139.11583, 36.778476], [139.11648, 36.779546], [139.11585, 36.781742], [139.118549, 36.783612], [139.117682, 36.785353], [139.117737, 36.787952], [139.119528, 36.790524], [139.119728, 36.79163], [139.121291, 36.792591], [139.121653, 36.79554], [139.12409, 36.795954], [139.125656, 36.796714], [139.12906, 36.80254], [139.132522, 36.804727], [139.132481, 36.80522]]}, "properties": {"route_id": "m039-r1", "mountain_no": 39, "mountain_name_ko": "호타카야마(군마)", "mountain_name_ja": "武尊山", "route_name_ja": "대표 등산로", "source": "way_graph", "distance_km": 6.99, "ascent_m": 1018, "elev_start_m": 1223, "elev_end_m": 2137, "summit_elev_m": 2158, "trailhead_lat": 36.761312, "trailhead_lon": 139.103354, "summit_lat": 36.80522, "summit_lon": 139.132481, "point_count": 26, "score": 0, "is_primary": false}}, {"type": "Feature", "geometry": {"type": "LineString", "coordinates": [[139.151936, 36.758729], [139.150145, 36.764936], [139.148855, 36.766207], [139.149186, 36.768526], [139.148436, 36.772516], [139.147366, 36.773676], [139.146568, 36.776346], [139.146748, 36.777861], [139.145153, 36.780077], [139.143024, 36.781311], [139.142981, 36.785203], [139.145682, 36.787788], [139.146306, 36.789977], [139.145215, 36.791011], [139.144965, 36.792713], [139.143411, 36.793487], [139.142856, 36.795186], [139.142856, 36.798743], [139.139761, 36.802807], [139.136185, 36.803711], [139.134718, 36.804293], [139.134124, 36.805004], [139.132481, 36.80522]]}, "properties": {"route_id": "m039-r2", "mountain_no": 39, "mountain_name_ko": "호타카야마(군마)", "mountain_name_ja": "武尊山", "route_name_ja": "대표 등산로", "source": "way_graph", "distance_km": 6.44, "ascent_m": 1139, "elev_start_m": 1072, "elev_end_m": 2137, "summit_elev_m": 2158, "trailhead_lat": 36.758729, "trailhead_lon": 139.151936, "summit_lat": 36.80522, "summit_lon": 139.132481, "point_count": 23, "score": 0, "is_primary": false}}, {"type": "Feature", "geometry": {"type": "LineString", "coordinates": [[139.173386, 36.777073], [139.173763, 36.77747], [139.173222, 36.77788], [139.17527, 36.778938], [139.17571, 36.780166], [139.171701, 36.782441], [139.169606, 36.783072], [139.165602, 36.786556], [139.16353, 36.787304], [139.161707, 36.787306], [139.158738, 36.788649], [139.152767, 36.786948], [139.150454, 36.788062], [139.148575, 36.788406], [139.147211, 36.789935], [139.146306, 36.789977], [139.145373, 36.790795], [139.14476, 36.79293], [139.143411, 36.793487], [139.142856, 36.795186], [139.142856, 36.798743], [139.139761, 36.802807], [139.136185, 36.803711], [139.134718, 36.804293], [139.134124, 36.805004], [139.132481, 36.80522]]}, "properties": {"route_id": "m039-r3", "mountain_no": 39, "mountain_name_ko": "호타카야마(군마)", "mountain_name_ja": "武尊山", "route_name_ja": "대표 등산로", "source": "way_graph", "distance_km": 6.24, "ascent_m": 980, "elev_start_m": 1238, "elev_end_m": 2137, "summit_elev_m": 2158, "trailhead_lat": 36.777073, "trailhead_lon": 139.173386, "summit_lat": 36.80522, "summit_lon": 139.132481, "point_count": 26, "score": 0, "is_primary": false}}, {"type": "Feature", "geometry": {"type": "LineString", "coordinates": [[139.1926582, 36.5483239], [139.1912279, 36.5477141], [139.1902086, 36.5478638], [139.1893181, 36.5472605], [139.1871676, 36.547094], [139.194138, 36.5516357], [139.1928061, 36.5484892], [139.194138, 36.5516357], [139.1924895, 36.5531809], [139.1922444, 36.5540834], [139.1932871, 36.555124], [139.1939703, 36.5571446], [139.194045, 36.5584165], [139.1932621, 36.5603709]]}, "properties": {"route_id": "m040-r0", "mountain_no": 40, "mountain_name_ko": "아카기산", "mountain_name_ja": "赤城山", "route_name_ja": "KFT - G35 - Kurobisan kara hanamigahara he no michi", "source": "relation", "distance_km": 3.56, "ascent_m": 500, "elev_start_m": 1607, "elev_end_m": 1809, "summit_elev_m": 1828, "trailhead_lat": 36.5483239, "trailhead_lon": 139.1926582, "summit_lat": 36.5603709, "summit_lon": 139.1932621, "point_count": 14, "score": 44.39869131536848, "is_primary": true}}, {"type": "Feature", "geometry": {"type": "LineString", "coordinates": [[138.42931, 36.591943], [138.427037, 36.589023], [138.426568, 36.58702], [138.426824, 36.582831], [138.426166, 36.581885], [138.426597, 36.580141], [138.425996, 36.57872], [138.425474, 36.573811], [138.428867, 36.570557], [138.428219, 36.566745], [138.428945, 36.565698], [138.428792, 36.56348], [138.429252, 36.56327], [138.428961, 36.562159], [138.427533, 36.560364], [138.428973, 36.558084], [138.42924, 36.555997], [138.426451, 36.552818], [138.426534, 36.551307], [138.425363, 36.551019], [138.424059, 36.549076], [138.422046, 36.54789], [138.420278, 36.545577], [138.419303, 36.545095], [138.418961, 36.544338], [138.419306, 36.543267], [138.415274, 36.542839], [138.413033, 36.541747]]}, "properties": {"route_id": "m042-r0", "mountain_no": 42, "mountain_name_ko": "아즈마야산", "mountain_name_ja": "四阿山", "route_name_ja": "대표 등산로", "source": "way_graph", "distance_km": 7.0, "ascent_m": 604, "elev_start_m": 1822, "elev_end_m": 2332, "summit_elev_m": 2354, "trailhead_lat": 36.591943, "trailhead_lon": 138.42931, "summit_lat": 36.541747, "summit_lon": 138.413033, "point_count": 28, "score": 0, "is_primary": true}}, {"type": "Feature", "geometry": {"type": "LineString", "coordinates": [[138.458706, 36.562236], [138.457383, 36.56472], [138.455505, 36.565164], [138.45566, 36.565668], [138.45425, 36.567398], [138.451275, 36.56681], [138.450459, 36.567175], [138.445406, 36.565543], [138.442886, 36.56393], [138.438228, 36.564687], [138.434664, 36.565898], [138.432706, 36.566035], [138.430258, 36.565586], [138.42886, 36.565905], [138.428792, 36.56348], [138.429252, 36.56327], [138.428961, 36.562159], [138.427533, 36.560364], [138.428973, 36.558084], [138.429287, 36.556218], [138.426451, 36.552818], [138.426534, 36.551307], [138.425363, 36.551019], [138.424059, 36.549076], [138.422046, 36.54789], [138.420278, 36.545577], [138.419361, 36.545166], [138.418961, 36.544451], [138.419306, 36.543267], [138.415274, 36.542839], [138.413033, 36.541747]]}, "properties": {"route_id": "m042-r1", "mountain_no": 42, "mountain_name_ko": "아즈마야산", "mountain_name_ja": "四阿山", "route_name_ja": "대표 등산로", "source": "way_graph", "distance_km": 7.0, "ascent_m": 807, "elev_start_m": 1570, "elev_end_m": 2332, "summit_elev_m": 2354, "trailhead_lat": 36.562236, "trailhead_lon": 138.458706, "summit_lat": 36.541747, "summit_lon": 138.413033, "point_count": 31, "score": 0, "is_primary": false}}, {"type": "Feature", "geometry": {"type": "LineString", "coordinates": [[138.407705, 36.570504], [138.408537, 36.567841], [138.409348, 36.566842], [138.409328, 36.565831], [138.407578, 36.565862], [138.406864, 36.566458], [138.405889, 36.564409], [138.405176, 36.564805], [138.403809, 36.564708], [138.403129, 36.564078], [138.403041, 36.561873], [138.402186, 36.561689], [138.401353, 36.560725], [138.398677, 36.561169], [138.396526, 36.559931], [138.394477, 36.560674], [138.394502, 36.561363], [138.393562, 36.561105], [138.394026, 36.561618], [138.393603, 36.562029], [138.392731, 36.561346], [138.390945, 36.556774], [138.391605, 36.555179], [138.391128, 36.553721], [138.391763, 36.553574], [138.391302, 36.552522], [138.393122, 36.551182], [138.394245, 36.549402], [138.401311, 36.547385], [138.403509, 36.545108], [138.404218, 36.543156], [138.405101, 36.542809], [138.40587, 36.541348], [138.408154, 36.540405], [138.410844, 36.540572], [138.413033, 36.541747]]}, "properties": {"route_id": "m042-r2", "mountain_no": 42, "mountain_name_ko": "아즈마야산", "mountain_name_ja": "四阿山", "route_name_ja": "대표 등산로", "source": "way_graph", "distance_km": 7.01, "ascent_m": 1064, "elev_start_m": 1445, "elev_end_m": 2332, "summit_elev_m": 2354, "trailhead_lat": 36.570504, "trailhead_lon": 138.407705, "summit_lat": 36.541747, "summit_lon": 138.413033, "point_count": 36, "score": 0, "is_primary": false}}, {"type": "Feature", "geometry": {"type": "LineString", "coordinates": [[138.352949, 36.542915], [138.353431, 36.547464], [138.357588, 36.5501], [138.35885, 36.550318], [138.35916, 36.549918], [138.362424, 36.550426], [138.368596, 36.552683], [138.370403, 36.552428], [138.377112, 36.554039], [138.380651, 36.554373], [138.384051, 36.552843], [138.38885, 36.553156], [138.391645, 36.552388], [138.393122, 36.551182], [138.394245, 36.549402], [138.401311, 36.547385], [138.403509, 36.545108], [138.404218, 36.543156], [138.405101, 36.542809], [138.40543, 36.541796], [138.407803, 36.540445], [138.410844, 36.540572], [138.413033, 36.541747]]}, "properties": {"route_id": "m042-r3", "mountain_no": 42, "mountain_name_ko": "아즈마야산", "mountain_name_ja": "四阿山", "route_name_ja": "대표 등산로", "source": "way_graph", "distance_km": 6.99, "ascent_m": 1007, "elev_start_m": 1487, "elev_end_m": 2332, "summit_elev_m": 2354, "trailhead_lat": 36.542915, "trailhead_lon": 138.352949, "summit_lat": 36.541747, "summit_lon": 138.413033, "point_count": 23, "score": 0, "is_primary": false}}, {"type": "Feature", "geometry": {"type": "LineString", "coordinates": [[137.806039, 36.783127], [137.805373, 36.782621], [137.804815, 36.782576], [137.80407, 36.783266], [137.801342, 36.78252], [137.799984, 36.783611], [137.798433, 36.786223], [137.796905, 36.786271], [137.795938, 36.786806], [137.794173, 36.786407], [137.792195, 36.783377], [137.79124, 36.779276], [137.784424, 36.774322], [137.781798, 36.773061], [137.777402, 36.773293], [137.775846, 36.773862], [137.772925, 36.772089], [137.769152, 36.771495], [137.767505, 36.770682], [137.764648, 36.767554], [137.761892, 36.766788], [137.759868, 36.764507], [137.758854, 36.761701], [137.758514, 36.758586]]}, "properties": {"route_id": "m045-r0", "mountain_no": 45, "mountain_name_ko": "시로우마다케", "mountain_name_ja": "白馬岳", "route_name_ja": "대표 등산로", "source": "way_graph", "distance_km": 7.0, "ascent_m": 699, "elev_start_m": 2360, "elev_end_m": 2916, "summit_elev_m": 2932, "trailhead_lat": 36.783127, "trailhead_lon": 137.806039, "summit_lat": 36.758586, "summit_lon": 137.758514, "point_count": 24, "score": 0, "is_primary": true}}, {"type": "Feature", "geometry": {"type": "LineString", "coordinates": [[137.747984, 36.808729], [137.747778, 36.8084], [137.750442, 36.806084], [137.752712, 36.805608], [137.753434, 36.804941], [137.753017, 36.804085], [137.751267, 36.802944], [137.751004, 36.800908], [137.751212, 36.79982], [137.753963, 36.79611], [137.754049, 36.794635], [137.752891, 36.793294], [137.751862, 36.789889], [137.750627, 36.787848], [137.750546, 36.785531], [137.751981, 36.783507], [137.752941, 36.783055], [137.753204, 36.780199], [137.754096, 36.779525], [137.753992, 36.777412], [137.754698, 36.775803], [137.75744, 36.774634], [137.759669, 36.772559], [137.760454, 36.772536], [137.762075, 36.770557], [137.762387, 36.767954], [137.759868, 36.764507], [137.758854, 36.761701], [137.758514, 36.758586]]}, "properties": {"route_id": "m045-r1", "mountain_no": 45, "mountain_name_ko": "시로우마다케", "mountain_name_ja": "白馬岳", "route_name_ja": "대표 등산로", "source": "way_graph", "distance_km": 7.0, "ascent_m": 1113, "elev_start_m": 2046, "elev_end_m": 2916, "summit_elev_m": 2932, "trailhead_lat": 36.808729, "trailhead_lon": 137.747984, "summit_lat": 36.758586, "summit_lon": 137.758514, "point_count": 29, "score": 0, "is_primary": false}}, {"type": "Feature", "geometry": {"type": "LineString", "coordinates": [[137.777195, 36.803489], [137.773427, 36.799287], [137.773624, 36.798078], [137.773167, 36.79793], [137.773579, 36.797607], [137.77283, 36.797102], [137.772448, 36.795292], [137.770796, 36.794874], [137.770097, 36.794015], [137.77062, 36.79304], [137.76978, 36.792784], [137.769215, 36.791489], [137.767991, 36.792043], [137.767924, 36.791603], [137.764867, 36.790754], [137.764207, 36.789057], [137.76308, 36.788677], [137.763304, 36.787151], [137.761756, 36.786927], [137.761679, 36.786214], [137.759836, 36.784613], [137.759794, 36.783749], [137.759123, 36.783138], [137.759394, 36.781907], [137.758893, 36.780563], [137.756985, 36.779061], [137.756828, 36.77561], [137.756123, 36.775008], [137.75744, 36.774634], [137.761794, 36.771265], [137.762387, 36.767954], [137.759868, 36.764507], [137.758854, 36.761701], [137.758514, 36.758586]]}, "properties": {"route_id": "m045-r2", "mountain_no": 45, "mountain_name_ko": "시로우마다케", "mountain_name_ja": "白馬岳", "route_name_ja": "대표 등산로", "source": "way_graph", "distance_km": 7.0, "ascent_m": 1282, "elev_start_m": 1656, "elev_end_m": 2916, "summit_elev_m": 2932, "trailhead_lat": 36.803489, "trailhead_lon": 137.777195, "summit_lat": 36.758586, "summit_lon": 137.758514, "point_count": 34, "score": 0, "is_primary": false}}, {"type": "Feature", "geometry": {"type": "LineString", "coordinates": [[137.793619, 36.797964], [137.793605, 36.796821], [137.792658, 36.796242], [137.792564, 36.795469], [137.793469, 36.794134], [137.792918, 36.792094], [137.79218, 36.791423], [137.794495, 36.78904], [137.79458, 36.787824], [137.794329, 36.786485], [137.792158, 36.783287], [137.79124, 36.779276], [137.788884, 36.777251], [137.78803, 36.777063], [137.787006, 36.776005], [137.782279, 36.773214], [137.777684, 36.773262], [137.775846, 36.773862], [137.772925, 36.772089], [137.769152, 36.771495], [137.767409, 36.770633], [137.764792, 36.767665], [137.762582, 36.767224], [137.760247, 36.765058], [137.758854, 36.761701], [137.758514, 36.758586]]}, "properties": {"route_id": "m045-r3", "mountain_no": 45, "mountain_name_ko": "시로우마다케", "mountain_name_ja": "白馬岳", "route_name_ja": "대표 등산로", "source": "way_graph", "distance_km": 7.0, "ascent_m": 876, "elev_start_m": 2113, "elev_end_m": 2916, "summit_elev_m": 2932, "trailhead_lat": 36.797964, "trailhead_lon": 137.793619, "summit_lat": 36.758586, "summit_lon": 137.758514, "point_count": 26, "score": 0, "is_primary": false}}, {"type": "Feature", "geometry": {"type": "LineString", "coordinates": [[137.810633, 36.659057], [137.809052, 36.659084], [137.808966, 36.657967], [137.807586, 36.657365], [137.803468, 36.657372], [137.802089, 36.655919], [137.799561, 36.654913], [137.798251, 36.651846], [137.79646, 36.651855], [137.794393, 36.651102], [137.791092, 36.652147], [137.787127, 36.652549], [137.78403, 36.654539], [137.781419, 36.655426], [137.775667, 36.655487], [137.769908, 36.65683], [137.768466, 36.658512], [137.766758, 36.659571], [137.765992, 36.66085], [137.765822, 36.662555], [137.762974, 36.664029], [137.762434, 36.664739], [137.760379, 36.664553], [137.758745, 36.660704], [137.757161, 36.660088], [137.756359, 36.65892], [137.753294, 36.657882]]}, "properties": {"route_id": "m046-r0", "mountain_no": 46, "mountain_name_ko": "고류다케", "mountain_name_ja": "五竜岳", "route_name_ja": "대표 등산로", "source": "way_graph", "distance_km": 7.0, "ascent_m": 1235, "elev_start_m": 1655, "elev_end_m": 2779, "summit_elev_m": 2814, "trailhead_lat": 36.659057, "trailhead_lon": 137.810633, "summit_lat": 36.657882, "summit_lon": 137.753294, "point_count": 27, "score": 0, "is_primary": true}}, {"type": "Feature", "geometry": {"type": "LineString", "coordinates": [[137.806625, 36.640578], [137.805433, 36.64074], [137.80377, 36.642096], [137.804287, 36.645953], [137.802135, 36.646377], [137.799195, 36.649053], [137.798251, 36.651846], [137.793535, 36.651172], [137.791141, 36.652137], [137.787127, 36.652549], [137.78403, 36.654539], [137.781419, 36.655426], [137.775667, 36.655487], [137.769971, 36.656807], [137.768777, 36.657687], [137.768466, 36.658512], [137.766758, 36.659571], [137.765992, 36.66085], [137.765822, 36.662555], [137.762974, 36.664029], [137.762434, 36.664739], [137.760379, 36.664553], [137.758745, 36.660704], [137.757161, 36.660088], [137.756359, 36.65892], [137.753294, 36.657882]]}, "properties": {"route_id": "m046-r1", "mountain_no": 46, "mountain_name_ko": "고류다케", "mountain_name_ja": "五竜岳", "route_name_ja": "대표 등산로", "source": "way_graph", "distance_km": 7.0, "ascent_m": 1076, "elev_start_m": 1890, "elev_end_m": 2779, "summit_elev_m": 2814, "trailhead_lat": 36.640578, "trailhead_lon": 137.806625, "summit_lat": 36.657882, "summit_lon": 137.753294, "point_count": 26, "score": 0, "is_primary": false}}, {"type": "Feature", "geometry": {"type": "LineString", "coordinates": [[137.820392, 36.632534], [137.818332, 36.634182], [137.816944, 36.636259], [137.815834, 36.636006], [137.812491, 36.637018], [137.810598, 36.637103], [137.80912, 36.638008], [137.808944, 36.639435], [137.804682, 36.641277], [137.803644, 36.642386], [137.804229, 36.643695], [137.804287, 36.645953], [137.802135, 36.646377], [137.799195, 36.649053], [137.798251, 36.651846], [137.793535, 36.651172], [137.791141, 36.652137], [137.787127, 36.652549], [137.78403, 36.654539], [137.781419, 36.655426], [137.775667, 36.655487], [137.769971, 36.656807], [137.768777, 36.657687], [137.768466, 36.658512], [137.766758, 36.659571], [137.765992, 36.66085], [137.765822, 36.662555], [137.762974, 36.664029], [137.762434, 36.664739], [137.760379, 36.664553], [137.758745, 36.660704], [137.757161, 36.660088], [137.756359, 36.65892], [137.753294, 36.657882]]}, "properties": {"route_id": "m046-r2", "mountain_no": 46, "mountain_name_ko": "고류다케", "mountain_name_ja": "五竜岳", "route_name_ja": "대표 등산로", "source": "way_graph", "distance_km": 8.73, "ascent_m": 1358, "elev_start_m": 1622, "elev_end_m": 2779, "summit_elev_m": 2814, "trailhead_lat": 36.632534, "trailhead_lon": 137.820392, "summit_lat": 36.657882, "summit_lon": 137.753294, "point_count": 34, "score": 0, "is_primary": false}}, {"type": "Feature", "geometry": {"type": "LineString", "coordinates": [[137.796357, 36.651826], [137.793535, 36.651172], [137.791141, 36.652137], [137.787127, 36.652549], [137.78403, 36.654539], [137.781419, 36.655426], [137.775667, 36.655487], [137.769908, 36.65683], [137.768466, 36.658512], [137.766758, 36.659571], [137.765992, 36.66085], [137.765822, 36.662555], [137.762974, 36.664029], [137.762434, 36.664739], [137.760379, 36.664553], [137.758745, 36.660704], [137.757161, 36.660088], [137.756359, 36.65892], [137.753294, 36.657882]]}, "properties": {"route_id": "m046-r3", "mountain_no": 46, "mountain_name_ko": "고류다케", "mountain_name_ja": "五竜岳", "route_name_ja": "대표 등산로", "source": "way_graph", "distance_km": 5.11, "ascent_m": 910, "elev_start_m": 1972, "elev_end_m": 2779, "summit_elev_m": 2814, "trailhead_lat": 36.651826, "trailhead_lon": 137.796357, "summit_lat": 36.657882, "summit_lon": 137.753294, "point_count": 19, "score": 0, "is_primary": false}}, {"type": "Feature", "geometry": {"type": "LineString", "coordinates": [[137.774746, 36.655769], [137.769304, 36.657176], [137.768466, 36.658512], [137.766758, 36.659571], [137.765992, 36.66085], [137.765822, 36.662555], [137.762974, 36.664029], [137.762434, 36.664739], [137.760379, 36.664553], [137.758745, 36.660704], [137.757161, 36.660088], [137.756359, 36.65892], [137.753294, 36.657882], [137.754189, 36.655201], [137.75616, 36.652814], [137.756376, 36.651718], [137.755501, 36.650816], [137.755657, 36.648596], [137.756298, 36.64805], [137.75618, 36.646842], [137.755162, 36.645262], [137.754769, 36.642459], [137.753703, 36.641397], [137.75443, 36.639161], [137.754164, 36.638257], [137.753131, 36.637473], [137.753305, 36.636317], [137.752363, 36.635529], [137.75257, 36.633571], [137.751931, 36.63214], [137.752117, 36.6311], [137.751211, 36.629645], [137.75102, 36.626761]]}, "properties": {"route_id": "m047-r0", "mountain_no": 47, "mountain_name_ko": "가시마야리가타케", "mountain_name_ja": "鹿島槍岳", "route_name_ja": "대표 등산로", "source": "way_graph", "distance_km": 7.01, "ascent_m": 1157, "elev_start_m": 2132, "elev_end_m": 2785, "summit_elev_m": 2889, "trailhead_lat": 36.655769, "trailhead_lon": 137.774746, "summit_lat": 36.626761, "summit_lon": 137.75102, "point_count": 33, "score": 0, "is_primary": true}}, {"type": "Feature", "geometry": {"type": "LineString", "coordinates": [[137.790968, 36.65214], [137.787127, 36.652549], [137.78403, 36.654539], [137.781419, 36.655426], [137.775667, 36.655487], [137.769908, 36.65683], [137.768466, 36.658512], [137.766758, 36.659571], [137.765992, 36.66085], [137.765822, 36.662555], [137.762974, 36.664029], [137.762434, 36.664739], [137.760379, 36.664553], [137.758745, 36.660704], [137.757161, 36.660088], [137.756359, 36.65892], [137.753294, 36.657882], [137.754189, 36.655201], [137.75616, 36.652814], [137.756376, 36.651718], [137.755501, 36.650816], [137.755657, 36.648596], [137.756298, 36.64805], [137.75618, 36.646842], [137.755162, 36.645262], [137.754769, 36.642459], [137.753703, 36.641397], [137.75443, 36.639161], [137.754164, 36.638257], [137.753131, 36.637473], [137.753305, 36.636317], [137.752363, 36.635529], [137.75257, 36.633571], [137.751931, 36.63214], [137.752117, 36.6311], [137.751211, 36.629645], [137.75102, 36.626761]]}, "properties": {"route_id": "m047-r1", "mountain_no": 47, "mountain_name_ko": "가시마야리가타케", "mountain_name_ja": "鹿島槍岳", "route_name_ja": "대표 등산로", "source": "way_graph", "distance_km": 8.6, "ascent_m": 1342, "elev_start_m": 2004, "elev_end_m": 2785, "summit_elev_m": 2889, "trailhead_lat": 36.65214, "trailhead_lon": 137.790968, "summit_lat": 36.626761, "summit_lon": 137.75102, "point_count": 37, "score": 0, "is_primary": false}}, {"type": "Feature", "geometry": {"type": "LineString", "coordinates": [[137.762144, 36.664725], [137.760379, 36.664553], [137.758745, 36.660704], [137.757161, 36.660088], [137.756359, 36.65892], [137.753294, 36.657882], [137.754189, 36.655201], [137.75616, 36.652814], [137.756376, 36.651718], [137.755501, 36.650816], [137.755657, 36.648596], [137.756298, 36.64805], [137.75618, 36.646842], [137.755162, 36.645262], [137.754769, 36.642459], [137.753703, 36.641397], [137.75443, 36.639161], [137.754164, 36.638257], [137.753131, 36.637473], [137.753305, 36.636317], [137.752363, 36.635529], [137.75257, 36.633571], [137.751931, 36.63214], [137.752117, 36.6311], [137.751211, 36.629645], [137.75102, 36.626761]]}, "properties": {"route_id": "m047-r2", "mountain_no": 47, "mountain_name_ko": "가시마야리가타케", "mountain_name_ja": "鹿島槍岳", "route_name_ja": "대표 등산로", "source": "way_graph", "distance_km": 5.31, "ascent_m": 765, "elev_start_m": 2502, "elev_end_m": 2785, "summit_elev_m": 2889, "trailhead_lat": 36.664725, "trailhead_lon": 137.762144, "summit_lat": 36.626761, "summit_lon": 137.75102, "point_count": 26, "score": 0, "is_primary": false}}, {"type": "Feature", "geometry": {"type": "LineString", "coordinates": [[137.806517, 36.657525], [137.803551, 36.657407], [137.802089, 36.655919], [137.799561, 36.654913], [137.798251, 36.651846], [137.793535, 36.651172], [137.791141, 36.652137], [137.787127, 36.652549], [137.78403, 36.654539], [137.781419, 36.655426], [137.775667, 36.655487], [137.769908, 36.65683], [137.768466, 36.658512], [137.766758, 36.659571], [137.765992, 36.66085], [137.765822, 36.662555], [137.762974, 36.664029], [137.762434, 36.664739], [137.760379, 36.664553], [137.758745, 36.660704], [137.757161, 36.660088], [137.756359, 36.65892], [137.753294, 36.657882], [137.754189, 36.655201], [137.75616, 36.652814], [137.756376, 36.651718], [137.755501, 36.650816], [137.755657, 36.648596], [137.756298, 36.64805], [137.75618, 36.646842], [137.755162, 36.645262], [137.754769, 36.642459], [137.753703, 36.641397], [137.75443, 36.639161], [137.754164, 36.638257], [137.753131, 36.637473], [137.753305, 36.636317], [137.752363, 36.635529], [137.75257, 36.633571], [137.751931, 36.63214], [137.752117, 36.6311], [137.751211, 36.629645], [137.75102, 36.626761]]}, "properties": {"route_id": "m047-r3", "mountain_no": 47, "mountain_name_ko": "가시마야리가타케", "mountain_name_ja": "鹿島槍岳", "route_name_ja": "대표 등산로", "source": "way_graph", "distance_km": 10.44, "ascent_m": 1599, "elev_start_m": 1763, "elev_end_m": 2785, "summit_elev_m": 2889, "trailhead_lat": 36.657525, "trailhead_lon": 137.806517, "summit_lat": 36.626761, "summit_lon": 137.75102, "point_count": 43, "score": 0, "is_primary": false}}, {"type": "Feature", "geometry": {"type": "LineString", "coordinates": [[137.561506, 36.646538], [137.564233, 36.646671], [137.566976, 36.647577], [137.567958, 36.647386], [137.570117, 36.645131], [137.571546, 36.645021], [137.572654, 36.644321], [137.574761, 36.640465], [137.574787, 36.639581], [137.57592, 36.639189], [137.577264, 36.637815], [137.579462, 36.637648], [137.584401, 36.63448], [137.586557, 36.634613], [137.58717, 36.633836], [137.588942, 36.633643], [137.590634, 36.632837], [137.592004, 36.632938], [137.59361, 36.6321], [137.597159, 36.632096], [137.59907, 36.630236], [137.601421, 36.630407], [137.603832, 36.629305], [137.604353, 36.62953], [137.606679, 36.628394], [137.607582, 36.627072], [137.611265, 36.625428], [137.611428, 36.624875], [137.612751, 36.624891], [137.612969, 36.624044], [137.613961, 36.623358], [137.615779, 36.622996], [137.617152, 36.623331]]}, "properties": {"route_id": "m048-r0", "mountain_no": 48, "mountain_name_ko": "쓰루기다케", "mountain_name_ja": "剱岳", "route_name_ja": "대표 등산로", "source": "way_graph", "distance_km": 7.0, "ascent_m": 2077, "elev_start_m": 884, "elev_end_m": 2965, "summit_elev_m": 2999, "trailhead_lat": 36.646538, "trailhead_lon": 137.561506, "summit_lat": 36.623331, "summit_lon": 137.617152, "point_count": 33, "score": 0, "is_primary": true}}, {"type": "Feature", "geometry": {"type": "LineString", "coordinates": [[137.601739, 36.588639], [137.603363, 36.590567], [137.604596, 36.591138], [137.604956, 36.590933], [137.606399, 36.592666], [137.607773, 36.592889], [137.606981, 36.594139], [137.610199, 36.596461], [137.610921, 36.598054], [137.612377, 36.599218], [137.612291, 36.604487], [137.611006, 36.606464], [137.609761, 36.607286], [137.609476, 36.608887], [137.610627, 36.610444], [137.614162, 36.612463], [137.614481, 36.61534], [137.614055, 36.616099], [137.61477, 36.616656], [137.615118, 36.617927], [137.614301, 36.620038], [137.615142, 36.621956], [137.617152, 36.623331]]}, "properties": {"route_id": "m048-r1", "mountain_no": 48, "mountain_name_ko": "쓰루기다케", "mountain_name_ja": "剱岳", "route_name_ja": "대표 등산로", "source": "way_graph", "distance_km": 5.45, "ascent_m": 940, "elev_start_m": 2270, "elev_end_m": 2964, "summit_elev_m": 2999, "trailhead_lat": 36.588639, "trailhead_lon": 137.601739, "summit_lat": 36.623331, "summit_lon": 137.617152, "point_count": 23, "score": 0, "is_primary": false}}, {"type": "Feature", "geometry": {"type": "LineString", "coordinates": [[137.575673, 36.63917], [137.577264, 36.637815], [137.579462, 36.637648], [137.584401, 36.63448], [137.586557, 36.634613], [137.58717, 36.633836], [137.588942, 36.633643], [137.590634, 36.632837], [137.592004, 36.632938], [137.59361, 36.6321], [137.597159, 36.632096], [137.59907, 36.630236], [137.601672, 36.630362], [137.602053, 36.629841], [137.602597, 36.629988], [137.603832, 36.629305], [137.604353, 36.62953], [137.606459, 36.62856], [137.607582, 36.627072], [137.609625, 36.62641], [137.610737, 36.625389], [137.611265, 36.625428], [137.611428, 36.624875], [137.612751, 36.624891], [137.612969, 36.624044], [137.613961, 36.623358], [137.615779, 36.622996], [137.617152, 36.623331]]}, "properties": {"route_id": "m048-r2", "mountain_no": 48, "mountain_name_ko": "쓰루기다케", "mountain_name_ja": "剱岳", "route_name_ja": "대표 등산로", "source": "way_graph", "distance_km": 5.07, "ascent_m": 1602, "elev_start_m": 1359, "elev_end_m": 2965, "summit_elev_m": 2999, "trailhead_lat": 36.63917, "trailhead_lon": 137.575673, "summit_lat": 36.623331, "summit_lon": 137.617152, "point_count": 28, "score": 0, "is_primary": false}}, {"type": "Feature", "geometry": {"type": "LineString", "coordinates": [[137.612377, 36.599218], [137.612291, 36.604487], [137.611006, 36.606464], [137.609761, 36.607286], [137.609476, 36.608887], [137.610627, 36.610444], [137.614162, 36.612463], [137.614481, 36.61534], [137.614055, 36.616099], [137.61477, 36.616656], [137.615118, 36.617927], [137.614301, 36.620038], [137.615142, 36.621956], [137.617152, 36.623331]]}, "properties": {"route_id": "m048-r3", "mountain_no": 48, "mountain_name_ko": "쓰루기다케", "mountain_name_ja": "剱岳", "route_name_ja": "대표 등산로", "source": "way_graph", "distance_km": 3.35, "ascent_m": 460, "elev_start_m": 2677, "elev_end_m": 2964, "summit_elev_m": 2999, "trailhead_lat": 36.599218, "trailhead_lon": 137.612377, "summit_lat": 36.623331, "summit_lon": 137.617152, "point_count": 14, "score": 0, "is_primary": false}}, {"type": "Feature", "geometry": {"type": "LineString", "coordinates": [[137.655732, 36.557965], [137.656177, 36.559054], [137.65585, 36.559617], [137.650242, 36.562552], [137.648563, 36.565455], [137.649031, 36.566358], [137.64871, 36.566851], [137.646772, 36.566676], [137.644265, 36.567605], [137.641775, 36.567546], [137.640585, 36.56798], [137.638465, 36.567375], [137.637743, 36.566695], [137.63342, 36.565801], [137.631513, 36.564222], [137.630593, 36.564345], [137.630637, 36.563636], [137.629078, 36.562028], [137.627316, 36.561663], [137.625609, 36.561883], [137.624701, 36.560954], [137.624182, 36.561152], [137.624547, 36.559816], [137.623395, 36.559908], [137.620359, 36.561483], [137.615917, 36.566665], [137.612497, 36.56979], [137.612148, 36.570632], [137.612674, 36.571217], [137.617061, 36.572288], [137.617461, 36.572948]]}, "properties": {"route_id": "m049-r0", "mountain_no": 49, "mountain_name_ko": "다테야마", "mountain_name_ja": "立山", "route_name_ja": "대표 등산로", "source": "way_graph", "distance_km": 6.83, "ascent_m": 1500, "elev_start_m": 1486, "elev_end_m": 2970, "summit_elev_m": 3015, "trailhead_lat": 36.557965, "trailhead_lon": 137.655732, "summit_lat": 36.572948, "summit_lon": 137.617461, "point_count": 31, "score": 0, "is_primary": true}}, {"type": "Feature", "geometry": {"type": "LineString", "coordinates": [[137.643534, 36.567693], [137.639886, 36.567893], [137.637743, 36.566695], [137.63342, 36.565801], [137.631513, 36.564222], [137.630593, 36.564345], [137.630637, 36.563636], [137.629078, 36.562028], [137.627316, 36.561663], [137.625609, 36.561883], [137.624701, 36.560954], [137.624182, 36.561152], [137.624547, 36.559816], [137.623686, 36.559823], [137.620359, 36.561483], [137.615917, 36.566665], [137.612497, 36.56979], [137.612148, 36.570632], [137.612674, 36.571217], [137.617061, 36.572288], [137.617461, 36.572948]]}, "properties": {"route_id": "m049-r1", "mountain_no": 49, "mountain_name_ko": "다테야마", "mountain_name_ja": "立山", "route_name_ja": "대표 등산로", "source": "way_graph", "distance_km": 4.93, "ascent_m": 1135, "elev_start_m": 1846, "elev_end_m": 2970, "summit_elev_m": 3015, "trailhead_lat": 36.567693, "trailhead_lon": 137.643534, "summit_lat": 36.572948, "summit_lon": 137.617461, "point_count": 21, "score": 0, "is_primary": false}}, {"type": "Feature", "geometry": {"type": "LineString", "coordinates": [[137.602338, 36.577427], [137.601941, 36.576821], [137.600795, 36.577178], [137.59958, 36.575911], [137.599252, 36.574379], [137.599797, 36.573425], [137.599374, 36.572997], [137.600078, 36.570868], [137.59972, 36.57047], [137.601962, 36.569065], [137.603664, 36.569222], [137.603938, 36.567991], [137.605581, 36.566537], [137.608657, 36.56741], [137.609081, 36.568235], [137.612674, 36.571217], [137.617061, 36.572288], [137.617461, 36.572948]]}, "properties": {"route_id": "m049-r2", "mountain_no": 49, "mountain_name_ko": "다테야마", "mountain_name_ja": "立山", "route_name_ja": "대표 등산로", "source": "way_graph", "distance_km": 3.48, "ascent_m": 694, "elev_start_m": 2428, "elev_end_m": 2970, "summit_elev_m": 3015, "trailhead_lat": 36.577427, "trailhead_lon": 137.602338, "summit_lat": 36.572948, "summit_lon": 137.617461, "point_count": 18, "score": 0, "is_primary": false}}, {"type": "Feature", "geometry": {"type": "LineString", "coordinates": [[137.606638, 36.553992], [137.606584, 36.55485], [137.605745, 36.555451], [137.606217, 36.555818], [137.606156, 36.55753], [137.608015, 36.558957], [137.607256, 36.559712], [137.607681, 36.560662], [137.606207, 36.561865], [137.60661, 36.562946], [137.605816, 36.563397], [137.606252, 36.564269], [137.605741, 36.566167], [137.606315, 36.567015], [137.608657, 36.56741], [137.609081, 36.568235], [137.612674, 36.571217], [137.617061, 36.572288], [137.617461, 36.572948]]}, "properties": {"route_id": "m049-r3", "mountain_no": 49, "mountain_name_ko": "다테야마", "mountain_name_ja": "立山", "route_name_ja": "대표 등산로", "source": "way_graph", "distance_km": 3.33, "ascent_m": 538, "elev_start_m": 2681, "elev_end_m": 2970, "summit_elev_m": 3015, "trailhead_lat": 36.553992, "trailhead_lon": 137.606638, "summit_lat": 36.572948, "summit_lon": 137.617461, "point_count": 19, "score": 0, "is_primary": false}}, {"type": "Feature", "geometry": {"type": "LineString", "coordinates": [[137.589267, 36.38888], [137.590651, 36.390363], [137.59271, 36.391044], [137.593211, 36.392431], [137.595148, 36.394625], [137.592849, 36.394868], [137.591312, 36.39405], [137.587896, 36.394558], [137.586907, 36.39394], [137.586267, 36.394281], [137.580017, 36.391617], [137.577656, 36.393101], [137.575428, 36.392984], [137.573705, 36.392428], [137.571262, 36.389129], [137.568607, 36.389717], [137.565833, 36.38958], [137.565658, 36.388615], [137.56435, 36.387778], [137.56259, 36.387675], [137.56122, 36.386989], [137.559174, 36.38821], [137.553758, 36.388814], [137.549542, 36.390204], [137.546008, 36.389979], [137.540975, 36.391532], [137.539914, 36.392567]]}, "properties": {"route_id": "m051-r0", "mountain_no": 51, "mountain_name_ko": "구로베고로다케", "mountain_name_ja": "黒部五郎岳", "route_name_ja": "대표 등산로", "source": "way_graph", "distance_km": 6.8, "ascent_m": 617, "elev_start_m": 2740, "elev_end_m": 2821, "summit_elev_m": 2840, "trailhead_lat": 36.38888, "trailhead_lon": 137.589267, "summit_lat": 36.392567, "summit_lon": 137.539914, "point_count": 27, "score": 0, "is_primary": true}}, {"type": "Feature", "geometry": {"type": "LineString", "coordinates": [[137.551149, 36.391815], [137.55533, 36.391057], [137.558382, 36.391813], [137.561712, 36.391604], [137.565625, 36.389683], [137.565658, 36.388615], [137.56435, 36.387778], [137.56259, 36.387675], [137.56122, 36.386989], [137.559174, 36.38821], [137.553758, 36.388814], [137.549542, 36.390204], [137.546008, 36.389979], [137.540975, 36.391532], [137.539914, 36.392567]]}, "properties": {"route_id": "m051-r1", "mountain_no": 51, "mountain_name_ko": "구로베고로다케", "mountain_name_ja": "黒部五郎岳", "route_name_ja": "대표 등산로", "source": "way_graph", "distance_km": 4.2, "ascent_m": 488, "elev_start_m": 2496, "elev_end_m": 2821, "summit_elev_m": 2840, "trailhead_lat": 36.391815, "trailhead_lon": 137.551149, "summit_lat": 36.392567, "summit_lon": 137.539914, "point_count": 15, "score": 0, "is_primary": false}}, {"type": "Feature", "geometry": {"type": "LineString", "coordinates": [[137.572373, 36.39069], [137.571262, 36.389129], [137.568607, 36.389717], [137.565833, 36.38958], [137.565658, 36.388615], [137.56435, 36.387778], [137.56259, 36.387675], [137.56122, 36.386989], [137.559174, 36.38821], [137.553758, 36.388814], [137.549542, 36.390204], [137.546008, 36.389979], [137.540975, 36.391532], [137.539914, 36.392567]]}, "properties": {"route_id": "m051-r2", "mountain_no": 51, "mountain_name_ko": "구로베고로다케", "mountain_name_ja": "黒部五郎岳", "route_name_ja": "대표 등산로", "source": "way_graph", "distance_km": 3.49, "ascent_m": 478, "elev_start_m": 2579, "elev_end_m": 2821, "summit_elev_m": 2840, "trailhead_lat": 36.39069, "trailhead_lon": 137.572373, "summit_lat": 36.392567, "summit_lon": 137.539914, "point_count": 14, "score": 0, "is_primary": false}}, {"type": "Feature", "geometry": {"type": "LineString", "coordinates": [[137.615053, 36.480777], [137.612992, 36.479445], [137.61223, 36.477322], [137.611577, 36.476792], [137.611746, 36.475798], [137.610551, 36.474385], [137.610656, 36.471246], [137.609802, 36.469835], [137.609476, 36.467143], [137.608341, 36.465244], [137.60554, 36.462519], [137.60304, 36.461512], [137.603032, 36.459441], [137.604966, 36.457014], [137.60542, 36.453883], [137.605086, 36.453019], [137.606431, 36.450534], [137.60615, 36.44759], [137.60718, 36.443952], [137.604728, 36.437833], [137.603162, 36.43618], [137.602742, 36.433281], [137.601597, 36.431552], [137.601774, 36.428759], [137.601328, 36.427879], [137.602776, 36.426331]]}, "properties": {"route_id": "m052-r0", "mountain_no": 52, "mountain_name_ko": "스이쇼다케", "mountain_name_ja": "黒岳", "route_name_ja": "대표 등산로", "source": "way_graph", "distance_km": 7.0, "ascent_m": 898, "elev_start_m": 2252, "elev_end_m": 2960, "summit_elev_m": 2986, "trailhead_lat": 36.480777, "trailhead_lon": 137.615053, "summit_lat": 36.426331, "summit_lon": 137.602776, "point_count": 26, "score": 0, "is_primary": true}}, {"type": "Feature", "geometry": {"type": "LineString", "coordinates": [[137.60948, 36.467685], [137.607338, 36.463954], [137.605282, 36.462367], [137.60304, 36.461512], [137.603032, 36.459441], [137.604966, 36.457014], [137.60542, 36.453883], [137.605086, 36.453019], [137.606431, 36.450534], [137.60615, 36.44759], [137.60718, 36.443952], [137.604728, 36.437833], [137.603162, 36.43618], [137.602742, 36.433281], [137.601597, 36.431552], [137.601774, 36.428759], [137.601328, 36.427879], [137.602776, 36.426331]]}, "properties": {"route_id": "m052-r1", "mountain_no": 52, "mountain_name_ko": "스이쇼다케", "mountain_name_ja": "黒岳", "route_name_ja": "대표 등산로", "source": "way_graph", "distance_km": 5.32, "ascent_m": 519, "elev_start_m": 2630, "elev_end_m": 2960, "summit_elev_m": 2986, "trailhead_lat": 36.467685, "trailhead_lon": 137.60948, "summit_lat": 36.426331, "summit_lon": 137.602776, "point_count": 18, "score": 0, "is_primary": false}}, {"type": "Feature", "geometry": {"type": "LineString", "coordinates": [[137.584715, 36.445076], [137.5854, 36.445089], [137.586258, 36.445868], [137.588627, 36.445827], [137.589576, 36.446282], [137.591414, 36.44609], [137.594273, 36.446846], [137.596684, 36.446136], [137.597642, 36.445422], [137.59881, 36.443821], [137.599004, 36.442181], [137.600654, 36.440211], [137.601043, 36.436907], [137.603012, 36.435628], [137.602742, 36.433281], [137.601597, 36.431552], [137.601774, 36.428759], [137.601328, 36.427879], [137.602776, 36.426331]]}, "properties": {"route_id": "m052-r2", "mountain_no": 52, "mountain_name_ko": "스이쇼다케", "mountain_name_ja": "黒岳", "route_name_ja": "대표 등산로", "source": "way_graph", "distance_km": 3.88, "ascent_m": 931, "elev_start_m": 2056, "elev_end_m": 2960, "summit_elev_m": 2986, "trailhead_lat": 36.445076, "trailhead_lon": 137.584715, "summit_lat": 36.426331, "summit_lon": 137.602776, "point_count": 19, "score": 0, "is_primary": false}}, {"type": "Feature", "geometry": {"type": "LineString", "coordinates": [[137.60503, 36.45461], [137.60542, 36.453883], [137.605115, 36.452863], [137.606431, 36.450534], [137.60615, 36.44759], [137.60718, 36.443952], [137.604728, 36.437833], [137.603162, 36.43618], [137.602742, 36.433281], [137.601597, 36.431552], [137.601774, 36.428759], [137.601328, 36.427879], [137.602776, 36.426331]]}, "properties": {"route_id": "m052-r3", "mountain_no": 52, "mountain_name_ko": "스이쇼다케", "mountain_name_ja": "黒岳", "route_name_ja": "대표 등산로", "source": "way_graph", "distance_km": 3.52, "ascent_m": 308, "elev_start_m": 2764, "elev_end_m": 2960, "summit_elev_m": 2986, "trailhead_lat": 36.45461, "trailhead_lon": 137.60503, "summit_lat": 36.426331, "summit_lon": 137.602776, "point_count": 13, "score": 0, "is_primary": false}}, {"type": "Feature", "geometry": {"type": "LineString", "coordinates": [[137.629892, 36.323088], [137.630531, 36.323157], [137.630882, 36.322604], [137.634977, 36.322535], [137.634741, 36.321532], [137.636916, 36.320641], [137.638341, 36.320851], [137.639908, 36.319645], [137.642241, 36.319835], [137.644281, 36.318671], [137.64596, 36.318959], [137.647212, 36.318288], [137.646956, 36.317454], [137.65078, 36.31684], [137.65048, 36.320782], [137.652127, 36.321755], [137.652238, 36.322283], [137.649958, 36.327679], [137.648747, 36.328586], [137.647265, 36.328414], [137.646151, 36.330642], [137.645786, 36.338735], [137.645306, 36.339739], [137.646165, 36.341485], [137.64749, 36.341903]]}, "properties": {"route_id": "m054-r0", "mountain_no": 54, "mountain_name_ko": "야리가타케", "mountain_name_ja": "槍ヶ岳", "route_name_ja": "대표 등산로", "source": "way_graph", "distance_km": 6.29, "ascent_m": 1319, "elev_start_m": 1994, "elev_end_m": 3126, "summit_elev_m": 3180, "trailhead_lat": 36.323088, "trailhead_lon": 137.629892, "summit_lat": 36.341903, "summit_lon": 137.64749, "point_count": 25, "score": 0, "is_primary": true}}, {"type": "Feature", "geometry": {"type": "LineString", "coordinates": [[137.652821, 36.303677], [137.653268, 36.304698], [137.650849, 36.306183], [137.648715, 36.308919], [137.649473, 36.311211], [137.649063, 36.312511], [137.649612, 36.315675], [137.650953, 36.31728], [137.65048, 36.320782], [137.652127, 36.321755], [137.652238, 36.322283], [137.649958, 36.327679], [137.648747, 36.328586], [137.647484, 36.328248], [137.64625, 36.330071], [137.645786, 36.338735], [137.645306, 36.339739], [137.646165, 36.341485], [137.64749, 36.341903]]}, "properties": {"route_id": "m054-r1", "mountain_no": 54, "mountain_name_ko": "야리가타케", "mountain_name_ja": "槍ヶ岳", "route_name_ja": "대표 등산로", "source": "way_graph", "distance_km": 5.26, "ascent_m": 577, "elev_start_m": 3046, "elev_end_m": 3126, "summit_elev_m": 3180, "trailhead_lat": 36.303677, "trailhead_lon": 137.652821, "summit_lat": 36.341903, "summit_lon": 137.64749, "point_count": 19, "score": 0, "is_primary": false}}, {"type": "Feature", "geometry": {"type": "LineString", "coordinates": [[137.64596, 36.318959], [137.647212, 36.318288], [137.646956, 36.317454], [137.65078, 36.31684], [137.65048, 36.320782], [137.652219, 36.321889], [137.649958, 36.327679], [137.648747, 36.328586], [137.647484, 36.328248], [137.64625, 36.330071], [137.645786, 36.338735], [137.645306, 36.339739], [137.646165, 36.341485], [137.64749, 36.341903]]}, "properties": {"route_id": "m054-r2", "mountain_no": 54, "mountain_name_ko": "야리가타케", "mountain_name_ja": "槍ヶ岳", "route_name_ja": "대표 등산로", "source": "way_graph", "distance_km": 4.19, "ascent_m": 565, "elev_start_m": 2749, "elev_end_m": 3126, "summit_elev_m": 3180, "trailhead_lat": 36.318959, "trailhead_lon": 137.64596, "summit_lat": 36.341903, "summit_lon": 137.64749, "point_count": 14, "score": 0, "is_primary": false}}, {"type": "Feature", "geometry": {"type": "LineString", "coordinates": [[137.60191, 36.268182], [137.603946, 36.268619], [137.604508, 36.267992], [137.605537, 36.267956], [137.606858, 36.268572], [137.609748, 36.267713], [137.613042, 36.268292], [137.615199, 36.2676], [137.61662, 36.267664], [137.617703, 36.267017], [137.617466, 36.265831], [137.617908, 36.265573], [137.619188, 36.266384], [137.620477, 36.266572], [137.620909, 36.267771], [137.623423, 36.270523], [137.625318, 36.271226], [137.626058, 36.272021], [137.62692, 36.27579], [137.627914, 36.276508], [137.628959, 36.278706], [137.630985, 36.279461], [137.63616, 36.283251], [137.637461, 36.283632], [137.638224, 36.284896], [137.641118, 36.285765], [137.643679, 36.287733], [137.64813, 36.289196]]}, "properties": {"route_id": "m055-r0", "mountain_no": 55, "mountain_name_ko": "호타카다케", "mountain_name_ja": "穂高岳", "route_name_ja": "대표 등산로", "source": "way_graph", "distance_km": 6.07, "ascent_m": 1102, "elev_start_m": 2148, "elev_end_m": 3179, "summit_elev_m": 3190, "trailhead_lat": 36.268182, "trailhead_lon": 137.60191, "summit_lat": 36.289196, "summit_lon": 137.64813, "point_count": 28, "score": 0, "is_primary": true}}, {"type": "Feature", "geometry": {"type": "LineString", "coordinates": [[137.63877, 36.25552], [137.640784, 36.258941], [137.642327, 36.260013], [137.64246, 36.261267], [137.643169, 36.261275], [137.643312, 36.26269], [137.643807, 36.263079], [137.642952, 36.264945], [137.644138, 36.266689], [137.644669, 36.272326], [137.64631, 36.273218], [137.647643, 36.275123], [137.647096, 36.275678], [137.647274, 36.276275], [137.63986, 36.280891], [137.638382, 36.28244], [137.637657, 36.284501], [137.641118, 36.285765], [137.643679, 36.287733], [137.64813, 36.289196]]}, "properties": {"route_id": "m055-r1", "mountain_no": 55, "mountain_name_ko": "호타카다케", "mountain_name_ja": "穂高岳", "route_name_ja": "대표 등산로", "source": "way_graph", "distance_km": 5.29, "ascent_m": 1656, "elev_start_m": 1521, "elev_end_m": 3179, "summit_elev_m": 3190, "trailhead_lat": 36.25552, "trailhead_lon": 137.63877, "summit_lat": 36.289196, "summit_lon": 137.64813, "point_count": 20, "score": 0, "is_primary": false}}, {"type": "Feature", "geometry": {"type": "LineString", "coordinates": [[137.618421, 36.266], [137.620624, 36.266667], [137.620909, 36.267771], [137.623423, 36.270523], [137.624488, 36.27077], [137.625951, 36.271876], [137.62692, 36.27579], [137.627914, 36.276508], [137.628959, 36.278706], [137.630985, 36.279461], [137.63616, 36.283251], [137.637461, 36.283632], [137.638224, 36.284896], [137.641118, 36.285765], [137.643679, 36.287733], [137.64813, 36.289196]]}, "properties": {"route_id": "m055-r2", "mountain_no": 55, "mountain_name_ko": "호타카다케", "mountain_name_ja": "穂高岳", "route_name_ja": "대표 등산로", "source": "way_graph", "distance_km": 4.16, "ascent_m": 835, "elev_start_m": 2396, "elev_end_m": 3179, "summit_elev_m": 3190, "trailhead_lat": 36.266, "trailhead_lon": 137.618421, "summit_lat": 36.289196, "summit_lon": 137.64813, "point_count": 16, "score": 0, "is_primary": false}}, {"type": "Feature", "geometry": {"type": "LineString", "coordinates": [[137.644257, 36.268392], [137.644669, 36.272326], [137.647422, 36.274288], [137.647274, 36.276275], [137.63986, 36.280891], [137.638382, 36.28244], [137.637657, 36.284501], [137.641118, 36.285765], [137.643679, 36.287733], [137.64813, 36.289196]]}, "properties": {"route_id": "m055-r3", "mountain_no": 55, "mountain_name_ko": "호타카다케", "mountain_name_ja": "穂高岳", "route_name_ja": "대표 등산로", "source": "way_graph", "distance_km": 3.5, "ascent_m": 1299, "elev_start_m": 1877, "elev_end_m": 3179, "summit_elev_m": 3190, "trailhead_lat": 36.268392, "trailhead_lon": 137.644257, "summit_lat": 36.289196, "summit_lon": 137.64813, "point_count": 10, "score": 0, "is_primary": false}}, {"type": "Feature", "geometry": {"type": "LineString", "coordinates": [[137.801141, 36.30863], [137.798924, 36.308981], [137.798827, 36.311226], [137.79838, 36.311696], [137.794169, 36.310736], [137.792271, 36.311217], [137.791396, 36.312131], [137.784213, 36.313111], [137.782258, 36.314697], [137.778628, 36.316371], [137.775263, 36.319505], [137.774343, 36.321478], [137.772124, 36.323106], [137.768946, 36.323916], [137.762094, 36.32687], [137.757066, 36.327588], [137.751628, 36.326995], [137.74719, 36.327393], [137.741229, 36.325431], [137.73811, 36.32304]]}, "properties": {"route_id": "m056-r0", "mountain_no": 56, "mountain_name_ko": "조넨다케", "mountain_name_ja": "常念岳", "route_name_ja": "대표 등산로", "source": "way_graph", "distance_km": 6.98, "ascent_m": 1708, "elev_start_m": 937, "elev_end_m": 2633, "summit_elev_m": 2857, "trailhead_lat": 36.30863, "trailhead_lon": 137.801141, "summit_lat": 36.32304, "summit_lon": 137.73811, "point_count": 20, "score": 0, "is_primary": true}}, {"type": "Feature", "geometry": {"type": "LineString", "coordinates": [[137.785216, 36.312827], [137.784213, 36.313111], [137.782258, 36.314697], [137.779037, 36.316038], [137.775263, 36.319505], [137.774343, 36.321478], [137.772124, 36.323106], [137.768946, 36.323916], [137.762094, 36.32687], [137.757066, 36.327588], [137.751628, 36.326995], [137.74719, 36.327393], [137.741229, 36.325431], [137.73811, 36.32304]]}, "properties": {"route_id": "m056-r1", "mountain_no": 56, "mountain_name_ko": "조넨다케", "mountain_name_ja": "常念岳", "route_name_ja": "대표 등산로", "source": "way_graph", "distance_km": 5.13, "ascent_m": 1362, "elev_start_m": 1283, "elev_end_m": 2633, "summit_elev_m": 2857, "trailhead_lat": 36.312827, "trailhead_lon": 137.785216, "summit_lat": 36.32304, "summit_lon": 137.73811, "point_count": 14, "score": 0, "is_primary": false}}, {"type": "Feature", "geometry": {"type": "LineString", "coordinates": [[137.773201, 36.322244], [137.772124, 36.323106], [137.768946, 36.323916], [137.763267, 36.326499], [137.757066, 36.327588], [137.751628, 36.326995], [137.74719, 36.327393], [137.741229, 36.325431], [137.73811, 36.32304]]}, "properties": {"route_id": "m056-r2", "mountain_no": 56, "mountain_name_ko": "조넨다케", "mountain_name_ja": "常念岳", "route_name_ja": "대표 등산로", "source": "way_graph", "distance_km": 3.54, "ascent_m": 870, "elev_start_m": 1775, "elev_end_m": 2633, "summit_elev_m": 2857, "trailhead_lat": 36.322244, "trailhead_lon": 137.773201, "summit_lat": 36.32304, "summit_lon": 137.73811, "point_count": 9, "score": 0, "is_primary": false}}, {"type": "Feature", "geometry": {"type": "LineString", "coordinates": [[137.635443, 36.339052], [137.63203, 36.33836], [137.630817, 36.337634], [137.62962, 36.335989], [137.629707, 36.334257], [137.628794, 36.332937], [137.628428, 36.330673], [137.628523, 36.327834], [137.629742, 36.323643], [137.627098, 36.32345], [137.62748, 36.323717], [137.626846, 36.324173], [137.622641, 36.325215], [137.621824, 36.326196], [137.618112, 36.323161], [137.617318, 36.321814], [137.614572, 36.320299], [137.613024, 36.316845]]}, "properties": {"route_id": "m057-r0", "mountain_no": 57, "mountain_name_ko": "가사가타케", "mountain_name_ja": "笠ヶ岳", "route_name_ja": "대표 등산로", "source": "way_graph", "distance_km": 4.62, "ascent_m": 417, "elev_start_m": 2545, "elev_end_m": 2124, "summit_elev_m": 2897, "trailhead_lat": 36.339052, "trailhead_lon": 137.635443, "summit_lat": 36.316845, "summit_lon": 137.613024, "point_count": 18, "score": 0, "is_primary": true}}, {"type": "Feature", "geometry": {"type": "LineString", "coordinates": [[137.629142, 36.3264], [137.629742, 36.323643], [137.627727, 36.323408], [137.627098, 36.32345], [137.627453, 36.323766], [137.626191, 36.324469], [137.622641, 36.325215], [137.621824, 36.326196], [137.621198, 36.325891], [137.620204, 36.324518], [137.618112, 36.323161], [137.617318, 36.321814], [137.614572, 36.320299], [137.613024, 36.316845]]}, "properties": {"route_id": "m057-r1", "mountain_no": 57, "mountain_name_ko": "가사가타케", "mountain_name_ja": "笠ヶ岳", "route_name_ja": "대표 등산로", "source": "way_graph", "distance_km": 2.76, "ascent_m": 418, "elev_start_m": 2034, "elev_end_m": 2124, "summit_elev_m": 2897, "trailhead_lat": 36.3264, "trailhead_lon": 137.629142, "summit_lat": 36.316845, "summit_lon": 137.613024, "point_count": 14, "score": 0, "is_primary": false}}, {"type": "Feature", "geometry": {"type": "LineString", "coordinates": [[137.616859, 36.263496], [137.61574, 36.263788], [137.615076, 36.263355], [137.613933, 36.260784], [137.612768, 36.259723], [137.612335, 36.257641], [137.611318, 36.257137], [137.610128, 36.255205], [137.608212, 36.254289], [137.6069, 36.253059], [137.605247, 36.248924], [137.599859, 36.245911], [137.595885, 36.242073], [137.595199, 36.24023], [137.595434, 36.238869], [137.590453, 36.232974], [137.590748, 36.231477], [137.589792, 36.2301], [137.590365, 36.228384], [137.58927, 36.228157]]}, "properties": {"route_id": "m058-r0", "mountain_no": 58, "mountain_name_ko": "야케다케", "mountain_name_ja": "焼岳", "route_name_ja": "대표 등산로", "source": "way_graph", "distance_km": 5.48, "ascent_m": 502, "elev_start_m": 2300, "elev_end_m": 2405, "summit_elev_m": 2455, "trailhead_lat": 36.263496, "trailhead_lon": 137.616859, "summit_lat": 36.228157, "summit_lon": 137.58927, "point_count": 20, "score": 0, "is_primary": true}}, {"type": "Feature", "geometry": {"type": "LineString", "coordinates": [[137.617563, 36.239899], [137.614015, 36.238203], [137.613594, 36.237081], [137.612165, 36.23623], [137.609545, 36.235641], [137.605623, 36.235843], [137.60496, 36.235532], [137.600845, 36.236057], [137.594988, 36.234644], [137.593943, 36.235626], [137.593757, 36.237032], [137.590453, 36.232974], [137.590748, 36.231477], [137.589792, 36.2301], [137.590365, 36.228384], [137.58927, 36.228157]]}, "properties": {"route_id": "m058-r1", "mountain_no": 58, "mountain_name_ko": "야케다케", "mountain_name_ja": "焼岳", "route_name_ja": "대표 등산로", "source": "way_graph", "distance_km": 4.07, "ascent_m": 898, "elev_start_m": 1518, "elev_end_m": 2405, "summit_elev_m": 2455, "trailhead_lat": 36.239899, "trailhead_lon": 137.617563, "summit_lat": 36.228157, "summit_lon": 137.58927, "point_count": 16, "score": 0, "is_primary": false}}, {"type": "Feature", "geometry": {"type": "LineString", "coordinates": [[137.579827, 36.252854], [137.5806, 36.251548], [137.582844, 36.250501], [137.582699, 36.249885], [137.583364, 36.249472], [137.583726, 36.248091], [137.585482, 36.248182], [137.58575, 36.2476], [137.586958, 36.247259], [137.587405, 36.245903], [137.587033, 36.245223], [137.588519, 36.243979], [137.589491, 36.241949], [137.588655, 36.241024], [137.589366, 36.24086], [137.589221, 36.24017], [137.590696, 36.238935], [137.591071, 36.237103], [137.589984, 36.235462], [137.591485, 36.234136], [137.590453, 36.232974], [137.590748, 36.231477], [137.589799, 36.230225], [137.590365, 36.228384], [137.58927, 36.228157]]}, "properties": {"route_id": "m058-r2", "mountain_no": 58, "mountain_name_ko": "야케다케", "mountain_name_ja": "焼岳", "route_name_ja": "대표 등산로", "source": "way_graph", "distance_km": 3.97, "ascent_m": 1151, "elev_start_m": 1256, "elev_end_m": 2405, "summit_elev_m": 2455, "trailhead_lat": 36.252854, "trailhead_lon": 137.579827, "summit_lat": 36.228157, "summit_lon": 137.58927, "point_count": 25, "score": 0, "is_primary": false}}, {"type": "Feature", "geometry": {"type": "LineString", "coordinates": [[137.60685, 36.252475], [137.605247, 36.248924], [137.599859, 36.245911], [137.595885, 36.242073], [137.595199, 36.24023], [137.595434, 36.238869], [137.590453, 36.232974], [137.590748, 36.231477], [137.589792, 36.2301], [137.590365, 36.228384], [137.58927, 36.228157]]}, "properties": {"route_id": "m058-r3", "mountain_no": 58, "mountain_name_ko": "야케다케", "mountain_name_ja": "焼岳", "route_name_ja": "대표 등산로", "source": "way_graph", "distance_km": 3.71, "ascent_m": 431, "elev_start_m": 2237, "elev_end_m": 2405, "summit_elev_m": 2455, "trailhead_lat": 36.252475, "trailhead_lon": 137.60685, "summit_lat": 36.228157, "summit_lon": 137.58927, "point_count": 11, "score": 0, "is_primary": false}}, {"type": "Feature", "geometry": {"type": "LineString", "coordinates": [[137.5551114, 36.1247895], [137.5560051, 36.1237004], [137.5580688, 36.1240361], [137.556698, 36.121499], [137.5573388, 36.1204867], [137.557165, 36.119252], [137.5540345, 36.1245945], [137.5544888, 36.1234985], [137.552632, 36.1230392], [137.5502987, 36.1235483], [137.5544888, 36.1234985], [137.5535405, 36.1233952], [137.5550552, 36.1209842], [137.5546907, 36.1209409], [137.5544888, 36.1234985], [137.557165, 36.119252], [137.5550552, 36.1209842], [137.5525449, 36.1149061], [137.5558116, 36.1160109], [137.5572899, 36.119124], [137.5517467, 36.1139218], [137.5523975, 36.1129103], [137.5521079, 36.1096383], [137.5538168, 36.1072782], [137.5536354, 36.1064967]]}, "properties": {"route_id": "m059-r0", "mountain_no": 59, "mountain_name_ko": "노리쿠라다케", "mountain_name_ja": "乗鞍岳", "route_name_ja": "Kengamine", "source": "relation", "distance_km": 7.35, "ascent_m": 469, "elev_start_m": 2700, "elev_end_m": 2992, "summit_elev_m": 3026, "trailhead_lat": 36.1247895, "trailhead_lon": 137.5551114, "summit_lat": 36.1064967, "summit_lon": 137.5536354, "point_count": 25, "score": 44.87815087778572, "is_primary": true}}, {"type": "Feature", "geometry": {"type": "LineString", "coordinates": [[137.459218, 35.928447], [137.460476, 35.927983], [137.460062, 35.92635], [137.456162, 35.922912], [137.457333, 35.921529], [137.462556, 35.920464], [137.464563, 35.919655], [137.465316, 35.920044], [137.46901, 35.919481], [137.471939, 35.918516], [137.475139, 35.916646], [137.478975, 35.915684], [137.480275, 35.912227], [137.481915, 35.911675], [137.484265, 35.909285], [137.484344, 35.907632], [137.481915, 35.904557], [137.482672, 35.903844], [137.481969, 35.902474], [137.482391, 35.900163], [137.481912, 35.898043], [137.479963, 35.898163], [137.479569, 35.896577], [137.476897, 35.896012], [137.47625, 35.895037], [137.476466, 35.893862], [137.477319, 35.893248], [137.480339, 35.892906]]}, "properties": {"route_id": "m060-r0", "mountain_no": 60, "mountain_name_ko": "온타케산", "mountain_name_ja": "御嶽山", "route_name_ja": "대표 등산로", "source": "way_graph", "distance_km": 7.0, "ascent_m": 1218, "elev_start_m": 1978, "elev_end_m": 3040, "summit_elev_m": 3067, "trailhead_lat": 35.928447, "trailhead_lon": 137.459218, "summit_lat": 35.892906, "summit_lon": 137.480339, "point_count": 28, "score": 0, "is_primary": true}}, {"type": "Feature", "geometry": {"type": "LineString", "coordinates": [[137.497822, 35.939514], [137.49428, 35.935584], [137.493119, 35.9329], [137.491718, 35.931853], [137.491611, 35.929518], [137.490431, 35.927097], [137.490622, 35.925607], [137.489228, 35.921253], [137.48741, 35.919717], [137.487586, 35.91859], [137.486569, 35.918223], [137.486485, 35.917123], [137.484631, 35.916553], [137.48383, 35.915728], [137.483196, 35.912062], [137.484409, 35.907887], [137.481915, 35.904557], [137.482672, 35.903844], [137.481969, 35.902474], [137.482391, 35.900163], [137.481912, 35.898043], [137.479963, 35.898163], [137.479569, 35.896577], [137.476897, 35.896012], [137.47625, 35.895037], [137.476466, 35.893862], [137.477319, 35.893248], [137.480339, 35.892906]]}, "properties": {"route_id": "m060-r1", "mountain_no": 60, "mountain_name_ko": "온타케산", "mountain_name_ja": "御嶽山", "route_name_ja": "대표 등산로", "source": "way_graph", "distance_km": 7.01, "ascent_m": 1267, "elev_start_m": 1907, "elev_end_m": 3040, "summit_elev_m": 3067, "trailhead_lat": 35.939514, "trailhead_lon": 137.497822, "summit_lat": 35.892906, "summit_lon": 137.480339, "point_count": 28, "score": 0, "is_primary": false}}, {"type": "Feature", "geometry": {"type": "LineString", "coordinates": [[137.532459, 35.890403], [137.525433, 35.893213], [137.523238, 35.89359], [137.521069, 35.894799], [137.518001, 35.895224], [137.513528, 35.897864], [137.509216, 35.897411], [137.507093, 35.895386], [137.50719, 35.894688], [137.506017, 35.894165], [137.501128, 35.895084], [137.498518, 35.89513], [137.497806, 35.893733], [137.493873, 35.894694], [137.491675, 35.894513], [137.488534, 35.89513], [137.487946, 35.894786], [137.485831, 35.895549], [137.481912, 35.898043], [137.479963, 35.898163], [137.479569, 35.896577], [137.476768, 35.895947], [137.476242, 35.89485], [137.476466, 35.893862], [137.477319, 35.893248], [137.480339, 35.892906]]}, "properties": {"route_id": "m060-r2", "mountain_no": 60, "mountain_name_ko": "온타케산", "mountain_name_ja": "御嶽山", "route_name_ja": "대표 등산로", "source": "way_graph", "distance_km": 7.02, "ascent_m": 1430, "elev_start_m": 1667, "elev_end_m": 3040, "summit_elev_m": 3067, "trailhead_lat": 35.890403, "trailhead_lon": 137.532459, "summit_lat": 35.892906, "summit_lon": 137.480339, "point_count": 26, "score": 0, "is_primary": false}}, {"type": "Feature", "geometry": {"type": "LineString", "coordinates": [[137.52754, 35.913788], [137.515909, 35.908917], [137.508573, 35.907543], [137.508152, 35.907874], [137.506539, 35.906996], [137.50574, 35.907298], [137.50524, 35.906716], [137.502991, 35.90614], [137.499347, 35.905872], [137.497744, 35.906465], [137.491413, 35.907322], [137.485541, 35.905957], [137.484813, 35.906839], [137.483449, 35.906864], [137.481915, 35.904557], [137.482672, 35.903844], [137.481969, 35.902474], [137.482391, 35.900163], [137.481912, 35.898043], [137.479963, 35.898163], [137.479569, 35.896577], [137.476897, 35.896012], [137.47625, 35.895037], [137.476466, 35.893862], [137.477319, 35.893248], [137.480339, 35.892906]]}, "properties": {"route_id": "m060-r3", "mountain_no": 60, "mountain_name_ko": "온타케산", "mountain_name_ja": "御嶽山", "route_name_ja": "대표 등산로", "source": "way_graph", "distance_km": 7.03, "ascent_m": 1348, "elev_start_m": 1758, "elev_end_m": 3040, "summit_elev_m": 3067, "trailhead_lat": 35.913788, "trailhead_lon": 137.52754, "summit_lat": 35.892906, "summit_lon": 137.480339, "point_count": 26, "score": 0, "is_primary": false}}, {"type": "Feature", "geometry": {"type": "LineString", "coordinates": [[138.108904, 36.208458], [138.109889, 36.20831], [138.111338, 36.207228], [138.110579, 36.206466], [138.110821, 36.205497], [138.111387, 36.205664], [138.111668, 36.204261], [138.110512, 36.203651], [138.110426, 36.203181], [138.111886, 36.20391], [138.115637, 36.20391], [138.118734, 36.205063], [138.121487, 36.204791], [138.122517, 36.203943], [138.126722, 36.204059], [138.129355, 36.207544], [138.128685, 36.208951], [138.128661, 36.211399], [138.126914, 36.213486], [138.125566, 36.213932], [138.12121, 36.217725], [138.119866, 36.216632], [138.118248, 36.216529], [138.11701, 36.218042], [138.115283, 36.217891], [138.11521, 36.219246], [138.113396, 36.220731], [138.114554, 36.221455], [138.114585, 36.222423], [138.111747, 36.224743], [138.107775, 36.225012], [138.107198, 36.225192], [138.108458, 36.225329], [138.107444, 36.225818]]}, "properties": {"route_id": "m061-r0", "mountain_no": 61, "mountain_name_ko": "우쓰쿠시가하라", "mountain_name_ja": "美ヶ原", "route_name_ja": "대표 등산로", "source": "way_graph", "distance_km": 6.79, "ascent_m": 595, "elev_start_m": 1521, "elev_end_m": 2031, "summit_elev_m": 2034, "trailhead_lat": 36.208458, "trailhead_lon": 138.108904, "summit_lat": 36.225818, "summit_lon": 138.107444, "point_count": 34, "score": 0, "is_primary": true}}, {"type": "Feature", "geometry": {"type": "LineString", "coordinates": [[138.128576, 36.187083], [138.128582, 36.187934], [138.128166, 36.187821], [138.127209, 36.188674], [138.12798, 36.191425], [138.127807, 36.197077], [138.127197, 36.199185], [138.125722, 36.200991], [138.12673, 36.203229], [138.126469, 36.203618], [138.129355, 36.207544], [138.128685, 36.208951], [138.128661, 36.211399], [138.126914, 36.213486], [138.125566, 36.213932], [138.12121, 36.217725], [138.119866, 36.216632], [138.118248, 36.216529], [138.11701, 36.218042], [138.115283, 36.217891], [138.11521, 36.219246], [138.113396, 36.220731], [138.114554, 36.221455], [138.114585, 36.222423], [138.111747, 36.224743], [138.107775, 36.225012], [138.107198, 36.225192], [138.108458, 36.225329], [138.107444, 36.225818]]}, "properties": {"route_id": "m061-r1", "mountain_no": 61, "mountain_name_ko": "우쓰쿠시가하라", "mountain_name_ja": "美ヶ原", "route_name_ja": "대표 등산로", "source": "way_graph", "distance_km": 6.43, "ascent_m": 476, "elev_start_m": 1672, "elev_end_m": 2031, "summit_elev_m": 2034, "trailhead_lat": 36.187083, "trailhead_lon": 138.128576, "summit_lat": 36.225818, "summit_lon": 138.107444, "point_count": 29, "score": 0, "is_primary": false}}, {"type": "Feature", "geometry": {"type": "LineString", "coordinates": [[138.125543, 36.206429], [138.12719, 36.206676], [138.12619, 36.204572], [138.125154, 36.203908], [138.126722, 36.204059], [138.129355, 36.207544], [138.128685, 36.208951], [138.128661, 36.211399], [138.127273, 36.213127], [138.125566, 36.213932], [138.12121, 36.217725], [138.119866, 36.216632], [138.118248, 36.216529], [138.11701, 36.218042], [138.115283, 36.217891], [138.11521, 36.219246], [138.113396, 36.220731], [138.114554, 36.221455], [138.114585, 36.222423], [138.111747, 36.224743], [138.107775, 36.225012], [138.107198, 36.225192], [138.108458, 36.225329], [138.107444, 36.225818]]}, "properties": {"route_id": "m061-r2", "mountain_no": 61, "mountain_name_ko": "우쓰쿠시가하라", "mountain_name_ja": "美ヶ原", "route_name_ja": "대표 등산로", "source": "way_graph", "distance_km": 4.98, "ascent_m": 229, "elev_start_m": 1886, "elev_end_m": 2031, "summit_elev_m": 2034, "trailhead_lat": 36.206429, "trailhead_lon": 138.125543, "summit_lat": 36.225818, "summit_lon": 138.107444, "point_count": 24, "score": 0, "is_primary": false}}, {"type": "Feature", "geometry": {"type": "LineString", "coordinates": [[138.088662, 36.212946], [138.089862, 36.213163], [138.093818, 36.211855], [138.094861, 36.21203], [138.097917, 36.214765], [138.100365, 36.218254], [138.100879, 36.219752], [138.101938, 36.219933], [138.102877, 36.219556], [138.10411, 36.219904], [138.105506, 36.219571], [138.10723, 36.220086], [138.107987, 36.220657], [138.108271, 36.22167], [138.106463, 36.222005], [138.106242, 36.223288], [138.106772, 36.224086], [138.107615, 36.224001], [138.106886, 36.224873], [138.107198, 36.225192], [138.108458, 36.225329], [138.107444, 36.225818]]}, "properties": {"route_id": "m061-r3", "mountain_no": 61, "mountain_name_ko": "우쓰쿠시가하라", "mountain_name_ja": "美ヶ原", "route_name_ja": "대표 등산로", "source": "way_graph", "distance_km": 3.48, "ascent_m": 591, "elev_start_m": 1437, "elev_end_m": 2031, "summit_elev_m": 2034, "trailhead_lat": 36.212946, "trailhead_lon": 138.088662, "summit_lat": 36.225818, "summit_lon": 138.107444, "point_count": 22, "score": 0, "is_primary": false}}, {"type": "Feature", "geometry": {"type": "LineString", "coordinates": [[138.190699, 36.134538], [138.191164, 36.132443], [138.188762, 36.129154], [138.189066, 36.127662], [138.18864, 36.123869], [138.191024, 36.122602], [138.189439, 36.118583], [138.189411, 36.117092], [138.192778, 36.111946], [138.198663, 36.110977], [138.200117, 36.11023], [138.198827, 36.106376], [138.197536, 36.106986], [138.194384, 36.106803], [138.190226, 36.105058], [138.186497, 36.10474], [138.183926, 36.103877], [138.181754, 36.10409], [138.179225, 36.102668], [138.176139, 36.10197], [138.173566, 36.100162], [138.172581, 36.100812], [138.172066, 36.099919], [138.169868, 36.099398]]}, "properties": {"route_id": "m062-r0", "mountain_no": 62, "mountain_name_ko": "기리가미네", "mountain_name_ja": "霧ヶ峰", "route_name_ja": "대표 등산로", "source": "way_graph", "distance_km": 7.0, "ascent_m": 262, "elev_start_m": 1620, "elev_end_m": 1680, "summit_elev_m": 1925, "trailhead_lat": 36.134538, "trailhead_lon": 138.190699, "summit_lat": 36.099398, "summit_lon": 138.169868, "point_count": 24, "score": 0, "is_primary": true}}, {"type": "Feature", "geometry": {"type": "LineString", "coordinates": [[138.218408, 36.108602], [138.218412, 36.107704], [138.21977, 36.107621], [138.223111, 36.10968], [138.224189, 36.109888], [138.226122, 36.109395], [138.227713, 36.108178], [138.224572, 36.108343], [138.219978, 36.106018], [138.21704, 36.105274], [138.214151, 36.106603], [138.210093, 36.106372], [138.208991, 36.105929], [138.207612, 36.106583], [138.201583, 36.105312], [138.197536, 36.106986], [138.194384, 36.106803], [138.190226, 36.105058], [138.186497, 36.10474], [138.183926, 36.103877], [138.181754, 36.10409], [138.179225, 36.102668], [138.176139, 36.10197], [138.173566, 36.100162], [138.172581, 36.100812], [138.172066, 36.099919], [138.169868, 36.099398]]}, "properties": {"route_id": "m062-r1", "mountain_no": 62, "mountain_name_ko": "기리가미네", "mountain_name_ja": "霧ヶ峰", "route_name_ja": "대표 등산로", "source": "way_graph", "distance_km": 7.01, "ascent_m": 337, "elev_start_m": 1522, "elev_end_m": 1680, "summit_elev_m": 1925, "trailhead_lat": 36.108602, "trailhead_lon": 138.218408, "summit_lat": 36.099398, "summit_lon": 138.169868, "point_count": 27, "score": 0, "is_primary": false}}, {"type": "Feature", "geometry": {"type": "LineString", "coordinates": [[138.204078, 36.124914], [138.20267, 36.124467], [138.20049, 36.12583], [138.198916, 36.125964], [138.196927, 36.126962], [138.19104, 36.123194], [138.189439, 36.118583], [138.189684, 36.116329], [138.192778, 36.111946], [138.198663, 36.110977], [138.200117, 36.11023], [138.198827, 36.106376], [138.197536, 36.106986], [138.194384, 36.106803], [138.190226, 36.105058], [138.186497, 36.10474], [138.183926, 36.103877], [138.181754, 36.10409], [138.179225, 36.102668], [138.176139, 36.10197], [138.173566, 36.100162], [138.172581, 36.100812], [138.172066, 36.099919], [138.169868, 36.099398]]}, "properties": {"route_id": "m062-r2", "mountain_no": 62, "mountain_name_ko": "기리가미네", "mountain_name_ja": "霧ヶ峰", "route_name_ja": "대표 등산로", "source": "way_graph", "distance_km": 6.99, "ascent_m": 231, "elev_start_m": 1652, "elev_end_m": 1680, "summit_elev_m": 1925, "trailhead_lat": 36.124914, "trailhead_lon": 138.204078, "summit_lat": 36.099398, "summit_lon": 138.169868, "point_count": 24, "score": 0, "is_primary": false}}, {"type": "Feature", "geometry": {"type": "LineString", "coordinates": [[138.194931, 36.084173], [138.19404, 36.085534], [138.190203, 36.088959], [138.188824, 36.087674], [138.187821, 36.08568], [138.187156, 36.086176], [138.185632, 36.085929], [138.183307, 36.08723], [138.180731, 36.087753], [138.177843, 36.086835], [138.175765, 36.087388], [138.175562, 36.088266], [138.178006, 36.090359], [138.17871, 36.092321], [138.183497, 36.096821], [138.187547, 36.097648], [138.18766, 36.100613], [138.189141, 36.102097], [138.188907, 36.103663], [138.187855, 36.103937], [138.187646, 36.104612], [138.186217, 36.104686], [138.183926, 36.103877], [138.181754, 36.10409], [138.179225, 36.102668], [138.176139, 36.10197], [138.173566, 36.100162], [138.172581, 36.100812], [138.172066, 36.099919], [138.169868, 36.099398]]}, "properties": {"route_id": "m062-r3", "mountain_no": 62, "mountain_name_ko": "기리가미네", "mountain_name_ja": "霧ヶ峰", "route_name_ja": "대표 등산로", "source": "way_graph", "distance_km": 6.99, "ascent_m": 290, "elev_start_m": 1658, "elev_end_m": 1680, "summit_elev_m": 1925, "trailhead_lat": 36.084173, "trailhead_lon": 138.194931, "summit_lat": 36.099398, "summit_lon": 138.169868, "point_count": 30, "score": 0, "is_primary": false}}, {"type": "Feature", "geometry": {"type": "LineString", "coordinates": [[138.894943, 36.03719], [138.893869, 36.036346], [138.893451, 36.034172], [138.89092, 36.031717], [138.888559, 36.030567], [138.887275, 36.029298], [138.885849, 36.029423], [138.88428, 36.030215], [138.88406, 36.029801], [138.880318, 36.02998], [138.879744, 36.028743], [138.878656, 36.028328], [138.877503, 36.028681], [138.876005, 36.026874], [138.874856, 36.026568], [138.873492, 36.027265], [138.871766, 36.026423], [138.871128, 36.026672], [138.869374, 36.026248], [138.866736, 36.028337], [138.866239, 36.028112], [138.866687, 36.026858], [138.866222, 36.025808], [138.862116, 36.024725], [138.860679, 36.02354], [138.858573, 36.023871], [138.855753, 36.02219], [138.853626, 36.022044], [138.853498, 36.021614], [138.851823, 36.021093], [138.850527, 36.021358], [138.849654, 36.022655], [138.848132, 36.021987], [138.846783, 36.020567], [138.844751, 36.020351], [138.842806, 36.021823], [138.841572, 36.02218], [138.840978, 36.022909], [138.841316, 36.023406]]}, "properties": {"route_id": "m065-r0", "mountain_no": 65, "mountain_name_ko": "료카미산", "mountain_name_ja": "両神山", "route_name_ja": "대표 등산로", "source": "way_graph", "distance_km": 7.0, "ascent_m": 1443, "elev_start_m": 459, "elev_end_m": 1696, "summit_elev_m": 1723, "trailhead_lat": 36.03719, "trailhead_lon": 138.894943, "summit_lat": 36.023406, "summit_lon": 138.841316, "point_count": 39, "score": 0, "is_primary": true}}, {"type": "Feature", "geometry": {"type": "LineString", "coordinates": [[138.835376, 35.986388], [138.834851, 35.986775], [138.835221, 35.986815], [138.835312, 35.989381], [138.836982, 35.989559], [138.842075, 35.992243], [138.843887, 35.992497], [138.846803, 35.995027], [138.848288, 35.995262], [138.845903, 35.99736], [138.845469, 35.998291], [138.842713, 35.999461], [138.841767, 36.000328], [138.839506, 36.000866], [138.840849, 36.006191], [138.839302, 36.007562], [138.840891, 36.011264], [138.838512, 36.013527], [138.838936, 36.015633], [138.838408, 36.019086], [138.839719, 36.022379], [138.841316, 36.023406]]}, "properties": {"route_id": "m065-r1", "mountain_no": 65, "mountain_name_ko": "료카미산", "mountain_name_ja": "両神山", "route_name_ja": "대표 등산로", "source": "way_graph", "distance_km": 5.81, "ascent_m": 1270, "elev_start_m": 629, "elev_end_m": 1696, "summit_elev_m": 1723, "trailhead_lat": 35.986388, "trailhead_lon": 138.835376, "summit_lat": 36.023406, "summit_lon": 138.841316, "point_count": 22, "score": 0, "is_primary": false}}, {"type": "Feature", "geometry": {"type": "LineString", "coordinates": [[138.854409, 36.057077], [138.851777, 36.05697], [138.848986, 36.054724], [138.846972, 36.051775], [138.846911, 36.050495], [138.846234, 36.04952], [138.839568, 36.044288], [138.836098, 36.043845], [138.834797, 36.041793], [138.834159, 36.037241], [138.833583, 36.036608], [138.832435, 36.036456], [138.832946, 36.03548], [138.832577, 36.035347], [138.833051, 36.035175], [138.83267, 36.035034], [138.833333, 36.034479], [138.834749, 36.033989], [138.836538, 36.034219], [138.839098, 36.033603], [138.839607, 36.03188], [138.841638, 36.030464], [138.842216, 36.026828], [138.841357, 36.025777], [138.841316, 36.023406]]}, "properties": {"route_id": "m065-r2", "mountain_no": 65, "mountain_name_ko": "료카미산", "mountain_name_ja": "両神山", "route_name_ja": "대표 등산로", "source": "way_graph", "distance_km": 5.71, "ascent_m": 1184, "elev_start_m": 566, "elev_end_m": 1693, "summit_elev_m": 1723, "trailhead_lat": 36.057077, "trailhead_lon": 138.854409, "summit_lat": 36.023406, "summit_lon": 138.841316, "point_count": 25, "score": 0, "is_primary": false}}, {"type": "Feature", "geometry": {"type": "LineString", "coordinates": [[138.880709, 36.029981], [138.880109, 36.02988], [138.879335, 36.028475], [138.877549, 36.028702], [138.876094, 36.026937], [138.874856, 36.026568], [138.873492, 36.027265], [138.871766, 36.026423], [138.871128, 36.026672], [138.869268, 36.026262], [138.86657, 36.028298], [138.866222, 36.025808], [138.862116, 36.024725], [138.860679, 36.02354], [138.858573, 36.023871], [138.855753, 36.02219], [138.853626, 36.022044], [138.853498, 36.021614], [138.851823, 36.021093], [138.850527, 36.021358], [138.849654, 36.022655], [138.848132, 36.021987], [138.846783, 36.020567], [138.844751, 36.020351], [138.842806, 36.021823], [138.841572, 36.02218], [138.840978, 36.022909], [138.841316, 36.023406]]}, "properties": {"route_id": "m065-r3", "mountain_no": 65, "mountain_name_ko": "료카미산", "mountain_name_ja": "両神山", "route_name_ja": "대표 등산로", "source": "way_graph", "distance_km": 5.12, "ascent_m": 1069, "elev_start_m": 810, "elev_end_m": 1696, "summit_elev_m": 1723, "trailhead_lat": 36.029981, "trailhead_lon": 138.880709, "summit_lat": 36.023406, "summit_lon": 138.841316, "point_count": 28, "score": 0, "is_primary": false}}, {"type": "Feature", "geometry": {"type": "LineString", "coordinates": [[138.967689, 35.811959], [138.967721, 35.813119], [138.966967, 35.813976], [138.966638, 35.817638], [138.967194, 35.819826], [138.966289, 35.821624], [138.966817, 35.82135], [138.967252, 35.822021], [138.966586, 35.825187], [138.964952, 35.826947], [138.96459, 35.826294], [138.962821, 35.826744], [138.962761, 35.825134], [138.960508, 35.825119], [138.959465, 35.827297], [138.960079, 35.829721], [138.959683, 35.83057], [138.958839, 35.830832], [138.958505, 35.832495], [138.952921, 35.836455], [138.947687, 35.842011], [138.948105, 35.843798], [138.947546, 35.847513], [138.948412, 35.849192], [138.946157, 35.85339], [138.94406, 35.854582], [138.94397, 35.85546]]}, "properties": {"route_id": "m066-r0", "mountain_no": 66, "mountain_name_ko": "구모토리산", "mountain_name_ja": "雲取山", "route_name_ja": "대표 등산로", "source": "way_graph", "distance_km": 7.0, "ascent_m": 808, "elev_start_m": 1216, "elev_end_m": 2002, "summit_elev_m": 2017, "trailhead_lat": 35.811959, "trailhead_lon": 138.967689, "summit_lat": 35.85546, "summit_lon": 138.94397, "point_count": 27, "score": 0, "is_primary": true}}, {"type": "Feature", "geometry": {"type": "LineString", "coordinates": [[138.966382, 35.825447], [138.964952, 35.826947], [138.96459, 35.826294], [138.962821, 35.826744], [138.962761, 35.825134], [138.960508, 35.825119], [138.959465, 35.827297], [138.960079, 35.829721], [138.959683, 35.83057], [138.958839, 35.830832], [138.958505, 35.832495], [138.952921, 35.836455], [138.947687, 35.842011], [138.948105, 35.843798], [138.947546, 35.847513], [138.948412, 35.849192], [138.946157, 35.85339], [138.94406, 35.854582], [138.94397, 35.85546]]}, "properties": {"route_id": "m066-r1", "mountain_no": 66, "mountain_name_ko": "구모토리산", "mountain_name_ja": "雲取山", "route_name_ja": "대표 등산로", "source": "way_graph", "distance_km": 5.27, "ascent_m": 548, "elev_start_m": 1471, "elev_end_m": 2002, "summit_elev_m": 2017, "trailhead_lat": 35.825447, "trailhead_lon": 138.966382, "summit_lat": 35.85546, "summit_lon": 138.94397, "point_count": 19, "score": 0, "is_primary": false}}, {"type": "Feature", "geometry": {"type": "LineString", "coordinates": [[138.954787, 35.835134], [138.950559, 35.838727], [138.947687, 35.842011], [138.948105, 35.843798], [138.947546, 35.847513], [138.948412, 35.849192], [138.946157, 35.85339], [138.94406, 35.854582], [138.94397, 35.85546]]}, "properties": {"route_id": "m066-r2", "mountain_no": 66, "mountain_name_ko": "구모토리산", "mountain_name_ja": "雲取山", "route_name_ja": "대표 등산로", "source": "way_graph", "distance_km": 2.93, "ascent_m": 313, "elev_start_m": 1690, "elev_end_m": 2002, "summit_elev_m": 2017, "trailhead_lat": 35.835134, "trailhead_lon": 138.954787, "summit_lat": 35.85546, "summit_lon": 138.94397, "point_count": 9, "score": 0, "is_primary": false}}, {"type": "Feature", "geometry": {"type": "LineString", "coordinates": [[138.744398, 35.868897], [138.745087, 35.869168], [138.74504, 35.870962], [138.744296, 35.870896], [138.743215, 35.872186], [138.741552, 35.875162], [138.740221, 35.875649], [138.739535, 35.878083], [138.740491, 35.882079], [138.739706, 35.886706], [138.74059, 35.889443], [138.74092, 35.89511], [138.741762, 35.896807], [138.741131, 35.899752], [138.737918, 35.902311], [138.73656, 35.904242], [138.734571, 35.903764], [138.733123, 35.904446], [138.729016, 35.908966]]}, "properties": {"route_id": "m067-r0", "mountain_no": 67, "mountain_name_ko": "고부시가타케", "mountain_name_ja": "甲武信岳", "route_name_ja": "대표 등산로", "source": "way_graph", "distance_km": 5.59, "ascent_m": 1381, "elev_start_m": 1157, "elev_end_m": 2454, "summit_elev_m": 2475, "trailhead_lat": 35.868897, "trailhead_lon": 138.744398, "summit_lat": 35.908966, "summit_lon": 138.729016, "point_count": 19, "score": 0, "is_primary": true}}, {"type": "Feature", "geometry": {"type": "LineString", "coordinates": [[138.740491, 35.882079], [138.739706, 35.886706], [138.74059, 35.889443], [138.74092, 35.89511], [138.741762, 35.896807], [138.741131, 35.899752], [138.737918, 35.902311], [138.73656, 35.904242], [138.734571, 35.903764], [138.733123, 35.904446], [138.729016, 35.908966]]}, "properties": {"route_id": "m067-r1", "mountain_no": 67, "mountain_name_ko": "고부시가타케", "mountain_name_ja": "甲武信岳", "route_name_ja": "대표 등산로", "source": "way_graph", "distance_km": 3.78, "ascent_m": 924, "elev_start_m": 1614, "elev_end_m": 2454, "summit_elev_m": 2475, "trailhead_lat": 35.882079, "trailhead_lon": 138.740491, "summit_lat": 35.908966, "summit_lon": 138.729016, "point_count": 11, "score": 0, "is_primary": false}}, {"type": "Feature", "geometry": {"type": "LineString", "coordinates": [[138.6393143, 35.9053749], [138.6402446, 35.9077273], [138.6415465, 35.9085159], [138.6370892, 35.9014589], [138.6239836, 35.8976764], [138.625644, 35.89822], [138.629586, 35.898498], [138.63052, 35.899348], [138.633659, 35.900189], [138.6238588, 35.8976286], [138.622165, 35.8949807], [138.6235, 35.89745], [138.6238588, 35.8976286], [138.616695, 35.890605], [138.619392, 35.893391], [138.6211, 35.893734], [138.622165, 35.8949807], [138.61668, 35.890542], [138.6168966, 35.8892174], [138.615462, 35.8850793], [138.6162507, 35.8828136], [138.6158529, 35.8818457], [138.6163418, 35.8799649], [138.6180806, 35.8777557], [138.622545, 35.874787], [138.6228047, 35.8734726], [138.6239337, 35.873031], [138.6243869, 35.8718925], [138.625343, 35.871557]]}, "properties": {"route_id": "m068-r0", "mountain_no": 68, "mountain_name_ko": "긴푸산", "mountain_name_ja": "金峰山", "route_name_ja": "Mt. Kinpu", "source": "relation", "distance_km": 10.31, "ascent_m": 1149, "elev_start_m": 1607, "elev_end_m": 2586, "summit_elev_m": 2599, "trailhead_lat": 35.9053749, "trailhead_lon": 138.6393143, "summit_lat": 35.871557, "summit_lon": 138.625343, "point_count": 29, "score": 44.86463418097716, "is_primary": true}}, {"type": "Feature", "geometry": {"type": "LineString", "coordinates": [[138.8322857, 35.7317293], [138.8329275, 35.7317537], [138.833582, 35.7332778], [138.8346941, 35.73387], [138.8345046, 35.7349151], [138.8351958, 35.7355347], [138.8369736, 35.7362675], [138.8392015, 35.7363397], [138.8387533, 35.7369312], [138.8391714, 35.7378704], [138.8413403, 35.73998], [138.8409258, 35.7411025], [138.8413236, 35.7419345], [138.8419682, 35.7423055], [138.8441579, 35.7459724], [138.845773, 35.7462279], [138.8454695, 35.7485695]]}, "properties": {"route_id": "m070-r0", "mountain_no": 70, "mountain_name_ko": "다이보사쓰레이", "mountain_name_ja": "大菩薩岳", "route_name_ja": "大菩薩山 ループ", "source": "relation", "distance_km": 2.76, "ascent_m": 447, "elev_start_m": 1596, "elev_end_m": 2045, "summit_elev_m": 2057, "trailhead_lat": 35.7317293, "trailhead_lon": 138.8322857, "summit_lat": 35.7485695, "summit_lon": 138.8454695, "point_count": 17, "score": 44.82112690234382, "is_primary": true}}, {"type": "Feature", "geometry": {"type": "LineString", "coordinates": [[139.205734, 35.431372], [139.202811, 35.432142], [139.2007, 35.433633], [139.197886, 35.433784], [139.196743, 35.434492], [139.19561, 35.434018], [139.193118, 35.435092], [139.191475, 35.436763], [139.191173, 35.439088], [139.188064, 35.440069], [139.185425, 35.439619], [139.18527, 35.440988], [139.183139, 35.443322], [139.182312, 35.445324], [139.179359, 35.447004], [139.178195, 35.448264], [139.176963, 35.451668], [139.174996, 35.451747], [139.173877, 35.45251], [139.171667, 35.45304], [139.1637, 35.453664], [139.163199, 35.454399]]}, "properties": {"route_id": "m071-r0", "mountain_no": 71, "mountain_name_ko": "단자와산", "mountain_name_ja": "丹沢山", "route_name_ja": "대표 등산로", "source": "way_graph", "distance_km": 5.52, "ascent_m": 803, "elev_start_m": 807, "elev_end_m": 1482, "summit_elev_m": 1673, "trailhead_lat": 35.431372, "trailhead_lon": 139.205734, "summit_lat": 35.454399, "summit_lon": 139.163199, "point_count": 22, "score": 0, "is_primary": true}}, {"type": "Feature", "geometry": {"type": "LineString", "coordinates": [[139.149425, 35.431998], [139.148749, 35.431528], [139.144613, 35.431384], [139.144275, 35.430781], [139.143648, 35.430795], [139.142846, 35.433665], [139.141245, 35.435393], [139.141368, 35.437612], [139.142146, 35.439662], [139.141062, 35.442293], [139.141493, 35.444074], [139.142815, 35.444786], [139.14703, 35.444751], [139.148806, 35.444244], [139.152549, 35.445306], [139.154954, 35.445137], [139.156122, 35.447104], [139.157121, 35.447686], [139.157643, 35.449038], [139.160825, 35.449682], [139.162394, 35.452802], [139.163531, 35.453766], [139.163199, 35.454399]]}, "properties": {"route_id": "m071-r1", "mountain_no": 71, "mountain_name_ko": "단자와산", "mountain_name_ja": "丹沢山", "route_name_ja": "대표 등산로", "source": "way_graph", "distance_km": 5.1, "ascent_m": 865, "elev_start_m": 667, "elev_end_m": 1482, "summit_elev_m": 1673, "trailhead_lat": 35.431998, "trailhead_lon": 139.149425, "summit_lat": 35.454399, "summit_lon": 139.163199, "point_count": 23, "score": 0, "is_primary": false}}, {"type": "Feature", "geometry": {"type": "LineString", "coordinates": [[139.162162, 35.418374], [139.162492, 35.420949], [139.165177, 35.423198], [139.166773, 35.426111], [139.16668, 35.427808], [139.165481, 35.428567], [139.163782, 35.43101], [139.164061, 35.432782], [139.16352, 35.435486], [139.162375, 35.43647], [139.162189, 35.437547], [139.163307, 35.439904], [139.162342, 35.441451], [139.162587, 35.446158], [139.16169, 35.447379], [139.161603, 35.449219], [139.160925, 35.449823], [139.162394, 35.452802], [139.163531, 35.453766], [139.163199, 35.454399]]}, "properties": {"route_id": "m071-r2", "mountain_no": 71, "mountain_name_ko": "단자와산", "mountain_name_ja": "丹沢山", "route_name_ja": "대표 등산로", "source": "way_graph", "distance_km": 4.56, "ascent_m": 897, "elev_start_m": 598, "elev_end_m": 1482, "summit_elev_m": 1673, "trailhead_lat": 35.418374, "trailhead_lon": 139.162162, "summit_lat": 35.454399, "summit_lon": 139.163199, "point_count": 20, "score": 0, "is_primary": false}}, {"type": "Feature", "geometry": {"type": "LineString", "coordinates": [[139.191445, 35.438737], [139.188064, 35.440069], [139.185425, 35.439619], [139.18527, 35.440988], [139.183139, 35.443322], [139.182312, 35.445324], [139.179359, 35.447004], [139.178195, 35.448264], [139.176963, 35.451668], [139.174996, 35.451747], [139.173877, 35.45251], [139.171667, 35.45304], [139.1637, 35.453664], [139.163199, 35.454399]]}, "properties": {"route_id": "m071-r3", "mountain_no": 71, "mountain_name_ko": "단자와산", "mountain_name_ja": "丹沢山", "route_name_ja": "대표 등산로", "source": "way_graph", "distance_km": 3.69, "ascent_m": 406, "elev_start_m": 1180, "elev_end_m": 1482, "summit_elev_m": 1673, "trailhead_lat": 35.438737, "trailhead_lon": 139.191445, "summit_lat": 35.454399, "summit_lon": 139.163199, "point_count": 14, "score": 0, "is_primary": false}}, {"type": "Feature", "geometry": {"type": "LineString", "coordinates": [[138.7341352, 35.336617], [138.7339722, 35.3369333], [138.7356772, 35.3384044], [138.7373681, 35.3391853], [138.7391736, 35.3395337], [138.7383029, 35.3392321], [138.7419926, 35.3393461], [138.7394473, 35.339623], [138.7431247, 35.3389522], [138.7419926, 35.3393461], [138.7431247, 35.3389522], [138.7435623, 35.3399779], [138.7468631, 35.341953], [138.7481343, 35.3453995], [138.7501683, 35.3450271], [138.7503979, 35.3453534], [138.7519737, 35.3443054], [138.7509326, 35.346992], [138.7518963, 35.3449673], [138.7520691, 35.3436336], [138.7495805, 35.3497477], [138.749779, 35.3484905], [138.7509326, 35.346992], [138.7494574, 35.350415], [138.7495805, 35.3497477], [138.7471427, 35.3525524], [138.7487449, 35.351656], [138.7493739, 35.3505566], [138.745184, 35.353639], [138.745393, 35.353245], [138.7471427, 35.3525524], [138.7452621, 35.3540846], [138.745184, 35.353639], [138.7450731, 35.3543937], [138.7418467, 35.3520411], [138.7401262, 35.3529338], [138.7400983, 35.3535447], [138.739488, 35.353442], [138.7394095, 35.3544005], [138.7384443, 35.3543434], [138.7383579, 35.3557792], [138.7373293, 35.3555371], [138.737065, 35.3560522], [138.7367094, 35.3557144], [138.7357123, 35.3560095], [138.7350567, 35.3570992], [138.7334605, 35.3577079], [138.7336348, 35.3582891], [138.7329458, 35.3589595], [138.7333247, 35.3593247], [138.7316479, 35.3597387], [138.7333627, 35.3649236], [138.7344172, 35.3627461], [138.7337333, 35.3606183], [138.7311954, 35.3595748], [138.728364, 35.359843], [138.7275599, 35.3606383]]}, "properties": {"route_id": "m072-r0", "mountain_no": 72, "mountain_name_ko": "후지산", "mountain_name_ja": "富士山", "route_name_ja": "Mt. Fuji Loop", "source": "relation", "distance_km": 11.93, "ascent_m": 1597, "elev_start_m": 2382, "elev_end_m": 3746, "summit_elev_m": 3776, "trailhead_lat": 35.336617, "trailhead_lon": 138.7341352, "summit_lat": 35.3606383, "summit_lon": 138.7275599, "point_count": 57, "score": 34.89315412551373, "is_primary": false}}, {"type": "Feature", "geometry": {"type": "LineString", "coordinates": [[138.7416324, 35.3903102], [138.7449481, 35.386113], [138.7476595, 35.3852612], [138.7469059, 35.3846052], [138.7473791, 35.3843319], [138.7473013, 35.3830195], [138.7464936, 35.3827558], [138.746886, 35.3819091], [138.7459576, 35.3814139], [138.7461143, 35.3809997], [138.7455546, 35.3811097], [138.7453645, 35.3801128], [138.7442784, 35.3796443], [138.7446653, 35.3788057], [138.7435793, 35.3782804], [138.7437273, 35.3776102], [138.7432221, 35.3774347], [138.7394236, 35.3688687], [138.7391076, 35.3692815], [138.7431014, 35.3774984], [138.7429713, 35.3751555], [138.7414248, 35.3741608], [138.7410046, 35.3728774], [138.7401612, 35.3728604], [138.7400124, 35.3715326], [138.7386581, 35.3712765], [138.7393421, 35.3709686], [138.738968, 35.3705639], [138.7392499, 35.3700339], [138.7385545, 35.3696844], [138.7391076, 35.3692815], [138.7330644, 35.3657851], [138.7389905, 35.3690141], [138.7379711, 35.3682162], [138.737442, 35.3683656], [138.7373268, 35.3677176], [138.7368482, 35.367991], [138.7334598, 35.3656124], [138.7329828, 35.3657013]]}, "properties": {"route_id": "m072-r1", "mountain_no": 72, "mountain_name_ko": "후지산", "mountain_name_ja": "富士山", "route_name_ja": "河口湖ルート「上り」", "source": "relation", "distance_km": 8.8, "ascent_m": 1873, "elev_start_m": 2281, "elev_end_m": 3708, "summit_elev_m": 3776, "trailhead_lat": 35.3903102, "trailhead_lon": 138.7416324, "summit_lat": 35.3657013, "summit_lon": 138.7329828, "point_count": 39, "score": 30.41991839596681, "is_primary": false}}, {"type": "Feature", "geometry": {"type": "LineString", "coordinates": [[138.7784712, 35.3661034], [138.7775031, 35.3681776], [138.7753491, 35.3691153], [138.7733757, 35.3685554], [138.7712165, 35.3696382], [138.7708552, 35.3692449], [138.7695963, 35.3699373], [138.7662412, 35.3694683], [138.7655243, 35.3698579], [138.7633784, 35.3695155], [138.7627888, 35.3699431], [138.7613228, 35.3699569], [138.7584312, 35.3692339], [138.7571218, 35.3701662], [138.7560657, 35.369359], [138.7541814, 35.3698655], [138.7529307, 35.3695132], [138.7522459, 35.3699913], [138.7515013, 35.3694406], [138.7501555, 35.3700177], [138.7495326, 35.369445], [138.7488195, 35.3696463], [138.7485933, 35.3688398], [138.7471667, 35.3694424], [138.7466131, 35.3690086], [138.7448851, 35.3692398], [138.7441899, 35.3688559], [138.7434659, 35.3694456], [138.742257, 35.3690952], [138.7412013, 35.3696544], [138.7409297, 35.3690211], [138.7404982, 35.3692593], [138.7391244, 35.3685531], [138.7394236, 35.3688687], [138.7389905, 35.3690141], [138.7391244, 35.3685531], [138.7389905, 35.3690141], [138.738433, 35.3688894], [138.7379711, 35.3682162], [138.737442, 35.3683656], [138.7373268, 35.3677176], [138.7368482, 35.367991], [138.7334598, 35.3656124], [138.7329828, 35.3657013]]}, "properties": {"route_id": "m072-r2", "mountain_no": 72, "mountain_name_ko": "후지산", "mountain_name_ja": "富士山", "route_name_ja": "須走ルート「登り」", "source": "relation", "distance_km": 6.8, "ascent_m": 1733, "elev_start_m": 1976, "elev_end_m": 3708, "summit_elev_m": 3776, "trailhead_lat": 35.3661034, "trailhead_lon": 138.7784712, "summit_lat": 35.3657013, "summit_lon": 138.7329828, "point_count": 44, "score": 30.41991839596681, "is_primary": true}}, {"type": "Feature", "geometry": {"type": "LineString", "coordinates": [[138.7452621, 35.3540846], [138.745026, 35.354416], [138.7421537, 35.3520792], [138.7413903, 35.3522141], [138.7413271, 35.3525834], [138.7401262, 35.3529338], [138.7400983, 35.3535447], [138.739488, 35.353442], [138.7394095, 35.3544005], [138.7384443, 35.3543434], [138.7383579, 35.3557792], [138.7373293, 35.3555371], [138.737065, 35.3560522], [138.7367094, 35.3557144], [138.7357123, 35.3560095], [138.7350567, 35.3570992], [138.7334605, 35.3577079], [138.7336348, 35.3582891], [138.7329458, 35.3589595], [138.7333247, 35.3593247], [138.7316479, 35.3597387]]}, "properties": {"route_id": "m072-r3", "mountain_no": 72, "mountain_name_ko": "후지산", "mountain_name_ja": "富士山", "route_name_ja": "御殿場ルート「登り」", "source": "relation", "distance_km": 2.72, "ascent_m": 687, "elev_start_m": 3022, "elev_end_m": 3709, "summit_elev_m": 3776, "trailhead_lat": 35.3540846, "trailhead_lon": 138.7452621, "summit_lat": 35.3597387, "summit_lon": 138.7316479, "point_count": 21, "score": 27.13045239030689, "is_primary": false}}, {"type": "Feature", "geometry": {"type": "LineString", "coordinates": [[138.959809, 34.839383], [138.960377, 34.839425], [138.960778, 34.84014], [138.96256, 34.840624], [138.963465, 34.841618], [138.963864, 34.843564], [138.963416, 34.844725], [138.961331, 34.8446], [138.960278, 34.84592], [138.960434, 34.846954], [138.959013, 34.849596], [138.959989, 34.851535], [138.960999, 34.851473], [138.961973, 34.852571], [138.96309, 34.852481], [138.964802, 34.853593], [138.96675, 34.851785], [138.967587, 34.852732], [138.968309, 34.85273], [138.969725, 34.854464], [138.970674, 34.853953], [138.971543, 34.854169], [138.971788, 34.854713], [138.972908, 34.8546], [138.97342, 34.854948], [138.974679, 34.854534], [138.975567, 34.854931], [138.975996, 34.855987], [138.977927, 34.85655], [138.980287, 34.855829], [138.981747, 34.856867], [138.985008, 34.857079], [138.985502, 34.857765], [138.990094, 34.86016], [138.990523, 34.860988], [138.991488, 34.860142], [138.994471, 34.859685], [138.996509, 34.862326], [138.998581, 34.862404], [138.999819, 34.863549], [139.001812, 34.862862]]}, "properties": {"route_id": "m073-r0", "mountain_no": 73, "mountain_name_ko": "아마기산", "mountain_name_ja": "天城山", "route_name_ja": "대표 등산로", "source": "way_graph", "distance_km": 7.01, "ascent_m": 415, "elev_start_m": 1075, "elev_end_m": 1379, "summit_elev_m": 1405, "trailhead_lat": 34.839383, "trailhead_lon": 138.959809, "summit_lat": 34.862862, "summit_lon": 139.001812, "point_count": 41, "score": 0, "is_primary": true}}, {"type": "Feature", "geometry": {"type": "LineString", "coordinates": [[138.963743, 34.85273], [138.964802, 34.853593], [138.96675, 34.851785], [138.967587, 34.852732], [138.968309, 34.85273], [138.969725, 34.854464], [138.970674, 34.853953], [138.971543, 34.854169], [138.971788, 34.854713], [138.972908, 34.8546], [138.97342, 34.854948], [138.974679, 34.854534], [138.975567, 34.854931], [138.975996, 34.855987], [138.977927, 34.85655], [138.980287, 34.855829], [138.981747, 34.856867], [138.985008, 34.857079], [138.985502, 34.857765], [138.990094, 34.86016], [138.990523, 34.860988], [138.991488, 34.860142], [138.994471, 34.859685], [138.996509, 34.862326], [138.998581, 34.862404], [138.999819, 34.863549], [139.001812, 34.862862]]}, "properties": {"route_id": "m073-r1", "mountain_no": 73, "mountain_name_ko": "아마기산", "mountain_name_ja": "天城山", "route_name_ja": "대표 등산로", "source": "way_graph", "distance_km": 4.64, "ascent_m": 260, "elev_start_m": 1206, "elev_end_m": 1379, "summit_elev_m": 1405, "trailhead_lat": 34.85273, "trailhead_lon": 138.963743, "summit_lat": 34.862862, "summit_lon": 139.001812, "point_count": 27, "score": 0, "is_primary": false}}, {"type": "Feature", "geometry": {"type": "LineString", "coordinates": [[138.946153, 34.831765], [138.947873, 34.831469], [138.95026, 34.833179], [138.951167, 34.833257], [138.950705, 34.833659], [138.951312, 34.834304], [138.949066, 34.834312], [138.949652, 34.834695], [138.949146, 34.836031], [138.949715, 34.836435], [138.94904, 34.837294], [138.949541, 34.838026], [138.9505, 34.838409], [138.952452, 34.838242], [138.952584, 34.83899], [138.9552, 34.839954], [138.958988, 34.839243], [138.96032, 34.839385], [138.960413, 34.839918], [138.962462, 34.840549], [138.963465, 34.841618], [138.963847, 34.844068], [138.963189, 34.844814], [138.961078, 34.844815], [138.95902, 34.849492], [138.959989, 34.851535], [138.960999, 34.851473], [138.961973, 34.852571], [138.96309, 34.852481], [138.964802, 34.853593], [138.96675, 34.851785], [138.967587, 34.852732], [138.968309, 34.85273], [138.969725, 34.854464], [138.970674, 34.853953], [138.971543, 34.854169], [138.971788, 34.854713], [138.972908, 34.8546], [138.97342, 34.854948], [138.974679, 34.854534], [138.975567, 34.854931], [138.975996, 34.855987], [138.977927, 34.85655], [138.980287, 34.855829], [138.981747, 34.856867], [138.985008, 34.857079], [138.985502, 34.857765], [138.990094, 34.86016], [138.990523, 34.860988], [138.991488, 34.860142], [138.994471, 34.859685], [138.996509, 34.862326], [138.998581, 34.862404], [138.999819, 34.863549], [139.001812, 34.862862]]}, "properties": {"route_id": "m073-r2", "mountain_no": 73, "mountain_name_ko": "아마기산", "mountain_name_ja": "天城山", "route_name_ja": "대표 등산로", "source": "way_graph", "distance_km": 9.78, "ascent_m": 557, "elev_start_m": 940, "elev_end_m": 1379, "summit_elev_m": 1405, "trailhead_lat": 34.831765, "trailhead_lon": 138.946153, "summit_lat": 34.862862, "summit_lon": 139.001812, "point_count": 55, "score": 0, "is_primary": false}}, {"type": "Feature", "geometry": {"type": "LineString", "coordinates": [[139.023651, 34.872401], [139.021766, 34.871772], [139.021001, 34.870767], [139.018407, 34.870205], [139.018213, 34.869476], [139.018693, 34.867934], [139.019854, 34.867051], [139.019978, 34.863889], [139.021736, 34.863365], [139.021527, 34.86298], [139.022083, 34.862507], [139.021362, 34.862108], [139.020886, 34.860033], [139.016755, 34.862142], [139.009781, 34.86163], [139.006759, 34.86333], [139.004862, 34.862576], [139.002955, 34.863124], [139.001812, 34.862862]]}, "properties": {"route_id": "m073-r3", "mountain_no": 73, "mountain_name_ko": "아마기산", "mountain_name_ja": "天城山", "route_name_ja": "대표 등산로", "source": "way_graph", "distance_km": 4.21, "ascent_m": 410, "elev_start_m": 1052, "elev_end_m": 1373, "summit_elev_m": 1405, "trailhead_lat": 34.872401, "trailhead_lon": 139.023651, "summit_lat": 34.862862, "summit_lon": 139.001812, "point_count": 19, "score": 0, "is_primary": false}}, {"type": "Feature", "geometry": {"type": "LineString", "coordinates": [[137.820518, 35.817883], [137.821062, 35.817379], [137.821556, 35.814887], [137.823621, 35.813464], [137.824676, 35.811014], [137.826116, 35.809586], [137.82813, 35.808658], [137.829367, 35.805932], [137.828301, 35.804645], [137.820046, 35.798695], [137.823192, 35.79936], [137.825654, 35.801004], [137.828301, 35.804645], [137.820046, 35.798695], [137.8188052, 35.7984975], [137.817695, 35.7973158], [137.8156749, 35.7970555], [137.8132736, 35.7954684], [137.8115515, 35.7924321], [137.809753, 35.7912597], [137.8047195, 35.7895411], [137.8025537, 35.7897975], [137.803933, 35.7897698]]}, "properties": {"route_id": "m074-r0", "mountain_no": 74, "mountain_name_ko": "기소코마가타케", "mountain_name_ja": "木曽駒ヶ岳", "route_name_ja": "木曽駒高原", "source": "relation", "distance_km": 7.21, "ascent_m": 447, "elev_start_m": 2636, "elev_end_m": 2922, "summit_elev_m": 2956, "trailhead_lat": 35.817883, "trailhead_lon": 137.820518, "summit_lat": 35.7897698, "summit_lon": 137.803933, "point_count": 23, "score": 21.775995693517622, "is_primary": true}}, {"type": "Feature", "geometry": {"type": "LineString", "coordinates": [[137.867324, 35.804005], [137.864703, 35.805013], [137.863652, 35.806107], [137.856197, 35.805794], [137.85405, 35.80606], [137.852044, 35.805625], [137.851314, 35.805975], [137.845078, 35.805386], [137.844887, 35.805065], [137.843186, 35.805225], [137.840085, 35.80653], [137.837063, 35.806775], [137.833809, 35.807747], [137.830662, 35.805942], [137.829367, 35.805932], [137.825654, 35.801004], [137.823192, 35.79936], [137.821397, 35.798708], [137.818986, 35.798568], [137.817695, 35.797316], [137.815675, 35.797055], [137.813274, 35.795468], [137.811552, 35.792432], [137.808894, 35.790836], [137.804564, 35.789429]]}, "properties": {"route_id": "m074-r1", "mountain_no": 74, "mountain_name_ko": "기소코마가타케", "mountain_name_ja": "木曽駒ヶ岳", "route_name_ja": "대표 등산로", "source": "way_graph", "distance_km": 7.0, "ascent_m": 910, "elev_start_m": 2080, "elev_end_m": 2939, "summit_elev_m": 2956, "trailhead_lat": 35.804005, "trailhead_lon": 137.867324, "summit_lat": 35.789429, "summit_lon": 137.804564, "point_count": 25, "score": 0, "is_primary": false}}, {"type": "Feature", "geometry": {"type": "LineString", "coordinates": [[137.804437, 35.737499], [137.803019, 35.739623], [137.804074, 35.742426], [137.806283, 35.744611], [137.806765, 35.74571], [137.809715, 35.748128], [137.810688, 35.748449], [137.810954, 35.749363], [137.812752, 35.750792], [137.81359, 35.753207], [137.813473, 35.75507], [137.812297, 35.75767], [137.812476, 35.758462], [137.811652, 35.759233], [137.812016, 35.762197], [137.811115, 35.76245], [137.81056, 35.763223], [137.809916, 35.765933], [137.810464, 35.766706], [137.810521, 35.771168], [137.809827, 35.772072], [137.809969, 35.773935], [137.808493, 35.779205], [137.809241, 35.782345], [137.807778, 35.784603], [137.807767, 35.786074], [137.804564, 35.789429]]}, "properties": {"route_id": "m074-r2", "mountain_no": 74, "mountain_name_ko": "기소코마가타케", "mountain_name_ja": "木曽駒ヶ岳", "route_name_ja": "대표 등산로", "source": "way_graph", "distance_km": 7.0, "ascent_m": 640, "elev_start_m": 2734, "elev_end_m": 2937, "summit_elev_m": 2956, "trailhead_lat": 35.737499, "trailhead_lon": 137.804437, "summit_lat": 35.789429, "summit_lon": 137.804564, "point_count": 27, "score": 0, "is_primary": false}}, {"type": "Feature", "geometry": {"type": "LineString", "coordinates": [[137.850708, 35.775077], [137.850331, 35.776408], [137.850865, 35.777163], [137.85064, 35.77885], [137.847124, 35.784402], [137.846447, 35.787535], [137.84304, 35.788187], [137.83693, 35.786178], [137.83499, 35.786198], [137.832447, 35.785243], [137.831453, 35.785547], [137.830783, 35.784726], [137.830285, 35.785243], [137.829265, 35.784426], [137.827195, 35.784753], [137.824231, 35.784436], [137.823611, 35.783941], [137.822782, 35.783976], [137.822912, 35.78329], [137.821858, 35.782777], [137.819389, 35.784155], [137.816487, 35.7844], [137.808883, 35.782965], [137.807714, 35.784767], [137.807767, 35.786074], [137.804564, 35.789429]]}, "properties": {"route_id": "m074-r3", "mountain_no": 74, "mountain_name_ko": "기소코마가타케", "mountain_name_ja": "木曽駒ヶ岳", "route_name_ja": "대표 등산로", "source": "way_graph", "distance_km": 6.58, "ascent_m": 1323, "elev_start_m": 1691, "elev_end_m": 2937, "summit_elev_m": 2956, "trailhead_lat": 35.775077, "trailhead_lon": 137.850708, "summit_lat": 35.789429, "summit_lon": 137.804564, "point_count": 26, "score": 0, "is_primary": false}}, {"type": "Feature", "geometry": {"type": "LineString", "coordinates": [[137.8505757, 35.7282911], [137.8489789, 35.7283334], [137.8465584, 35.727677], [137.8465036, 35.7261745], [137.8438885, 35.7261004], [137.8434803, 35.7266859], [137.841728, 35.726994], [137.8776248, 35.7365191], [137.8771517, 35.7359988], [137.8760521, 35.7361175], [137.8749597, 35.7353536], [137.877064, 35.7370121], [137.8767007, 35.7366499], [137.8748567, 35.7367084], [137.8734913, 35.7359969], [137.8747487, 35.7375373], [137.8736184, 35.7372045], [137.8689022, 35.7374957], [137.8615283, 35.7352571], [137.858901, 35.733934], [137.8579932, 35.7326095], [137.8577145, 35.7313986], [137.8580093, 35.7311867], [137.858675, 35.731637], [137.8593512, 35.7313429], [137.8589539, 35.7301102], [137.8615369, 35.7353074], [137.8634556, 35.734847], [137.8644311, 35.7353231], [137.8644736, 35.735888], [137.866879, 35.735914], [137.8679721, 35.736997], [137.8615369, 35.7353074], [137.8634556, 35.734847], [137.8644311, 35.7353231], [137.8644736, 35.735888], [137.866879, 35.735914], [137.8679721, 35.736997], [137.8615283, 35.7352571], [137.8607234, 35.7355519], [137.8609572, 35.7359287], [137.8589539, 35.7301102], [137.8607182, 35.7319593], [137.8604679, 35.7326546], [137.8612618, 35.7333267], [137.8608108, 35.7334267], [137.8619912, 35.7337174], [137.861618, 35.7340557], [137.8622318, 35.7342587], [137.8615283, 35.7352571], [137.858781, 35.7297799], [137.8574771, 35.7284775], [137.8525958, 35.727865], [137.8505757, 35.7282911], [137.841728, 35.726994], [137.8382721, 35.7257656], [137.8369483, 35.725945], [137.8349228, 35.7241315], [137.8330541, 35.7231567], [137.8292669, 35.7233079], [137.8283724, 35.7228937], [137.8258184, 35.7230805], [137.8237024, 35.7226424], [137.8170816, 35.7190355]]}, "properties": {"route_id": "m075-r0", "mountain_no": 75, "mountain_name_ko": "우쓰기다케", "mountain_name_ja": "空木岳", "route_name_ja": "空木岳登山道", "source": "relation", "distance_km": 18.52, "ascent_m": 2229, "elev_start_m": 2094, "elev_end_m": 2847, "summit_elev_m": 2864, "trailhead_lat": 35.7282911, "trailhead_lon": 137.8505757, "summit_lat": 35.7190355, "summit_lon": 137.8170816, "point_count": 64, "score": 40.79528264287637, "is_primary": false}}, {"type": "Feature", "geometry": {"type": "LineString", "coordinates": [[137.804695, 35.789466], [137.8044693, 35.7891971], [137.8053342, 35.7887304], [137.8059216, 35.7875816], [137.8077668, 35.7860739], [137.807778, 35.7846026], [137.809241, 35.7823449], [137.8084929, 35.7792054], [137.8099693, 35.773935], [137.8098273, 35.7720722], [137.8105214, 35.7711683], [137.8104644, 35.7667057], [137.8099164, 35.7659329], [137.81056, 35.763223], [137.811115, 35.76245], [137.8120161, 35.7621969], [137.8116524, 35.759233], [137.8124761, 35.758462], [137.8122966, 35.7576702], [137.813473, 35.7550699], [137.8135896, 35.7532072], [137.8127525, 35.7507916], [137.8109539, 35.7493632], [137.8106881, 35.7484485], [137.8097146, 35.7481276], [137.8067651, 35.74571], [137.8062825, 35.7446114], [137.804074, 35.742426], [137.8032121, 35.7404957], [137.8030765, 35.739324], [137.8048762, 35.7362008], [137.80402, 35.7331115], [137.8050306, 35.7298058], [137.8048582, 35.7261979], [137.805676, 35.7247602], [137.806798, 35.7245874], [137.8082822, 35.7230326], [137.8110845, 35.7218737], [137.8121026, 35.7221491], [137.8135079, 35.7204465], [137.8153787, 35.7201105], [137.8170816, 35.7190355]]}, "properties": {"route_id": "m075-r1", "mountain_no": 75, "mountain_name_ko": "우쓰기다케", "mountain_name_ja": "空木岳", "route_name_ja": "中央アルプス縦走路", "source": "relation", "distance_km": 10.14, "ascent_m": 817, "elev_start_m": 2938, "elev_end_m": 2848, "summit_elev_m": 2864, "trailhead_lat": 35.789466, "trailhead_lon": 137.804695, "summit_lat": 35.7190355, "summit_lon": 137.8170816, "point_count": 42, "score": 37.79528264287637, "is_primary": true}}, {"type": "Feature", "geometry": {"type": "LineString", "coordinates": [[137.76125, 35.720467], [137.762355, 35.720959], [137.763103, 35.719269], [137.76607, 35.719202], [137.766943, 35.718131], [137.768371, 35.717781], [137.768968, 35.716666], [137.772977, 35.7192], [137.776614, 35.719448], [137.777687, 35.71976], [137.777962, 35.720374], [137.778969, 35.720067], [137.778645, 35.72097], [137.77933, 35.721816], [137.780405, 35.72134], [137.784955, 35.721423], [137.787164, 35.719868], [137.787958, 35.720488], [137.788781, 35.720417], [137.789576, 35.719688], [137.795099, 35.718118], [137.797836, 35.718555], [137.799143, 35.719794], [137.801582, 35.720698], [137.804352, 35.722441], [137.80567, 35.722178], [137.807898, 35.723287], [137.811084, 35.721874], [137.812103, 35.722149], [137.813508, 35.720447], [137.815379, 35.72011], [137.817082, 35.719035]]}, "properties": {"route_id": "m075-r2", "mountain_no": 75, "mountain_name_ko": "우쓰기다케", "mountain_name_ja": "空木岳", "route_name_ja": "대표 등산로", "source": "way_graph", "distance_km": 6.78, "ascent_m": 1570, "elev_start_m": 1318, "elev_end_m": 2848, "summit_elev_m": 2864, "trailhead_lat": 35.720467, "trailhead_lon": 137.76125, "summit_lat": 35.719035, "summit_lon": 137.817082, "point_count": 32, "score": 0, "is_primary": false}}, {"type": "Feature", "geometry": {"type": "LineString", "coordinates": [[137.777902, 35.720334], [137.778969, 35.720067], [137.778645, 35.72097], [137.77933, 35.721816], [137.780405, 35.72134], [137.784955, 35.721423], [137.787164, 35.719868], [137.787958, 35.720488], [137.788781, 35.720417], [137.789576, 35.719688], [137.795099, 35.718118], [137.797836, 35.718555], [137.799143, 35.719794], [137.801582, 35.720698], [137.804352, 35.722441], [137.80567, 35.722178], [137.807898, 35.723287], [137.811084, 35.721874], [137.812103, 35.722149], [137.813508, 35.720447], [137.815379, 35.72011], [137.817082, 35.719035]]}, "properties": {"route_id": "m075-r3", "mountain_no": 75, "mountain_name_ko": "우쓰기다케", "mountain_name_ja": "空木岳", "route_name_ja": "대표 등산로", "source": "way_graph", "distance_km": 4.66, "ascent_m": 1212, "elev_start_m": 1651, "elev_end_m": 2848, "summit_elev_m": 2864, "trailhead_lat": 35.720334, "trailhead_lon": 137.777902, "summit_lat": 35.719035, "summit_lon": 137.817082, "point_count": 22, "score": 0, "is_primary": false}}, {"type": "Feature", "geometry": {"type": "LineString", "coordinates": [[137.632134, 35.471886], [137.631902, 35.470396], [137.629455, 35.468787], [137.628535, 35.467558], [137.626489, 35.468107], [137.622942, 35.467106], [137.621249, 35.468587], [137.618821, 35.467219], [137.61856, 35.466473], [137.617826, 35.466219], [137.617623, 35.464056], [137.613145, 35.463048], [137.612631, 35.461818], [137.610699, 35.460077], [137.610283, 35.458926], [137.607371, 35.458203], [137.606367, 35.456287], [137.603576, 35.455341], [137.602298, 35.45347], [137.599577, 35.451809], [137.597717, 35.451392], [137.594887, 35.449118], [137.592912, 35.447244], [137.597063, 35.443451]]}, "properties": {"route_id": "m076-r0", "mountain_no": 76, "mountain_name_ko": "에나산", "mountain_name_ja": "恵那山", "route_name_ja": "대표 등산로", "source": "way_graph", "distance_km": 6.16, "ascent_m": 778, "elev_start_m": 1563, "elev_end_m": 2183, "summit_elev_m": 2191, "trailhead_lat": 35.471886, "trailhead_lon": 137.632134, "summit_lat": 35.443451, "summit_lon": 137.597063, "point_count": 24, "score": 0, "is_primary": true}}, {"type": "Feature", "geometry": {"type": "LineString", "coordinates": [[137.622477, 35.454147], [137.622063, 35.454243], [137.622398, 35.453342], [137.6208, 35.454054], [137.620089, 35.45337], [137.619381, 35.453407], [137.619578, 35.452426], [137.618681, 35.450281], [137.619346, 35.447213], [137.618347, 35.445157], [137.614219, 35.442897], [137.612369, 35.440662], [137.608891, 35.438623], [137.607834, 35.43825], [137.604243, 35.439256], [137.601284, 35.439502], [137.598498, 35.442386], [137.59842, 35.443137], [137.597063, 35.443451]]}, "properties": {"route_id": "m076-r1", "mountain_no": 76, "mountain_name_ko": "에나산", "mountain_name_ja": "恵那山", "route_name_ja": "대표 등산로", "source": "way_graph", "distance_km": 4.3, "ascent_m": 927, "elev_start_m": 1257, "elev_end_m": 2185, "summit_elev_m": 2191, "trailhead_lat": 35.454147, "trailhead_lon": 137.622477, "summit_lat": 35.443451, "summit_lon": 137.597063, "point_count": 19, "score": 0, "is_primary": false}}, {"type": "Feature", "geometry": {"type": "LineString", "coordinates": [[138.205282, 35.782407], [138.206088, 35.782568], [138.208744, 35.78081], [138.210099, 35.778891], [138.21046, 35.777266], [138.211642, 35.776579], [138.211977, 35.775852], [138.213714, 35.774962], [138.215096, 35.774788], [138.215723, 35.772829], [138.21716, 35.771545], [138.221222, 35.77087], [138.224594, 35.765837], [138.227861, 35.765448], [138.228951, 35.764561], [138.232448, 35.763545], [138.236784, 35.757927]]}, "properties": {"route_id": "m077-r0", "mountain_no": 77, "mountain_name_ko": "가이코마가타케", "mountain_name_ja": "甲斐駒ヶ岳", "route_name_ja": "대표 등산로", "source": "way_graph", "distance_km": 4.36, "ascent_m": 630, "elev_start_m": 2560, "elev_end_m": 2932, "summit_elev_m": 2967, "trailhead_lat": 35.782407, "trailhead_lon": 138.205282, "summit_lat": 35.757927, "summit_lon": 138.236784, "point_count": 17, "score": 0, "is_primary": true}}, {"type": "Feature", "geometry": {"type": "LineString", "coordinates": [[138.216345, 35.772328], [138.217257, 35.7715], [138.221222, 35.77087], [138.224594, 35.765837], [138.227861, 35.765448], [138.228951, 35.764561], [138.232448, 35.763545], [138.236784, 35.757927]]}, "properties": {"route_id": "m077-r1", "mountain_no": 77, "mountain_name_ko": "가이코마가타케", "mountain_name_ja": "甲斐駒ヶ岳", "route_name_ja": "대표 등산로", "source": "way_graph", "distance_km": 2.68, "ascent_m": 453, "elev_start_m": 2599, "elev_end_m": 2932, "summit_elev_m": 2967, "trailhead_lat": 35.772328, "trailhead_lon": 138.216345, "summit_lat": 35.757927, "summit_lon": 138.236784, "point_count": 8, "score": 0, "is_primary": false}}, {"type": "Feature", "geometry": {"type": "LineString", "coordinates": [[138.128402, 35.744811], [138.128481, 35.743818], [138.12752, 35.741854], [138.128044, 35.740215], [138.128934, 35.739712], [138.12979, 35.737998], [138.130676, 35.737751], [138.136248, 35.738657], [138.137382, 35.738252], [138.138087, 35.737587], [138.13868, 35.735288], [138.14357, 35.73422], [138.147014, 35.731855], [138.148249, 35.731692], [138.148559, 35.730982], [138.151305, 35.729175], [138.152513, 35.727406], [138.159451, 35.726276], [138.161098, 35.725566], [138.168947, 35.726603], [138.171482, 35.725572], [138.17348, 35.723694], [138.173964, 35.723801], [138.174124, 35.723272], [138.177381, 35.723305], [138.179247, 35.722767], [138.180715, 35.722986], [138.182847, 35.722532], [138.183399, 35.720135]]}, "properties": {"route_id": "m078-r0", "mountain_no": 78, "mountain_name_ko": "센조가타케", "mountain_name_ja": "仙丈岳", "route_name_ja": "대표 등산로", "source": "way_graph", "distance_km": 7.05, "ascent_m": 1140, "elev_start_m": 1953, "elev_end_m": 3000, "summit_elev_m": 3033, "trailhead_lat": 35.744811, "trailhead_lon": 138.128402, "summit_lat": 35.720135, "summit_lon": 138.183399, "point_count": 29, "score": 0, "is_primary": true}}, {"type": "Feature", "geometry": {"type": "LineString", "coordinates": [[138.196712, 35.67018], [138.193482, 35.672315], [138.194158, 35.673593], [138.193511, 35.67608], [138.192792, 35.676849], [138.192771, 35.679256], [138.19334, 35.680921], [138.19172, 35.685114], [138.194068, 35.689119], [138.19344, 35.69201], [138.194089, 35.694904], [138.19373, 35.696975], [138.192459, 35.698988], [138.192277, 35.700422], [138.1911, 35.701954], [138.186702, 35.704413], [138.185441, 35.706818], [138.184015, 35.707634], [138.182099, 35.709789], [138.180361, 35.713193], [138.180577, 35.7156], [138.18215, 35.718208], [138.183425, 35.719152], [138.183399, 35.720135]]}, "properties": {"route_id": "m078-r1", "mountain_no": 78, "mountain_name_ko": "센조가타케", "mountain_name_ja": "仙丈岳", "route_name_ja": "대표 등산로", "source": "way_graph", "distance_km": 6.7, "ascent_m": 750, "elev_start_m": 2343, "elev_end_m": 3007, "summit_elev_m": 3033, "trailhead_lat": 35.67018, "trailhead_lon": 138.196712, "summit_lat": 35.720135, "summit_lon": 138.183399, "point_count": 24, "score": 0, "is_primary": false}}, {"type": "Feature", "geometry": {"type": "LineString", "coordinates": [[138.139899, 35.734935], [138.144054, 35.734035], [138.147014, 35.731855], [138.148249, 35.731692], [138.148559, 35.730982], [138.151305, 35.729175], [138.152513, 35.727406], [138.159451, 35.726276], [138.161098, 35.725566], [138.168947, 35.726603], [138.171482, 35.725572], [138.17348, 35.723694], [138.173964, 35.723801], [138.174124, 35.723272], [138.177381, 35.723305], [138.179247, 35.722767], [138.180715, 35.722986], [138.182847, 35.722532], [138.183399, 35.720135]]}, "properties": {"route_id": "m078-r2", "mountain_no": 78, "mountain_name_ko": "센조가타케", "mountain_name_ja": "仙丈岳", "route_name_ja": "대표 등산로", "source": "way_graph", "distance_km": 4.98, "ascent_m": 1007, "elev_start_m": 2067, "elev_end_m": 3000, "summit_elev_m": 3033, "trailhead_lat": 35.734935, "trailhead_lon": 138.139899, "summit_lat": 35.720135, "summit_lon": 138.183399, "point_count": 19, "score": 0, "is_primary": false}}, {"type": "Feature", "geometry": {"type": "LineString", "coordinates": [[138.192361, 35.683989], [138.19173, 35.685235], [138.194082, 35.689204], [138.19344, 35.69201], [138.194116, 35.695478], [138.193654, 35.697161], [138.192459, 35.698988], [138.192277, 35.700422], [138.1911, 35.701954], [138.186702, 35.704413], [138.185441, 35.706818], [138.184015, 35.707634], [138.182099, 35.709789], [138.180293, 35.713455], [138.180577, 35.7156], [138.18215, 35.718208], [138.183425, 35.719152], [138.183399, 35.720135]]}, "properties": {"route_id": "m078-r3", "mountain_no": 78, "mountain_name_ko": "센조가타케", "mountain_name_ja": "仙丈岳", "route_name_ja": "대표 등산로", "source": "way_graph", "distance_km": 4.92, "ascent_m": 572, "elev_start_m": 2481, "elev_end_m": 3007, "summit_elev_m": 3033, "trailhead_lat": 35.683989, "trailhead_lon": 138.192361, "summit_lat": 35.720135, "summit_lon": 138.183399, "point_count": 18, "score": 0, "is_primary": false}}, {"type": "Feature", "geometry": {"type": "LineString", "coordinates": [[138.3454297, 35.6355471], [138.34535, 35.6364451], [138.342941, 35.6362603], [138.3437505, 35.6371855], [138.3425207, 35.6372103], [138.3418413, 35.6378073], [138.3422814, 35.6383692], [138.3417018, 35.6385465], [138.3405568, 35.6383739], [138.3398716, 35.636652], [138.3388428, 35.6391393], [138.3379877, 35.6374642], [138.3364882, 35.6374623], [138.3363344, 35.6384654], [138.334257, 35.6408156], [138.3326727, 35.6452921], [138.3342847, 35.6485821], [138.3351699, 35.652191], [138.334937, 35.6533718], [138.3333338, 35.6545362], [138.3340941, 35.6555977], [138.3344845, 35.6594207], [138.3330152, 35.6629498], [138.3330286, 35.6651077], [138.3318688, 35.6663151], [138.3309658, 35.6698252], [138.3271793, 35.6736279], [138.3254994, 35.6767622], [138.3218686, 35.6787451], [138.3191538, 35.6794032], [138.3174982, 35.6808197], [138.3174589, 35.681406], [138.3163474, 35.682308], [138.3166743, 35.6840985], [138.3152801, 35.6860783], [138.3151481, 35.6882655], [138.3127206, 35.6896046], [138.3112739, 35.6915184], [138.3114619, 35.692947], [138.3103753, 35.6944613], [138.3108117, 35.6955369], [138.3102508, 35.696503], [138.3080757, 35.6991289], [138.3047069, 35.7017841]]}, "properties": {"route_id": "m079-r0", "mountain_no": 79, "mountain_name_ko": "호오산", "mountain_name_ja": "鳳凰山", "route_name_ja": "鳳凰三山縦走路", "source": "relation", "distance_km": 10.58, "ascent_m": 1541, "elev_start_m": 1393, "elev_end_m": 2813, "summit_elev_m": 2840, "trailhead_lat": 35.6355471, "trailhead_lon": 138.3454297, "summit_lat": 35.7017841, "summit_lon": 138.3047069, "point_count": 44, "score": 37.729413912644716, "is_primary": true}}, {"type": "Feature", "geometry": {"type": "LineString", "coordinates": [[138.335027, 35.651589], [138.334937, 35.653372], [138.333334, 35.654536], [138.334094, 35.655598], [138.334356, 35.660373], [138.333015, 35.66295], [138.333029, 35.665108], [138.331869, 35.666315], [138.330966, 35.669825], [138.327179, 35.673628], [138.325499, 35.676762], [138.321869, 35.678745], [138.319154, 35.679403], [138.317498, 35.68082], [138.317459, 35.681406], [138.316347, 35.682308], [138.316674, 35.684098], [138.31528, 35.686078], [138.315148, 35.688265], [138.312721, 35.689605], [138.311274, 35.691518], [138.311462, 35.692947], [138.310375, 35.694461], [138.310812, 35.695537], [138.310251, 35.696503], [138.308076, 35.699129], [138.304707, 35.701784]]}, "properties": {"route_id": "m079-r1", "mountain_no": 79, "mountain_name_ko": "호오산", "mountain_name_ja": "鳳凰山", "route_name_ja": "대표 등산로", "source": "way_graph", "distance_km": 7.01, "ascent_m": 810, "elev_start_m": 2102, "elev_end_m": 2813, "summit_elev_m": 2840, "trailhead_lat": 35.651589, "trailhead_lon": 138.335027, "summit_lat": 35.701784, "summit_lon": 138.304707, "point_count": 27, "score": 0, "is_primary": false}}, {"type": "Feature", "geometry": {"type": "LineString", "coordinates": [[138.251307, 35.730313], [138.253896, 35.730443], [138.256412, 35.728861], [138.259516, 35.728859], [138.262338, 35.727651], [138.263442, 35.726787], [138.263328, 35.725666], [138.264765, 35.722559], [138.267814, 35.719378], [138.271362, 35.718706], [138.272121, 35.717507], [138.27543, 35.715985], [138.277037, 35.714103], [138.278924, 35.713922], [138.280554, 35.712996], [138.282183, 35.712691], [138.284492, 35.71039], [138.28729, 35.710313], [138.287778, 35.709779], [138.291377, 35.711023], [138.293776, 35.71126], [138.296937, 35.710456], [138.297424, 35.709475], [138.299363, 35.708282], [138.300685, 35.706476], [138.304811, 35.702973], [138.304707, 35.701784]]}, "properties": {"route_id": "m079-r2", "mountain_no": 79, "mountain_name_ko": "호오산", "mountain_name_ja": "鳳凰山", "route_name_ja": "대표 등산로", "source": "way_graph", "distance_km": 6.99, "ascent_m": 722, "elev_start_m": 2567, "elev_end_m": 2812, "summit_elev_m": 2840, "trailhead_lat": 35.730313, "trailhead_lon": 138.251307, "summit_lat": 35.701784, "summit_lon": 138.304707, "point_count": 27, "score": 0, "is_primary": false}}, {"type": "Feature", "geometry": {"type": "LineString", "coordinates": [[138.333029, 35.665108], [138.331869, 35.666315], [138.330966, 35.669825], [138.327179, 35.673628], [138.325499, 35.676762], [138.321869, 35.678745], [138.319154, 35.679403], [138.316412, 35.682197], [138.316674, 35.684098], [138.31528, 35.686078], [138.315148, 35.688265], [138.312721, 35.689605], [138.311274, 35.691518], [138.311462, 35.692947], [138.310375, 35.694461], [138.310812, 35.695537], [138.310436, 35.696197], [138.308076, 35.699129], [138.304707, 35.701784]]}, "properties": {"route_id": "m079-r3", "mountain_no": 79, "mountain_name_ko": "호오산", "mountain_name_ja": "鳳凰山", "route_name_ja": "대표 등산로", "source": "way_graph", "distance_km": 5.37, "ascent_m": 619, "elev_start_m": 2278, "elev_end_m": 2813, "summit_elev_m": 2840, "trailhead_lat": 35.665108, "trailhead_lon": 138.333029, "summit_lat": 35.701784, "summit_lon": 138.304707, "point_count": 19, "score": 0, "is_primary": false}}, {"type": "Feature", "geometry": {"type": "LineString", "coordinates": [[138.226362, 35.539662], [138.224884, 35.541188], [138.221776, 35.54262], [138.217741, 35.543403], [138.216599, 35.545151], [138.21658, 35.547357], [138.210825, 35.549869], [138.209942, 35.552528], [138.208351, 35.554217], [138.208279, 35.556329], [138.206244, 35.557649], [138.20492, 35.560013], [138.204611, 35.562745], [138.201777, 35.56594], [138.20146, 35.570444], [138.199651, 35.57282], [138.196512, 35.574253], [138.194999, 35.576501], [138.189669, 35.576793], [138.18439, 35.573127], [138.183656, 35.573082], [138.183012, 35.573832]]}, "properties": {"route_id": "m082-r0", "mountain_no": 82, "mountain_name_ko": "시오미다케", "mountain_name_ja": "塩見岳", "route_name_ja": "대표 등산로", "source": "way_graph", "distance_km": 7.01, "ascent_m": 631, "elev_start_m": 2594, "elev_end_m": 3018, "summit_elev_m": 3052, "trailhead_lat": 35.539662, "trailhead_lon": 138.226362, "summit_lat": 35.573832, "summit_lon": 138.183012, "point_count": 22, "score": 0, "is_primary": true}}, {"type": "Feature", "geometry": {"type": "LineString", "coordinates": [[138.148715, 35.601927], [138.149275, 35.601891], [138.150654, 35.602908], [138.151376, 35.604295], [138.15188, 35.604333], [138.152309, 35.605854], [138.153803, 35.605426], [138.153936, 35.606116], [138.154753, 35.606636], [138.158205, 35.604445], [138.159641, 35.604284], [138.160853, 35.603578], [138.162456, 35.599663], [138.161555, 35.59728], [138.162016, 35.595641], [138.164549, 35.592262], [138.165019, 35.587591], [138.16585, 35.585001], [138.166831, 35.583823], [138.166742, 35.582999], [138.16854, 35.582254], [138.1706, 35.582353], [138.172262, 35.58172], [138.173179, 35.580398], [138.172307, 35.579398], [138.173877, 35.579414], [138.175156, 35.578759], [138.176254, 35.576594], [138.178051, 35.574899], [138.182248, 35.574455], [138.183012, 35.573832]]}, "properties": {"route_id": "m082-r1", "mountain_no": 82, "mountain_name_ko": "시오미다케", "mountain_name_ja": "塩見岳", "route_name_ja": "대표 등산로", "source": "way_graph", "distance_km": 6.56, "ascent_m": 1727, "elev_start_m": 1342, "elev_end_m": 3018, "summit_elev_m": 3052, "trailhead_lat": 35.601927, "trailhead_lon": 138.148715, "summit_lat": 35.573832, "summit_lon": 138.183012, "point_count": 31, "score": 0, "is_primary": false}}, {"type": "Feature", "geometry": {"type": "LineString", "coordinates": [[138.23019, 35.526485], [138.230321, 35.527957], [138.229696, 35.529568], [138.230013, 35.530775], [138.229412, 35.532403], [138.226984, 35.533988], [138.227438, 35.535369], [138.226713, 35.53923], [138.224884, 35.541188], [138.221776, 35.54262], [138.217741, 35.543403], [138.216599, 35.545151], [138.21658, 35.547357], [138.210825, 35.549869], [138.209942, 35.552528], [138.208351, 35.554217], [138.208279, 35.556329], [138.206244, 35.557649], [138.20492, 35.560013], [138.204611, 35.562745], [138.201777, 35.56594], [138.201534, 35.57021], [138.199651, 35.57282], [138.196917, 35.573894], [138.194535, 35.576677], [138.189669, 35.576793], [138.18439, 35.573127], [138.183656, 35.573082], [138.183012, 35.573832]]}, "properties": {"route_id": "m082-r2", "mountain_no": 82, "mountain_name_ko": "시오미다케", "mountain_name_ja": "塩見岳", "route_name_ja": "대표 등산로", "source": "way_graph", "distance_km": 8.68, "ascent_m": 969, "elev_start_m": 2251, "elev_end_m": 3018, "summit_elev_m": 3052, "trailhead_lat": 35.526485, "trailhead_lon": 138.23019, "summit_lat": 35.573832, "summit_lon": 138.183012, "point_count": 29, "score": 0, "is_primary": false}}, {"type": "Feature", "geometry": {"type": "LineString", "coordinates": [[138.213813, 35.548498], [138.213455, 35.548979], [138.21273, 35.548896], [138.210851, 35.549847], [138.210285, 35.550625], [138.209942, 35.552528], [138.208351, 35.554217], [138.208279, 35.556329], [138.206244, 35.557649], [138.20492, 35.560013], [138.204611, 35.562745], [138.201777, 35.56594], [138.201534, 35.57021], [138.199651, 35.57282], [138.196917, 35.573894], [138.194535, 35.576677], [138.189669, 35.576793], [138.18439, 35.573127], [138.183656, 35.573082], [138.183012, 35.573832]]}, "properties": {"route_id": "m082-r3", "mountain_no": 82, "mountain_name_ko": "시오미다케", "mountain_name_ja": "塩見岳", "route_name_ja": "대표 등산로", "source": "way_graph", "distance_km": 5.28, "ascent_m": 510, "elev_start_m": 2646, "elev_end_m": 3018, "summit_elev_m": 3052, "trailhead_lat": 35.548498, "trailhead_lon": 138.213813, "summit_lat": 35.573832, "summit_lon": 138.183012, "point_count": 20, "score": 0, "is_primary": false}}, {"type": "Feature", "geometry": {"type": "LineString", "coordinates": [[138.156404, 35.476443], [138.157569, 35.478572], [138.160083, 35.480899], [138.160533, 35.4825], [138.16012, 35.483543], [138.161005, 35.484221], [138.160577, 35.48463], [138.161224, 35.485089], [138.161269, 35.485869], [138.160755, 35.486154], [138.161891, 35.487626], [138.162683, 35.487588], [138.164679, 35.489451], [138.165288, 35.489468], [138.16567, 35.490095], [138.165202, 35.490494], [138.166504, 35.491662], [138.165729, 35.49183], [138.166513, 35.492785], [138.165922, 35.495116]]}, "properties": {"route_id": "m083-r0", "mountain_no": 83, "mountain_name_ko": "悪沢岳", "mountain_name_ja": "悪沢岳", "route_name_ja": "대표 등산로", "source": "way_graph", "distance_km": 3.05, "ascent_m": 411, "elev_start_m": 2722, "elev_end_m": 3040, "summit_elev_m": 3141, "trailhead_lat": 35.476443, "trailhead_lon": 138.156404, "summit_lat": 35.495116, "summit_lon": 138.165922, "point_count": 20, "score": 0, "is_primary": true}}, {"type": "Feature", "geometry": {"type": "LineString", "coordinates": [[138.198346, 35.441012], [138.198711, 35.440861], [138.19862, 35.44135], [138.197032, 35.441377], [138.19789, 35.442124], [138.197648, 35.443365], [138.198124, 35.444377], [138.19764, 35.445387], [138.194845, 35.44835], [138.190305, 35.449331], [138.187866, 35.450482], [138.187183, 35.453048], [138.185402, 35.454683], [138.184942, 35.4583], [138.182584, 35.459931], [138.180857, 35.462122], [138.179547, 35.463024], [138.176365, 35.464501], [138.174928, 35.463802], [138.170261, 35.463231], [138.166562, 35.464696], [138.163857, 35.464238], [138.162287, 35.465577], [138.161237, 35.465677], [138.160309, 35.464429], [138.158443, 35.464273], [138.157301, 35.461176]]}, "properties": {"route_id": "m084-r0", "mountain_no": 84, "mountain_name_ko": "아카이시다케", "mountain_name_ja": "赤石岳", "route_name_ja": "대표 등산로", "source": "way_graph", "distance_km": 7.01, "ascent_m": 1347, "elev_start_m": 1794, "elev_end_m": 3102, "summit_elev_m": 3120, "trailhead_lat": 35.441012, "trailhead_lon": 138.198346, "summit_lat": 35.461176, "summit_lon": 138.157301, "point_count": 27, "score": 0, "is_primary": true}}, {"type": "Feature", "geometry": {"type": "LineString", "coordinates": [[138.187496, 35.451417], [138.186733, 35.453764], [138.186389, 35.453565], [138.185402, 35.454683], [138.184942, 35.4583], [138.182584, 35.459931], [138.180766, 35.462208], [138.176466, 35.464475], [138.174928, 35.463802], [138.170983, 35.463127], [138.16856, 35.463608], [138.168202, 35.464301], [138.166562, 35.464696], [138.163857, 35.464238], [138.162287, 35.465577], [138.16119, 35.465673], [138.160309, 35.464429], [138.158443, 35.464273], [138.157301, 35.461176]]}, "properties": {"route_id": "m084-r1", "mountain_no": 84, "mountain_name_ko": "아카이시다케", "mountain_name_ja": "赤石岳", "route_name_ja": "대표 등산로", "source": "way_graph", "distance_km": 4.82, "ascent_m": 823, "elev_start_m": 2318, "elev_end_m": 3102, "summit_elev_m": 3120, "trailhead_lat": 35.451417, "trailhead_lon": 138.187496, "summit_lat": 35.461176, "summit_lon": 138.157301, "point_count": 19, "score": 0, "is_primary": false}}, {"type": "Feature", "geometry": {"type": "LineString", "coordinates": [[138.129009, 35.453992], [138.131796, 35.453125], [138.134989, 35.45491], [138.135571, 35.454579], [138.136736, 35.45489], [138.138165, 35.45646], [138.139941, 35.457402], [138.140967, 35.458832], [138.145774, 35.459169], [138.147619, 35.459524], [138.148409, 35.460099], [138.151019, 35.457484], [138.1546, 35.457776], [138.155351, 35.459172], [138.157617, 35.460654], [138.157301, 35.461176]]}, "properties": {"route_id": "m084-r2", "mountain_no": 84, "mountain_name_ko": "아카이시다케", "mountain_name_ja": "赤石岳", "route_name_ja": "대표 등산로", "source": "way_graph", "distance_km": 3.72, "ascent_m": 547, "elev_start_m": 2568, "elev_end_m": 3104, "summit_elev_m": 3120, "trailhead_lat": 35.453992, "trailhead_lon": 138.129009, "summit_lat": 35.461176, "summit_lon": 138.157301, "point_count": 16, "score": 0, "is_primary": false}}, {"type": "Feature", "geometry": {"type": "LineString", "coordinates": [[138.179198, 35.4631], [138.176281, 35.464502], [138.174928, 35.463802], [138.170983, 35.463127], [138.16856, 35.463608], [138.168202, 35.464301], [138.166562, 35.464696], [138.163857, 35.464238], [138.162287, 35.465577], [138.16119, 35.465673], [138.160309, 35.464429], [138.158443, 35.464273], [138.157301, 35.461176]]}, "properties": {"route_id": "m084-r3", "mountain_no": 84, "mountain_name_ko": "아카이시다케", "mountain_name_ja": "赤石岳", "route_name_ja": "대표 등산로", "source": "way_graph", "distance_km": 2.97, "ascent_m": 490, "elev_start_m": 2657, "elev_end_m": 3102, "summit_elev_m": 3120, "trailhead_lat": 35.4631, "trailhead_lon": 138.179198, "summit_lat": 35.461176, "summit_lon": 138.157301, "point_count": 13, "score": 0, "is_primary": false}}, {"type": "Feature", "geometry": {"type": "LineString", "coordinates": [[138.095527, 35.386638], [138.095727, 35.387455], [138.098344, 35.387945], [138.099774, 35.388711], [138.099801, 35.389313], [138.101588, 35.389201], [138.103093, 35.388388], [138.10356, 35.389167], [138.107518, 35.390912], [138.108523, 35.3921], [138.110147, 35.392397], [138.109847, 35.392917], [138.113133, 35.394475], [138.114829, 35.396914], [138.115104, 35.398231], [138.117316, 35.399892], [138.121495, 35.402105], [138.124512, 35.402949], [138.128745, 35.40577], [138.133995, 35.407898], [138.134906, 35.407823], [138.134353, 35.409092], [138.134588, 35.413107], [138.135032, 35.413786], [138.137346, 35.414309], [138.138725, 35.41612], [138.138709, 35.418474], [138.139536, 35.419296], [138.139819, 35.420563], [138.139498, 35.421175], [138.139992, 35.422549], [138.139634, 35.422656]]}, "properties": {"route_id": "m085-r0", "mountain_no": 85, "mountain_name_ko": "히지리다케", "mountain_name_ja": "聖岳", "route_name_ja": "대표 등산로", "source": "way_graph", "distance_km": 7.01, "ascent_m": 1952, "elev_start_m": 1063, "elev_end_m": 2997, "summit_elev_m": 3013, "trailhead_lat": 35.386638, "trailhead_lon": 138.095527, "summit_lat": 35.422656, "summit_lon": 138.139634, "point_count": 32, "score": 0, "is_primary": true}}, {"type": "Feature", "geometry": {"type": "LineString", "coordinates": [[138.110377, 35.392978], [138.113291, 35.394617], [138.114933, 35.397117], [138.115104, 35.398231], [138.117316, 35.399892], [138.121495, 35.402105], [138.124512, 35.402949], [138.128745, 35.40577], [138.133995, 35.407898], [138.134906, 35.407823], [138.134353, 35.409092], [138.134588, 35.413107], [138.135032, 35.413786], [138.137346, 35.414309], [138.138725, 35.41612], [138.138709, 35.418474], [138.139536, 35.419296], [138.139819, 35.420563], [138.139498, 35.421175], [138.139992, 35.422549], [138.139634, 35.422656]]}, "properties": {"route_id": "m085-r1", "mountain_no": 85, "mountain_name_ko": "히지리다케", "mountain_name_ja": "聖岳", "route_name_ja": "대표 등산로", "source": "way_graph", "distance_km": 5.13, "ascent_m": 1795, "elev_start_m": 1198, "elev_end_m": 2997, "summit_elev_m": 3013, "trailhead_lat": 35.392978, "trailhead_lon": 138.110377, "summit_lat": 35.422656, "summit_lon": 138.139634, "point_count": 21, "score": 0, "is_primary": false}}, {"type": "Feature", "geometry": {"type": "LineString", "coordinates": [[138.120077, 35.445391], [138.122163, 35.442456], [138.121721, 35.44133], [138.1223, 35.441165], [138.122247, 35.440083], [138.123038, 35.439538], [138.123123, 35.438542], [138.124156, 35.43748], [138.123845, 35.436663], [138.124508, 35.436174], [138.122456, 35.433348], [138.120306, 35.431455], [138.120894, 35.429149], [138.121631, 35.428585], [138.122687, 35.428609], [138.123261, 35.428072], [138.12506, 35.427976], [138.125816, 35.427502], [138.13195, 35.426779], [138.132746, 35.426315], [138.133041, 35.425377], [138.134293, 35.425024], [138.134452, 35.424494], [138.135519, 35.424376], [138.136997, 35.423361], [138.138411, 35.423417], [138.139634, 35.422656]]}, "properties": {"route_id": "m085-r2", "mountain_no": 85, "mountain_name_ko": "히지리다케", "mountain_name_ja": "聖岳", "route_name_ja": "대표 등산로", "source": "way_graph", "distance_km": 4.7, "ascent_m": 683, "elev_start_m": 2716, "elev_end_m": 2994, "summit_elev_m": 3013, "trailhead_lat": 35.445391, "trailhead_lon": 138.120077, "summit_lat": 35.422656, "summit_lon": 138.139634, "point_count": 27, "score": 0, "is_primary": false}}, {"type": "Feature", "geometry": {"type": "LineString", "coordinates": [[138.149275, 35.40016], [138.148902, 35.401101], [138.147395, 35.402069], [138.146226, 35.404514], [138.144902, 35.405405], [138.144755, 35.406319], [138.139708, 35.405699], [138.138752, 35.40623], [138.138116, 35.406067], [138.136982, 35.40717], [138.134918, 35.407736], [138.134483, 35.408643], [138.134632, 35.413232], [138.135975, 35.414193], [138.137346, 35.414309], [138.138725, 35.41612], [138.138709, 35.418474], [138.139536, 35.419296], [138.139819, 35.420563], [138.139498, 35.421175], [138.139992, 35.422549], [138.139634, 35.422656]]}, "properties": {"route_id": "m085-r3", "mountain_no": 85, "mountain_name_ko": "히지리다케", "mountain_name_ja": "聖岳", "route_name_ja": "대표 등산로", "source": "way_graph", "distance_km": 4.16, "ascent_m": 721, "elev_start_m": 2537, "elev_end_m": 2997, "summit_elev_m": 3013, "trailhead_lat": 35.40016, "trailhead_lon": 138.149275, "summit_lat": 35.422656, "summit_lon": 138.139634, "point_count": 22, "score": 0, "is_primary": false}}, {"type": "Feature", "geometry": {"type": "LineString", "coordinates": [[138.039274, 35.327578], [138.038362, 35.330255], [138.037522, 35.330902], [138.037833, 35.331845], [138.037269, 35.332603], [138.03784, 35.333206], [138.043308, 35.335201], [138.045679, 35.3354], [138.048787, 35.334961], [138.050705, 35.33553], [138.053393, 35.337705], [138.053757, 35.338864], [138.055141, 35.339487], [138.055626, 35.343971], [138.057137, 35.343904], [138.057597, 35.344666], [138.061375, 35.347094], [138.06422, 35.34738], [138.068544, 35.34696], [138.070695, 35.347507], [138.073233, 35.345197], [138.076496, 35.34367], [138.077706, 35.343381], [138.078556, 35.343823], [138.079267, 35.343629], [138.080942, 35.340093], [138.082306, 35.33882], [138.086339, 35.337838]]}, "properties": {"route_id": "m086-r0", "mountain_no": 86, "mountain_name_ko": "데카리다케", "mountain_name_ja": "光岳", "route_name_ja": "대표 등산로", "source": "way_graph", "distance_km": 7.0, "ascent_m": 649, "elev_start_m": 2301, "elev_end_m": 2550, "summit_elev_m": 2591, "trailhead_lat": 35.327578, "trailhead_lon": 138.039274, "summit_lat": 35.337838, "summit_lon": 138.086339, "point_count": 28, "score": 0, "is_primary": true}}, {"type": "Feature", "geometry": {"type": "LineString", "coordinates": [[138.135762, 35.366998], [138.135148, 35.366527], [138.129279, 35.365065], [138.125044, 35.36767], [138.123765, 35.367777], [138.119978, 35.366767], [138.114541, 35.364568], [138.110052, 35.361071], [138.107207, 35.360459], [138.106711, 35.358455], [138.105129, 35.358479], [138.101792, 35.35503], [138.10006, 35.354109], [138.097541, 35.353719], [138.094271, 35.351291], [138.093773, 35.348468], [138.094513, 35.347244], [138.094859, 35.341586], [138.088916, 35.338429], [138.086339, 35.337838]]}, "properties": {"route_id": "m086-r1", "mountain_no": 86, "mountain_name_ko": "데카리다케", "mountain_name_ja": "光岳", "route_name_ja": "대표 등산로", "source": "way_graph", "distance_km": 7.0, "ascent_m": 434, "elev_start_m": 2497, "elev_end_m": 2549, "summit_elev_m": 2591, "trailhead_lat": 35.366998, "trailhead_lon": 138.135762, "summit_lat": 35.337838, "summit_lon": 138.086339, "point_count": 20, "score": 0, "is_primary": false}}, {"type": "Feature", "geometry": {"type": "LineString", "coordinates": [[138.083575, 35.374558], [138.087169, 35.374097], [138.088384, 35.37328], [138.089591, 35.374582], [138.092261, 35.373433], [138.095744, 35.369229], [138.097011, 35.368882], [138.099091, 35.366625], [138.101613, 35.365199], [138.107207, 35.360459], [138.106711, 35.358455], [138.105129, 35.358479], [138.101792, 35.35503], [138.10006, 35.354109], [138.097541, 35.353719], [138.094271, 35.351291], [138.093773, 35.348468], [138.094513, 35.347244], [138.094859, 35.341586], [138.088916, 35.338429], [138.086339, 35.337838]]}, "properties": {"route_id": "m086-r2", "mountain_no": 86, "mountain_name_ko": "데카리다케", "mountain_name_ja": "光岳", "route_name_ja": "대표 등산로", "source": "way_graph", "distance_km": 7.01, "ascent_m": 1433, "elev_start_m": 1277, "elev_end_m": 2549, "summit_elev_m": 2591, "trailhead_lat": 35.374558, "trailhead_lon": 138.083575, "summit_lat": 35.337838, "summit_lon": 138.086339, "point_count": 21, "score": 0, "is_primary": false}}, {"type": "Feature", "geometry": {"type": "LineString", "coordinates": [[138.031388, 35.339449], [138.035024, 35.334228], [138.037269, 35.332603], [138.038878, 35.333874], [138.043308, 35.335201], [138.045679, 35.3354], [138.048966, 35.334974], [138.05144, 35.336], [138.052143, 35.337005], [138.053393, 35.337705], [138.053757, 35.338864], [138.05505, 35.339337], [138.055733, 35.344046], [138.057137, 35.343904], [138.057597, 35.344666], [138.061375, 35.347094], [138.06422, 35.34738], [138.068544, 35.34696], [138.070586, 35.347523], [138.073233, 35.345197], [138.076496, 35.34367], [138.077706, 35.343381], [138.078556, 35.343823], [138.079267, 35.343629], [138.080942, 35.340093], [138.082306, 35.33882], [138.086339, 35.337838]]}, "properties": {"route_id": "m086-r3", "mountain_no": 86, "mountain_name_ko": "데카리다케", "mountain_name_ja": "光岳", "route_name_ja": "대표 등산로", "source": "way_graph", "distance_km": 7.34, "ascent_m": 874, "elev_start_m": 1969, "elev_end_m": 2550, "summit_elev_m": 2591, "trailhead_lat": 35.339449, "trailhead_lon": 138.031388, "summit_lat": 35.337838, "summit_lon": 138.086339, "point_count": 27, "score": 0, "is_primary": false}}, {"type": "Feature", "geometry": {"type": "LineString", "coordinates": [[136.633534, 35.920158], [136.632918, 35.920703], [136.631589, 35.920716], [136.63221, 35.922363], [136.631407, 35.923206], [136.632683, 35.924197], [136.624992, 35.929195], [136.62507, 35.929735], [136.622407, 35.931086], [136.622016, 35.932564], [136.620366, 35.933795], [136.619815, 35.935045], [136.617249, 35.934838], [136.614738, 35.93353], [136.610398, 35.934182], [136.606852, 35.933106], [136.601407, 35.934271]]}, "properties": {"route_id": "m088-r0", "mountain_no": 88, "mountain_name_ko": "아라시마다케", "mountain_name_ja": "荒島岳", "route_name_ja": "대표 등산로", "source": "way_graph", "distance_km": 4.6, "ascent_m": 1105, "elev_start_m": 398, "elev_end_m": 1501, "summit_elev_m": 1523, "trailhead_lat": 35.920158, "trailhead_lon": 136.633534, "summit_lat": 35.934271, "summit_lon": 136.601407, "point_count": 17, "score": 0, "is_primary": true}}, {"type": "Feature", "geometry": {"type": "LineString", "coordinates": [[136.603829, 35.963263], [136.603583, 35.960101], [136.600642, 35.960596], [136.601631, 35.959344], [136.600665, 35.959435], [136.600241, 35.957519], [136.600856, 35.955049], [136.601533, 35.954487], [136.601349, 35.953161], [136.600544, 35.952042], [136.600995, 35.950529], [136.602117, 35.949509], [136.60227, 35.948404], [136.600725, 35.946695], [136.598185, 35.945013], [136.597292, 35.943661], [136.595926, 35.94314], [136.597288, 35.940488], [136.599494, 35.939669], [136.600787, 35.938321], [136.600567, 35.935271], [136.601407, 35.934271]]}, "properties": {"route_id": "m088-r1", "mountain_no": 88, "mountain_name_ko": "아라시마다케", "mountain_name_ja": "荒島岳", "route_name_ja": "대표 등산로", "source": "way_graph", "distance_km": 4.41, "ascent_m": 1145, "elev_start_m": 362, "elev_end_m": 1503, "summit_elev_m": 1523, "trailhead_lat": 35.963263, "trailhead_lon": 136.603829, "summit_lat": 35.934271, "summit_lon": 136.601407, "point_count": 22, "score": 0, "is_primary": false}}, {"type": "Feature", "geometry": {"type": "LineString", "coordinates": [[136.571913, 35.954096], [136.574332, 35.953393], [136.575836, 35.953506], [136.578791, 35.951816], [136.580238, 35.951552], [136.582087, 35.950381], [136.581833, 35.949216], [136.582802, 35.948722], [136.583563, 35.948783], [136.585106, 35.949934], [136.585945, 35.949924], [136.587307, 35.949044], [136.589113, 35.946613], [136.592387, 35.944916], [136.594967, 35.944689], [136.596631, 35.942412], [136.597288, 35.940488], [136.599494, 35.939669], [136.600787, 35.938321], [136.600567, 35.935271], [136.601407, 35.934271]]}, "properties": {"route_id": "m088-r2", "mountain_no": 88, "mountain_name_ko": "아라시마다케", "mountain_name_ja": "荒島岳", "route_name_ja": "대표 등산로", "source": "way_graph", "distance_km": 4.21, "ascent_m": 862, "elev_start_m": 658, "elev_end_m": 1503, "summit_elev_m": 1523, "trailhead_lat": 35.954096, "trailhead_lon": 136.571913, "summit_lat": 35.934271, "summit_lon": 136.601407, "point_count": 21, "score": 0, "is_primary": false}}, {"type": "Feature", "geometry": {"type": "LineString", "coordinates": [[136.61704, 35.922756], [136.615392, 35.921416], [136.612071, 35.920667], [136.608938, 35.918498], [136.60653, 35.917523], [136.606432, 35.918628], [136.604257, 35.920502], [136.604056, 35.921522], [136.602823, 35.922616], [136.603066, 35.924143], [136.599679, 35.926462], [136.599437, 35.927927], [136.598002, 35.929421], [136.59776, 35.932052], [136.601407, 35.934271]]}, "properties": {"route_id": "m088-r3", "mountain_no": 88, "mountain_name_ko": "아라시마다케", "mountain_name_ja": "荒島岳", "route_name_ja": "대표 등산로", "source": "way_graph", "distance_km": 3.56, "ascent_m": 923, "elev_start_m": 781, "elev_end_m": 1499, "summit_elev_m": 1523, "trailhead_lat": 35.922756, "trailhead_lon": 136.61704, "summit_lat": 35.934271, "summit_lon": 136.601407, "point_count": 15, "score": 0, "is_primary": false}}, {"type": "Feature", "geometry": {"type": "LineString", "coordinates": [[135.998448, 34.117805], [135.997534, 34.119714], [135.998133, 34.120828], [135.999053, 34.121219], [135.99992, 34.120722], [136.000408, 34.119445], [136.001757, 34.119221], [136.003801, 34.122516], [136.003712, 34.123551], [136.001647, 34.123795], [136.0022, 34.12597], [135.999794, 34.127792], [135.999963, 34.129516], [135.998941, 34.130943], [136.001141, 34.13028], [136.001849, 34.129075], [136.003614, 34.128192], [136.005422, 34.126431], [136.005823, 34.125256], [136.00763, 34.123676], [136.010756, 34.122273], [136.011746, 34.121406], [136.012895, 34.121195], [136.013384, 34.119878], [136.014685, 34.118893], [136.015574, 34.118993], [136.017783, 34.117763], [136.02121, 34.116958], [136.022285, 34.113973], [136.025114, 34.112766], [136.02545, 34.111129], [136.026684, 34.109899], [136.026726, 34.111118], [136.027606, 34.111741], [136.028359, 34.111386], [136.029188, 34.111803], [136.0306, 34.11114]]}, "properties": {"route_id": "m090-r0", "mountain_no": 90, "mountain_name_ko": "오다이가하라산", "mountain_name_ja": "大台ヶ原山", "route_name_ja": "대표 등산로", "source": "way_graph", "distance_km": 6.98, "ascent_m": 718, "elev_start_m": 336, "elev_end_m": 794, "summit_elev_m": 1695, "trailhead_lat": 34.117805, "trailhead_lon": 135.998448, "summit_lat": 34.11114, "summit_lon": 136.0306, "point_count": 37, "score": 0, "is_primary": true}}, {"type": "Feature", "geometry": {"type": "LineString", "coordinates": [[136.008412, 34.106997], [136.008995, 34.106256], [136.014152, 34.104753], [136.014962, 34.102709], [136.016749, 34.102317], [136.020389, 34.099159], [136.022482, 34.09932], [136.024169, 34.10033], [136.026052, 34.103312], [136.026162, 34.105645], [136.027138, 34.106924], [136.026726, 34.111118], [136.027606, 34.111741], [136.028359, 34.111386], [136.029139, 34.111803], [136.0306, 34.11114]]}, "properties": {"route_id": "m090-r1", "mountain_no": 90, "mountain_name_ko": "오다이가하라산", "mountain_name_ja": "大台ヶ原山", "route_name_ja": "대표 등산로", "source": "way_graph", "distance_km": 3.69, "ascent_m": 325, "elev_start_m": 757, "elev_end_m": 794, "summit_elev_m": 1695, "trailhead_lat": 34.106997, "trailhead_lon": 136.008412, "summit_lat": 34.11114, "summit_lon": 136.0306, "point_count": 16, "score": 0, "is_primary": false}}, {"type": "Feature", "geometry": {"type": "LineString", "coordinates": [[135.898659, 34.224256], [135.89997, 34.225444], [135.899931, 34.225], [135.900577, 34.224778], [135.900563, 34.225144], [135.901541, 34.225236], [135.909271, 34.224213], [135.913592, 34.224375], [135.91471, 34.22379], [135.915378, 34.222697], [135.916461, 34.222722], [135.917963, 34.221836], [135.919886, 34.222386], [135.92082, 34.226142], [135.920516, 34.226934], [135.922257, 34.228887], [135.921576, 34.232124], [135.922142, 34.233698], [135.923771, 34.234925], [135.923945, 34.237513]]}, "properties": {"route_id": "m091-r0", "mountain_no": 91, "mountain_name_ko": "오미네산", "mountain_name_ja": "大峰山", "route_name_ja": "대표 등산로", "source": "way_graph", "distance_km": 4.42, "ascent_m": 1092, "elev_start_m": 735, "elev_end_m": 1697, "summit_elev_m": 1915, "trailhead_lat": 34.224256, "trailhead_lon": 135.898659, "summit_lat": 34.237513, "summit_lon": 135.923945, "point_count": 20, "score": 0, "is_primary": true}}, {"type": "Feature", "geometry": {"type": "LineString", "coordinates": [[135.915023, 34.223431], [135.915378, 34.222697], [135.916461, 34.222722], [135.918211, 34.221772], [135.919886, 34.222386], [135.92082, 34.226142], [135.920516, 34.226934], [135.922257, 34.228887], [135.921576, 34.232124], [135.922142, 34.233698], [135.923771, 34.234925], [135.923945, 34.237513]]}, "properties": {"route_id": "m091-r1", "mountain_no": 91, "mountain_name_ko": "오미네산", "mountain_name_ja": "大峰山", "route_name_ja": "대표 등산로", "source": "way_graph", "distance_km": 2.58, "ascent_m": 412, "elev_start_m": 1415, "elev_end_m": 1697, "summit_elev_m": 1915, "trailhead_lat": 34.223431, "trailhead_lon": 135.915023, "summit_lat": 34.237513, "summit_lon": 135.923945, "point_count": 12, "score": 0, "is_primary": false}}, {"type": "Feature", "geometry": {"type": "LineString", "coordinates": [[133.538404, 35.388766], [133.539168, 35.387388], [133.539141, 35.385758], [133.5406, 35.383866], [133.542127, 35.382897], [133.540897, 35.382177], [133.540558, 35.381471], [133.538761, 35.381089], [133.537902, 35.381549], [133.535121, 35.379746], [133.534038, 35.37511], [133.534885, 35.372811], [133.535909, 35.372632], [133.537666, 35.371129], [133.539098, 35.370847]]}, "properties": {"route_id": "m092-r0", "mountain_no": 92, "mountain_name_ko": "다이센", "mountain_name_ja": "大山", "route_name_ja": "대표 등산로", "source": "way_graph", "distance_km": 3.09, "ascent_m": 792, "elev_start_m": 902, "elev_end_m": 1692, "summit_elev_m": 1729, "trailhead_lat": 35.388766, "trailhead_lon": 133.538404, "summit_lat": 35.370847, "summit_lon": 133.539098, "point_count": 15, "score": 0, "is_primary": true}}, {"type": "Feature", "geometry": {"type": "LineString", "coordinates": [[131.2082747, 33.096414], [131.209493, 33.095168], [131.211512, 33.095305], [131.211318, 33.093858], [131.2154607, 33.0945302], [131.2192856, 33.0926292], [131.221599, 33.0895393], [131.2249821, 33.0878275], [131.226561, 33.086173], [131.2319322, 33.0877258], [131.2374414, 33.0861078], [131.2408291, 33.0855797]]}, "properties": {"route_id": "m095-r0", "mountain_no": 95, "mountain_name_ko": "구주산", "mountain_name_ja": "九重山", "route_name_ja": "대표 등산로", "source": "relation", "distance_km": 3.86, "ascent_m": 357, "elev_start_m": 1332, "elev_end_m": 1659, "summit_elev_m": 1791, "trailhead_lat": 33.096414, "trailhead_lon": 131.2082747, "summit_lat": 33.0855797, "summit_lon": 131.2408291, "point_count": 12, "score": 31.266650496827715, "is_primary": true}}, {"type": "Feature", "geometry": {"type": "LineString", "coordinates": [[131.397677, 32.861778], [131.396871, 32.861159], [131.396355, 32.859582], [131.391766, 32.85456], [131.391019, 32.852374], [131.39016, 32.851516], [131.389099, 32.851364], [131.389103, 32.850759], [131.387553, 32.850157], [131.387074, 32.849174], [131.387638, 32.847708], [131.385852, 32.846604], [131.385244, 32.845686], [131.38303, 32.844936], [131.380511, 32.843019], [131.378565, 32.842565], [131.377019, 32.841562], [131.375468, 32.83929], [131.373963, 32.838459], [131.371179, 32.83836], [131.368969, 32.837782], [131.367922, 32.836912], [131.363763, 32.835167], [131.36223, 32.833835], [131.356027, 32.833926], [131.349551, 32.83211], [131.347539, 32.830605], [131.347792, 32.83005], [131.346852, 32.828945], [131.346947, 32.828129]]}, "properties": {"route_id": "m096-r0", "mountain_no": 96, "mountain_name_ko": "소보산", "mountain_name_ja": "祖母山", "route_name_ja": "대표 등산로", "source": "way_graph", "distance_km": 7.0, "ascent_m": 685, "elev_start_m": 1367, "elev_end_m": 1731, "summit_elev_m": 1756, "trailhead_lat": 32.861778, "trailhead_lon": 131.397677, "summit_lat": 32.828129, "summit_lon": 131.346947, "point_count": 30, "score": 0, "is_primary": true}}, {"type": "Feature", "geometry": {"type": "LineString", "coordinates": [[131.384665, 32.811841], [131.384234, 32.811499], [131.384776, 32.810886], [131.383076, 32.809249], [131.380376, 32.80895], [131.378503, 32.809434], [131.371946, 32.80736], [131.371207, 32.806588], [131.369001, 32.805899], [131.366936, 32.8036], [131.364243, 32.803303], [131.364284, 32.802808], [131.362965, 32.802821], [131.361861, 32.803461], [131.357071, 32.804406], [131.354807, 32.806638], [131.355209, 32.807152], [131.353255, 32.807971], [131.353381, 32.808468], [131.352652, 32.80898], [131.351984, 32.809034], [131.350774, 32.810049], [131.348063, 32.810609], [131.348677, 32.812382], [131.348152, 32.813065], [131.348672, 32.815281], [131.350388, 32.816728], [131.350601, 32.817437], [131.349852, 32.818471], [131.350156, 32.821537], [131.349221, 32.82352], [131.349483, 32.824773], [131.348675, 32.825518], [131.347243, 32.825837], [131.34762, 32.827075], [131.346947, 32.828129]]}, "properties": {"route_id": "m096-r1", "mountain_no": 96, "mountain_name_ko": "소보산", "mountain_name_ja": "祖母山", "route_name_ja": "대표 등산로", "source": "way_graph", "distance_km": 7.0, "ascent_m": 996, "elev_start_m": 992, "elev_end_m": 1724, "summit_elev_m": 1756, "trailhead_lat": 32.811841, "trailhead_lon": 131.384665, "summit_lat": 32.828129, "summit_lon": 131.346947, "point_count": 36, "score": 0, "is_primary": false}}, {"type": "Feature", "geometry": {"type": "LineString", "coordinates": [[131.31014, 32.86056], [131.310644, 32.859037], [131.310011, 32.858334], [131.309421, 32.856053], [131.308799, 32.855945], [131.308831, 32.855477], [131.307512, 32.855711], [131.306492, 32.854404], [131.306172, 32.853062], [131.309843, 32.852847], [131.312381, 32.851063], [131.314027, 32.850955], [131.315437, 32.849399], [131.315254, 32.848513], [131.319708, 32.846601], [131.321322, 32.844355], [131.322406, 32.844064], [131.322761, 32.842917], [131.322416, 32.841852], [131.323064, 32.840505], [131.326312, 32.839026], [131.327427, 32.836345], [131.327482, 32.833202], [131.32897, 32.832576], [131.331521, 32.833781], [131.336074, 32.832862], [131.339588, 32.833584], [131.34109, 32.832899], [131.341609, 32.832112], [131.342906, 32.831815], [131.346891, 32.828717], [131.346947, 32.828129]]}, "properties": {"route_id": "m096-r2", "mountain_no": 96, "mountain_name_ko": "소보산", "mountain_name_ja": "祖母山", "route_name_ja": "대표 등산로", "source": "way_graph", "distance_km": 7.0, "ascent_m": 1145, "elev_start_m": 649, "elev_end_m": 1731, "summit_elev_m": 1756, "trailhead_lat": 32.86056, "trailhead_lon": 131.31014, "summit_lat": 32.828129, "summit_lon": 131.346947, "point_count": 32, "score": 0, "is_primary": false}}, {"type": "Feature", "geometry": {"type": "LineString", "coordinates": [[131.339309, 32.781142], [131.339636, 32.781507], [131.340127, 32.781324], [131.340195, 32.781887], [131.340556, 32.78159], [131.34055, 32.782234], [131.340408, 32.782685], [131.339263, 32.782988], [131.337621, 32.787678], [131.338704, 32.790734], [131.337949, 32.793527], [131.338941, 32.794469], [131.338544, 32.795191], [131.339245, 32.800048], [131.340384, 32.801291], [131.341049, 32.804023], [131.339515, 32.807548], [131.341134, 32.809997], [131.346509, 32.811007], [131.348063, 32.810609], [131.348677, 32.812382], [131.348152, 32.813065], [131.348672, 32.815281], [131.350388, 32.816728], [131.350601, 32.817437], [131.349852, 32.818471], [131.350156, 32.821537], [131.349221, 32.82352], [131.349483, 32.824773], [131.348675, 32.825518], [131.347243, 32.825837], [131.34762, 32.827075], [131.346947, 32.828129]]}, "properties": {"route_id": "m096-r3", "mountain_no": 96, "mountain_name_ko": "소보산", "mountain_name_ja": "祖母山", "route_name_ja": "대표 등산로", "source": "way_graph", "distance_km": 7.01, "ascent_m": 677, "elev_start_m": 1290, "elev_end_m": 1724, "summit_elev_m": 1756, "trailhead_lat": 32.781142, "trailhead_lon": 131.339309, "summit_lat": 32.828129, "summit_lon": 131.346947, "point_count": 33, "score": 0, "is_primary": false}}, {"type": "Feature", "geometry": {"type": "LineString", "coordinates": [[131.102696, 32.859333], [131.102271, 32.859067], [131.102748, 32.860082], [131.101575, 32.859816], [131.102011, 32.8605], [131.101612, 32.860324], [131.10181, 32.86063], [131.100871, 32.86111], [131.098215, 32.865543], [131.097717, 32.865729], [131.0978, 32.86766], [131.096947, 32.870182], [131.094642, 32.870039], [131.092274, 32.87182], [131.091147, 32.872031], [131.0904, 32.871648], [131.090218, 32.872058], [131.088642, 32.87242], [131.087175, 32.873657], [131.086612, 32.874783], [131.089315, 32.874456], [131.091136, 32.875185], [131.094193, 32.875014], [131.098707, 32.876803], [131.099359, 32.876623], [131.097383, 32.881501], [131.097319, 32.883521], [131.099483, 32.88371], [131.101661, 32.883007], [131.103122, 32.884072], [131.103766, 32.884005], [131.104178, 32.884975]]}, "properties": {"route_id": "m097-r0", "mountain_no": 97, "mountain_name_ko": "아소산", "mountain_name_ja": "阿蘇山", "route_name_ja": "대표 등산로", "source": "way_graph", "distance_km": 6.1, "ascent_m": 761, "elev_start_m": 865, "elev_end_m": 1566, "summit_elev_m": 1592, "trailhead_lat": 32.859333, "trailhead_lon": 131.102696, "summit_lat": 32.884975, "summit_lon": 131.104178, "point_count": 32, "score": 0, "is_primary": true}}, {"type": "Feature", "geometry": {"type": "LineString", "coordinates": [[131.09377, 32.870644], [131.092274, 32.87182], [131.091147, 32.872031], [131.0904, 32.871648], [131.090218, 32.872058], [131.088642, 32.87242], [131.087175, 32.873657], [131.086612, 32.874783], [131.089315, 32.874456], [131.091136, 32.875185], [131.094193, 32.875014], [131.098707, 32.876803], [131.099359, 32.876623], [131.097383, 32.881501], [131.097319, 32.883521], [131.099483, 32.88371], [131.101661, 32.883007], [131.103122, 32.884072], [131.103766, 32.884005], [131.104178, 32.884975]]}, "properties": {"route_id": "m097-r1", "mountain_no": 97, "mountain_name_ko": "아소산", "mountain_name_ja": "阿蘇山", "route_name_ja": "대표 등산로", "source": "way_graph", "distance_km": 3.99, "ascent_m": 435, "elev_start_m": 1190, "elev_end_m": 1566, "summit_elev_m": 1592, "trailhead_lat": 32.870644, "trailhead_lon": 131.09377, "summit_lat": 32.884975, "summit_lon": 131.104178, "point_count": 20, "score": 0, "is_primary": false}}, {"type": "Feature", "geometry": {"type": "LineString", "coordinates": [[131.131195, 32.885946], [131.130677, 32.88629], [131.129873, 32.885814], [131.127469, 32.885749], [131.126483, 32.886329], [131.123908, 32.885857], [131.120624, 32.886157], [131.119638, 32.886801], [131.117578, 32.887187], [131.114064, 32.887171], [131.112524, 32.886659], [131.111037, 32.88552], [131.110394, 32.885913], [131.109752, 32.885651], [131.109151, 32.886287], [131.107046, 32.886341], [131.104178, 32.884975]]}, "properties": {"route_id": "m097-r2", "mountain_no": 97, "mountain_name_ko": "아소산", "mountain_name_ja": "阿蘇山", "route_name_ja": "대표 등산로", "source": "way_graph", "distance_km": 2.88, "ascent_m": 600, "elev_start_m": 982, "elev_end_m": 1563, "summit_elev_m": 1592, "trailhead_lat": 32.885946, "trailhead_lon": 131.131195, "summit_lat": 32.884975, "summit_lon": 131.104178, "point_count": 17, "score": 0, "is_primary": false}}, {"type": "Feature", "geometry": {"type": "LineString", "coordinates": [[130.534308, 31.19262], [130.533945, 31.192073], [130.534286, 31.19077], [130.535879, 31.188475], [130.53615, 31.183918], [130.535608, 31.180297], [130.534548, 31.179054], [130.529326, 31.175944], [130.528375, 31.176094], [130.526347, 31.17879], [130.526884, 31.180482], [130.528057, 31.180712], [130.5284, 31.180045]]}, "properties": {"route_id": "m099-r0", "mountain_no": 99, "mountain_name_ko": "가이몬다케", "mountain_name_ja": "開聞岳", "route_name_ja": "대표 등산로", "source": "way_graph", "distance_km": 3.11, "ascent_m": 742, "elev_start_m": 162, "elev_end_m": 905, "summit_elev_m": 924, "trailhead_lat": 31.19262, "trailhead_lon": 130.534308, "summit_lat": 31.180045, "summit_lon": 130.5284, "point_count": 13, "score": 0, "is_primary": true}}]}