{"type": "FeatureCollection", "features": [{"type": "Feature", "geometry": {"type": "Point", "coordinates": [144.5939428, 43.8387203]}, "properties": {"id": "n264447553", "name": "清里町", "name_en": "Kiyosatochō", "kind": "station", "operator": null, "network": null, "near_town": "n405170093", "near_town_name": "清里町", "wikipedia": "ja:清里町駅", "osm_id": "n264447553"}}, {"type": "Feature", "geometry": {"type": "Point", "coordinates": [144.6590746, 43.8744723]}, "properties": {"id": "n264449354", "name": "中斜里", "name_en": "Naka-Shari", "kind": "station", "operator": null, "network": null, "near_town": "n405170093", "near_town_name": "清里町", "wikipedia": "ja:中斜里駅", "osm_id": "n264449354"}}, {"type": "Feature", "geometry": {"type": "Point", "coordinates": [144.6614523, 43.9108848]}, "properties": {"id": "n6060489257", "name": "知床斜里", "name_en": "Shiretoko-Shari", "kind": "station", "operator": null, "network": null, "near_town": "n405170897", "near_town_name": "斜里町", "wikipedia": "ja:知床斜里駅", "osm_id": "n6060489257"}}, {"type": "Feature", "geometry": {"type": "Point", "coordinates": [142.694129, 43.851709]}, "properties": {"id": "n264435653", "name": "安足間", "name_en": "Antaroma", "kind": "station", "operator": null, "network": null, "near_town": "n206398537", "near_town_name": "上川町", "wikipedia": "ja:安足間駅", "osm_id": "n264435653"}}, {"type": "Feature", "geometry": {"type": "Point", "coordinates": [142.7664783, 43.8489623]}, "properties": {"id": "n264435945", "name": "上川", "name_en": "Kamikawa", "kind": "station", "operator": null, "network": null, "near_town": "n206398537", "near_town_name": "上川町", "wikipedia": "ja:上川駅", "osm_id": "n264435945"}}, {"type": "Feature", "geometry": {"type": "Point", "coordinates": [142.7674493, 43.8487207]}, "properties": {"id": "n11215541404", "name": "上川森のテラスバスタッチ", "name_en": null, "kind": "bus_station", "operator": null, "network": null, "near_town": "n206398537", "near_town_name": "上川町", "wikipedia": null, "osm_id": "n11215541404"}}, {"type": "Feature", "geometry": {"type": "Point", "coordinates": [142.4473761, 43.5376491]}, "properties": {"id": "n264430250", "name": "美馬牛", "name_en": "Bibaushi", "kind": "station", "operator": null, "network": null, "near_town": "n389385675", "near_town_name": "美瑛町", "wikipedia": "ja:美馬牛駅", "osm_id": "n264430250"}}, {"type": "Feature", "geometry": {"type": "Point", "coordinates": [142.4512768, 43.6434786]}, "properties": {"id": "n264430271", "name": "千代ヶ岡", "name_en": "Chiyogaoka", "kind": "station", "operator": null, "network": null, "near_town": "n389385675", "near_town_name": "美瑛町", "wikipedia": "ja:千代ヶ岡駅", "osm_id": "n264430271"}}, {"type": "Feature", "geometry": {"type": "Point", "coordinates": [142.4612251, 43.5909601]}, "properties": {"id": "n264430307", "name": "美瑛", "name_en": "Biei", "kind": "station", "operator": null, "network": null, "near_town": "n389385675", "near_town_name": "美瑛町", "wikipedia": "ja:美瑛駅", "osm_id": "n264430307"}}, {"type": "Feature", "geometry": {"type": "Point", "coordinates": [142.479649, 43.617963]}, "properties": {"id": "n264430315", "name": "北美瑛", "name_en": "Kita-Biei", "kind": "station", "operator": null, "network": null, "near_town": "n389385675", "near_town_name": "美瑛町", "wikipedia": "ja:北美瑛駅", "osm_id": "n264430315"}}, {"type": "Feature", "geometry": {"type": "Point", "coordinates": [142.4210386, 43.4058508]}, "properties": {"id": "n264430572", "name": "中富良野", "name_en": "Naka-Furano", "kind": "station", "operator": null, "network": null, "near_town": "n389385487", "near_town_name": "上富良野町", "wikipedia": "ja:中富良野駅", "osm_id": "n264430572"}}, {"type": "Feature", "geometry": {"type": "Point", "coordinates": [142.44158, 43.429202]}, "properties": {"id": "n264430593", "name": "西中", "name_en": "Nishinaka", "kind": "station", "operator": null, "network": null, "near_town": "n389385487", "near_town_name": "上富良野町", "wikipedia": "ja:西中駅", "osm_id": "n264430593"}}, {"type": "Feature", "geometry": {"type": "Point", "coordinates": [142.4689582, 43.4632561]}, "properties": {"id": "n264430645", "name": "上富良野", "name_en": "Kami-Furano", "kind": "station", "operator": null, "network": null, "near_town": "n389385487", "near_town_name": "上富良野町", "wikipedia": "ja:上富良野駅", "osm_id": "n264430645"}}, {"type": "Feature", "geometry": {"type": "Point", "coordinates": [142.4310927, 43.4173264]}, "properties": {"id": "n1659492216", "name": "ラベンダー畑", "name_en": "Lavender Farm", "kind": "station", "operator": "北海道旅客鉄道", "network": null, "near_town": "n389385487", "near_town_name": "上富良野町", "wikipedia": "ja:ラベンダー畑駅", "osm_id": "n1659492216"}}, {"type": "Feature", "geometry": {"type": "Point", "coordinates": [143.0483726, 42.9099232]}, "properties": {"id": "n264443224", "name": "芽室", "name_en": "Memuro", "kind": "station", "operator": null, "network": null, "near_town": "n379176006", "near_town_name": "芽室町", "wikipedia": "ja:芽室駅", "osm_id": "n264443224"}}, {"type": "Feature", "geometry": {"type": "Point", "coordinates": [143.1262396, 42.9239434]}, "properties": {"id": "n264443386", "name": "西帯広", "name_en": "Nishi-Obihiro", "kind": "station", "operator": null, "network": null, "near_town": "n379176006", "near_town_name": "芽室町", "wikipedia": "ja:西帯広駅", "osm_id": "n264443386"}}, {"type": "Feature", "geometry": {"type": "Point", "coordinates": [143.0696946, 42.9160395]}, "properties": {"id": "n264443388", "name": "大成", "name_en": "Taisei", "kind": "station", "operator": null, "network": null, "near_town": "n379176006", "near_town_name": "芽室町", "wikipedia": "ja:大成駅", "osm_id": "n264443388"}}, {"type": "Feature", "geometry": {"type": "Point", "coordinates": [142.9852234, 42.9225547]}, "properties": {"id": "n13469758868", "name": "上芽室信号場", "name_en": "Kami-memuro Signal Station", "kind": "halt", "operator": null, "network": null, "near_town": "n379176006", "near_town_name": "芽室町", "wikipedia": "ja:上芽室信号場", "osm_id": "n13469758868"}}, {"type": "Feature", "geometry": {"type": "Point", "coordinates": [142.8796542, 43.0132163]}, "properties": {"id": "n5729331232", "name": "十勝清水", "name_en": "Tokachi-Shimizu", "kind": "station", "operator": null, "network": null, "near_town": "n263098586", "near_town_name": "清水町", "wikipedia": "ja:十勝清水駅", "osm_id": "n5729331232"}}, {"type": "Feature", "geometry": {"type": "Point", "coordinates": [142.8910769, 42.9646116]}, "properties": {"id": "n13469758867", "name": "平野川信号場", "name_en": "Hiranogawa Signal Station", "kind": "halt", "operator": null, "network": null, "near_town": "n263098586", "near_town_name": "清水町", "wikipedia": "ja:平野川信号場", "osm_id": "n13469758867"}}, {"type": "Feature", "geometry": {"type": "Point", "coordinates": [140.7224288, 42.84885]}, "properties": {"id": "n264423863", "name": "比羅夫", "name_en": "Hirafu", "kind": "station", "operator": null, "network": null, "near_town": "n204672378", "near_town_name": "倶知安町", "wikipedia": "ja:比羅夫駅", "osm_id": "n264423863"}}, {"type": "Feature", "geometry": {"type": "Point", "coordinates": [140.7451832, 42.9020963]}, "properties": {"id": "n264423939", "name": "倶知安", "name_en": "Kutchan", "kind": "station", "operator": null, "network": null, "near_town": "n204672378", "near_town_name": "倶知安町", "wikipedia": "ja:倶知安駅", "osm_id": "n264423939"}}, {"type": "Feature", "geometry": {"type": "Point", "coordinates": [140.7518466, 42.8924052]}, "properties": {"id": "n6124811186", "name": "HTM BUS MAX VALU", "name_en": null, "kind": "bus_station", "operator": null, "network": null, "near_town": "n204672378", "near_town_name": "倶知安町", "wikipedia": null, "osm_id": "n6124811186"}}, {"type": "Feature", "geometry": {"type": "Point", "coordinates": [140.6847598, 42.8089309]}, "properties": {"id": "n264423856", "name": "ニセコ", "name_en": "Niseko", "kind": "station", "operator": null, "network": null, "near_town": "n460416755", "near_town_name": "ニセコ町", "wikipedia": "ja:ニセコ駅", "osm_id": "n264423856"}}, {"type": "Feature", "geometry": {"type": "Point", "coordinates": [140.4998012, 40.6540867]}, "properties": {"id": "n264225883", "name": "藤崎", "name_en": "Fujisaki", "kind": "station", "operator": null, "network": null, "near_town": "n734876473", "near_town_name": "弘前市", "wikipedia": "ja:藤崎駅 (青森県)", "osm_id": "n264225883"}}, {"type": "Feature", "geometry": {"type": "Point", "coordinates": [140.4863414, 40.5643684]}, "properties": {"id": "n264461805", "name": "小栗山", "name_en": "Koguriyama", "kind": "station", "operator": "弘南鉄道", "network": "弘南鉄道大鰐線", "near_town": "n734876473", "near_town_name": "弘前市", "wikipedia": "ja:小栗山駅", "osm_id": "n264461805"}}, {"type": "Feature", "geometry": {"type": "Point", "coordinates": [140.5163177, 40.5579188]}, "properties": {"id": "n264461931", "name": "津軽大沢", "name_en": "Tsugaru-Ōsawa", "kind": "station", "operator": "弘南鉄道", "network": "弘南鉄道大鰐線", "near_town": "n734876473", "near_town_name": "弘前市", "wikipedia": "ja:津軽大沢駅", "osm_id": "n264461931"}}, {"type": "Feature", "geometry": {"type": "Point", "coordinates": [140.472782, 40.576923]}, "properties": {"id": "n264461933", "name": "聖愛中高前", "name_en": "Seiaichūkōmae", "kind": "station", "operator": "弘南鉄道", "network": "弘南鉄道大鰐線", "near_town": "n734876473", "near_town_name": "弘前市", "wikipedia": "ja:聖愛中高前駅", "osm_id": "n264461933"}}, {"type": "Feature", "geometry": {"type": "Point", "coordinates": [140.5033572, 40.5894754]}, "properties": {"id": "n264462141", "name": "運動公園前", "name_en": "Undōkōenmae", "kind": "station", "operator": "弘南鉄道", "network": "弘南鉄道弘南線", "near_town": "n734876473", "near_town_name": "弘前市", "wikipedia": "ja:運動公園前駅", "osm_id": "n264462141"}}, {"type": "Feature", "geometry": {"type": "Point", "coordinates": [140.5203011, 40.5873575]}, "properties": {"id": "n264462216", "name": "新里", "name_en": "Nisato", "kind": "station", "operator": "弘南鉄道", "network": "弘南鉄道弘南線", "near_town": "n734876473", "near_town_name": "弘前市", "wikipedia": "ja:新里駅 (青森県)", "osm_id": "n264462216"}}, {"type": "Feature", "geometry": {"type": "Point", "coordinates": [140.5382608, 40.58517]}, "properties": {"id": "n264462219", "name": "館田", "name_en": "Tachita", "kind": "station", "operator": "弘南鉄道", "network": "弘南鉄道弘南線", "near_town": "n734876473", "near_town_name": "弘前市", "wikipedia": "ja:館田駅", "osm_id": "n264462219"}}, {"type": "Feature", "geometry": {"type": "Point", "coordinates": [140.4857687, 40.5985978]}, "properties": {"id": "n264462308", "name": "弘前", "name_en": "Hirosaki", "kind": "station", "operator": "弘南鉄道", "network": null, "near_town": "n734876473", "near_town_name": "弘前市", "wikipedia": "ja:弘前駅", "osm_id": "n264462308"}}, {"type": "Feature", "geometry": {"type": "Point", "coordinates": [140.4884227, 40.5923016]}, "properties": {"id": "n4143883343", "name": "弘前東高前", "name_en": "Hirosaki-Higashikōmae", "kind": "station", "operator": null, "network": null, "near_town": "n734876473", "near_town_name": "弘前市", "wikipedia": "ja:弘前東高前駅", "osm_id": "n4143883343"}}, {"type": "Feature", "geometry": {"type": "Point", "coordinates": [140.4980715, 40.6218286]}, "properties": {"id": "n6067523339", "name": "撫牛子", "name_en": "Naijoshi", "kind": "station", "operator": "JR東日本", "network": null, "near_town": "n734876473", "near_town_name": "弘前市", "wikipedia": "ja:撫牛子駅", "osm_id": "n6067523339"}}, {"type": "Feature", "geometry": {"type": "Point", "coordinates": [140.4972778, 40.5605678]}, "properties": {"id": "n8111211131", "name": "松木平", "name_en": "Matsukitai", "kind": "station", "operator": "弘南鉄道", "network": "弘南鉄道大鰐線", "near_town": "n734876473", "near_town_name": "弘前市", "wikipedia": "ja:松木平駅", "osm_id": "n8111211131"}}, {"type": "Feature", "geometry": {"type": "Point", "coordinates": [140.4852086, 40.5995511]}, "properties": {"id": "n8649219946", "name": "弘前", "name_en": "Hirosaki", "kind": "station", "operator": null, "network": null, "near_town": "n734876473", "near_town_name": "弘前市", "wikipedia": "ja:弘前駅", "osm_id": "n8649219946"}}, {"type": "Feature", "geometry": {"type": "Point", "coordinates": [140.5215325, 40.6469983]}, "properties": {"id": "n8651588732", "name": "川部", "name_en": "Kawabe", "kind": "station", "operator": null, "network": null, "near_town": "n734876473", "near_town_name": "弘前市", "wikipedia": "ja:川部駅", "osm_id": "n8651588732"}}, {"type": "Feature", "geometry": {"type": "Point", "coordinates": [140.4806278, 40.5671119]}, "properties": {"id": "n9764394383", "name": "千年", "name_en": "Chitose", "kind": "station", "operator": "弘南鉄道", "network": "弘南鉄道大鰐線", "near_town": "n734876473", "near_town_name": "弘前市", "wikipedia": "ja:千年駅", "osm_id": "n9764394383"}}, {"type": "Feature", "geometry": {"type": "Point", "coordinates": [140.4724581, 40.5994019]}, "properties": {"id": "n9834642569", "name": "中央弘前", "name_en": "Chūō-Hirosaki", "kind": "station", "operator": "弘南鉄道", "network": "弘南鉄道大鰐線", "near_town": "n734876473", "near_town_name": "弘前市", "wikipedia": null, "osm_id": "n9834642569"}}, {"type": "Feature", "geometry": {"type": "Point", "coordinates": [140.4681793, 40.592987]}, "properties": {"id": "n9834717804", "name": "弘高下", "name_en": "Hirokōshita", "kind": "station", "operator": "弘南鉄道", "network": "弘南鉄道大鰐線", "near_town": "n734876473", "near_town_name": "弘前市", "wikipedia": null, "osm_id": "n9834717804"}}, {"type": "Feature", "geometry": {"type": "Point", "coordinates": [140.4705437, 40.5835007]}, "properties": {"id": "n9838910129", "name": "弘前学院大前", "name_en": "Hirosaki Gaukuin Dai Mae", "kind": "station", "operator": "弘南鉄道", "network": "弘南鉄道大鰐線", "near_town": "n734876473", "near_town_name": "弘前市", "wikipedia": "ja:弘前学院大前駅", "osm_id": "n9838910129"}}, {"type": "Feature", "geometry": {"type": "Point", "coordinates": [140.4480325, 40.8089316]}, "properties": {"id": "n264225886", "name": "五所川原", "name_en": "Goshogawara", "kind": "station", "operator": null, "network": null, "near_town": "n734876465", "near_town_name": "つがる市", "wikipedia": "ja:五所川原駅", "osm_id": "n264225886"}}, {"type": "Feature", "geometry": {"type": "Point", "coordinates": [140.364149, 40.7872729]}, "properties": {"id": "n264226240", "name": "中田", "name_en": "Nakata", "kind": "station", "operator": null, "network": null, "near_town": "n734876465", "near_town_name": "つがる市", "wikipedia": "ja:中田駅 (青森県)", "osm_id": "n264226240"}}, {"type": "Feature", "geometry": {"type": "Point", "coordinates": [140.388475, 40.802565]}, "properties": {"id": "n264226395", "name": "木造", "name_en": "Kizukuri", "kind": "station", "operator": null, "network": null, "near_town": "n734876465", "near_town_name": "つがる市", "wikipedia": "ja:木造駅", "osm_id": "n264226395"}}, {"type": "Feature", "geometry": {"type": "Point", "coordinates": [140.3384754, 40.7817786]}, "properties": {"id": "n264227349", "name": "陸奥森田", "name_en": "Mutsu-Morita", "kind": "station", "operator": null, "network": null, "near_town": "n734876465", "near_town_name": "つがる市", "wikipedia": "ja:陸奥森田駅", "osm_id": "n264227349"}}, {"type": "Feature", "geometry": {"type": "Point", "coordinates": [140.4566692, 40.817456]}, "properties": {"id": "n264877518", "name": "十川", "name_en": "Togawa", "kind": "station", "operator": null, "network": null, "near_town": "n734876465", "near_town_name": "つがる市", "wikipedia": "ja:十川駅 (青森県)", "osm_id": "n264877518"}}, {"type": "Feature", "geometry": {"type": "Point", "coordinates": [140.4485834, 40.809895]}, "properties": {"id": "n264877535", "name": "津軽五所川原", "name_en": "Tsugaru Goshogawara", "kind": "station", "operator": null, "network": null, "near_town": "n734876465", "near_town_name": "つがる市", "wikipedia": "ja:五所川原駅", "osm_id": "n264877535"}}, {"type": "Feature", "geometry": {"type": "Point", "coordinates": [140.4777669, 40.8579612]}, "properties": {"id": "n264877504", "name": "毘沙門", "name_en": "Bishamon", "kind": "station", "operator": null, "network": null, "near_town": "n734876468", "near_town_name": "五所川原市", "wikipedia": "ja:毘沙門駅", "osm_id": "n264877504"}}, {"type": "Feature", "geometry": {"type": "Point", "coordinates": [140.479389, 40.829504]}, "properties": {"id": "n264877531", "name": "津軽飯詰", "name_en": "Tsugaru-Iizume", "kind": "station", "operator": null, "network": null, "near_town": "n734876468", "near_town_name": "五所川原市", "wikipedia": "ja:津軽飯詰駅", "osm_id": "n264877531"}}, {"type": "Feature", "geometry": {"type": "Point", "coordinates": [140.4354121, 40.7579873]}, "properties": {"id": "n8120213658", "name": "陸奥鶴田", "name_en": "Mutsu-Tsuruda", "kind": "station", "operator": null, "network": null, "near_town": "n734876468", "near_town_name": "五所川原市", "wikipedia": "ja:陸奥鶴田駅", "osm_id": "n8120213658"}}, {"type": "Feature", "geometry": {"type": "Point", "coordinates": [140.4786852, 40.8212196]}, "properties": {"id": "n9561831167", "name": ":五農校前", "name_en": "Gonoko-mae", "kind": "station", "operator": null, "network": null, "near_town": "n734876468", "near_town_name": "五所川原市", "wikipedia": "ja:五農校前駅", "osm_id": "n9561831167"}}, {"type": "Feature", "geometry": {"type": "Point", "coordinates": [140.6720593, 40.8280508]}, "properties": {"id": "n263176826", "name": "津軽新城", "name_en": "Tsugaru-Shinjo", "kind": "station", "operator": null, "network": null, "near_town": "n734876517", "near_town_name": "青森市", "wikipedia": "ja:津軽新城駅", "osm_id": "n263176826"}}, {"type": "Feature", "geometry": {"type": "Point", "coordinates": [140.807297, 40.833998]}, "properties": {"id": "n264188538", "name": "矢田前", "name_en": "Yadamae", "kind": "station", "operator": null, "network": null, "near_town": "n734876517", "near_town_name": "青森市", "wikipedia": "ja:矢田前駅", "osm_id": "n264188538"}}, {"type": "Feature", "geometry": {"type": "Point", "coordinates": [140.6901901, 40.857101]}, "properties": {"id": "n264220977", "name": "油川", "name_en": "Aburakawa", "kind": "station", "operator": "東日本旅客鉄道", "network": "JR 津軽線", "near_town": "n734876517", "near_town_name": "青森市", "wikipedia": "ja:油川駅", "osm_id": "n264220977"}}, {"type": "Feature", "geometry": {"type": "Point", "coordinates": [140.8169806, 40.8461419]}, "properties": {"id": "n1504476443", "name": "野内", "name_en": "Nonai", "kind": "station", "operator": null, "network": null, "near_town": "n734876517", "near_town_name": "青森市", "wikipedia": "ja:野内駅", "osm_id": "n1504476443"}}, {"type": "Feature", "geometry": {"type": "Point", "coordinates": [140.7341384, 40.8299247]}, "properties": {"id": "n3921351174", "name": "青森", "name_en": "Aomori", "kind": "station", "operator": null, "network": null, "near_town": "n734876517", "near_town_name": "青森市", "wikipedia": "ja:青森駅", "osm_id": "n3921351174"}}, {"type": "Feature", "geometry": {"type": "Point", "coordinates": [140.7829858, 40.8103569]}, "properties": {"id": "n3921351175", "name": "東青森", "name_en": "Higashi-Aomori", "kind": "station", "operator": null, "network": null, "near_town": "n734876517", "near_town_name": "青森市", "wikipedia": "ja:東青森駅", "osm_id": "n3921351175"}}, {"type": "Feature", "geometry": {"type": "Point", "coordinates": [140.7979162, 40.8179837]}, "properties": {"id": "n3921351176", "name": "小柳", "name_en": "Koyanagi", "kind": "station", "operator": null, "network": null, "near_town": "n734876517", "near_town_name": "青森市", "wikipedia": "ja:小柳駅 (青森県)", "osm_id": "n3921351176"}}, {"type": "Feature", "geometry": {"type": "Point", "coordinates": [140.7694475, 40.8057042]}, "properties": {"id": "n3921351177", "name": "筒井", "name_en": "Tsutsui", "kind": "station", "operator": null, "network": null, "near_town": "n734876517", "near_town_name": "青森市", "wikipedia": "ja:筒井駅 (青森県)", "osm_id": "n3921351177"}}, {"type": "Feature", "geometry": {"type": "Point", "coordinates": [140.693472, 40.8282591]}, "properties": {"id": "n3921354047", "name": "新青森", "name_en": "Shin-Aomori", "kind": "station", "operator": null, "network": null, "near_town": "n734876517", "near_town_name": "青森市", "wikipedia": "ja:新青森駅", "osm_id": "n3921354047"}}, {"type": "Feature", "geometry": {"type": "Point", "coordinates": [140.7485093, 40.8271097]}, "properties": {"id": "n6359218497", "name": "県立郷土館前(ねぶたん号)バス停", "name_en": null, "kind": "bus_station", "operator": null, "network": null, "near_town": "n734876517", "near_town_name": "青森市", "wikipedia": null, "osm_id": "n6359218497"}}, {"type": "Feature", "geometry": {"type": "Point", "coordinates": [140.6933798, 40.8274978]}, "properties": {"id": "n11044604585", "name": "新青森", "name_en": "Shin-Aomori", "kind": "station", "operator": null, "network": null, "near_town": "n734876517", "near_town_name": "青森市", "wikipedia": null, "osm_id": "n11044604585"}}, {"type": "Feature", "geometry": {"type": "Point", "coordinates": [140.5760103, 40.6491481]}, "properties": {"id": "n264462137", "name": "境松", "name_en": "Sakaimatsu", "kind": "station", "operator": "弘南鉄道", "network": "弘南鉄道弘南線", "near_town": "n734876454", "near_town_name": "黒石市", "wikipedia": "ja:境松駅", "osm_id": "n264462137"}}, {"type": "Feature", "geometry": {"type": "Point", "coordinates": [140.564712, 40.602194]}, "properties": {"id": "n264462140", "name": "柏農高校前", "name_en": "Hakunōkōkōmae", "kind": "station", "operator": "弘南鉄道", "network": "弘南鉄道弘南線", "near_town": "n734876454", "near_town_name": "黒石市", "wikipedia": "ja:柏農高校前駅", "osm_id": "n264462140"}}, {"type": "Feature", "geometry": {"type": "Point", "coordinates": [140.5610626, 40.5850906]}, "properties": {"id": "n264462177", "name": "平賀", "name_en": "Hiraka", "kind": "station", "operator": "弘南鉄道", "network": "弘南鉄道弘南線", "near_town": "n734876454", "near_town_name": "黒石市", "wikipedia": "ja:平賀駅", "osm_id": "n264462177"}}, {"type": "Feature", "geometry": {"type": "Point", "coordinates": [140.5710997, 40.6371912]}, "properties": {"id": "n264462237", "name": "田舎館", "name_en": "Inakadate", "kind": "station", "operator": "弘南鉄道", "network": "弘南鉄道弘南線", "near_town": "n734876454", "near_town_name": "黒石市", "wikipedia": "ja:田舎館駅", "osm_id": "n264462237"}}, {"type": "Feature", "geometry": {"type": "Point", "coordinates": [140.5774322, 40.625486]}, "properties": {"id": "n264462275", "name": "尾上高校前", "name_en": "Onoekōkōmae", "kind": "station", "operator": "弘南鉄道", "network": "弘南鉄道弘南線", "near_town": "n734876454", "near_town_name": "黒石市", "wikipedia": "ja:尾上高校前駅", "osm_id": "n264462275"}}, {"type": "Feature", "geometry": {"type": "Point", "coordinates": [140.5764866, 40.614302]}, "properties": {"id": "n264462320", "name": "津軽尾上", "name_en": "Tsugaru-Onoe", "kind": "station", "operator": "弘南鉄道", "network": "弘南鉄道弘南線", "near_town": "n734876454", "near_town_name": "黒石市", "wikipedia": "ja:津軽尾上駅", "osm_id": "n264462320"}}, {"type": "Feature", "geometry": {"type": "Point", "coordinates": [140.5738861, 40.6325032]}, "properties": {"id": "n2987233557", "name": "田んぼアート", "name_en": "Tamboāto", "kind": "station", "operator": "弘南鉄道", "network": "弘南鉄道弘南線", "near_town": "n734876454", "near_town_name": "黒石市", "wikipedia": "ja:田んぼアート駅", "osm_id": "n2987233557"}}, {"type": "Feature", "geometry": {"type": "Point", "coordinates": [140.5917659, 40.6482601]}, "properties": {"id": "n7996111597", "name": "黒石", "name_en": "Kuroishi", "kind": "station", "operator": "弘南鉄道", "network": "弘南鉄道弘南線", "near_town": "n734876454", "near_town_name": "黒石市", "wikipedia": "ja:黒石駅 (青森県)", "osm_id": "n7996111597"}}, {"type": "Feature", "geometry": {"type": "Point", "coordinates": [140.5436808, 40.6704293]}, "properties": {"id": "n11053583218", "name": "北常盤", "name_en": "Kita-Tokiwa", "kind": "station", "operator": null, "network": null, "near_town": "n734876454", "near_town_name": "黒石市", "wikipedia": "ja:北常盤駅", "osm_id": "n11053583218"}}, {"type": "Feature", "geometry": {"type": "Point", "coordinates": [141.0855698, 39.950774]}, "properties": {"id": "n264227583", "name": "平館", "name_en": "Tairadate", "kind": "station", "operator": null, "network": null, "near_town": "n755952759", "near_town_name": "八幡平市", "wikipedia": "ja:平館駅", "osm_id": "n264227583"}}, {"type": "Feature", "geometry": {"type": "Point", "coordinates": [141.0435064, 39.9693431]}, "properties": {"id": "n5793711143", "name": "松尾八幡平", "name_en": "Matsuo-Hachimantai", "kind": "station", "operator": null, "network": null, "near_town": "n755952759", "near_town_name": "八幡平市", "wikipedia": "ja:松尾八幡平駅", "osm_id": "n5793711143"}}, {"type": "Feature", "geometry": {"type": "Point", "coordinates": [141.1008494, 39.9137501]}, "properties": {"id": "n5793769186", "name": "大更", "name_en": "Obuke", "kind": "station", "operator": null, "network": null, "near_town": "n755952759", "near_town_name": "八幡平市", "wikipedia": "ja:大更駅", "osm_id": "n5793769186"}}, {"type": "Feature", "geometry": {"type": "Point", "coordinates": [141.0718748, 39.9566198]}, "properties": {"id": "n7164913253", "name": "北森", "name_en": "Kitamori", "kind": "station", "operator": null, "network": null, "near_town": "n755952759", "near_town_name": "八幡平市", "wikipedia": "ja:北森駅", "osm_id": "n7164913253"}}, {"type": "Feature", "geometry": {"type": "Point", "coordinates": [141.148516, 39.7114956]}, "properties": {"id": "n264231685", "name": "上盛岡", "name_en": "Kami-Morioka", "kind": "station", "operator": null, "network": null, "near_town": "n691229944", "near_town_name": "滝沢市", "wikipedia": "ja:上盛岡駅", "osm_id": "n264231685"}}, {"type": "Feature", "geometry": {"type": "Point", "coordinates": [141.1291875, 39.7447239]}, "properties": {"id": "n264458873", "name": "厨川", "name_en": "Kuriyagawa", "kind": "station", "operator": null, "network": null, "near_town": "n691229944", "near_town_name": "滝沢市", "wikipedia": "ja:厨川駅", "osm_id": "n264458873"}}, {"type": "Feature", "geometry": {"type": "Point", "coordinates": [141.1183818, 39.7248279]}, "properties": {"id": "n264459808", "name": "青山", "name_en": "Aoyama", "kind": "station", "operator": null, "network": null, "near_town": "n691229944", "near_town_name": "滝沢市", "wikipedia": "ja:青山駅 (岩手県)", "osm_id": "n264459808"}}, {"type": "Feature", "geometry": {"type": "Point", "coordinates": [141.136689, 39.7005875]}, "properties": {"id": "n3647437876", "name": "盛岡", "name_en": "Morioka", "kind": "station", "operator": null, "network": null, "near_town": "n691229944", "near_town_name": "滝沢市", "wikipedia": "ja:盛岡駅", "osm_id": "n3647437876"}}, {"type": "Feature", "geometry": {"type": "Point", "coordinates": [141.0720532, 39.711558]}, "properties": {"id": "n6111888835", "name": "大釜", "name_en": "Okama", "kind": "station", "operator": null, "network": null, "near_town": "n691229944", "near_town_name": "滝沢市", "wikipedia": "ja:大釜駅", "osm_id": "n6111888835"}}, {"type": "Feature", "geometry": {"type": "Point", "coordinates": [141.0248423, 39.7098774]}, "properties": {"id": "n6119242306", "name": "小岩井", "name_en": "Koiwai", "kind": "station", "operator": null, "network": null, "near_town": "n691229944", "near_town_name": "滝沢市", "wikipedia": "ja:小岩井駅", "osm_id": "n6119242306"}}, {"type": "Feature", "geometry": {"type": "Point", "coordinates": [141.1008483, 39.7129346]}, "properties": {"id": "n10742638637", "name": "前潟", "name_en": "Maegata", "kind": "station", "operator": null, "network": null, "near_town": "n691229944", "near_town_name": "滝沢市", "wikipedia": "ja:前潟駅", "osm_id": "n10742638637"}}, {"type": "Feature", "geometry": {"type": "Point", "coordinates": [141.1355396, 39.7022487]}, "properties": {"id": "n11522007329", "name": "盛岡", "name_en": "Morioka", "kind": "station", "operator": null, "network": null, "near_town": "n691229944", "near_town_name": "滝沢市", "wikipedia": "ja:盛岡駅", "osm_id": "n11522007329"}}, {"type": "Feature", "geometry": {"type": "Point", "coordinates": [141.1365544, 39.7014998]}, "properties": {"id": "n11522007330", "name": "盛岡", "name_en": "Morioka", "kind": "station", "operator": null, "network": null, "near_town": "n691229944", "near_town_name": "滝沢市", "wikipedia": "ja:盛岡駅", "osm_id": "n11522007330"}}, {"type": "Feature", "geometry": {"type": "Point", "coordinates": [141.1713191, 39.7160339]}, "properties": {"id": "n264231542", "name": "山岸", "name_en": "Yamagishi", "kind": "station", "operator": null, "network": null, "near_town": "n471357225", "near_town_name": "盛岡市", "wikipedia": "ja:山岸駅", "osm_id": "n264231542"}}, {"type": "Feature", "geometry": {"type": "Point", "coordinates": [141.2038353, 39.7439231]}, "properties": {"id": "n264232849", "name": "上米内", "name_en": "Kami-Yonai", "kind": "station", "operator": null, "network": null, "near_town": "n471357225", "near_town_name": "盛岡市", "wikipedia": "ja:上米内駅", "osm_id": "n264232849"}}, {"type": "Feature", "geometry": {"type": "Point", "coordinates": [141.1366786, 39.7021603]}, "properties": {"id": "n653960562", "name": "盛岡駅東口バスターミナル", "name_en": null, "kind": "bus_station", "operator": null, "network": null, "near_town": "n471357225", "near_town_name": "盛岡市", "wikipedia": null, "osm_id": "n653960562"}}, {"type": "Feature", "geometry": {"type": "Point", "coordinates": [141.134465, 39.7018727]}, "properties": {"id": "n662878343", "name": "盛岡駅西口バスターミナル", "name_en": null, "kind": "bus_station", "operator": null, "network": null, "near_town": "n471357225", "near_town_name": "盛岡市", "wikipedia": null, "osm_id": "n662878343"}}, {"type": "Feature", "geometry": {"type": "Point", "coordinates": [141.1466881, 39.6537584]}, "properties": {"id": "n3908803388", "name": "岩手飯岡", "name_en": "Iwate-Iioka", "kind": "station", "operator": null, "network": null, "near_town": "n471357225", "near_town_name": "盛岡市", "wikipedia": "ja:岩手飯岡駅", "osm_id": "n3908803388"}}, {"type": "Feature", "geometry": {"type": "Point", "coordinates": [141.148809, 39.6875649]}, "properties": {"id": "n3908803389", "name": "仙北町", "name_en": "Senbokucho", "kind": "station", "operator": null, "network": null, "near_town": "n471357225", "near_town_name": "盛岡市", "wikipedia": "ja:仙北町駅", "osm_id": "n3908803389"}}, {"type": "Feature", "geometry": {"type": "Point", "coordinates": [141.4769877, 39.3284639]}, "properties": {"id": "n264253817", "name": "綾織", "name_en": "Ayaori", "kind": "station", "operator": null, "network": null, "near_town": "n691229931", "near_town_name": "遠野市", "wikipedia": "ja:綾織駅", "osm_id": "n264253817"}}, {"type": "Feature", "geometry": {"type": "Point", "coordinates": [141.5688962, 39.3115139]}, "properties": {"id": "n264253933", "name": "青笹", "name_en": "Aozasa", "kind": "station", "operator": null, "network": null, "near_town": "n691229931", "near_town_name": "遠野市", "wikipedia": "ja:青笹駅", "osm_id": "n264253933"}}, {"type": "Feature", "geometry": {"type": "Point", "coordinates": [141.5311486, 39.3324341]}, "properties": {"id": "n264254176", "name": "遠野", "name_en": "Tono", "kind": "station", "operator": null, "network": null, "near_town": "n691229931", "near_town_name": "遠野市", "wikipedia": "ja:遠野駅", "osm_id": "n264254176"}}, {"type": "Feature", "geometry": {"type": "Point", "coordinates": [141.4562853, 39.3236742]}, "properties": {"id": "n264254842", "name": "岩手二日町", "name_en": "Iwate-Futsukamachi", "kind": "station", "operator": null, "network": null, "near_town": "n691229931", "near_town_name": "遠野市", "wikipedia": "ja:岩手二日町駅", "osm_id": "n264254842"}}, {"type": "Feature", "geometry": {"type": "Point", "coordinates": [141.5861367, 39.2842716]}, "properties": {"id": "n264255519", "name": "岩手上郷", "name_en": "Iwate-Kamigo", "kind": "station", "operator": null, "network": null, "near_town": "n691229931", "near_town_name": "遠野市", "wikipedia": "ja:岩手上郷駅", "osm_id": "n264255519"}}, {"type": "Feature", "geometry": {"type": "Point", "coordinates": [141.1417419, 39.4068589]}, "properties": {"id": "n264253716", "name": "似内", "name_en": "Nitanai", "kind": "station", "operator": null, "network": null, "near_town": "n401419538", "near_town_name": "花巻市", "wikipedia": "ja:似内駅", "osm_id": "n264253716"}}, {"type": "Feature", "geometry": {"type": "Point", "coordinates": [141.194199, 39.408508]}, "properties": {"id": "n264254004", "name": "小山田", "name_en": "Oyamada", "kind": "station", "operator": null, "network": null, "near_town": "n401419538", "near_town_name": "花巻市", "wikipedia": "ja:小山田駅", "osm_id": "n264254004"}}, {"type": "Feature", "geometry": {"type": "Point", "coordinates": [141.1735809, 39.4058826]}, "properties": {"id": "n3920556727", "name": "新花巻", "name_en": "Shin-Hanamaki", "kind": "station", "operator": null, "network": null, "near_town": "n401419538", "near_town_name": "花巻市", "wikipedia": "ja:新花巻駅", "osm_id": "n3920556727"}}, {"type": "Feature", "geometry": {"type": "Point", "coordinates": [141.1276567, 39.4426715]}, "properties": {"id": "n5775217220", "name": "花巻空港", "name_en": "Hanamaki Airport", "kind": "station", "operator": null, "network": null, "near_town": "n401419538", "near_town_name": "花巻市", "wikipedia": "ja:花巻空港駅", "osm_id": "n5775217220"}}, {"type": "Feature", "geometry": {"type": "Point", "coordinates": [141.1107252, 39.3931976]}, "properties": {"id": "n5775510857", "name": "花巻", "name_en": "Hanamaki", "kind": "station", "operator": null, "network": null, "near_town": "n401419538", "near_town_name": "花巻市", "wikipedia": "ja:花巻駅", "osm_id": "n5775510857"}}, {"type": "Feature", "geometry": {"type": "Point", "coordinates": [139.9028642, 39.1647925]}, "properties": {"id": "n5612916526", "name": "上浜", "name_en": "Kamihama", "kind": "station", "operator": null, "network": null, "near_town": "n752195621", "near_town_name": "にかほ市", "wikipedia": "ja:上浜駅", "osm_id": "n5612916526"}}, {"type": "Feature", "geometry": {"type": "Point", "coordinates": [139.9203193, 39.2559204]}, "properties": {"id": "n6138466377", "name": "金浦", "name_en": "Konoura", "kind": "station", "operator": null, "network": null, "near_town": "n752195621", "near_town_name": "にかほ市", "wikipedia": "ja:金浦駅", "osm_id": "n6138466377"}}, {"type": "Feature", "geometry": {"type": "Point", "coordinates": [139.9021608, 39.207228]}, "properties": {"id": "n6138466378", "name": "象潟", "name_en": "Kisakata", "kind": "station", "operator": null, "network": null, "near_town": "n752195621", "near_town_name": "にかほ市", "wikipedia": "ja:象潟駅", "osm_id": "n6138466378"}}, {"type": "Feature", "geometry": {"type": "Point", "coordinates": [139.8989206, 38.9876503]}, "properties": {"id": "n5599762502", "name": "南鳥海", "name_en": "Minamichōkai", "kind": "station", "operator": null, "network": null, "near_town": "n3277862975", "near_town_name": "遊佐町", "wikipedia": "ja:南鳥海駅", "osm_id": "n5599762502"}}, {"type": "Feature", "geometry": {"type": "Point", "coordinates": [139.8823285, 38.9688145]}, "properties": {"id": "n5600527524", "name": "本楯", "name_en": "Mototate", "kind": "station", "operator": null, "network": null, "near_town": "n3277862975", "near_town_name": "遊佐町", "wikipedia": "ja:本楯駅", "osm_id": "n5600527524"}}, {"type": "Feature", "geometry": {"type": "Point", "coordinates": [139.9050489, 39.0157418]}, "properties": {"id": "n5698959732", "name": "遊佐", "name_en": "Yuza", "kind": "station", "operator": null, "network": null, "near_town": "n3277862975", "near_town_name": "遊佐町", "wikipedia": "ja:遊佐駅", "osm_id": "n5698959732"}}, {"type": "Feature", "geometry": {"type": "Point", "coordinates": [139.8789577, 39.0695979]}, "properties": {"id": "n5698999022", "name": "吹浦", "name_en": "Fukura", "kind": "station", "operator": null, "network": null, "near_town": "n3277862975", "near_town_name": "遊佐町", "wikipedia": "ja:吹浦駅", "osm_id": "n5698999022"}}, {"type": "Feature", "geometry": {"type": "Point", "coordinates": [140.2080979, 38.3820316]}, "properties": {"id": "n3585199035", "name": "左沢", "name_en": "Aterazawa", "kind": "station", "operator": null, "network": null, "near_town": "n752206834", "near_town_name": "大江町", "wikipedia": "ja:左沢駅", "osm_id": "n3585199035"}}, {"type": "Feature", "geometry": {"type": "Point", "coordinates": [140.2776524, 38.3560091]}, "properties": {"id": "n3585199037", "name": "南寒河江", "name_en": "Minami-Sagae", "kind": "station", "operator": null, "network": null, "near_town": "n752206834", "near_town_name": "大江町", "wikipedia": "ja:南寒河江駅", "osm_id": "n3585199037"}}, {"type": "Feature", "geometry": {"type": "Point", "coordinates": [140.266581, 38.3797874]}, "properties": {"id": "n3585199038", "name": "西寒河江", "name_en": "Nishi-Sagae", "kind": "station", "operator": null, "network": null, "near_town": "n752206834", "near_town_name": "大江町", "wikipedia": "ja:西寒河江駅", "osm_id": "n3585199038"}}, {"type": "Feature", "geometry": {"type": "Point", "coordinates": [140.2751598, 38.3716369]}, "properties": {"id": "n3585199039", "name": "寒河江", "name_en": "Sagae", "kind": "station", "operator": null, "network": null, "near_town": "n752206834", "near_town_name": "大江町", "wikipedia": "ja:寒河江駅", "osm_id": "n3585199039"}}, {"type": "Feature", "geometry": {"type": "Point", "coordinates": [140.2275068, 38.3803834]}, "properties": {"id": "n3585199040", "name": "柴橋", "name_en": "Shibahashi", "kind": "station", "operator": null, "network": null, "near_town": "n752206834", "near_town_name": "大江町", "wikipedia": "ja:柴橋駅", "osm_id": "n3585199040"}}, {"type": "Feature", "geometry": {"type": "Point", "coordinates": [140.2484915, 38.3974626]}, "properties": {"id": "n3585199043", "name": "羽前高松", "name_en": "Uzen-Takamatsu", "kind": "station", "operator": null, "network": null, "near_town": "n752206834", "near_town_name": "大江町", "wikipedia": "ja:羽前高松駅", "osm_id": "n3585199043"}}, {"type": "Feature", "geometry": {"type": "Point", "coordinates": [140.208341, 38.3822129]}, "properties": {"id": "n9409403606", "name": "左沢駅", "name_en": null, "kind": "bus_station", "operator": null, "network": null, "near_town": "n752206834", "near_town_name": "大江町", "wikipedia": null, "osm_id": "n9409403606"}}, {"type": "Feature", "geometry": {"type": "Point", "coordinates": [140.0442391, 38.0570157]}, "properties": {"id": "n264408897", "name": "今泉", "name_en": "Imaizumi", "kind": "station", "operator": null, "network": null, "near_town": "n752206811", "near_town_name": "長井市", "wikipedia": "ja:今泉駅", "osm_id": "n264408897"}}, {"type": "Feature", "geometry": {"type": "Point", "coordinates": [140.0351477, 38.1309784]}, "properties": {"id": "n267600466", "name": "羽前成田", "name_en": "Uzen-Narita", "kind": "station", "operator": null, "network": null, "near_town": "n752206811", "near_town_name": "長井市", "wikipedia": "ja:羽前成田駅", "osm_id": "n267600466"}}, {"type": "Feature", "geometry": {"type": "Point", "coordinates": [140.0044857, 38.0621577]}, "properties": {"id": "n6125953741", "name": "萩生", "name_en": "Hagyu", "kind": "station", "operator": null, "network": null, "near_town": "n752206811", "near_town_name": "長井市", "wikipedia": "ja:萩生駅", "osm_id": "n6125953741"}}, {"type": "Feature", "geometry": {"type": "Point", "coordinates": [140.0468579, 38.1613789]}, "properties": {"id": "n6126052068", "name": "蚕桑", "name_en": "Koguwa", "kind": "station", "operator": null, "network": null, "near_town": "n752206811", "near_town_name": "長井市", "wikipedia": "ja:蚕桑駅", "osm_id": "n6126052068"}}, {"type": "Feature", "geometry": {"type": "Point", "coordinates": [140.0410764, 38.1501321]}, "properties": {"id": "n6126052071", "name": "白兎", "name_en": "Shirousagi", "kind": "station", "operator": null, "network": null, "near_town": "n752206811", "near_town_name": "長井市", "wikipedia": "ja:白兎駅", "osm_id": "n6126052071"}}, {"type": "Feature", "geometry": {"type": "Point", "coordinates": [140.0336548, 38.1065942]}, "properties": {"id": "n6126052079", "name": "長井", "name_en": "Nagai", "kind": "station", "operator": null, "network": null, "near_town": "n752206811", "near_town_name": "長井市", "wikipedia": "ja:長井駅", "osm_id": "n6126052079"}}, {"type": "Feature", "geometry": {"type": "Point", "coordinates": [140.0326945, 38.1140176]}, "properties": {"id": "n6126052084", "name": "あやめ公園", "name_en": "Ayame-Koen", "kind": "station", "operator": null, "network": null, "near_town": "n752206811", "near_town_name": "長井市", "wikipedia": "ja:あやめ公園駅", "osm_id": "n6126052084"}}, {"type": "Feature", "geometry": {"type": "Point", "coordinates": [140.0346592, 38.0974434]}, "properties": {"id": "n6126052393", "name": "南長井", "name_en": "Minami-Nagai", "kind": "station", "operator": null, "network": null, "near_town": "n752206811", "near_town_name": "長井市", "wikipedia": "ja:南長井駅", "osm_id": "n6126052393"}}, {"type": "Feature", "geometry": {"type": "Point", "coordinates": [140.0297508, 38.0768771]}, "properties": {"id": "n6126052397", "name": "時庭", "name_en": "Tokiniwa", "kind": "station", "operator": null, "network": null, "near_town": "n752206811", "near_town_name": "長井市", "wikipedia": "ja:時庭駅", "osm_id": "n6126052397"}}, {"type": "Feature", "geometry": {"type": "Point", "coordinates": [140.0643104, 38.0553858]}, "properties": {"id": "n6126052442", "name": "西大塚", "name_en": "Nishi-Otsuka", "kind": "station", "operator": null, "network": null, "near_town": "n752206811", "near_town_name": "長井市", "wikipedia": "ja:西大塚駅", "osm_id": "n6126052442"}}, {"type": "Feature", "geometry": {"type": "Point", "coordinates": [140.0338275, 38.1069226]}, "properties": {"id": "n11993514632", "name": "長井駅", "name_en": null, "kind": "halt", "operator": null, "network": null, "near_town": "n752206811", "near_town_name": "長井市", "wikipedia": null, "osm_id": "n11993514632"}}, {"type": "Feature", "geometry": {"type": "Point", "coordinates": [140.0975825, 38.1879827]}, "properties": {"id": "n6126052051", "name": "荒砥", "name_en": "Arato", "kind": "station", "operator": null, "network": null, "near_town": "n752206831", "near_town_name": "白鷹町", "wikipedia": "ja:荒砥駅", "osm_id": "n6126052051"}}, {"type": "Feature", "geometry": {"type": "Point", "coordinates": [140.0776309, 38.1858218]}, "properties": {"id": "n6126052055", "name": "四季の郷", "name_en": "Shikinosato", "kind": "station", "operator": null, "network": null, "near_town": "n752206831", "near_town_name": "白鷹町", "wikipedia": "ja:四季の郷駅", "osm_id": "n6126052055"}}, {"type": "Feature", "geometry": {"type": "Point", "coordinates": [140.0710219, 38.1826087]}, "properties": {"id": "n6126052056", "name": "鮎貝", "name_en": "Ayukai", "kind": "station", "operator": null, "network": null, "near_town": "n752206831", "near_town_name": "白鷹町", "wikipedia": "ja:鮎貝駅", "osm_id": "n6126052056"}}, {"type": "Feature", "geometry": {"type": "Point", "coordinates": [140.370593, 38.3016195]}, "properties": {"id": "n3585108734", "name": "楯山", "name_en": "Tateyama", "kind": "station", "operator": null, "network": null, "near_town": "n752206840", "near_town_name": "山形市", "wikipedia": "ja:楯山駅", "osm_id": "n3585108734"}}, {"type": "Feature", "geometry": {"type": "Point", "coordinates": [140.3422441, 38.2872691]}, "properties": {"id": "n3585108739", "name": "羽前千歳", "name_en": "Uzen-Chitose", "kind": "station", "operator": null, "network": null, "near_town": "n752206840", "near_town_name": "山形市", "wikipedia": "ja:羽前千歳駅", "osm_id": "n3585108739"}}, {"type": "Feature", "geometry": {"type": "Point", "coordinates": [140.3278031, 38.2484701]}, "properties": {"id": "n3585108748", "name": "山形", "name_en": "Yamagata", "kind": "station", "operator": null, "network": null, "near_town": "n752206840", "near_town_name": "山形市", "wikipedia": "ja:山形駅", "osm_id": "n3585108748"}}, {"type": "Feature", "geometry": {"type": "Point", "coordinates": [140.3324675, 38.2655514]}, "properties": {"id": "n3585108879", "name": "北山形", "name_en": "Kita-Yamagata", "kind": "station", "operator": null, "network": null, "near_town": "n752206840", "near_town_name": "山形市", "wikipedia": "ja:北山形駅", "osm_id": "n3585108879"}}, {"type": "Feature", "geometry": {"type": "Point", "coordinates": [140.3024865, 38.277119]}, "properties": {"id": "n3585199036", "name": "東金井", "name_en": "Higashi-Kanai", "kind": "station", "operator": null, "network": null, "near_town": "n752206840", "near_town_name": "山形市", "wikipedia": "ja:東金井駅", "osm_id": "n3585199036"}}, {"type": "Feature", "geometry": {"type": "Point", "coordinates": [140.3283639, 38.2492559]}, "properties": {"id": "n4871553021", "name": "(이름 없음)", "name_en": "Bus Tickets", "kind": "bus_station", "operator": null, "network": null, "near_town": "n752206840", "near_town_name": "山形市", "wikipedia": null, "osm_id": "n4871553021"}}, {"type": "Feature", "geometry": {"type": "Point", "coordinates": [140.3036231, 38.2059569]}, "properties": {"id": "n6126470641", "name": "蔵王", "name_en": "Zao", "kind": "station", "operator": null, "network": null, "near_town": "n752206840", "near_town_name": "山形市", "wikipedia": "ja:蔵王駅", "osm_id": "n6126470641"}}, {"type": "Feature", "geometry": {"type": "Point", "coordinates": [140.3476006, 38.314412]}, "properties": {"id": "n6126729158", "name": "漆山", "name_en": "Urushiyama", "kind": "station", "operator": null, "network": null, "near_town": "n752206840", "near_town_name": "山形市", "wikipedia": "ja:漆山駅 (山形県)", "osm_id": "n6126729158"}}, {"type": "Feature", "geometry": {"type": "Point", "coordinates": [140.3448164, 38.3028258]}, "properties": {"id": "n6126729159", "name": "南出羽", "name_en": "Minami-Dewa", "kind": "station", "operator": null, "network": null, "near_town": "n752206840", "near_town_name": "山形市", "wikipedia": "ja:南出羽駅", "osm_id": "n6126729159"}}, {"type": "Feature", "geometry": {"type": "Point", "coordinates": [140.3314224, 38.246334]}, "properties": {"id": "n6731853697", "name": "山交ビルバスターミナル", "name_en": null, "kind": "bus_station", "operator": null, "network": null, "near_town": "n752206840", "near_town_name": "山形市", "wikipedia": null, "osm_id": "n6731853697"}}, {"type": "Feature", "geometry": {"type": "Point", "coordinates": [140.2785301, 38.1520989]}, "properties": {"id": "n263229121", "name": "かみのやま温泉", "name_en": "Kaminoyama-Onsen", "kind": "station", "operator": null, "network": null, "near_town": "n752206808", "near_town_name": "上山市", "wikipedia": "ja:かみのやま温泉駅", "osm_id": "n263229121"}}, {"type": "Feature", "geometry": {"type": "Point", "coordinates": [140.2983928, 38.1717247]}, "properties": {"id": "n6126413670", "name": "茂吉記念館前", "name_en": "Mokichi-Kinenkan-mae", "kind": "station", "operator": null, "network": null, "near_town": "n752206808", "near_town_name": "上山市", "wikipedia": "ja:茂吉記念館前駅", "osm_id": "n6126413670"}}, {"type": "Feature", "geometry": {"type": "Point", "coordinates": [140.2182537, 38.1245199]}, "properties": {"id": "n6126413680", "name": "羽前中山", "name_en": "Uzen-Nakayama", "kind": "station", "operator": null, "network": null, "near_town": "n752206808", "near_town_name": "上山市", "wikipedia": "ja:羽前中山駅", "osm_id": "n6126413680"}}, {"type": "Feature", "geometry": {"type": "Point", "coordinates": [140.2652256, 38.1496784]}, "properties": {"id": "n13349031758", "name": "山交バス(株) 上山営業所", "name_en": "Yamako Bus Kaminoyama Office", "kind": "bus_station", "operator": null, "network": null, "near_town": "n752206808", "near_town_name": "上山市", "wikipedia": null, "osm_id": "n13349031758"}}, {"type": "Feature", "geometry": {"type": "Point", "coordinates": [140.6331751, 37.9954269]}, "properties": {"id": "n3908803392", "name": "白石蔵王", "name_en": "Shiroishi-Zao", "kind": "station", "operator": null, "network": null, "near_town": "n752184876", "near_town_name": "白石市", "wikipedia": "ja:白石蔵王駅", "osm_id": "n3908803392"}}, {"type": "Feature", "geometry": {"type": "Point", "coordinates": [140.6051471, 38.0020406]}, "properties": {"id": "n5114987235", "name": "ミヤコーバス 白石営業所", "name_en": null, "kind": "bus_station", "operator": null, "network": null, "near_town": "n752184876", "near_town_name": "白石市", "wikipedia": null, "osm_id": "n5114987235"}}, {"type": "Feature", "geometry": {"type": "Point", "coordinates": [140.6263277, 38.0030467]}, "properties": {"id": "n5822682261", "name": "白石", "name_en": "Shiroishi", "kind": "station", "operator": null, "network": null, "near_town": "n752184876", "near_town_name": "白石市", "wikipedia": "ja:白石駅 (宮城県)", "osm_id": "n5822682261"}}, {"type": "Feature", "geometry": {"type": "Point", "coordinates": [140.6511486, 38.0351052]}, "properties": {"id": "n6089873698", "name": "東白石", "name_en": "Higashi-Shiroishi", "kind": "station", "operator": null, "network": null, "near_town": "n752184876", "near_town_name": "白石市", "wikipedia": "ja:東白石駅", "osm_id": "n6089873698"}}, {"type": "Feature", "geometry": {"type": "Point", "coordinates": [139.7803316, 38.0453777]}, "properties": {"id": "n264410783", "name": "羽前松岡", "name_en": "Uzen-Matsuoka", "kind": "station", "operator": null, "network": null, "near_town": "n752206821", "near_town_name": "小国町", "wikipedia": "ja:羽前松岡駅", "osm_id": "n264410783"}}, {"type": "Feature", "geometry": {"type": "Point", "coordinates": [139.6635246, 38.0664144]}, "properties": {"id": "n6125964347", "name": "越後金丸", "name_en": "Echigo-Kanamaru", "kind": "station", "operator": null, "network": null, "near_town": "n752206821", "near_town_name": "小国町", "wikipedia": "ja:越後金丸駅", "osm_id": "n6125964347"}}, {"type": "Feature", "geometry": {"type": "Point", "coordinates": [139.7502082, 38.061418]}, "properties": {"id": "n6125964348", "name": "小国", "name_en": "Oguni", "kind": "station", "operator": null, "network": null, "near_town": "n752206821", "near_town_name": "小国町", "wikipedia": "ja:小国駅", "osm_id": "n6125964348"}}, {"type": "Feature", "geometry": {"type": "Point", "coordinates": [140.1426729, 37.9542048]}, "properties": {"id": "n3647437879", "name": "置賜", "name_en": "Oitama", "kind": "station", "operator": null, "network": null, "near_town": "n1201727341", "near_town_name": "米沢市", "wikipedia": "ja:置賜駅", "osm_id": "n3647437879"}}, {"type": "Feature", "geometry": {"type": "Point", "coordinates": [140.1464009, 37.8645587]}, "properties": {"id": "n3647437882", "name": "関根", "name_en": "Sekine", "kind": "station", "operator": null, "network": null, "near_town": "n1201727341", "near_town_name": "米沢市", "wikipedia": "ja:関根駅", "osm_id": "n3647437882"}}, {"type": "Feature", "geometry": {"type": "Point", "coordinates": [140.1283425, 37.9094986]}, "properties": {"id": "n3647437886", "name": "米沢", "name_en": "Yonezawa", "kind": "station", "operator": null, "network": null, "near_town": "n1201727341", "near_town_name": "米沢市", "wikipedia": "ja:米沢駅", "osm_id": "n3647437886"}}, {"type": "Feature", "geometry": {"type": "Point", "coordinates": [140.1238633, 37.9094063]}, "properties": {"id": "n5142568736", "name": "山交バス 米沢営業所", "name_en": "Yamako Bus Yonezawa Office", "kind": "bus_station", "operator": null, "network": null, "near_town": "n1201727341", "near_town_name": "米沢市", "wikipedia": null, "osm_id": "n5142568736"}}, {"type": "Feature", "geometry": {"type": "Point", "coordinates": [140.1081558, 37.8960733]}, "properties": {"id": "n5874358662", "name": "南米沢", "name_en": "Minami-Yonezawa", "kind": "station", "operator": null, "network": null, "near_town": "n1201727341", "near_town_name": "米沢市", "wikipedia": "ja:南米沢駅", "osm_id": "n5874358662"}}, {"type": "Feature", "geometry": {"type": "Point", "coordinates": [140.0755388, 37.943216]}, "properties": {"id": "n5882155432", "name": "成島", "name_en": "Narushima", "kind": "station", "operator": null, "network": null, "near_town": "n1201727341", "near_town_name": "米沢市", "wikipedia": "ja:成島駅 (山形県)", "osm_id": "n5882155432"}}, {"type": "Feature", "geometry": {"type": "Point", "coordinates": [140.0671656, 37.9690403]}, "properties": {"id": "n6125249153", "name": "中郡", "name_en": "Chugun", "kind": "station", "operator": null, "network": null, "near_town": "n1201727341", "near_town_name": "米沢市", "wikipedia": "ja:中郡駅 (山形県)", "osm_id": "n6125249153"}}, {"type": "Feature", "geometry": {"type": "Point", "coordinates": [140.1234816, 37.9099427]}, "properties": {"id": "n13349049203", "name": "山交バス米沢営業所", "name_en": "Yamako Yonezawa Bus Terminal", "kind": "bus_station", "operator": null, "network": null, "near_town": "n1201727341", "near_town_name": "米沢市", "wikipedia": null, "osm_id": "n13349049203"}}, {"type": "Feature", "geometry": {"type": "Point", "coordinates": [140.1435941, 37.515604]}, "properties": {"id": "n263071314", "name": "関都", "name_en": "Sekito", "kind": "station", "operator": null, "network": null, "near_town": "n734866071", "near_town_name": "猪苗代町", "wikipedia": "ja:関都駅", "osm_id": "n263071314"}}, {"type": "Feature", "geometry": {"type": "Point", "coordinates": [140.1366292, 37.5358412]}, "properties": {"id": "n263071559", "name": "川桁", "name_en": "Kawageta", "kind": "station", "operator": null, "network": null, "near_town": "n734866071", "near_town_name": "猪苗代町", "wikipedia": "ja:川桁駅", "osm_id": "n263071559"}}, {"type": "Feature", "geometry": {"type": "Point", "coordinates": [140.0540915, 37.552752]}, "properties": {"id": "n263072488", "name": "翁島", "name_en": "Okinashima", "kind": "station", "operator": null, "network": null, "near_town": "n734866071", "near_town_name": "猪苗代町", "wikipedia": "ja:翁島駅", "osm_id": "n263072488"}}, {"type": "Feature", "geometry": {"type": "Point", "coordinates": [140.1032381, 37.5463239]}, "properties": {"id": "n263083428", "name": "猪苗代", "name_en": "Inawashiro", "kind": "station", "operator": null, "network": null, "near_town": "n734866071", "near_town_name": "猪苗代町", "wikipedia": "ja:猪苗代駅", "osm_id": "n263083428"}}, {"type": "Feature", "geometry": {"type": "Point", "coordinates": [139.9482932, 37.5665056]}, "properties": {"id": "n263070857", "name": "東長原", "name_en": "Higashi-Nagahara", "kind": "station", "operator": null, "network": null, "near_town": "n734866111", "near_town_name": "磐梯町", "wikipedia": "ja:東長原駅", "osm_id": "n263070857"}}, {"type": "Feature", "geometry": {"type": "Point", "coordinates": [139.9119261, 37.5545985]}, "properties": {"id": "n263072140", "name": "堂島", "name_en": "Dojima", "kind": "station", "operator": null, "network": null, "near_town": "n734866111", "near_town_name": "磐梯町", "wikipedia": "ja:堂島駅", "osm_id": "n263072140"}}, {"type": "Feature", "geometry": {"type": "Point", "coordinates": [139.933468, 37.5493904]}, "properties": {"id": "n263072427", "name": "広田", "name_en": "Hirota", "kind": "station", "operator": null, "network": null, "near_town": "n734866111", "near_town_name": "磐梯町", "wikipedia": "ja:広田駅", "osm_id": "n263072427"}}, {"type": "Feature", "geometry": {"type": "Point", "coordinates": [139.9935795, 37.5576538]}, "properties": {"id": "n263082260", "name": "磐梯町", "name_en": "Bandai-machi", "kind": "station", "operator": null, "network": null, "near_town": "n734866111", "near_town_name": "磐梯町", "wikipedia": "ja:磐梯町駅", "osm_id": "n263082260"}}, {"type": "Feature", "geometry": {"type": "Point", "coordinates": [140.4664518, 37.6122242]}, "properties": {"id": "n264177181", "name": "安達", "name_en": "Adachi", "kind": "station", "operator": "東日本旅客鉄道", "network": "JR 東北本線", "near_town": "n734866065", "near_town_name": "二本松市", "wikipedia": "ja:安達駅", "osm_id": "n264177181"}}, {"type": "Feature", "geometry": {"type": "Point", "coordinates": [140.4355421, 37.5894592]}, "properties": {"id": "n264178068", "name": "二本松", "name_en": "Nihonmatsu", "kind": "station", "operator": null, "network": null, "near_town": "n734866065", "near_town_name": "二本松市", "wikipedia": "ja:二本松駅", "osm_id": "n264178068"}}, {"type": "Feature", "geometry": {"type": "Point", "coordinates": [140.4136675, 37.563211]}, "properties": {"id": "n264180767", "name": "杉田", "name_en": "Sugita", "kind": "station", "operator": null, "network": null, "near_town": "n734866065", "near_town_name": "二本松市", "wikipedia": "ja:杉田駅 (福島県)", "osm_id": "n264180767"}}, {"type": "Feature", "geometry": {"type": "Point", "coordinates": [140.3879072, 37.4828489]}, "properties": {"id": "n264177271", "name": "五百川", "name_en": "Gohyakugawa", "kind": "station", "operator": null, "network": null, "near_town": "n734866087", "near_town_name": "本宮市", "wikipedia": "ja:五百川駅", "osm_id": "n264177271"}}, {"type": "Feature", "geometry": {"type": "Point", "coordinates": [140.3994933, 37.5141768]}, "properties": {"id": "n5824612463", "name": "本宮", "name_en": "Motomiya", "kind": "station", "operator": null, "network": null, "near_town": "n734866087", "near_town_name": "本宮市", "wikipedia": "ja:本宮駅 (福島県)", "osm_id": "n5824612463"}}, {"type": "Feature", "geometry": {"type": "Point", "coordinates": [140.4592144, 37.75454]}, "properties": {"id": "n206431759", "name": "福島", "name_en": "Fukushima", "kind": "station", "operator": null, "network": null, "near_town": "n734866113", "near_town_name": "福島市", "wikipedia": "ja:福島駅 (福島県)", "osm_id": "n206431759"}}, {"type": "Feature", "geometry": {"type": "Point", "coordinates": [140.4428112, 37.8054388]}, "properties": {"id": "n263239925", "name": "平野", "name_en": "Hirano", "kind": "station", "operator": null, "network": null, "near_town": "n734866113", "near_town_name": "福島市", "wikipedia": "ja:平野駅 (福島県)", "osm_id": "n263239925"}}, {"type": "Feature", "geometry": {"type": "Point", "coordinates": [140.4252667, 37.7660596]}, "properties": {"id": "n3647437881", "name": "笹木野", "name_en": "Sasakino", "kind": "station", "operator": null, "network": null, "near_town": "n734866113", "near_town_name": "福島市", "wikipedia": "ja:笹木野駅", "osm_id": "n3647437881"}}, {"type": "Feature", "geometry": {"type": "Point", "coordinates": [140.4553275, 37.7670403]}, "properties": {"id": "n5777600138", "name": "美術館図書館前", "name_en": "Bijutsukan-Toshokan-mae", "kind": "station", "operator": null, "network": null, "near_town": "n734866113", "near_town_name": "福島市", "wikipedia": "ja:美術館図書館前駅", "osm_id": "n5777600138"}}, {"type": "Feature", "geometry": {"type": "Point", "coordinates": [140.4594125, 37.7603335]}, "properties": {"id": "n5779102810", "name": "曽根田", "name_en": "Soneda", "kind": "station", "operator": null, "network": null, "near_town": "n734866113", "near_town_name": "福島市", "wikipedia": "ja:曽根田駅", "osm_id": "n5779102810"}}, {"type": "Feature", "geometry": {"type": "Point", "coordinates": [140.4775375, 37.7999635]}, "properties": {"id": "n5793100367", "name": "東福島", "name_en": "Higashi-Fukushima", "kind": "station", "operator": null, "network": null, "near_town": "n734866113", "near_town_name": "福島市", "wikipedia": "ja:東福島駅", "osm_id": "n5793100367"}}, {"type": "Feature", "geometry": {"type": "Point", "coordinates": [140.4557566, 37.72367]}, "properties": {"id": "n5793100368", "name": "南福島", "name_en": "Minami-Fukushima", "kind": "station", "operator": null, "network": null, "near_town": "n734866113", "near_town_name": "福島市", "wikipedia": "ja:南福島駅", "osm_id": "n5793100368"}}, {"type": "Feature", "geometry": {"type": "Point", "coordinates": [140.4461771, 37.8163518]}, "properties": {"id": "n6110166944", "name": "医王寺前", "name_en": "Iohji-mae", "kind": "station", "operator": null, "network": null, "near_town": "n734866113", "near_town_name": "福島市", "wikipedia": "ja:医王寺前駅", "osm_id": "n6110166944"}}, {"type": "Feature", "geometry": {"type": "Point", "coordinates": [140.4478924, 37.7760161]}, "properties": {"id": "n6110183676", "name": "岩代清水", "name_en": "Iwashiro-Shimizu", "kind": "station", "operator": null, "network": null, "near_town": "n734866113", "near_town_name": "福島市", "wikipedia": "ja:岩代清水駅", "osm_id": "n6110183676"}}, {"type": "Feature", "geometry": {"type": "Point", "coordinates": [140.4458747, 37.7783206]}, "properties": {"id": "n6110183679", "name": "泉", "name_en": "Izumi", "kind": "station", "operator": null, "network": null, "near_town": "n734866113", "near_town_name": "福島市", "wikipedia": "ja:泉駅 (福島市)", "osm_id": "n6110183679"}}, {"type": "Feature", "geometry": {"type": "Point", "coordinates": [140.4409589, 37.7836256]}, "properties": {"id": "n6110184487", "name": "上松川", "name_en": "Kami-Matsukawa", "kind": "station", "operator": null, "network": null, "near_town": "n734866113", "near_town_name": "福島市", "wikipedia": "ja:上松川駅", "osm_id": "n6110184487"}}, {"type": "Feature", "geometry": {"type": "Point", "coordinates": [140.4396862, 37.7874445]}, "properties": {"id": "n6110184497", "name": "笹谷", "name_en": "Sasaya", "kind": "station", "operator": null, "network": null, "near_town": "n734866113", "near_town_name": "福島市", "wikipedia": "ja:笹谷駅", "osm_id": "n6110184497"}}, {"type": "Feature", "geometry": {"type": "Point", "coordinates": [140.441093, 37.7959376]}, "properties": {"id": "n6110184508", "name": "桜水", "name_en": "Sakuramizu", "kind": "station", "operator": null, "network": null, "near_town": "n734866113", "near_town_name": "福島市", "wikipedia": "ja:桜水駅", "osm_id": "n6110184508"}}, {"type": "Feature", "geometry": {"type": "Point", "coordinates": [140.4891099, 37.7989917]}, "properties": {"id": "n6143048349", "name": "福島学院前", "name_en": "Fukushima Gakuin-mae", "kind": "station", "operator": null, "network": null, "near_town": "n734866113", "near_town_name": "福島市", "wikipedia": "ja:福島学院前駅", "osm_id": "n6143048349"}}, {"type": "Feature", "geometry": {"type": "Point", "coordinates": [140.4796256, 37.7955106]}, "properties": {"id": "n6143048351", "name": "卸町", "name_en": "Oroshimachi", "kind": "station", "operator": null, "network": null, "near_town": "n734866113", "near_town_name": "福島市", "wikipedia": "ja:卸町駅", "osm_id": "n6143048351"}}, {"type": "Feature", "geometry": {"type": "Point", "coordinates": [140.4984534, 37.8022704]}, "properties": {"id": "n6143048366", "name": "瀬上", "name_en": "Senoue", "kind": "station", "operator": null, "network": null, "near_town": "n734866113", "near_town_name": "福島市", "wikipedia": "ja:瀬上駅", "osm_id": "n6143048366"}}, {"type": "Feature", "geometry": {"type": "Point", "coordinates": [140.510302, 37.8065459]}, "properties": {"id": "n6143048370", "name": "向瀬上", "name_en": "Mukai-Senoue", "kind": "station", "operator": null, "network": null, "near_town": "n734866113", "near_town_name": "福島市", "wikipedia": "ja:向瀬上駅", "osm_id": "n6143048370"}}, {"type": "Feature", "geometry": {"type": "Point", "coordinates": [139.8930093, 37.4635707]}, "properties": {"id": "n263062682", "name": "会津本郷", "name_en": "Aizu-Hongo", "kind": "station", "operator": null, "network": null, "near_town": "n734866096", "near_town_name": "会津若松市", "wikipedia": "ja:会津本郷駅", "osm_id": "n263062682"}}, {"type": "Feature", "geometry": {"type": "Point", "coordinates": [139.9191494, 37.5014696]}, "properties": {"id": "n263063319", "name": "七日町", "name_en": "Nanukamachi", "kind": "station", "operator": null, "network": null, "near_town": "n734866096", "near_town_name": "会津若松市", "wikipedia": "ja:七日町駅", "osm_id": "n263063319"}}, {"type": "Feature", "geometry": {"type": "Point", "coordinates": [139.9301344, 37.5085622]}, "properties": {"id": "n263081995", "name": "会津若松", "name_en": "Aizu-Wakamatsu", "kind": "station", "operator": null, "network": null, "near_town": "n734866096", "near_town_name": "会津若松市", "wikipedia": "ja:会津若松駅", "osm_id": "n263081995"}}, {"type": "Feature", "geometry": {"type": "Point", "coordinates": [139.9138252, 37.4424389]}, "properties": {"id": "n263251755", "name": "門田", "name_en": "Monden", "kind": "station", "operator": null, "network": null, "near_town": "n734866096", "near_town_name": "会津若松市", "wikipedia": "ja:門田駅", "osm_id": "n263251755"}}, {"type": "Feature", "geometry": {"type": "Point", "coordinates": [139.9144772, 37.4591041]}, "properties": {"id": "n263252735", "name": "南若松", "name_en": "Minami-Wakamatsu", "kind": "station", "operator": null, "network": null, "near_town": "n734866096", "near_town_name": "会津若松市", "wikipedia": "ja:南若松駅", "osm_id": "n263252735"}}, {"type": "Feature", "geometry": {"type": "Point", "coordinates": [139.9318318, 37.5076203]}, "properties": {"id": "n1996639257", "name": "会津バスターミナル", "name_en": null, "kind": "bus_station", "operator": "会津乗合自動車株式会社", "network": null, "near_town": "n734866096", "near_town_name": "会津若松市", "wikipedia": null, "osm_id": "n1996639257"}}, {"type": "Feature", "geometry": {"type": "Point", "coordinates": [139.9530162, 37.4850955]}, "properties": {"id": "n2224929945", "name": "(이름 없음)", "name_en": "Aizu Bukeyashiki", "kind": "bus_station", "operator": null, "network": null, "near_town": "n734866096", "near_town_name": "会津若松市", "wikipedia": null, "osm_id": "n2224929945"}}, {"type": "Feature", "geometry": {"type": "Point", "coordinates": [139.9141233, 37.4497209]}, "properties": {"id": "n2494792852", "name": "一ノ堰六地蔵尊", "name_en": null, "kind": "halt", "operator": null, "network": null, "near_town": "n734866096", "near_town_name": "会津若松市", "wikipedia": "ja:一ノ堰六地蔵尊駅", "osm_id": "n2494792852"}}, {"type": "Feature", "geometry": {"type": "Point", "coordinates": [139.9142245, 37.4859472]}, "properties": {"id": "n3736313344", "name": "西若松", "name_en": "Nishi-Wakamatsu", "kind": "station", "operator": null, "network": null, "near_town": "n734866096", "near_town_name": "会津若松市", "wikipedia": "ja:西若松駅", "osm_id": "n3736313344"}}, {"type": "Feature", "geometry": {"type": "Point", "coordinates": [139.8768542, 37.6333782]}, "properties": {"id": "n263071441", "name": "会津豊川", "name_en": "Aizu-Toyokawa", "kind": "station", "operator": null, "network": null, "near_town": "n734866062", "near_town_name": "喜多方市", "wikipedia": "ja:会津豊川駅", "osm_id": "n263071441"}}, {"type": "Feature", "geometry": {"type": "Point", "coordinates": [139.8678239, 37.6439547]}, "properties": {"id": "n263071444", "name": "喜多方", "name_en": "Kitakata", "kind": "station", "operator": null, "network": null, "near_town": "n734866062", "near_town_name": "喜多方市", "wikipedia": "ja:喜多方駅", "osm_id": "n263071444"}}, {"type": "Feature", "geometry": {"type": "Point", "coordinates": [139.8810081, 37.6160875]}, "properties": {"id": "n263072424", "name": "姥堂", "name_en": "Ubado", "kind": "station", "operator": null, "network": null, "near_town": "n734866062", "near_town_name": "喜多方市", "wikipedia": "ja:姥堂駅", "osm_id": "n263072424"}}, {"type": "Feature", "geometry": {"type": "Point", "coordinates": [139.8872138, 37.5940511]}, "properties": {"id": "n263072479", "name": "塩川", "name_en": "Shiokawa", "kind": "station", "operator": null, "network": null, "near_town": "n734866062", "near_town_name": "喜多方市", "wikipedia": "ja:塩川駅", "osm_id": "n263072479"}}, {"type": "Feature", "geometry": {"type": "Point", "coordinates": [139.3554577, 37.3936494]}, "properties": {"id": "n263065570", "name": "会津塩沢", "name_en": "Aizu-Shiozawa", "kind": "station", "operator": null, "network": null, "near_town": "n734866082", "near_town_name": "只見町", "wikipedia": "ja:会津塩沢駅", "osm_id": "n263065570"}}, {"type": "Feature", "geometry": {"type": "Point", "coordinates": [139.3332882, 37.3816379]}, "properties": {"id": "n263065974", "name": "会津蒲生", "name_en": "Aizu-Gamo", "kind": "station", "operator": null, "network": null, "near_town": "n734866082", "near_town_name": "只見町", "wikipedia": "ja:会津蒲生駅", "osm_id": "n263065974"}}, {"type": "Feature", "geometry": {"type": "Point", "coordinates": [139.3151856, 37.3506308]}, "properties": {"id": "n263066252", "name": "只見", "name_en": "Tadami", "kind": "station", "operator": null, "network": null, "near_town": "n734866082", "near_town_name": "只見町", "wikipedia": "ja:只見駅", "osm_id": "n263066252"}}, {"type": "Feature", "geometry": {"type": "Point", "coordinates": [140.0601121, 36.9701908]}, "properties": {"id": "n4437997066", "name": "黒磯", "name_en": "Kuroiso", "kind": "station", "operator": null, "network": null, "near_town": "n1108891172", "near_town_name": "那須塩原市", "wikipedia": "ja:黒磯駅", "osm_id": "n4437997066"}}, {"type": "Feature", "geometry": {"type": "Point", "coordinates": [140.0873071, 36.9966464]}, "properties": {"id": "n5825602938", "name": "高久", "name_en": "Takaku", "kind": "station", "operator": null, "network": null, "near_town": "n1108891172", "near_town_name": "那須塩原市", "wikipedia": "ja:高久駅", "osm_id": "n5825602938"}}, {"type": "Feature", "geometry": {"type": "Point", "coordinates": [140.0210685, 36.9315325]}, "properties": {"id": "n6095556278", "name": "那須塩原", "name_en": "Nasushiobara", "kind": "station", "operator": null, "network": null, "near_town": "n1108891172", "near_town_name": "那須塩原市", "wikipedia": "ja:那須塩原駅", "osm_id": "n6095556278"}}, {"type": "Feature", "geometry": {"type": "Point", "coordinates": [140.0206943, 36.9315625]}, "properties": {"id": "n6095556279", "name": "那須塩原", "name_en": "Nasushiobara", "kind": "station", "operator": null, "network": null, "near_town": "n1108891172", "near_town_name": "那須塩原市", "wikipedia": "ja:那須塩原駅", "osm_id": "n6095556279"}}, {"type": "Feature", "geometry": {"type": "Point", "coordinates": [140.2597808, 37.1373864]}, "properties": {"id": "n264177536", "name": "久田野", "name_en": "Kutano", "kind": "station", "operator": null, "network": null, "near_town": "n734866093", "near_town_name": "白河市", "wikipedia": "ja:久田野駅", "osm_id": "n264177536"}}, {"type": "Feature", "geometry": {"type": "Point", "coordinates": [140.2129901, 37.1301635]}, "properties": {"id": "n264177583", "name": "白河", "name_en": "Shirakawa", "kind": "station", "operator": null, "network": null, "near_town": "n734866093", "near_town_name": "白河市", "wikipedia": "ja:白河駅", "osm_id": "n264177583"}}, {"type": "Feature", "geometry": {"type": "Point", "coordinates": [140.1884461, 37.1230906]}, "properties": {"id": "n3721569613", "name": "新白河", "name_en": "Shin-Shirakawa", "kind": "station", "operator": null, "network": null, "near_town": "n734866093", "near_town_name": "白河市", "wikipedia": "ja:新白河駅", "osm_id": "n3721569613"}}, {"type": "Feature", "geometry": {"type": "Point", "coordinates": [140.1843077, 37.0947862]}, "properties": {"id": "n5825603320", "name": "白坂", "name_en": "Shirasaka", "kind": "station", "operator": null, "network": null, "near_town": "n734866093", "near_town_name": "白河市", "wikipedia": "ja:白坂駅", "osm_id": "n5825603320"}}, {"type": "Feature", "geometry": {"type": "Point", "coordinates": [140.175803, 37.1242296]}, "properties": {"id": "n8175507511", "name": "西郷BS", "name_en": null, "kind": "bus_station", "operator": null, "network": null, "near_town": "n734866093", "near_town_name": "白河市", "wikipedia": null, "osm_id": "n8175507511"}}, {"type": "Feature", "geometry": {"type": "Point", "coordinates": [140.1761142, 37.1240257]}, "properties": {"id": "n8175507512", "name": "西郷BS", "name_en": null, "kind": "bus_station", "operator": null, "network": null, "near_town": "n734866093", "near_town_name": "白河市", "wikipedia": null, "osm_id": "n8175507512"}}, {"type": "Feature", "geometry": {"type": "Point", "coordinates": [139.8238294, 37.2152818]}, "properties": {"id": "n263250475", "name": "会津長野", "name_en": "Aizu-Nagano", "kind": "station", "operator": null, "network": null, "near_town": "n734866124", "near_town_name": "下郷町", "wikipedia": "ja:会津長野駅", "osm_id": "n263250475"}}, {"type": "Feature", "geometry": {"type": "Point", "coordinates": [139.9018387, 37.2748194]}, "properties": {"id": "n263251253", "name": "塔のへつり", "name_en": "Tonohetsuri", "kind": "station", "operator": null, "network": null, "near_town": "n734866124", "near_town_name": "下郷町", "wikipedia": "ja:塔のへつり駅", "osm_id": "n263251253"}}, {"type": "Feature", "geometry": {"type": "Point", "coordinates": [139.864949, 37.2551385]}, "properties": {"id": "n263251760", "name": "会津下郷", "name_en": "Aizu-Shimogo", "kind": "station", "operator": null, "network": null, "near_town": "n734866124", "near_town_name": "下郷町", "wikipedia": "ja:会津下郷駅", "osm_id": "n263251760"}}, {"type": "Feature", "geometry": {"type": "Point", "coordinates": [139.8418182, 37.2245209]}, "properties": {"id": "n263251764", "name": "養鱒公園", "name_en": "Yoson-Koen", "kind": "station", "operator": null, "network": null, "near_town": "n734866124", "near_town_name": "下郷町", "wikipedia": "ja:養鱒公園駅", "osm_id": "n263251764"}}, {"type": "Feature", "geometry": {"type": "Point", "coordinates": [139.8588084, 37.2429516]}, "properties": {"id": "n263251955", "name": "ふるさと公園", "name_en": "Furusato-Koen", "kind": "station", "operator": null, "network": null, "near_town": "n734866124", "near_town_name": "下郷町", "wikipedia": "ja:ふるさと公園駅", "osm_id": "n263251955"}}, {"type": "Feature", "geometry": {"type": "Point", "coordinates": [139.8954093, 37.3035478]}, "properties": {"id": "n263252928", "name": "湯野上温泉", "name_en": "Yunokami-Onsen", "kind": "station", "operator": null, "network": null, "near_town": "n734866124", "near_town_name": "下郷町", "wikipedia": "ja:湯野上温泉駅", "osm_id": "n263252928"}}, {"type": "Feature", "geometry": {"type": "Point", "coordinates": [139.8900844, 37.266454]}, "properties": {"id": "n263253108", "name": "弥五島", "name_en": "Yagoshima", "kind": "station", "operator": null, "network": null, "near_town": "n734866124", "near_town_name": "下郷町", "wikipedia": "ja:弥五島駅", "osm_id": "n263253108"}}, {"type": "Feature", "geometry": {"type": "Point", "coordinates": [138.976124, 37.257108]}, "properties": {"id": "n263065976", "name": "藪神", "name_en": "Yabukami", "kind": "station", "operator": null, "network": null, "near_town": "n752398591", "near_town_name": "魚沼市", "wikipedia": "ja:藪神駅", "osm_id": "n263065976"}}, {"type": "Feature", "geometry": {"type": "Point", "coordinates": [138.981489, 37.274883]}, "properties": {"id": "n263066045", "name": "越後広瀬", "name_en": "Echigo-Hirose", "kind": "station", "operator": null, "network": null, "near_town": "n752398591", "near_town_name": "魚沼市", "wikipedia": "ja:越後広瀬駅", "osm_id": "n263066045"}}, {"type": "Feature", "geometry": {"type": "Point", "coordinates": [138.9351497, 37.191982]}, "properties": {"id": "n264812034", "name": "八色", "name_en": "Yairo", "kind": "station", "operator": null, "network": null, "near_town": "n752398591", "near_town_name": "魚沼市", "wikipedia": "ja:八色駅", "osm_id": "n264812034"}}, {"type": "Feature", "geometry": {"type": "Point", "coordinates": [138.8964258, 37.2557054]}, "properties": {"id": "n264812345", "name": "北堀之内", "name_en": "Kita-Horinouchi", "kind": "station", "operator": null, "network": null, "near_town": "n752398591", "near_town_name": "魚沼市", "wikipedia": "ja:北堀之内駅", "osm_id": "n264812345"}}, {"type": "Feature", "geometry": {"type": "Point", "coordinates": [138.9278948, 37.2390504]}, "properties": {"id": "n264813042", "name": "越後堀之内", "name_en": "Echigo-Horinouchi", "kind": "station", "operator": null, "network": null, "near_town": "n752398591", "near_town_name": "魚沼市", "wikipedia": "ja:越後堀之内駅", "osm_id": "n264813042"}}, {"type": "Feature", "geometry": {"type": "Point", "coordinates": [138.953482, 37.2337116]}, "properties": {"id": "n3548915152", "name": "小出", "name_en": "Koide", "kind": "station", "operator": null, "network": null, "near_town": "n752398591", "near_town_name": "魚沼市", "wikipedia": "ja:小出駅", "osm_id": "n3548915152"}}, {"type": "Feature", "geometry": {"type": "Point", "coordinates": [138.9080616, 37.1195584]}, "properties": {"id": "n264812047", "name": "五日町", "name_en": "Itsukamachi", "kind": "station", "operator": null, "network": null, "near_town": "n752398684", "near_town_name": "南魚沼市", "wikipedia": "ja:五日町駅", "osm_id": "n264812047"}}, {"type": "Feature", "geometry": {"type": "Point", "coordinates": [138.8284212, 37.0288622]}, "properties": {"id": "n264812081", "name": "上越国際スキー場前", "name_en": "Joetsu-Kokusai-Ski-jo-mae", "kind": "station", "operator": null, "network": null, "near_town": "n752398684", "near_town_name": "南魚沼市", "wikipedia": "ja:上越国際スキー場前駅", "osm_id": "n264812081"}}, {"type": "Feature", "geometry": {"type": "Point", "coordinates": [138.8213997, 37.0213756]}, "properties": {"id": "n264815313", "name": "大沢", "name_en": "Osawa", "kind": "station", "operator": null, "network": null, "near_town": "n752398684", "near_town_name": "南魚沼市", "wikipedia": "ja:大沢駅 (新潟県)", "osm_id": "n264815313"}}, {"type": "Feature", "geometry": {"type": "Point", "coordinates": [138.8772254, 37.0964424]}, "properties": {"id": "n359793064", "name": "魚沼丘陵", "name_en": "Uonuma-Kyūryō", "kind": "station", "operator": null, "network": null, "near_town": "n752398684", "near_town_name": "南魚沼市", "wikipedia": "ja:魚沼丘陵駅", "osm_id": "n359793064"}}, {"type": "Feature", "geometry": {"type": "Point", "coordinates": [138.8759378, 37.0670998]}, "properties": {"id": "n3548915153", "name": "六日町", "name_en": "Muikamachi", "kind": "station", "operator": null, "network": null, "near_town": "n752398684", "near_town_name": "南魚沼市", "wikipedia": "ja:六日町駅", "osm_id": "n3548915153"}}, {"type": "Feature", "geometry": {"type": "Point", "coordinates": [138.8484348, 37.041563]}, "properties": {"id": "n8186997799", "name": "塩沢", "name_en": "Shiozawa", "kind": "station", "operator": null, "network": null, "near_town": "n752398684", "near_town_name": "南魚沼市", "wikipedia": "ja:塩沢駅", "osm_id": "n8186997799"}}, {"type": "Feature", "geometry": {"type": "Point", "coordinates": [138.8757265, 37.0672136]}, "properties": {"id": "n13206332566", "name": "六日町", "name_en": "Muikamachi", "kind": "station", "operator": null, "network": null, "near_town": "n752398684", "near_town_name": "南魚沼市", "wikipedia": "ja:六日町駅", "osm_id": "n13206332566"}}, {"type": "Feature", "geometry": {"type": "Point", "coordinates": [138.7685891, 37.1397276]}, "properties": {"id": "n359793059", "name": "しんざ", "name_en": "Shinza", "kind": "station", "operator": null, "network": null, "near_town": "n752398696", "near_town_name": "十日町市", "wikipedia": "ja:しんざ駅", "osm_id": "n359793059"}}, {"type": "Feature", "geometry": {"type": "Point", "coordinates": [138.7895372, 37.1310496]}, "properties": {"id": "n359793066", "name": "美佐島", "name_en": "Misashima", "kind": "station", "operator": "北越急行", "network": null, "near_town": "n752398696", "near_town_name": "十日町市", "wikipedia": "ja:美佐島駅", "osm_id": "n359793066"}}, {"type": "Feature", "geometry": {"type": "Point", "coordinates": [138.7559404, 37.134697]}, "properties": {"id": "n359793089", "name": "十日町", "name_en": "Tokamachi", "kind": "station", "operator": null, "network": null, "near_town": "n752398696", "near_town_name": "十日町市", "wikipedia": "ja:十日町駅", "osm_id": "n359793089"}}, {"type": "Feature", "geometry": {"type": "Point", "coordinates": [138.7562457, 37.1345731]}, "properties": {"id": "n1445190890", "name": "十日町", "name_en": "Tokamachi", "kind": "station", "operator": null, "network": null, "near_town": "n752398696", "near_town_name": "十日町市", "wikipedia": "ja:十日町駅", "osm_id": "n1445190890"}}, {"type": "Feature", "geometry": {"type": "Point", "coordinates": [138.7725153, 37.1595962]}, "properties": {"id": "n1445190903", "name": "魚沼中条", "name_en": "Uonumanakajyo", "kind": "station", "operator": null, "network": null, "near_town": "n752398696", "near_town_name": "十日町市", "wikipedia": "ja:魚沼中条駅", "osm_id": "n1445190903"}}, {"type": "Feature", "geometry": {"type": "Point", "coordinates": [138.7293515, 37.0972316]}, "properties": {"id": "n6172475914", "name": "土市", "name_en": "Doichi", "kind": "station", "operator": null, "network": null, "near_town": "n752398696", "near_town_name": "十日町市", "wikipedia": "ja:土市駅", "osm_id": "n6172475914"}}, {"type": "Feature", "geometry": {"type": "Point", "coordinates": [138.7181338, 37.0742449]}, "properties": {"id": "n6172475936", "name": "越後水沢", "name_en": "Echigo-Mizusawa", "kind": "station", "operator": null, "network": null, "near_town": "n752398696", "near_town_name": "十日町市", "wikipedia": "ja:越後水沢駅", "osm_id": "n6172475936"}}, {"type": "Feature", "geometry": {"type": "Point", "coordinates": [138.8484487, 36.909711]}, "properties": {"id": "n264814993", "name": "越後中里", "name_en": "Echigo-Nakazato", "kind": "station", "operator": null, "network": null, "near_town": "n752398499", "near_town_name": "湯沢町", "wikipedia": "ja:越後中里駅", "osm_id": "n264814993"}}, {"type": "Feature", "geometry": {"type": "Point", "coordinates": [138.8090456, 36.9359414]}, "properties": {"id": "n3548915150", "name": "越後湯沢", "name_en": "Echigo-Yuzawa", "kind": "station", "operator": null, "network": null, "near_town": "n752398499", "near_town_name": "湯沢町", "wikipedia": "ja:越後湯沢駅", "osm_id": "n3548915150"}}, {"type": "Feature", "geometry": {"type": "Point", "coordinates": [138.7995543, 36.9502508]}, "properties": {"id": "n9013930719", "name": "ガーラ湯沢", "name_en": "Gala-Yuzawa", "kind": "station", "operator": null, "network": null, "near_town": "n752398499", "near_town_name": "湯沢町", "wikipedia": "ja:ガーラ湯沢駅", "osm_id": "n9013930719"}}, {"type": "Feature", "geometry": {"type": "Point", "coordinates": [138.8040912, 36.9893095]}, "properties": {"id": "n9013930777", "name": "石打", "name_en": "Ishiuchi", "kind": "station", "operator": null, "network": null, "near_town": "n752398499", "near_town_name": "湯沢町", "wikipedia": "ja:石打駅", "osm_id": "n9013930777"}}, {"type": "Feature", "geometry": {"type": "Point", "coordinates": [138.8397525, 36.9242628]}, "properties": {"id": "n9013930783", "name": "岩原スキー場前", "name_en": "Iwappara-Ski-jo-mae", "kind": "station", "operator": null, "network": null, "near_town": "n752398499", "near_town_name": "湯沢町", "wikipedia": "ja:岩原スキー場前駅", "osm_id": "n9013930783"}}, {"type": "Feature", "geometry": {"type": "Point", "coordinates": [138.9845777, 36.7354657]}, "properties": {"id": "n264814632", "name": "上牧", "name_en": "Kamimoku", "kind": "station", "operator": null, "network": null, "near_town": "n1068823685", "near_town_name": "みなかみ町", "wikipedia": "ja:上牧駅 (群馬県)", "osm_id": "n264814632"}}, {"type": "Feature", "geometry": {"type": "Point", "coordinates": [139.0005798, 36.6792522]}, "properties": {"id": "n264815149", "name": "後閑", "name_en": "Gokan", "kind": "station", "operator": null, "network": null, "near_town": "n1068823685", "near_town_name": "みなかみ町", "wikipedia": "ja:後閑駅", "osm_id": "n264815149"}}, {"type": "Feature", "geometry": {"type": "Point", "coordinates": [138.9775973, 36.6931647]}, "properties": {"id": "n3032951488", "name": "上毛高原", "name_en": "Jomo-Kogen", "kind": "station", "operator": "東日本旅客鉄道", "network": null, "near_town": "n1068823685", "near_town_name": "みなかみ町", "wikipedia": "ja:上毛高原駅", "osm_id": "n3032951488"}}, {"type": "Feature", "geometry": {"type": "Point", "coordinates": [139.0356609, 36.6424053]}, "properties": {"id": "n3548915154", "name": "沼田", "name_en": "Numata", "kind": "station", "operator": null, "network": null, "near_town": "n1068823685", "near_town_name": "みなかみ町", "wikipedia": "ja:沼田駅", "osm_id": "n3548915154"}}, {"type": "Feature", "geometry": {"type": "Point", "coordinates": [139.0470124, 36.6030654]}, "properties": {"id": "n3505733714", "name": "岩本", "name_en": "Iwamoto", "kind": "station", "operator": null, "network": null, "near_town": "n8813540059", "near_town_name": "沼田市", "wikipedia": "ja:岩本駅", "osm_id": "n3505733714"}}, {"type": "Feature", "geometry": {"type": "Point", "coordinates": [137.8608698, 37.0203734]}, "properties": {"id": "n267454181", "name": "姫川", "name_en": "Himekawa", "kind": "station", "operator": null, "network": null, "near_town": "n752398712", "near_town_name": "糸魚川市", "wikipedia": "ja:姫川駅 (新潟県)", "osm_id": "n267454181"}}, {"type": "Feature", "geometry": {"type": "Point", "coordinates": [137.8725383, 37.0060513]}, "properties": {"id": "n267454739", "name": "頸城大野", "name_en": "Kubiki-Ōno", "kind": "station", "operator": null, "network": null, "near_town": "n752398712", "near_town_name": "糸魚川市", "wikipedia": "ja:頸城大野駅", "osm_id": "n267454739"}}, {"type": "Feature", "geometry": {"type": "Point", "coordinates": [137.8617531, 37.0433062]}, "properties": {"id": "n267455175", "name": "糸魚川", "name_en": "Itoigawa", "kind": "station", "operator": null, "network": null, "near_town": "n752398712", "near_town_name": "糸魚川市", "wikipedia": "ja:糸魚川駅", "osm_id": "n267455175"}}, {"type": "Feature", "geometry": {"type": "Point", "coordinates": [137.8620028, 37.0435809]}, "properties": {"id": "n6110464627", "name": "糸魚川", "name_en": "Itoigawa", "kind": "station", "operator": "えちごトキめき鉄道;西日本旅客鉄道", "network": null, "near_town": "n752398712", "near_town_name": "糸魚川市", "wikipedia": "ja:糸魚川駅", "osm_id": "n6110464627"}}, {"type": "Feature", "geometry": {"type": "Point", "coordinates": [137.9063023, 37.0565799]}, "properties": {"id": "n11733499158", "name": "梶屋敷", "name_en": "Kajiyashiki", "kind": "station", "operator": "えちごトキめき鉄道", "network": null, "near_town": "n752398712", "near_town_name": "糸魚川市", "wikipedia": "ja:梶屋敷駅", "osm_id": "n11733499158"}}, {"type": "Feature", "geometry": {"type": "Point", "coordinates": [137.8780505, 37.0481012]}, "properties": {"id": "n11733603191", "name": "えちご押上ひすい海岸", "name_en": "Echigo-Oshiage-Hisuikaigan", "kind": "station", "operator": null, "network": null, "near_town": "n752398712", "near_town_name": "糸魚川市", "wikipedia": "ja:えちご押上ひすい海岸駅", "osm_id": "n11733603191"}}, {"type": "Feature", "geometry": {"type": "Point", "coordinates": [137.7949966, 37.0226177]}, "properties": {"id": "n11733603194", "name": "青海", "name_en": "Ōmi", "kind": "station", "operator": "えちごトキめき鉄道", "network": null, "near_town": "n752398712", "near_town_name": "糸魚川市", "wikipedia": "ja:青海駅 (新潟県)", "osm_id": "n11733603194"}}, {"type": "Feature", "geometry": {"type": "Point", "coordinates": [138.2304432, 36.7919257]}, "properties": {"id": "n264806216", "name": "古間", "name_en": "Furuma", "kind": "station", "operator": "しなの鉄道", "network": null, "near_town": "n702987402", "near_town_name": "信濃町", "wikipedia": "ja:古間駅", "osm_id": "n264806216"}}, {"type": "Feature", "geometry": {"type": "Point", "coordinates": [138.1965075, 36.8077377]}, "properties": {"id": "n4575781989", "name": "黒姫", "name_en": "Kurohime", "kind": "station", "operator": "しなの鉄道", "network": null, "near_town": "n702987402", "near_town_name": "信濃町", "wikipedia": "ja:黒姫駅", "osm_id": "n4575781989"}}, {"type": "Feature", "geometry": {"type": "Point", "coordinates": [138.247602, 36.7531467]}, "properties": {"id": "n4575782401", "name": "牟礼", "name_en": "Mure", "kind": "station", "operator": "しなの鉄道", "network": null, "near_town": "n702987402", "near_town_name": "信濃町", "wikipedia": "ja:牟礼駅", "osm_id": "n4575782401"}}, {"type": "Feature", "geometry": {"type": "Point", "coordinates": [138.6947201, 37.0552681]}, "properties": {"id": "n6172475945", "name": "越後田沢", "name_en": "Echigo-Tazawa", "kind": "station", "operator": null, "network": null, "near_town": "n3358907728", "near_town_name": "津南町", "wikipedia": "ja:越後田沢駅", "osm_id": "n6172475945"}}, {"type": "Feature", "geometry": {"type": "Point", "coordinates": [138.6394009, 37.0236841]}, "properties": {"id": "n6172644829", "name": "津南", "name_en": "Tsunan", "kind": "station", "operator": null, "network": null, "near_town": "n3358907728", "near_town_name": "津南町", "wikipedia": "ja:津南駅", "osm_id": "n6172644829"}}, {"type": "Feature", "geometry": {"type": "Point", "coordinates": [138.6714037, 37.0480723]}, "properties": {"id": "n6172644841", "name": "越後鹿渡", "name_en": "Echigo-Shikawatari", "kind": "station", "operator": null, "network": null, "near_town": "n3358907728", "near_town_name": "津南町", "wikipedia": "ja:越後鹿渡駅", "osm_id": "n6172644841"}}, {"type": "Feature", "geometry": {"type": "Point", "coordinates": [138.6267275, 37.0050899]}, "properties": {"id": "n6172661602", "name": "越後田中", "name_en": "Echigo-Tanaka", "kind": "station", "operator": null, "network": null, "near_town": "n3358907728", "near_town_name": "津南町", "wikipedia": "ja:越後田中駅", "osm_id": "n6172661602"}}, {"type": "Feature", "geometry": {"type": "Point", "coordinates": [138.603582, 36.9990198]}, "properties": {"id": "n6176114783", "name": "足滝", "name_en": "Ashidaki", "kind": "station", "operator": null, "network": null, "near_town": "n3358907728", "near_town_name": "津南町", "wikipedia": "ja:足滝駅", "osm_id": "n6176114783"}}, {"type": "Feature", "geometry": {"type": "Point", "coordinates": [138.2554847, 37.0268151]}, "properties": {"id": "n264805607", "name": "新井", "name_en": "Arai", "kind": "station", "operator": "えちごトキめき鉄道", "network": null, "near_town": "n752398751", "near_town_name": "妙高市", "wikipedia": "ja:新井駅 (新潟県)", "osm_id": "n264805607"}}, {"type": "Feature", "geometry": {"type": "Point", "coordinates": [138.2486852, 37.0812219]}, "properties": {"id": "n4109702962", "name": "上越妙高", "name_en": "Joetsu-Myoko", "kind": "station", "operator": "東日本旅客鉄道;西日本旅客鉄道", "network": null, "near_town": "n752398751", "near_town_name": "妙高市", "wikipedia": "ja:上越妙高駅", "osm_id": "n4109702962"}}, {"type": "Feature", "geometry": {"type": "Point", "coordinates": [138.2480158, 37.0813758]}, "properties": {"id": "n4109702964", "name": "上越妙高", "name_en": "Joetsu-Myoko", "kind": "station", "operator": "えちごトキめき鉄道", "network": null, "near_town": "n752398751", "near_town_name": "妙高市", "wikipedia": "ja:上越妙高駅", "osm_id": "n4109702964"}}, {"type": "Feature", "geometry": {"type": "Point", "coordinates": [138.2326611, 36.989713]}, "properties": {"id": "n4581723754", "name": "二本木", "name_en": "Nihongi", "kind": "station", "operator": "えちごトキめき鉄道", "network": null, "near_town": "n752398751", "near_town_name": "妙高市", "wikipedia": "ja:二本木駅", "osm_id": "n4581723754"}}, {"type": "Feature", "geometry": {"type": "Point", "coordinates": [138.2576562, 37.0531136]}, "properties": {"id": "n11769751465", "name": "北新井", "name_en": "Kita-Arai", "kind": "station", "operator": "えちごトキめき鉄道", "network": null, "near_town": "n752398751", "near_town_name": "妙高市", "wikipedia": "ja:北新井駅", "osm_id": "n11769751465"}}, {"type": "Feature", "geometry": {"type": "Point", "coordinates": [138.3490558, 36.8088052]}, "properties": {"id": "n1095684792", "name": "蓮", "name_en": "Hachisu", "kind": "station", "operator": null, "network": null, "near_town": "n5901282260", "near_town_name": "飯山市", "wikipedia": "ja:蓮駅", "osm_id": "n1095684792"}}, {"type": "Feature", "geometry": {"type": "Point", "coordinates": [138.3587871, 36.8462882]}, "properties": {"id": "n1095684842", "name": "飯山", "name_en": "Iiyama", "kind": "station", "operator": "東日本旅客鉄道", "network": null, "near_town": "n5901282260", "near_town_name": "飯山市", "wikipedia": "ja:飯山駅", "osm_id": "n1095684842"}}, {"type": "Feature", "geometry": {"type": "Point", "coordinates": [138.3637797, 36.8588134]}, "properties": {"id": "n1095690198", "name": "北飯山", "name_en": "Kita-Iiyama", "kind": "station", "operator": null, "network": null, "near_town": "n5901282260", "near_town_name": "飯山市", "wikipedia": "ja:北飯山駅", "osm_id": "n1095690198"}}, {"type": "Feature", "geometry": {"type": "Point", "coordinates": [138.3785259, 36.8849169]}, "properties": {"id": "n1095690216", "name": "信濃平", "name_en": "Shinano-Taira", "kind": "station", "operator": null, "network": null, "near_town": "n5901282260", "near_town_name": "飯山市", "wikipedia": "ja:信濃平駅", "osm_id": "n1095690216"}}, {"type": "Feature", "geometry": {"type": "Point", "coordinates": [138.358746, 36.8454839]}, "properties": {"id": "n4120997977", "name": "飯山", "name_en": "Iiyama", "kind": "station", "operator": "東日本旅客鉄道", "network": null, "near_town": "n5901282260", "near_town_name": "飯山市", "wikipedia": "ja:飯山駅", "osm_id": "n4120997977"}}, {"type": "Feature", "geometry": {"type": "Point", "coordinates": [138.2435174, 36.6861723]}, "properties": {"id": "n264810669", "name": "三才", "name_en": "Sansai", "kind": "station", "operator": "しなの鉄道", "network": null, "near_town": "n702987391", "near_town_name": "長野市", "wikipedia": "ja:三才駅", "osm_id": "n264810669"}}, {"type": "Feature", "geometry": {"type": "Point", "coordinates": [138.2408823, 36.6663686]}, "properties": {"id": "n452818397", "name": "朝陽", "name_en": "Asahi", "kind": "station", "operator": null, "network": null, "near_town": "n702987391", "near_town_name": "長野市", "wikipedia": "ja:朝陽駅", "osm_id": "n452818397"}}, {"type": "Feature", "geometry": {"type": "Point", "coordinates": [138.1885153, 36.6431239]}, "properties": {"id": "n3647437877", "name": "長野", "name_en": "Nagano", "kind": "station", "operator": "東日本旅客鉄道", "network": null, "near_town": "n702987391", "near_town_name": "長野市", "wikipedia": "ja:長野駅", "osm_id": "n3647437877"}}, {"type": "Feature", "geometry": {"type": "Point", "coordinates": [138.1618403, 36.6302229]}, "properties": {"id": "n4059620981", "name": "安茂里", "name_en": "Amori", "kind": "station", "operator": null, "network": null, "near_town": "n702987391", "near_town_name": "長野市", "wikipedia": "ja:安茂里駅", "osm_id": "n4059620981"}}, {"type": "Feature", "geometry": {"type": "Point", "coordinates": [138.1507012, 36.6141007]}, "properties": {"id": "n4059620982", "name": "川中島", "name_en": "Kawanakajima", "kind": "station", "operator": null, "network": null, "near_town": "n702987391", "near_town_name": "長野市", "wikipedia": "ja:川中島駅", "osm_id": "n4059620982"}}, {"type": "Feature", "geometry": {"type": "Point", "coordinates": [138.2230135, 36.6654778]}, "properties": {"id": "n4059994912", "name": "北長野", "name_en": "Kitanagano", "kind": "station", "operator": "しなの鉄道", "network": null, "near_town": "n702987391", "near_town_name": "長野市", "wikipedia": "ja:北長野駅", "osm_id": "n4059994912"}}, {"type": "Feature", "geometry": {"type": "Point", "coordinates": [138.1894904, 36.6427727]}, "properties": {"id": "n4424589693", "name": "長野 東", "name_en": "Nagano East Bus Terminal", "kind": "bus_station", "operator": null, "network": null, "near_town": "n702987391", "near_town_name": "長野市", "wikipedia": null, "osm_id": "n4424589693"}}, {"type": "Feature", "geometry": {"type": "Point", "coordinates": [138.1919729, 36.6532364]}, "properties": {"id": "n7983047351", "name": "権堂", "name_en": "Gondo", "kind": "station", "operator": null, "network": null, "near_town": "n702987391", "near_town_name": "長野市", "wikipedia": "ja:権堂駅", "osm_id": "n7983047351"}}, {"type": "Feature", "geometry": {"type": "Point", "coordinates": [138.1883615, 36.6442745]}, "properties": {"id": "n7983063558", "name": "長野", "name_en": "Nagano", "kind": "station", "operator": null, "network": null, "near_town": "n702987391", "near_town_name": "長野市", "wikipedia": "ja:長野駅", "osm_id": "n7983063558"}}, {"type": "Feature", "geometry": {"type": "Point", "coordinates": [138.1912011, 36.6483078]}, "properties": {"id": "n7983063559", "name": "市役所前", "name_en": "Shiyakushomae", "kind": "station", "operator": null, "network": null, "near_town": "n702987391", "near_town_name": "長野市", "wikipedia": "ja:市役所前駅 (長野県)", "osm_id": "n7983063559"}}, {"type": "Feature", "geometry": {"type": "Point", "coordinates": [138.2035816, 36.6625341]}, "properties": {"id": "n7983085370", "name": "本郷", "name_en": "Hongo", "kind": "station", "operator": null, "network": null, "near_town": "n702987391", "near_town_name": "長野市", "wikipedia": "ja:本郷駅 (長野県)", "osm_id": "n7983085370"}}, {"type": "Feature", "geometry": {"type": "Point", "coordinates": [138.2131411, 36.6657523]}, "properties": {"id": "n7983085371", "name": "桐原", "name_en": "Kirihara", "kind": "station", "operator": null, "network": null, "near_town": "n702987391", "near_town_name": "長野市", "wikipedia": "ja:桐原駅 (長野県)", "osm_id": "n7983085371"}}, {"type": "Feature", "geometry": {"type": "Point", "coordinates": [138.1934869, 36.6583468]}, "properties": {"id": "n7983122664", "name": "善光寺下", "name_en": "Zenkojishita", "kind": "station", "operator": null, "network": null, "near_town": "n702987391", "near_town_name": "長野市", "wikipedia": "ja:善光寺下駅", "osm_id": "n7983122664"}}, {"type": "Feature", "geometry": {"type": "Point", "coordinates": [138.220983, 36.6674937]}, "properties": {"id": "n7983122665", "name": "信濃吉田", "name_en": "Shinanoyoshida", "kind": "station", "operator": null, "network": null, "near_town": "n702987391", "near_town_name": "長野市", "wikipedia": "ja:信濃吉田駅", "osm_id": "n7983122665"}}, {"type": "Feature", "geometry": {"type": "Point", "coordinates": [138.1888461, 36.6427677]}, "properties": {"id": "n8007911566", "name": "長野", "name_en": "Nagano", "kind": "station", "operator": null, "network": null, "near_town": "n702987391", "near_town_name": "長野市", "wikipedia": null, "osm_id": "n8007911566"}}, {"type": "Feature", "geometry": {"type": "Point", "coordinates": [138.2587739, 36.6634883]}, "properties": {"id": "n8250250010", "name": "柳原", "name_en": "Yanagihara", "kind": "station", "operator": null, "network": null, "near_town": "n702987391", "near_town_name": "長野市", "wikipedia": "ja:柳原駅 (長野県)", "osm_id": "n8250250010"}}, {"type": "Feature", "geometry": {"type": "Point", "coordinates": [138.2478762, 36.6628482]}, "properties": {"id": "n8250250012", "name": "附属中学前", "name_en": "Fuzokuchugakumae", "kind": "station", "operator": null, "network": null, "near_town": "n702987391", "near_town_name": "長野市", "wikipedia": "ja:附属中学前駅", "osm_id": "n8250250012"}}, {"type": "Feature", "geometry": {"type": "Point", "coordinates": [138.3071473, 36.7314344]}, "properties": {"id": "n1095669084", "name": "立ヶ花", "name_en": "Tategahana", "kind": "station", "operator": null, "network": null, "near_town": "n5901282258", "near_town_name": "飯綱町", "wikipedia": "ja:立ヶ花駅", "osm_id": "n1095669084"}}, {"type": "Feature", "geometry": {"type": "Point", "coordinates": [138.2750389, 36.7109116]}, "properties": {"id": "n6176114722", "name": "豊野", "name_en": "Toyono", "kind": "station", "operator": "しなの鉄道", "network": null, "near_town": "n5901282258", "near_town_name": "飯綱町", "wikipedia": "ja:豊野駅", "osm_id": "n6176114722"}}, {"type": "Feature", "geometry": {"type": "Point", "coordinates": [138.2945614, 36.7219135]}, "properties": {"id": "n6176114764", "name": "信濃浅野", "name_en": "Shinano-Asano", "kind": "station", "operator": null, "network": null, "near_town": "n5901282258", "near_town_name": "飯綱町", "wikipedia": "ja:信濃浅野駅", "osm_id": "n6176114764"}}, {"type": "Feature", "geometry": {"type": "Point", "coordinates": [139.7111778, 36.779461]}, "properties": {"id": "n925345480", "name": "新高徳", "name_en": "Shin-Takatoku Station", "kind": "station", "operator": null, "network": null, "near_town": "n574839709", "near_town_name": "日光市", "wikipedia": "ja:新高徳駅", "osm_id": "n925345480"}}, {"type": "Feature", "geometry": {"type": "Point", "coordinates": [139.691952, 36.7324624]}, "properties": {"id": "n925346262", "name": "大谷向", "name_en": "Daiyamuko", "kind": "station", "operator": null, "network": null, "near_town": "n574839709", "near_town_name": "日光市", "wikipedia": "ja:大谷向駅", "osm_id": "n925346262"}}, {"type": "Feature", "geometry": {"type": "Point", "coordinates": [139.6927992, 36.725635]}, "properties": {"id": "n3730051723", "name": "下今市", "name_en": "Shimo-Imaichi", "kind": "station", "operator": null, "network": null, "near_town": "n574839709", "near_town_name": "日光市", "wikipedia": "ja:下今市駅", "osm_id": "n3730051723"}}, {"type": "Feature", "geometry": {"type": "Point", "coordinates": [139.6872715, 36.720468]}, "properties": {"id": "n3730128013", "name": "今市", "name_en": "Imaichi", "kind": "station", "operator": null, "network": null, "near_town": "n574839709", "near_town_name": "日光市", "wikipedia": "ja:今市駅", "osm_id": "n3730128013"}}, {"type": "Feature", "geometry": {"type": "Point", "coordinates": [139.6814776, 36.7277842]}, "properties": {"id": "n3730128014", "name": "上今市", "name_en": "Kami-Imaichi", "kind": "station", "operator": null, "network": null, "near_town": "n574839709", "near_town_name": "日光市", "wikipedia": "ja:上今市駅", "osm_id": "n3730128014"}}, {"type": "Feature", "geometry": {"type": "Point", "coordinates": [139.7123688, 36.6766205]}, "properties": {"id": "n3730128016", "name": "明神", "name_en": "Myojin", "kind": "station", "operator": null, "network": null, "near_town": "n574839709", "near_town_name": "日光市", "wikipedia": "ja:明神駅", "osm_id": "n3730128016"}}, {"type": "Feature", "geometry": {"type": "Point", "coordinates": [139.71335, 36.7604507]}, "properties": {"id": "n8076485974", "name": "大桑", "name_en": "Okuwa", "kind": "station", "operator": null, "network": null, "near_town": "n574839709", "near_town_name": "日光市", "wikipedia": "ja:大桑駅 (栃木県)", "osm_id": "n8076485974"}}, {"type": "Feature", "geometry": {"type": "Point", "coordinates": [139.7324588, 36.686353]}, "properties": {"id": "n11166511809", "name": "下野大沢", "name_en": "Shimotsuke-Osawa", "kind": "station", "operator": null, "network": null, "near_town": "n574839709", "near_town_name": "日光市", "wikipedia": "ja:下野大沢駅", "osm_id": "n11166511809"}}, {"type": "Feature", "geometry": {"type": "Point", "coordinates": [139.7630742, 36.5709476]}, "properties": {"id": "n264412395", "name": "鹿沼", "name_en": "Kanuma", "kind": "station", "operator": null, "network": null, "near_town": "n7319384467", "near_town_name": "鹿沼市", "wikipedia": "ja:鹿沼駅", "osm_id": "n264412395"}}, {"type": "Feature", "geometry": {"type": "Point", "coordinates": [139.7449379, 36.5572113]}, "properties": {"id": "n5586958187", "name": "新鹿沼", "name_en": "Shin-Kanuma", "kind": "station", "operator": null, "network": null, "near_town": "n7319384467", "near_town_name": "鹿沼市", "wikipedia": "ja:新鹿沼駅", "osm_id": "n5586958187"}}, {"type": "Feature", "geometry": {"type": "Point", "coordinates": [139.7418934, 36.5330893]}, "properties": {"id": "n5586958219", "name": "樅山", "name_en": "Momiyama", "kind": "station", "operator": null, "network": null, "near_town": "n7319384467", "near_town_name": "鹿沼市", "wikipedia": "ja:樅山駅", "osm_id": "n5586958219"}}, {"type": "Feature", "geometry": {"type": "Point", "coordinates": [139.7076968, 36.6202016]}, "properties": {"id": "n5587062040", "name": "板荷", "name_en": "Itaga", "kind": "station", "operator": null, "network": null, "near_town": "n7319384467", "near_town_name": "鹿沼市", "wikipedia": "ja:板荷駅", "osm_id": "n5587062040"}}, {"type": "Feature", "geometry": {"type": "Point", "coordinates": [139.7453712, 36.5071518]}, "properties": {"id": "n6050500242", "name": "楡木", "name_en": "Niregi", "kind": "station", "operator": null, "network": null, "near_town": "n7319384467", "near_town_name": "鹿沼市", "wikipedia": "ja:楡木駅", "osm_id": "n6050500242"}}, {"type": "Feature", "geometry": {"type": "Point", "coordinates": [139.7378941, 36.5806929]}, "properties": {"id": "n8062880433", "name": "北鹿沼", "name_en": "Kita-Kanuma", "kind": "station", "operator": null, "network": null, "near_town": "n7319384467", "near_town_name": "鹿沼市", "wikipedia": "ja:北鹿沼駅", "osm_id": "n8062880433"}}, {"type": "Feature", "geometry": {"type": "Point", "coordinates": [139.3741668, 36.3751771]}, "properties": {"id": "n264414251", "name": "小俣", "name_en": "Omata", "kind": "station", "operator": null, "network": null, "near_town": "n1068823646", "near_town_name": "桐生市", "wikipedia": "ja:小俣駅 (栃木県)", "osm_id": "n264414251"}}, {"type": "Feature", "geometry": {"type": "Point", "coordinates": [139.3008618, 36.4205499]}, "properties": {"id": "n264461724", "name": "運動公園", "name_en": "Undo-koen", "kind": "halt", "operator": null, "network": null, "near_town": "n1068823646", "near_town_name": "桐生市", "wikipedia": "ja:運動公園駅 (群馬県)", "osm_id": "n264461724"}}, {"type": "Feature", "geometry": {"type": "Point", "coordinates": [139.2774321, 36.4346091]}, "properties": {"id": "n264462300", "name": "大間々", "name_en": "Omama", "kind": "station", "operator": null, "network": null, "near_town": "n1068823646", "near_town_name": "桐生市", "wikipedia": "ja:大間々駅", "osm_id": "n264462300"}}, {"type": "Feature", "geometry": {"type": "Point", "coordinates": [139.3216927, 36.4168086]}, "properties": {"id": "n335660626", "name": "丸山下", "name_en": "Maruyama-shita", "kind": "station", "operator": null, "network": null, "near_town": "n1068823646", "near_town_name": "桐生市", "wikipedia": "ja:丸山下駅", "osm_id": "n335660626"}}, {"type": "Feature", "geometry": {"type": "Point", "coordinates": [139.3326744, 36.4113225]}, "properties": {"id": "n3721641449", "name": "桐生", "name_en": "Kiryu", "kind": "station", "operator": null, "network": null, "near_town": "n1068823646", "near_town_name": "桐生市", "wikipedia": "ja:桐生駅", "osm_id": "n3721641449"}}, {"type": "Feature", "geometry": {"type": "Point", "coordinates": [139.2762898, 36.4257745]}, "properties": {"id": "n3781558468", "name": "赤城", "name_en": "Akagi", "kind": "station", "operator": null, "network": null, "near_town": "n1068823646", "near_town_name": "桐生市", "wikipedia": "ja:赤城駅", "osm_id": "n3781558468"}}, {"type": "Feature", "geometry": {"type": "Point", "coordinates": [139.3338152, 36.4139311]}, "properties": {"id": "n3781603413", "name": "西桐生", "name_en": "Nishi-Kiryu", "kind": "station", "operator": null, "network": null, "near_town": "n1068823646", "near_town_name": "桐生市", "wikipedia": "ja:西桐生駅", "osm_id": "n3781603413"}}, {"type": "Feature", "geometry": {"type": "Point", "coordinates": [139.3202394, 36.3951077]}, "properties": {"id": "n3934184665", "name": "新桐生", "name_en": "Shin-Kiryu", "kind": "station", "operator": null, "network": null, "near_town": "n1068823646", "near_town_name": "桐生市", "wikipedia": "ja:新桐生駅", "osm_id": "n3934184665"}}, {"type": "Feature", "geometry": {"type": "Point", "coordinates": [139.3083378, 36.3869917]}, "properties": {"id": "n3936038295", "name": "阿左美", "name_en": "Azami", "kind": "station", "operator": null, "network": null, "near_town": "n1068823646", "near_town_name": "桐生市", "wikipedia": "ja:阿左美駅", "osm_id": "n3936038295"}}, {"type": "Feature", "geometry": {"type": "Point", "coordinates": [139.2967677, 36.3958085]}, "properties": {"id": "n4339418745", "name": "岩宿", "name_en": "Iwajuku", "kind": "station", "operator": null, "network": null, "near_town": "n1068823646", "near_town_name": "桐生市", "wikipedia": "ja:岩宿駅", "osm_id": "n4339418745"}}, {"type": "Feature", "geometry": {"type": "Point", "coordinates": [139.31512, 36.4076202]}, "properties": {"id": "n6050938024", "name": "下新田", "name_en": "Shimo-Shinden", "kind": "station", "operator": null, "network": null, "near_town": "n1068823646", "near_town_name": "桐生市", "wikipedia": "ja:下新田駅", "osm_id": "n6050938024"}}, {"type": "Feature", "geometry": {"type": "Point", "coordinates": [139.3159025, 36.4141075]}, "properties": {"id": "n6057440277", "name": "富士山下", "name_en": "Fujiyamashita", "kind": "station", "operator": "上毛電気鉄道", "network": null, "near_town": "n1068823646", "near_town_name": "桐生市", "wikipedia": "ja:富士山下駅", "osm_id": "n6057440277"}}, {"type": "Feature", "geometry": {"type": "Point", "coordinates": [139.3044628, 36.4104667]}, "properties": {"id": "n6057440278", "name": "相老", "name_en": "Aioi", "kind": "station", "operator": null, "network": null, "near_town": "n1068823646", "near_town_name": "桐生市", "wikipedia": "ja:相老駅", "osm_id": "n6057440278"}}, {"type": "Feature", "geometry": {"type": "Point", "coordinates": [139.2676609, 36.4220498]}, "properties": {"id": "n6057440279", "name": "東新川", "name_en": "Higashi-Nikkawa", "kind": "station", "operator": null, "network": null, "near_town": "n1068823646", "near_town_name": "桐生市", "wikipedia": "ja:東新川駅 (群馬県)", "osm_id": "n6057440279"}}, {"type": "Feature", "geometry": {"type": "Point", "coordinates": [139.2578184, 36.41821]}, "properties": {"id": "n6778376057", "name": "新川", "name_en": "Nikkawa", "kind": "station", "operator": null, "network": null, "near_town": "n1068823646", "near_town_name": "桐生市", "wikipedia": "ja:新川駅 (群馬県)", "osm_id": "n6778376057"}}, {"type": "Feature", "geometry": {"type": "Point", "coordinates": [139.3152341, 36.3590056]}, "properties": {"id": "n7400598540", "name": "藪塚", "name_en": "Yabuzuka", "kind": "station", "operator": null, "network": null, "near_town": "n1068823646", "near_town_name": "桐生市", "wikipedia": "ja:藪塚駅", "osm_id": "n7400598540"}}, {"type": "Feature", "geometry": {"type": "Point", "coordinates": [139.3081533, 36.4149545]}, "properties": {"id": "n8059380834", "name": "天王宿", "name_en": "Tennojuku", "kind": "station", "operator": null, "network": null, "near_town": "n1068823646", "near_town_name": "桐生市", "wikipedia": "ja:天王宿駅", "osm_id": "n8059380834"}}, {"type": "Feature", "geometry": {"type": "Point", "coordinates": [139.2981167, 36.4192886]}, "properties": {"id": "n8059417355", "name": "桐生球場前", "name_en": "Kiryu-Kyujo-mae", "kind": "station", "operator": null, "network": null, "near_town": "n1068823646", "near_town_name": "桐生市", "wikipedia": "ja:桐生球場前駅", "osm_id": "n8059417355"}}, {"type": "Feature", "geometry": {"type": "Point", "coordinates": [138.9765506, 36.5294462]}, "properties": {"id": "n355840633", "name": "金島", "name_en": "Kanashima", "kind": "station", "operator": null, "network": null, "near_town": "n1068823640", "near_town_name": "渋川市", "wikipedia": "ja:金島駅 (群馬県)", "osm_id": "n355840633"}}, {"type": "Feature", "geometry": {"type": "Point", "coordinates": [138.9570394, 36.5406141]}, "properties": {"id": "n355841473", "name": "祖母島", "name_en": "Ubashima", "kind": "station", "operator": null, "network": null, "near_town": "n1068823640", "near_town_name": "渋川市", "wikipedia": "ja:祖母島駅", "osm_id": "n355841473"}}, {"type": "Feature", "geometry": {"type": "Point", "coordinates": [139.0338524, 36.5379451]}, "properties": {"id": "n3416345762", "name": "敷島", "name_en": "Shikishima", "kind": "station", "operator": null, "network": null, "near_town": "n1068823640", "near_town_name": "渋川市", "wikipedia": "ja:敷島駅", "osm_id": "n3416345762"}}, {"type": "Feature", "geometry": {"type": "Point", "coordinates": [139.0085523, 36.4906867]}, "properties": {"id": "n3548915155", "name": "渋川", "name_en": "Shibukawa", "kind": "station", "operator": "東日本旅客鉄道", "network": null, "near_town": "n1068823640", "near_town_name": "渋川市", "wikipedia": "ja:渋川駅", "osm_id": "n3548915155"}}, {"type": "Feature", "geometry": {"type": "Point", "coordinates": [139.0192496, 36.4639172]}, "properties": {"id": "n3548915158", "name": "八木原", "name_en": "Yagihara", "kind": "station", "operator": null, "network": null, "near_town": "n1068823640", "near_town_name": "渋川市", "wikipedia": "ja:八木原駅", "osm_id": "n3548915158"}}, {"type": "Feature", "geometry": {"type": "Point", "coordinates": [139.1096721, 36.3705515]}, "properties": {"id": "n264415837", "name": "前橋大島", "name_en": "Maebashi-Oshima", "kind": "station", "operator": null, "network": null, "near_town": "n574841107", "near_town_name": "前橋市", "wikipedia": "ja:前橋大島駅", "osm_id": "n264415837"}}, {"type": "Feature", "geometry": {"type": "Point", "coordinates": [139.0230202, 36.3570844]}, "properties": {"id": "n264817858", "name": "井野", "name_en": "Ino", "kind": "station", "operator": null, "network": null, "near_town": "n574841107", "near_town_name": "前橋市", "wikipedia": "ja:井野駅 (群馬県)", "osm_id": "n264817858"}}, {"type": "Feature", "geometry": {"type": "Point", "coordinates": [139.1337267, 36.4073386]}, "properties": {"id": "n335661082", "name": "江木", "name_en": "Egi", "kind": "station", "operator": null, "network": null, "near_town": "n574841107", "near_town_name": "前橋市", "wikipedia": "ja:江木駅", "osm_id": "n335661082"}}, {"type": "Feature", "geometry": {"type": "Point", "coordinates": [139.1175449, 36.3975191]}, "properties": {"id": "n335661322", "name": "赤坂", "name_en": "Akasaka", "kind": "station", "operator": null, "network": null, "near_town": "n574841107", "near_town_name": "前橋市", "wikipedia": "ja:赤坂駅 (群馬県)", "osm_id": "n335661322"}}, {"type": "Feature", "geometry": {"type": "Point", "coordinates": [139.0810836, 36.3911926]}, "properties": {"id": "n335661612", "name": "城東", "name_en": "Joto", "kind": "station", "operator": null, "network": null, "near_town": "n574841107", "near_town_name": "前橋市", "wikipedia": "ja:城東駅", "osm_id": "n335661612"}}, {"type": "Feature", "geometry": {"type": "Point", "coordinates": [139.1288142, 36.405169]}, "properties": {"id": "n335661871", "name": "心臓血管センター", "name_en": "Shinzo-Kekkan Center", "kind": "station", "operator": null, "network": null, "near_town": "n574841107", "near_town_name": "前橋市", "wikipedia": "ja:心臓血管センター駅", "osm_id": "n335661871"}}, {"type": "Feature", "geometry": {"type": "Point", "coordinates": [139.0170821, 36.3460185]}, "properties": {"id": "n3402240963", "name": "高崎問屋町", "name_en": "Takasaki-Tonyamachi", "kind": "station", "operator": null, "network": null, "near_town": "n574841107", "near_town_name": "前橋市", "wikipedia": "ja:高崎問屋町駅", "osm_id": "n3402240963"}}, {"type": "Feature", "geometry": {"type": "Point", "coordinates": [139.0322835, 36.4155807]}, "properties": {"id": "n3548915151", "name": "群馬総社", "name_en": "Gunma-Sōja", "kind": "station", "operator": null, "network": null, "near_town": "n574841107", "near_town_name": "前橋市", "wikipedia": "ja:群馬総社駅", "osm_id": "n3548915151"}}, {"type": "Feature", "geometry": {"type": "Point", "coordinates": [139.0471407, 36.3788486]}, "properties": {"id": "n3548915156", "name": "新前橋", "name_en": "Shin-Maebashi", "kind": "station", "operator": null, "network": null, "near_town": "n574841107", "near_town_name": "前橋市", "wikipedia": "ja:新前橋駅", "osm_id": "n3548915156"}}, {"type": "Feature", "geometry": {"type": "Point", "coordinates": [139.0726408, 36.3832125]}, "properties": {"id": "n3558006062", "name": "前橋", "name_en": "Maebashi", "kind": "station", "operator": null, "network": null, "near_town": "n574841107", "near_town_name": "前橋市", "wikipedia": "ja:前橋駅", "osm_id": "n3558006062"}}, {"type": "Feature", "geometry": {"type": "Point", "coordinates": [139.0749235, 36.3911832]}, "properties": {"id": "n3781603406", "name": "中央前橋", "name_en": "Chuo-Maebashi", "kind": "station", "operator": null, "network": null, "near_town": "n574841107", "near_town_name": "前橋市", "wikipedia": "ja:中央前橋駅", "osm_id": "n3781603406"}}, {"type": "Feature", "geometry": {"type": "Point", "coordinates": [139.1065811, 36.3942753]}, "properties": {"id": "n3781603409", "name": "上泉", "name_en": "Kamiizumi", "kind": "station", "operator": null, "network": null, "near_town": "n574841107", "near_town_name": "前橋市", "wikipedia": "ja:上泉駅", "osm_id": "n3781603409"}}, {"type": "Feature", "geometry": {"type": "Point", "coordinates": [139.0955133, 36.3939498]}, "properties": {"id": "n3781603410", "name": "片貝", "name_en": "Katakai", "kind": "station", "operator": null, "network": null, "near_town": "n574841107", "near_town_name": "前橋市", "wikipedia": "ja:片貝駅", "osm_id": "n3781603410"}}, {"type": "Feature", "geometry": {"type": "Point", "coordinates": [139.0890263, 36.3937327]}, "properties": {"id": "n3781603411", "name": "三俣", "name_en": "Mitsumata", "kind": "station", "operator": null, "network": null, "near_town": "n574841107", "near_town_name": "前橋市", "wikipedia": "ja:三俣駅", "osm_id": "n3781603411"}}, {"type": "Feature", "geometry": {"type": "Point", "coordinates": [138.3194456, 36.7537475]}, "properties": {"id": "n1095669274", "name": "上今井", "name_en": "Kamiimai", "kind": "station", "operator": null, "network": null, "near_town": "n702987403", "near_town_name": "中野市", "wikipedia": "ja:上今井駅", "osm_id": "n1095669274"}}, {"type": "Feature", "geometry": {"type": "Point", "coordinates": [138.3236384, 36.7690628]}, "properties": {"id": "n1095674291", "name": "替佐", "name_en": "Kaesa", "kind": "station", "operator": null, "network": null, "near_town": "n702987403", "near_town_name": "中野市", "wikipedia": "ja:替佐駅", "osm_id": "n1095674291"}}, {"type": "Feature", "geometry": {"type": "Point", "coordinates": [138.3935845, 36.7610739]}, "properties": {"id": "n8250220894", "name": "信濃竹原", "name_en": "Shinanotakehara", "kind": "station", "operator": null, "network": null, "near_town": "n702987403", "near_town_name": "中野市", "wikipedia": "ja:信濃竹原駅", "osm_id": "n8250220894"}}, {"type": "Feature", "geometry": {"type": "Point", "coordinates": [138.364905, 36.7444778]}, "properties": {"id": "n8250220896", "name": "信州中野", "name_en": "Shinshunakano", "kind": "station", "operator": null, "network": null, "near_town": "n702987403", "near_town_name": "中野市", "wikipedia": "ja:信州中野駅", "osm_id": "n8250220896"}}, {"type": "Feature", "geometry": {"type": "Point", "coordinates": [138.3742979, 36.7505281]}, "properties": {"id": "n8250220899", "name": "中野松川", "name_en": "Nakanomatsukawa", "kind": "station", "operator": null, "network": null, "near_town": "n702987403", "near_town_name": "中野市", "wikipedia": "ja:中野松川駅", "osm_id": "n8250220899"}}, {"type": "Feature", "geometry": {"type": "Point", "coordinates": [138.4032901, 36.7599683]}, "properties": {"id": "n8250220900", "name": "夜間瀬", "name_en": "Yomase", "kind": "station", "operator": null, "network": null, "near_town": "n702987403", "near_town_name": "中野市", "wikipedia": "ja:夜間瀬駅", "osm_id": "n8250220900"}}, {"type": "Feature", "geometry": {"type": "Point", "coordinates": [138.4075341, 36.7494722]}, "properties": {"id": "n8250220901", "name": "上条", "name_en": "Kamijo", "kind": "station", "operator": null, "network": null, "near_town": "n702987403", "near_town_name": "中野市", "wikipedia": "ja:上条駅 (長野県)", "osm_id": "n8250220901"}}, {"type": "Feature", "geometry": {"type": "Point", "coordinates": [138.4146144, 36.7417299]}, "properties": {"id": "n8250220902", "name": "湯田中", "name_en": "Yudanaka", "kind": "station", "operator": null, "network": null, "near_town": "n702987403", "near_town_name": "中野市", "wikipedia": "ja:湯田中駅", "osm_id": "n8250220902"}}, {"type": "Feature", "geometry": {"type": "Point", "coordinates": [138.3130351, 36.6992135]}, "properties": {"id": "n8250238299", "name": "小布施", "name_en": "Obuse", "kind": "station", "operator": null, "network": null, "near_town": "n702987403", "near_town_name": "中野市", "wikipedia": "ja:小布施駅", "osm_id": "n8250238299"}}, {"type": "Feature", "geometry": {"type": "Point", "coordinates": [138.362373, 36.7267523]}, "properties": {"id": "n8250238309", "name": "延徳", "name_en": "Entoku", "kind": "station", "operator": null, "network": null, "near_town": "n702987403", "near_town_name": "中野市", "wikipedia": "ja:延徳駅", "osm_id": "n8250238309"}}, {"type": "Feature", "geometry": {"type": "Point", "coordinates": [138.3219621, 36.7040193]}, "properties": {"id": "n8250300993", "name": "都住", "name_en": "Tsusumi", "kind": "station", "operator": null, "network": null, "near_town": "n702987403", "near_town_name": "中野市", "wikipedia": "ja:都住駅", "osm_id": "n8250300993"}}, {"type": "Feature", "geometry": {"type": "Point", "coordinates": [138.3494595, 36.7123103]}, "properties": {"id": "n8250308151", "name": "桜沢", "name_en": "Sakurasawa", "kind": "station", "operator": null, "network": null, "near_town": "n702987403", "near_town_name": "中野市", "wikipedia": "ja:桜沢駅 (長野県)", "osm_id": "n8250308151"}}, {"type": "Feature", "geometry": {"type": "Point", "coordinates": [138.3044761, 36.6567509]}, "properties": {"id": "n6063546669", "name": "須坂", "name_en": "Suzaka", "kind": "station", "operator": null, "network": null, "near_town": "n5901282256", "near_town_name": "須坂市", "wikipedia": "ja:須坂駅", "osm_id": "n6063546669"}}, {"type": "Feature", "geometry": {"type": "Point", "coordinates": [138.2799916, 36.6592673]}, "properties": {"id": "n8250250006", "name": "村山", "name_en": "Murayama", "kind": "station", "operator": null, "network": null, "near_town": "n5901282256", "near_town_name": "須坂市", "wikipedia": "ja:村山駅 (長野県)", "osm_id": "n8250250006"}}, {"type": "Feature", "geometry": {"type": "Point", "coordinates": [138.3086657, 36.678033]}, "properties": {"id": "n8250300992", "name": "北須坂", "name_en": "Kitasuzaka", "kind": "station", "operator": null, "network": null, "near_town": "n5901282256", "near_town_name": "須坂市", "wikipedia": "ja:北須坂駅", "osm_id": "n8250300992"}}, {"type": "Feature", "geometry": {"type": "Point", "coordinates": [138.28834, 36.6560236]}, "properties": {"id": "n8250330849", "name": "日野", "name_en": "Hino", "kind": "station", "operator": null, "network": null, "near_town": "n5901282256", "near_town_name": "須坂市", "wikipedia": "ja:日野駅 (長野県)", "osm_id": "n8250330849"}}, {"type": "Feature", "geometry": {"type": "Point", "coordinates": [138.5963107, 36.6208329]}, "properties": {"id": "n13665325559", "name": "草津温泉", "name_en": "Kusatsu Bus Station", "kind": "bus_station", "operator": null, "network": null, "near_town": "n1068823658", "near_town_name": "草津町", "wikipedia": "ja:草津温泉駅", "osm_id": "n13665325559"}}, {"type": "Feature", "geometry": {"type": "Point", "coordinates": [138.1933468, 36.3606596]}, "properties": {"id": "n271269400", "name": "中野", "name_en": "Nakano", "kind": "station", "operator": null, "network": null, "near_town": "n5901282250", "near_town_name": "上田市", "wikipedia": "ja:中野駅 (長野県)", "osm_id": "n271269400"}}, {"type": "Feature", "geometry": {"type": "Point", "coordinates": [138.2171836, 36.363197]}, "properties": {"id": "n271269436", "name": "下之郷", "name_en": "Shimonogo", "kind": "station", "operator": null, "network": null, "near_town": "n5901282250", "near_town_name": "上田市", "wikipedia": "ja:下之郷駅", "osm_id": "n271269436"}}, {"type": "Feature", "geometry": {"type": "Point", "coordinates": [138.2047187, 36.3631117]}, "properties": {"id": "n271269464", "name": "中塩田", "name_en": "Naka-Shioda", "kind": "station", "operator": null, "network": null, "near_town": "n5901282250", "near_town_name": "上田市", "wikipedia": "ja:中塩田駅", "osm_id": "n271269464"}}, {"type": "Feature", "geometry": {"type": "Point", "coordinates": [138.1986047, 36.3610079]}, "properties": {"id": "n271269474", "name": "塩田町", "name_en": "Shioda-machi", "kind": "station", "operator": null, "network": null, "near_town": "n5901282250", "near_town_name": "上田市", "wikipedia": "ja:塩田町駅", "osm_id": "n271269474"}}, {"type": "Feature", "geometry": {"type": "Point", "coordinates": [138.2353744, 36.391748]}, "properties": {"id": "n271269495", "name": "三好町", "name_en": "Miyoshicho", "kind": "station", "operator": null, "network": null, "near_town": "n5901282250", "near_town_name": "上田市", "wikipedia": "ja:三好町駅", "osm_id": "n271269495"}}, {"type": "Feature", "geometry": {"type": "Point", "coordinates": [138.2495851, 36.3965984]}, "properties": {"id": "n2638613340", "name": "上田", "name_en": "Ueda", "kind": "station", "operator": "東日本旅客鉄道", "network": null, "near_town": "n5901282250", "near_town_name": "上田市", "wikipedia": "ja:上田駅", "osm_id": "n2638613340"}}, {"type": "Feature", "geometry": {"type": "Point", "coordinates": [138.2151733, 36.3710069]}, "properties": {"id": "n6514512139", "name": "大学前", "name_en": "Daigakumae", "kind": "station", "operator": null, "network": null, "near_town": "n5901282250", "near_town_name": "上田市", "wikipedia": "ja:大学前駅 (長野県)", "osm_id": "n6514512139"}}, {"type": "Feature", "geometry": {"type": "Point", "coordinates": [138.216857, 36.3777157]}, "properties": {"id": "n6514512150", "name": "神畑", "name_en": "Kabatake", "kind": "station", "operator": null, "network": null, "near_town": "n5901282250", "near_town_name": "上田市", "wikipedia": "ja:神畑駅", "osm_id": "n6514512150"}}, {"type": "Feature", "geometry": {"type": "Point", "coordinates": [138.2163391, 36.3836546]}, "properties": {"id": "n6514608260", "name": "寺下", "name_en": "Terashita", "kind": "station", "operator": null, "network": null, "near_town": "n5901282250", "near_town_name": "上田市", "wikipedia": "ja:寺下駅", "osm_id": "n6514608260"}}, {"type": "Feature", "geometry": {"type": "Point", "coordinates": [138.2275418, 36.391444]}, "properties": {"id": "n6630958249", "name": "赤坂上", "name_en": "Akasakaue", "kind": "station", "operator": null, "network": null, "near_town": "n5901282250", "near_town_name": "上田市", "wikipedia": "ja:赤坂上駅", "osm_id": "n6630958249"}}, {"type": "Feature", "geometry": {"type": "Point", "coordinates": [138.2087038, 36.4170456]}, "properties": {"id": "n7196416115", "name": "西上田", "name_en": "Nishi Ueda", "kind": "station", "operator": null, "network": null, "near_town": "n5901282250", "near_town_name": "上田市", "wikipedia": "ja:西上田駅", "osm_id": "n7196416115"}}, {"type": "Feature", "geometry": {"type": "Point", "coordinates": [138.2732116, 36.3786799]}, "properties": {"id": "n7196421332", "name": "信濃国分寺", "name_en": "Shinano-kokubunji", "kind": "station", "operator": null, "network": null, "near_town": "n5901282250", "near_town_name": "上田市", "wikipedia": "ja:信濃国分寺駅", "osm_id": "n7196421332"}}, {"type": "Feature", "geometry": {"type": "Point", "coordinates": [138.2968251, 36.3697262]}, "properties": {"id": "n7196424124", "name": "大屋", "name_en": "Oya", "kind": "station", "operator": null, "network": null, "near_town": "n5901282250", "near_town_name": "上田市", "wikipedia": "ja:大屋駅", "osm_id": "n7196424124"}}, {"type": "Feature", "geometry": {"type": "Point", "coordinates": [138.2216757, 36.3904995]}, "properties": {"id": "n7559504849", "name": "上田原", "name_en": "Uedahara", "kind": "station", "operator": "上田電鉄", "network": "別所線", "near_town": "n5901282250", "near_town_name": "上田市", "wikipedia": "ja:上田原駅", "osm_id": "n7559504849"}}, {"type": "Feature", "geometry": {"type": "Point", "coordinates": [138.242555, 36.3924646]}, "properties": {"id": "n7567642312", "name": "城下", "name_en": "Shiroshita", "kind": "station", "operator": null, "network": null, "near_town": "n5901282250", "near_town_name": "上田市", "wikipedia": "ja:城下駅", "osm_id": "n7567642312"}}, {"type": "Feature", "geometry": {"type": "Point", "coordinates": [138.2484019, 36.3967711]}, "properties": {"id": "n8108205177", "name": "上田", "name_en": "Ueda", "kind": "station", "operator": "上田電鉄", "network": null, "near_town": "n5901282250", "near_town_name": "上田市", "wikipedia": "ja:上田駅", "osm_id": "n8108205177"}}, {"type": "Feature", "geometry": {"type": "Point", "coordinates": [138.1880991, 36.44118]}, "properties": {"id": "n9569854717", "name": "テクノさかき", "name_en": null, "kind": "station", "operator": null, "network": null, "near_town": "n5901282250", "near_town_name": "上田市", "wikipedia": "ja:テクノさかき駅", "osm_id": "n9569854717"}}, {"type": "Feature", "geometry": {"type": "Point", "coordinates": [138.2492709, 36.3966027]}, "properties": {"id": "n10914790862", "name": "上田", "name_en": "Ueda", "kind": "station", "operator": "しなの鉄道", "network": null, "near_town": "n5901282250", "near_town_name": "上田市", "wikipedia": null, "osm_id": "n10914790862"}}, {"type": "Feature", "geometry": {"type": "Point", "coordinates": [138.4408651, 36.3112208]}, "properties": {"id": "n264804048", "name": "乙女", "name_en": "Otome", "kind": "station", "operator": null, "network": null, "near_town": "n7844841591", "near_town_name": "小諸市", "wikipedia": "ja:乙女駅", "osm_id": "n264804048"}}, {"type": "Feature", "geometry": {"type": "Point", "coordinates": [138.4486327, 36.30409]}, "properties": {"id": "n264804148", "name": "三岡", "name_en": "Mitsuoka", "kind": "station", "operator": null, "network": null, "near_town": "n7844841591", "near_town_name": "小諸市", "wikipedia": "ja:三岡駅", "osm_id": "n264804148"}}, {"type": "Feature", "geometry": {"type": "Point", "coordinates": [138.4500658, 36.291825]}, "properties": {"id": "n264804242", "name": "美里", "name_en": "Misato", "kind": "station", "operator": null, "network": null, "near_town": "n7844841591", "near_town_name": "小諸市", "wikipedia": "ja:美里駅", "osm_id": "n264804242"}}, {"type": "Feature", "geometry": {"type": "Point", "coordinates": [138.4533535, 36.2809948]}, "properties": {"id": "n264807176", "name": "中佐都", "name_en": "Nakasato", "kind": "station", "operator": null, "network": null, "near_town": "n7844841591", "near_town_name": "小諸市", "wikipedia": "ja:中佐都駅", "osm_id": "n264807176"}}, {"type": "Feature", "geometry": {"type": "Point", "coordinates": [138.4635231, 36.2776131]}, "properties": {"id": "n264807182", "name": "佐久平", "name_en": "Sakudaira", "kind": "station", "operator": null, "network": null, "near_town": "n7844841591", "near_town_name": "小諸市", "wikipedia": "ja:佐久平駅", "osm_id": "n264807182"}}, {"type": "Feature", "geometry": {"type": "Point", "coordinates": [138.4643868, 36.2781104]}, "properties": {"id": "n265040118", "name": "佐久平", "name_en": "Sakudaira", "kind": "station", "operator": "東日本旅客鉄道株式会社", "network": null, "near_town": "n7844841591", "near_town_name": "小諸市", "wikipedia": "ja:佐久平駅", "osm_id": "n265040118"}}, {"type": "Feature", "geometry": {"type": "Point", "coordinates": [138.4217128, 36.32701]}, "properties": {"id": "n7196424987", "name": "小諸", "name_en": "Komoro", "kind": "station", "operator": null, "network": null, "near_town": "n7844841591", "near_town_name": "小諸市", "wikipedia": "ja:小諸駅", "osm_id": "n7196424987"}}, {"type": "Feature", "geometry": {"type": "Point", "coordinates": [138.3636192, 36.3424412]}, "properties": {"id": "n9950710478", "name": "滋野", "name_en": "Shigeno", "kind": "station", "operator": null, "network": null, "near_town": "n7844841591", "near_town_name": "小諸市", "wikipedia": "ja:滋野駅", "osm_id": "n9950710478"}}, {"type": "Feature", "geometry": {"type": "Point", "coordinates": [138.4322921, 36.3169542]}, "properties": {"id": "n9950715676", "name": "東小諸", "name_en": "Higashi-Komoro", "kind": "station", "operator": null, "network": null, "near_town": "n7844841591", "near_town_name": "小諸市", "wikipedia": "ja:東小諸駅", "osm_id": "n9950715676"}}, {"type": "Feature", "geometry": {"type": "Point", "coordinates": [138.4538196, 36.3086281]}, "properties": {"id": "n9950736255", "name": "平原", "name_en": "Hirahara", "kind": "station", "operator": null, "network": null, "near_town": "n7844841591", "near_town_name": "小諸市", "wikipedia": "ja:平原駅", "osm_id": "n9950736255"}}, {"type": "Feature", "geometry": {"type": "Point", "coordinates": [138.4749024, 36.2387947]}, "properties": {"id": "n264806247", "name": "滑津", "name_en": "Namezu", "kind": "station", "operator": null, "network": null, "near_town": "n5901282261", "near_town_name": "佐久市", "wikipedia": "ja:滑津駅", "osm_id": "n264806247"}}, {"type": "Feature", "geometry": {"type": "Point", "coordinates": [138.4907944, 36.2044643]}, "properties": {"id": "n264806253", "name": "龍岡城", "name_en": "Tatsuokajō", "kind": "station", "operator": null, "network": null, "near_town": "n5901282261", "near_town_name": "佐久市", "wikipedia": "ja:龍岡城駅", "osm_id": "n264806253"}}, {"type": "Feature", "geometry": {"type": "Point", "coordinates": [138.4723522, 36.2746144]}, "properties": {"id": "n264806256", "name": "岩村田", "name_en": "Iwamurada", "kind": "station", "operator": null, "network": null, "near_town": "n5901282261", "near_town_name": "佐久市", "wikipedia": "ja:岩村田駅", "osm_id": "n264806256"}}, {"type": "Feature", "geometry": {"type": "Point", "coordinates": [138.4766109, 36.2549328]}, "properties": {"id": "n264806670", "name": "北中込", "name_en": "Kita-Nakagomi", "kind": "station", "operator": null, "network": null, "near_town": "n5901282261", "near_town_name": "佐久市", "wikipedia": "ja:北中込駅", "osm_id": "n264806670"}}, {"type": "Feature", "geometry": {"type": "Point", "coordinates": [138.4792663, 36.2305821]}, "properties": {"id": "n264806734", "name": "中込", "name_en": "Nakagomi", "kind": "station", "operator": null, "network": null, "near_town": "n5901282261", "near_town_name": "佐久市", "wikipedia": "ja:中込駅", "osm_id": "n264806734"}}, {"type": "Feature", "geometry": {"type": "Point", "coordinates": [138.4880894, 36.1939596]}, "properties": {"id": "n264806795", "name": "臼田", "name_en": "Usuda", "kind": "station", "operator": null, "network": null, "near_town": "n5901282261", "near_town_name": "佐久市", "wikipedia": "ja:臼田駅", "osm_id": "n264806795"}}, {"type": "Feature", "geometry": {"type": "Point", "coordinates": [138.4875543, 36.220537]}, "properties": {"id": "n264807679", "name": "太田部", "name_en": "Ōtabe", "kind": "station", "operator": null, "network": null, "near_town": "n5901282261", "near_town_name": "佐久市", "wikipedia": "ja:太田部駅", "osm_id": "n264807679"}}, {"type": "Feature", "geometry": {"type": "Point", "coordinates": [140.1082972, 36.3595968]}, "properties": {"id": "n264412753", "name": "岩瀬", "name_en": "Iwase", "kind": "station", "operator": null, "network": null, "near_town": "n3383889945", "near_town_name": "桜川市", "wikipedia": "ja:岩瀬駅", "osm_id": "n264412753"}}, {"type": "Feature", "geometry": {"type": "Point", "coordinates": [140.0396924, 36.3282947]}, "properties": {"id": "n264412876", "name": "新治", "name_en": "Niihari", "kind": "station", "operator": null, "network": null, "near_town": "n3383889945", "near_town_name": "桜川市", "wikipedia": "ja:新治駅", "osm_id": "n264412876"}}, {"type": "Feature", "geometry": {"type": "Point", "coordinates": [140.0730363, 36.3454853]}, "properties": {"id": "n264413239", "name": "大和", "name_en": "Yamato", "kind": "station", "operator": null, "network": null, "near_town": "n3383889945", "near_town_name": "桜川市", "wikipedia": "ja:大和駅 (茨城県)", "osm_id": "n264413239"}}, {"type": "Feature", "geometry": {"type": "Point", "coordinates": [140.1434163, 36.355239]}, "properties": {"id": "n3730492328", "name": "羽黒", "name_en": "Haguro", "kind": "station", "operator": "東日本旅客鉄道", "network": null, "near_town": "n3383889945", "near_town_name": "桜川市", "wikipedia": "ja:羽黒駅 (茨城県)", "osm_id": "n3730492328"}}, {"type": "Feature", "geometry": {"type": "Point", "coordinates": [140.0594905, 36.0583204]}, "properties": {"id": "n3349564686", "name": "万博記念公園", "name_en": "Bampaku-kinenkoen", "kind": "station", "operator": "首都圏新都市鉄道", "network": null, "near_town": "n768273008", "near_town_name": "つくば市", "wikipedia": "ja:万博記念公園駅 (茨城県)", "osm_id": "n3349564686"}}, {"type": "Feature", "geometry": {"type": "Point", "coordinates": [140.0824131, 36.0821337]}, "properties": {"id": "n3349564689", "name": "研究学園", "name_en": "Kenkyū-gakuen", "kind": "station", "operator": "首都圏新都市鉄道", "network": null, "near_town": "n768273008", "near_town_name": "つくば市", "wikipedia": "ja:研究学園駅", "osm_id": "n3349564689"}}, {"type": "Feature", "geometry": {"type": "Point", "coordinates": [140.0563392, 36.0298606]}, "properties": {"id": "n3349564690", "name": "みどりの", "name_en": "Midorino", "kind": "station", "operator": "首都圏新都市鉄道", "network": null, "near_town": "n768273008", "near_town_name": "つくば市", "wikipedia": "ja:みどりの駅", "osm_id": "n3349564690"}}, {"type": "Feature", "geometry": {"type": "Point", "coordinates": [140.1111943, 36.0826496]}, "properties": {"id": "n3349564794", "name": "つくば", "name_en": "Tsukuba", "kind": "station", "operator": "首都圏新都市鉄道", "network": null, "near_town": "n768273008", "near_town_name": "つくば市", "wikipedia": "ja:つくば駅", "osm_id": "n3349564794"}}, {"type": "Feature", "geometry": {"type": "Point", "coordinates": [139.9390867, 36.2986752]}, "properties": {"id": "n264413551", "name": "玉戸", "name_en": "Tamado", "kind": "station", "operator": null, "network": null, "near_town": "n3385454595", "near_town_name": "筑西市", "wikipedia": "ja:玉戸駅", "osm_id": "n264413551"}}, {"type": "Feature", "geometry": {"type": "Point", "coordinates": [139.9158226, 36.2959569]}, "properties": {"id": "n264413610", "name": "川島", "name_en": "Kawashima", "kind": "station", "operator": null, "network": null, "near_town": "n3385454595", "near_town_name": "筑西市", "wikipedia": "ja:川島駅", "osm_id": "n264413610"}}, {"type": "Feature", "geometry": {"type": "Point", "coordinates": [139.9720269, 36.3193341]}, "properties": {"id": "n823274682", "name": "下館二高前", "name_en": "Shimodate-Nikomae", "kind": "station", "operator": "真岡鐵道", "network": null, "near_town": "n3385454595", "near_town_name": "筑西市", "wikipedia": "ja:下館二高前駅", "osm_id": "n823274682"}}, {"type": "Feature", "geometry": {"type": "Point", "coordinates": [139.9704471, 36.3584812]}, "properties": {"id": "n823277290", "name": "ひぐち", "name_en": "Higuchi", "kind": "station", "operator": "真岡鐵道", "network": null, "near_town": "n3385454595", "near_town_name": "筑西市", "wikipedia": "ja:ひぐち駅", "osm_id": "n823277290"}}, {"type": "Feature", "geometry": {"type": "Point", "coordinates": [139.9712357, 36.3406151]}, "properties": {"id": "n823277434", "name": "折本", "name_en": "Orimoto", "kind": "station", "operator": "真岡鐵道", "network": null, "near_town": "n3385454595", "near_town_name": "筑西市", "wikipedia": "ja:折本駅", "osm_id": "n823277434"}}, {"type": "Feature", "geometry": {"type": "Point", "coordinates": [139.9787036, 36.3041716]}, "properties": {"id": "n3730494267", "name": "下館", "name_en": "Shimodate", "kind": "station", "operator": "東日本旅客鉄道;関東鉄道;真岡鐵道", "network": null, "near_town": "n3385454595", "near_town_name": "筑西市", "wikipedia": "ja:下館駅", "osm_id": "n3730494267"}}, {"type": "Feature", "geometry": {"type": "Point", "coordinates": [139.9749928, 36.2473114]}, "properties": {"id": "n5659757930", "name": "黒子", "name_en": "Kurogo", "kind": "station", "operator": null, "network": null, "near_town": "n3385454595", "near_town_name": "筑西市", "wikipedia": "ja:黒子駅", "osm_id": "n5659757930"}}, {"type": "Feature", "geometry": {"type": "Point", "coordinates": [139.9596405, 36.2782142]}, "properties": {"id": "n5659797236", "name": "大田郷", "name_en": "Otago", "kind": "station", "operator": null, "network": null, "near_town": "n3385454595", "near_town_name": "筑西市", "wikipedia": "ja:大田郷駅", "osm_id": "n5659797236"}}, {"type": "Feature", "geometry": {"type": "Point", "coordinates": [137.519188, 36.8635893]}, "properties": {"id": "n270014154", "name": "浦山", "name_en": "Urayama", "kind": "station", "operator": null, "network": null, "near_town": "n762306861", "near_town_name": "黒部市", "wikipedia": "ja:浦山駅", "osm_id": "n270014154"}}, {"type": "Feature", "geometry": {"type": "Point", "coordinates": [137.4506283, 36.8747257]}, "properties": {"id": "n270014288", "name": "東三日市", "name_en": "Higashi-Mikkaichi", "kind": "station", "operator": "富山地方鉄道", "network": null, "near_town": "n762306861", "near_town_name": "黒部市", "wikipedia": "ja:東三日市駅", "osm_id": "n270014288"}}, {"type": "Feature", "geometry": {"type": "Point", "coordinates": [137.5056811, 36.8698634]}, "properties": {"id": "n270014377", "name": "栃屋", "name_en": "Tochiya", "kind": "station", "operator": null, "network": null, "near_town": "n762306861", "near_town_name": "黒部市", "wikipedia": "ja:栃屋駅", "osm_id": "n270014377"}}, {"type": "Feature", "geometry": {"type": "Point", "coordinates": [137.4928231, 36.8711382]}, "properties": {"id": "n270014650", "name": "若栗", "name_en": "Wakaguri", "kind": "station", "operator": null, "network": null, "near_town": "n762306861", "near_town_name": "黒部市", "wikipedia": "ja:若栗駅", "osm_id": "n270014650"}}, {"type": "Feature", "geometry": {"type": "Point", "coordinates": [137.443888, 36.8741184]}, "properties": {"id": "n270014677", "name": "電鉄黒部", "name_en": "Dentetsu-Kurobe", "kind": "station", "operator": "富山地方鉄道", "network": null, "near_town": "n762306861", "near_town_name": "黒部市", "wikipedia": "ja:電鉄黒部駅", "osm_id": "n270014677"}}, {"type": "Feature", "geometry": {"type": "Point", "coordinates": [137.4232814, 36.8661893]}, "properties": {"id": "n270014704", "name": "電鉄石田", "name_en": "Dentetsu-Ishida", "kind": "station", "operator": null, "network": null, "near_town": "n762306861", "near_town_name": "黒部市", "wikipedia": "ja:電鉄石田駅", "osm_id": "n270014704"}}, {"type": "Feature", "geometry": {"type": "Point", "coordinates": [137.4163587, 36.8490926]}, "properties": {"id": "n270014747", "name": "経田", "name_en": "Kyoden", "kind": "station", "operator": null, "network": null, "near_town": "n762306861", "near_town_name": "黒部市", "wikipedia": "ja:経田駅", "osm_id": "n270014747"}}, {"type": "Feature", "geometry": {"type": "Point", "coordinates": [137.4594362, 36.8750627]}, "properties": {"id": "n270014774", "name": "荻生", "name_en": "Ogyu", "kind": "station", "operator": null, "network": null, "near_town": "n762306861", "near_town_name": "黒部市", "wikipedia": "ja:荻生駅", "osm_id": "n270014774"}}, {"type": "Feature", "geometry": {"type": "Point", "coordinates": [137.405408, 36.8269242]}, "properties": {"id": "n270014775", "name": "新魚津", "name_en": "Shin-Uozu", "kind": "station", "operator": null, "network": null, "near_town": "n762306861", "near_town_name": "黒部市", "wikipedia": "ja:魚津駅", "osm_id": "n270014775"}}, {"type": "Feature", "geometry": {"type": "Point", "coordinates": [137.4855816, 36.8722021]}, "properties": {"id": "n270014777", "name": "舌山", "name_en": "Shitayama", "kind": "station", "operator": null, "network": null, "near_town": "n762306861", "near_town_name": "黒部市", "wikipedia": "ja:舌山駅", "osm_id": "n270014777"}}, {"type": "Feature", "geometry": {"type": "Point", "coordinates": [137.4703883, 36.8737003]}, "properties": {"id": "n270014779", "name": "長屋", "name_en": "Nagaya", "kind": "station", "operator": null, "network": null, "near_town": "n762306861", "near_town_name": "黒部市", "wikipedia": "ja:長屋駅", "osm_id": "n270014779"}}, {"type": "Feature", "geometry": {"type": "Point", "coordinates": [137.4057296, 36.8264529]}, "properties": {"id": "n6050880711", "name": "魚津", "name_en": "Uozu", "kind": "station", "operator": "あいの風とやま鉄道", "network": null, "near_town": "n762306861", "near_town_name": "黒部市", "wikipedia": "ja:魚津駅", "osm_id": "n6050880711"}}, {"type": "Feature", "geometry": {"type": "Point", "coordinates": [137.4810621, 36.8731731]}, "properties": {"id": "n8142323099", "name": "新黒部", "name_en": "Shin-Kurobe", "kind": "station", "operator": "富山地方鉄道", "network": null, "near_town": "n762306861", "near_town_name": "黒部市", "wikipedia": "ja:新黒部駅", "osm_id": "n8142323099"}}, {"type": "Feature", "geometry": {"type": "Point", "coordinates": [137.4341449, 36.8701841]}, "properties": {"id": "n8153723815", "name": "黒部", "name_en": "Kurobe", "kind": "station", "operator": "あいの風とやま鉄道", "network": null, "near_town": "n762306861", "near_town_name": "黒部市", "wikipedia": "ja:黒部駅", "osm_id": "n8153723815"}}, {"type": "Feature", "geometry": {"type": "Point", "coordinates": [137.426561, 36.9058319]}, "properties": {"id": "n8153723834", "name": "生地", "name_en": "Ikuji", "kind": "halt", "operator": "あいの風とやま鉄道", "network": null, "near_town": "n762306861", "near_town_name": "黒部市", "wikipedia": "ja:生地駅", "osm_id": "n8153723834"}}, {"type": "Feature", "geometry": {"type": "Point", "coordinates": [137.4591055, 36.9301496]}, "properties": {"id": "n8153723835", "name": "西入善", "name_en": "Nishi-Nyuzen", "kind": "halt", "operator": "あいの風とやま鉄道", "network": null, "near_town": "n762306861", "near_town_name": "黒部市", "wikipedia": "ja:西入善駅", "osm_id": "n8153723835"}}, {"type": "Feature", "geometry": {"type": "Point", "coordinates": [137.481437, 36.8743189]}, "properties": {"id": "n11733499148", "name": "黒部宇奈月温泉", "name_en": "Kurobe-Unazuki-Onsen", "kind": "station", "operator": "西日本旅客鉄道", "network": null, "near_town": "n762306861", "near_town_name": "黒部市", "wikipedia": "ja:黒部宇奈月温泉駅", "osm_id": "n11733499148"}}, {"type": "Feature", "geometry": {"type": "Point", "coordinates": [137.8546502, 36.4478797]}, "properties": {"id": "n10942933679", "name": "安曇沓掛", "name_en": "Azumi-Kutsukake", "kind": "station", "operator": null, "network": null, "near_town": "n702987319", "near_town_name": "大町市", "wikipedia": "ja:安曇沓掛駅", "osm_id": "n10942933679"}}, {"type": "Feature", "geometry": {"type": "Point", "coordinates": [137.8471729, 36.4671986]}, "properties": {"id": "n10942933680", "name": "信濃常盤", "name_en": "Shinano-Tokiwa", "kind": "station", "operator": null, "network": null, "near_town": "n702987319", "near_town_name": "大町市", "wikipedia": "ja:信濃常盤駅", "osm_id": "n10942933680"}}, {"type": "Feature", "geometry": {"type": "Point", "coordinates": [137.8562891, 36.4914786]}, "properties": {"id": "n10942933682", "name": "南大町", "name_en": "Minami-Ōmachi", "kind": "station", "operator": null, "network": null, "near_town": "n702987319", "near_town_name": "大町市", "wikipedia": "ja:南大町駅", "osm_id": "n10942933682"}}, {"type": "Feature", "geometry": {"type": "Point", "coordinates": [137.8615603, 36.5000485]}, "properties": {"id": "n10942933690", "name": "信濃大町", "name_en": "Shinano-Ōmachi", "kind": "station", "operator": null, "network": null, "near_town": "n702987319", "near_town_name": "大町市", "wikipedia": "ja:信濃大町駅", "osm_id": "n10942933690"}}, {"type": "Feature", "geometry": {"type": "Point", "coordinates": [137.8579739, 36.5175965]}, "properties": {"id": "n10942947042", "name": "北大町", "name_en": "Kita-Ōmachi", "kind": "station", "operator": null, "network": null, "near_town": "n702987319", "near_town_name": "大町市", "wikipedia": "ja:北大町駅", "osm_id": "n10942947042"}}, {"type": "Feature", "geometry": {"type": "Point", "coordinates": [137.8459689, 36.5357273]}, "properties": {"id": "n10942947043", "name": "信濃木崎", "name_en": "Shinano-Kizaki", "kind": "station", "operator": null, "network": null, "near_town": "n702987319", "near_town_name": "大町市", "wikipedia": "ja:信濃木崎駅", "osm_id": "n10942947043"}}, {"type": "Feature", "geometry": {"type": "Point", "coordinates": [137.8426393, 36.554287]}, "properties": {"id": "n10942947054", "name": "稲尾", "name_en": "Inao", "kind": "station", "operator": null, "network": null, "near_town": "n702987319", "near_town_name": "大町市", "wikipedia": "ja:稲尾駅", "osm_id": "n10942947054"}}, {"type": "Feature", "geometry": {"type": "Point", "coordinates": [137.4004857, 36.8151953]}, "properties": {"id": "n270014158", "name": "電鉄魚津", "name_en": "Dentetsu-Uozu", "kind": "station", "operator": null, "network": null, "near_town": "n762306868", "near_town_name": "魚津市", "wikipedia": "ja:電鉄魚津駅", "osm_id": "n270014158"}}, {"type": "Feature", "geometry": {"type": "Point", "coordinates": [137.3615256, 36.7775547]}, "properties": {"id": "n270014291", "name": "浜加積", "name_en": "Hamakazumi", "kind": "station", "operator": null, "network": null, "near_town": "n762306868", "near_town_name": "魚津市", "wikipedia": "ja:浜加積駅", "osm_id": "n270014291"}}, {"type": "Feature", "geometry": {"type": "Point", "coordinates": [137.3948303, 36.8040958]}, "properties": {"id": "n270014579", "name": "西魚津", "name_en": "Nishi-Uozu", "kind": "station", "operator": null, "network": null, "near_town": "n762306868", "near_town_name": "魚津市", "wikipedia": "ja:西魚津駅", "osm_id": "n270014579"}}, {"type": "Feature", "geometry": {"type": "Point", "coordinates": [137.3717194, 36.7838825]}, "properties": {"id": "n270014924", "name": "早月加積", "name_en": "Hayatsukikazumi", "kind": "station", "operator": null, "network": null, "near_town": "n762306868", "near_town_name": "魚津市", "wikipedia": "ja:早月加積駅", "osm_id": "n270014924"}}, {"type": "Feature", "geometry": {"type": "Point", "coordinates": [137.3824345, 36.7905764]}, "properties": {"id": "n270026300", "name": "越中中村", "name_en": "Etchu-Nakamura", "kind": "station", "operator": null, "network": null, "near_town": "n762306868", "near_town_name": "魚津市", "wikipedia": "ja:越中中村駅", "osm_id": "n270026300"}}, {"type": "Feature", "geometry": {"type": "Point", "coordinates": [137.3786205, 36.7883]}, "properties": {"id": "n8153881916", "name": "東滑川", "name_en": "Higashi-​Namerikawa", "kind": "halt", "operator": "あいの風とやま鉄道", "network": null, "near_town": "n762306868", "near_town_name": "魚津市", "wikipedia": "ja:東滑川駅", "osm_id": "n8153881916"}}, {"type": "Feature", "geometry": {"type": "Point", "coordinates": [137.3509127, 36.7350967]}, "properties": {"id": "n270014089", "name": "中加積", "name_en": "Nakakazumi", "kind": "station", "operator": null, "network": null, "near_town": "n1862512891", "near_town_name": "上市町", "wikipedia": "ja:中加積駅", "osm_id": "n270014089"}}, {"type": "Feature", "geometry": {"type": "Point", "coordinates": [137.3359384, 36.702007]}, "properties": {"id": "n270014093", "name": "相ノ木", "name_en": "Ainoki", "kind": "station", "operator": null, "network": null, "near_town": "n1862512891", "near_town_name": "上市町", "wikipedia": "ja:相ノ木駅", "osm_id": "n270014093"}}, {"type": "Feature", "geometry": {"type": "Point", "coordinates": [137.3423559, 36.7031357]}, "properties": {"id": "n270014114", "name": "新相ノ木", "name_en": "Shin-Ainoki", "kind": "station", "operator": null, "network": null, "near_town": "n1862512891", "near_town_name": "上市町", "wikipedia": "ja:新相ノ木駅", "osm_id": "n270014114"}}, {"type": "Feature", "geometry": {"type": "Point", "coordinates": [137.326918, 36.6997574]}, "properties": {"id": "n270014226", "name": "越中泉", "name_en": "Etchu-Izumi", "kind": "station", "operator": null, "network": null, "near_town": "n1862512891", "near_town_name": "上市町", "wikipedia": "ja:越中泉駅", "osm_id": "n270014226"}}, {"type": "Feature", "geometry": {"type": "Point", "coordinates": [137.3348323, 36.7552056]}, "properties": {"id": "n270014285", "name": "西滑川", "name_en": "Nishi-Namerikawa", "kind": "station", "operator": null, "network": null, "near_town": "n1862512891", "near_town_name": "上市町", "wikipedia": "ja:西滑川駅", "osm_id": "n270014285"}}, {"type": "Feature", "geometry": {"type": "Point", "coordinates": [137.3400834, 36.7466883]}, "properties": {"id": "n270014297", "name": "西加積", "name_en": "Nishi-Kazumi", "kind": "station", "operator": null, "network": null, "near_town": "n1862512891", "near_town_name": "上市町", "wikipedia": "ja:西加積駅", "osm_id": "n270014297"}}, {"type": "Feature", "geometry": {"type": "Point", "coordinates": [137.3510161, 36.717666]}, "properties": {"id": "n270014375", "name": "新宮川", "name_en": "Shin-Miyakawa", "kind": "station", "operator": null, "network": null, "near_town": "n1862512891", "near_town_name": "上市町", "wikipedia": "ja:新宮川駅", "osm_id": "n270014375"}}, {"type": "Feature", "geometry": {"type": "Point", "coordinates": [137.3179114, 36.6476952]}, "properties": {"id": "n270041467", "name": "下段", "name_en": "Shitadan", "kind": "station", "operator": null, "network": null, "near_town": "n1862512891", "near_town_name": "上市町", "wikipedia": "ja:下段駅", "osm_id": "n270041467"}}, {"type": "Feature", "geometry": {"type": "Point", "coordinates": [137.3168003, 36.6575871]}, "properties": {"id": "n270041527", "name": "榎町", "name_en": "Enoki-machi", "kind": "station", "operator": null, "network": null, "near_town": "n1862512891", "near_town_name": "上市町", "wikipedia": "ja:榎町駅", "osm_id": "n270041527"}}, {"type": "Feature", "geometry": {"type": "Point", "coordinates": [137.317776, 36.679431]}, "properties": {"id": "n270041532", "name": "田添", "name_en": "Tazoe", "kind": "station", "operator": null, "network": null, "near_town": "n1862512891", "near_town_name": "上市町", "wikipedia": "ja:田添駅", "osm_id": "n270041532"}}, {"type": "Feature", "geometry": {"type": "Point", "coordinates": [137.3176282, 36.6863119]}, "properties": {"id": "n270041545", "name": "稚子塚", "name_en": "Chigozuka", "kind": "station", "operator": null, "network": null, "near_town": "n1862512891", "near_town_name": "上市町", "wikipedia": "ja:稚子塚駅", "osm_id": "n270041545"}}, {"type": "Feature", "geometry": {"type": "Point", "coordinates": [137.3142786, 36.6654108]}, "properties": {"id": "n270042155", "name": "五百石", "name_en": "Gohyakkoku", "kind": "station", "operator": null, "network": null, "near_town": "n1862512891", "near_town_name": "上市町", "wikipedia": "ja:五百石駅", "osm_id": "n270042155"}}, {"type": "Feature", "geometry": {"type": "Point", "coordinates": [137.3569576, 36.704452]}, "properties": {"id": "n8142027024", "name": "上市", "name_en": "Kamiichi", "kind": "station", "operator": null, "network": null, "near_town": "n1862512891", "near_town_name": "上市町", "wikipedia": "ja:上市駅", "osm_id": "n8142027024"}}, {"type": "Feature", "geometry": {"type": "Point", "coordinates": [137.318645, 36.6988403]}, "properties": {"id": "n8145864795", "name": "寺田", "name_en": "Terada", "kind": "station", "operator": null, "network": null, "near_town": "n1862512891", "near_town_name": "上市町", "wikipedia": "ja:寺田駅 (富山県)", "osm_id": "n8145864795"}}, {"type": "Feature", "geometry": {"type": "Point", "coordinates": [137.3065074, 36.7055715]}, "properties": {"id": "n8145899493", "name": "越中舟橋", "name_en": "Etchu-Funahashi", "kind": "station", "operator": null, "network": null, "near_town": "n1862512891", "near_town_name": "上市町", "wikipedia": "ja:越中舟橋駅", "osm_id": "n8145899493"}}, {"type": "Feature", "geometry": {"type": "Point", "coordinates": [137.2907808, 36.703365]}, "properties": {"id": "n8146161214", "name": "越中三郷", "name_en": "Etchu-Sango", "kind": "station", "operator": null, "network": null, "near_town": "n1862512891", "near_town_name": "上市町", "wikipedia": "ja:越中三郷駅", "osm_id": "n8146161214"}}, {"type": "Feature", "geometry": {"type": "Point", "coordinates": [137.1775885, 36.6996569]}, "properties": {"id": "n267453152", "name": "西富山", "name_en": "Nishi-Toyama", "kind": "station", "operator": null, "network": null, "near_town": "n762306892", "near_town_name": "富山市", "wikipedia": "ja:西富山駅", "osm_id": "n267453152"}}, {"type": "Feature", "geometry": {"type": "Point", "coordinates": [137.1605511, 36.6642284]}, "properties": {"id": "n267453321", "name": "速星", "name_en": "Hayahoshi", "kind": "station", "operator": null, "network": null, "near_town": "n762306892", "near_town_name": "富山市", "wikipedia": "ja:速星駅", "osm_id": "n267453321"}}, {"type": "Feature", "geometry": {"type": "Point", "coordinates": [137.2160983, 36.6986995]}, "properties": {"id": "n270026279", "name": "地鉄ビル前", "name_en": null, "kind": "tram_stop", "operator": "富山地方鉄道", "network": null, "near_town": "n762306892", "near_town_name": "富山市", "wikipedia": "ja:地鉄ビル前停留場", "osm_id": "n270026279"}}, {"type": "Feature", "geometry": {"type": "Point", "coordinates": [137.215683, 36.689826]}, "properties": {"id": "n270026287", "name": "中町(西町北)", "name_en": null, "kind": "tram_stop", "operator": "富山地方鉄道", "network": null, "near_town": "n762306892", "near_town_name": "富山市", "wikipedia": null, "osm_id": "n270026287"}}, {"type": "Feature", "geometry": {"type": "Point", "coordinates": [137.215764, 36.6912572]}, "properties": {"id": "n270026289", "name": "荒町", "name_en": null, "kind": "tram_stop", "operator": "富山地方鉄道", "network": null, "near_town": "n762306892", "near_town_name": "富山市", "wikipedia": null, "osm_id": "n270026289"}}, {"type": "Feature", "geometry": {"type": "Point", "coordinates": [137.2159334, 36.6946836]}, "properties": {"id": "n270026452", "name": "桜橋", "name_en": null, "kind": "tram_stop", "operator": "富山地方鉄道", "network": null, "near_town": "n762306892", "near_town_name": "富山市", "wikipedia": null, "osm_id": "n270026452"}}, {"type": "Feature", "geometry": {"type": "Point", "coordinates": [137.2160548, 36.6968527]}, "properties": {"id": "n270026460", "name": "電気ビル前", "name_en": null, "kind": "tram_stop", "operator": "富山地方鉄道", "network": null, "near_town": "n762306892", "near_town_name": "富山市", "wikipedia": "ja:電気ビル前停留場", "osm_id": "n270026460"}}, {"type": "Feature", "geometry": {"type": "Point", "coordinates": [137.2157612, 36.6861028]}, "properties": {"id": "n270026541", "name": "上本町", "name_en": null, "kind": "tram_stop", "operator": "富山地方鉄道", "network": null, "near_town": "n762306892", "near_town_name": "富山市", "wikipedia": null, "osm_id": "n270026541"}}, {"type": "Feature", "geometry": {"type": "Point", "coordinates": [137.2206674, 36.6706769]}, "properties": {"id": "n270026697", "name": "南富山駅前", "name_en": null, "kind": "tram_stop", "operator": "富山地方鉄道", "network": null, "near_town": "n762306892", "near_town_name": "富山市", "wikipedia": null, "osm_id": "n270026697"}}, {"type": "Feature", "geometry": {"type": "Point", "coordinates": [137.2158865, 36.6834143]}, "properties": {"id": "n270026699", "name": "広貫堂前", "name_en": null, "kind": "tram_stop", "operator": "富山地方鉄道", "network": null, "near_town": "n762306892", "near_town_name": "富山市", "wikipedia": null, "osm_id": "n270026699"}}, {"type": "Feature", "geometry": {"type": "Point", "coordinates": [137.2179382, 36.6782146]}, "properties": {"id": "n270026774", "name": "小泉町", "name_en": null, "kind": "tram_stop", "operator": "富山地方鉄道", "network": null, "near_town": "n762306892", "near_town_name": "富山市", "wikipedia": null, "osm_id": "n270026774"}}, {"type": "Feature", "geometry": {"type": "Point", "coordinates": [137.2194788, 36.6753148]}, "properties": {"id": "n270026777", "name": "堀川小泉", "name_en": null, "kind": "tram_stop", "operator": "富山地方鉄道", "network": null, "near_town": "n762306892", "near_town_name": "富山市", "wikipedia": null, "osm_id": "n270026777"}}, {"type": "Feature", "geometry": {"type": "Point", "coordinates": [137.2207318, 36.6728647]}, "properties": {"id": "n270026942", "name": "大町", "name_en": null, "kind": "tram_stop", "operator": null, "network": null, "near_town": "n762306892", "near_town_name": "富山市", "wikipedia": null, "osm_id": "n270026942"}}, {"type": "Feature", "geometry": {"type": "Point", "coordinates": [137.2167477, 36.6806593]}, "properties": {"id": "n270026978", "name": "西中野", "name_en": null, "kind": "tram_stop", "operator": "富山地方鉄道", "network": null, "near_town": "n762306892", "near_town_name": "富山市", "wikipedia": null, "osm_id": "n270026978"}}, {"type": "Feature", "geometry": {"type": "Point", "coordinates": [137.2204748, 36.6702947]}, "properties": {"id": "n270028149", "name": "南富山", "name_en": "Minami-Toyama", "kind": "station", "operator": null, "network": null, "near_town": "n762306892", "near_town_name": "富山市", "wikipedia": "ja:南富山駅", "osm_id": "n270028149"}}, {"type": "Feature", "geometry": {"type": "Point", "coordinates": [137.232688, 36.6500086]}, "properties": {"id": "n270028156", "name": "小杉", "name_en": "Kosugi", "kind": "station", "operator": null, "network": null, "near_town": "n762306892", "near_town_name": "富山市", "wikipedia": "ja:小杉駅 (富山市)", "osm_id": "n270028156"}}, {"type": "Feature", "geometry": {"type": "Point", "coordinates": [137.2298768, 36.6537488]}, "properties": {"id": "n270028158", "name": "上堀", "name_en": "Kamihori", "kind": "station", "operator": null, "network": null, "near_town": "n762306892", "near_town_name": "富山市", "wikipedia": "ja:上堀駅", "osm_id": "n270028158"}}, {"type": "Feature", "geometry": {"type": "Point", "coordinates": [137.224842, 36.6604912]}, "properties": {"id": "n270028206", "name": "朝菜町", "name_en": "Asana-machi", "kind": "station", "operator": null, "network": null, "near_town": "n762306892", "near_town_name": "富山市", "wikipedia": "ja:朝菜町駅", "osm_id": "n270028206"}}, {"type": "Feature", "geometry": {"type": "Point", "coordinates": [137.2355389, 36.6451354]}, "properties": {"id": "n270028272", "name": "布市", "name_en": "Nunoichi", "kind": "station", "operator": null, "network": null, "near_town": "n762306892", "near_town_name": "富山市", "wikipedia": "ja:布市駅", "osm_id": "n270028272"}}, {"type": "Feature", "geometry": {"type": "Point", "coordinates": [137.2323717, 36.6875313]}, "properties": {"id": "n270028301", "name": "不二越", "name_en": "Fujikoshi", "kind": "station", "operator": null, "network": null, "near_town": "n762306892", "near_town_name": "富山市", "wikipedia": "ja:不二越駅", "osm_id": "n270028301"}}, {"type": "Feature", "geometry": {"type": "Point", "coordinates": [137.228834, 36.6775945]}, "properties": {"id": "n270028324", "name": "大泉", "name_en": "Oizumi", "kind": "station", "operator": null, "network": null, "near_town": "n762306892", "near_town_name": "富山市", "wikipedia": "ja:大泉駅 (富山県)", "osm_id": "n270028324"}}, {"type": "Feature", "geometry": {"type": "Point", "coordinates": [137.1910936, 36.6986682]}, "properties": {"id": "n270029721", "name": "富山大学前", "name_en": "Toyamadaigaku-mae", "kind": "tram_stop", "operator": "富山地方鉄道", "network": null, "near_town": "n762306892", "near_town_name": "富山市", "wikipedia": null, "osm_id": "n270029721"}}, {"type": "Feature", "geometry": {"type": "Point", "coordinates": [137.2064477, 36.692292]}, "properties": {"id": "n270030071", "name": "諏訪川原", "name_en": null, "kind": "tram_stop", "operator": "富山地方鉄道", "network": null, "near_town": "n762306892", "near_town_name": "富山市", "wikipedia": null, "osm_id": "n270030071"}}, {"type": "Feature", "geometry": {"type": "Point", "coordinates": [137.2089382, 36.6924762]}, "properties": {"id": "n270032009", "name": "丸の内", "name_en": null, "kind": "tram_stop", "operator": "富山地方鉄道", "network": null, "near_town": "n762306892", "near_town_name": "富山市", "wikipedia": null, "osm_id": "n270032009"}}, {"type": "Feature", "geometry": {"type": "Point", "coordinates": [137.2097601, 36.6956778]}, "properties": {"id": "n270032041", "name": "県庁前", "name_en": null, "kind": "tram_stop", "operator": "富山地方鉄道", "network": null, "near_town": "n762306892", "near_town_name": "富山市", "wikipedia": null, "osm_id": "n270032041"}}, {"type": "Feature", "geometry": {"type": "Point", "coordinates": [137.2113305, 36.6988081]}, "properties": {"id": "n270032047", "name": "新富町", "name_en": null, "kind": "tram_stop", "operator": "富山地方鉄道", "network": null, "near_town": "n762306892", "near_town_name": "富山市", "wikipedia": null, "osm_id": "n270032047"}}, {"type": "Feature", "geometry": {"type": "Point", "coordinates": [137.2136323, 36.7000366]}, "properties": {"id": "n270032083", "name": "電鉄富山駅・エスタ前", "name_en": "Dentetsu-Toyama-eki esta-mae", "kind": "tram_stop", "operator": "富山地方鉄道", "network": null, "near_town": "n762306892", "near_town_name": "富山市", "wikipedia": "ja:電鉄富山駅・エスタ前停留場", "osm_id": "n270032083"}}, {"type": "Feature", "geometry": {"type": "Point", "coordinates": [137.2283002, 36.7481061]}, "properties": {"id": "n270043102", "name": "萩浦小学校前", "name_en": "Hagiurashōgakkō-mae", "kind": "station", "operator": "富山地方鉄道", "network": null, "near_town": "n762306892", "near_town_name": "富山市", "wikipedia": "ja:萩浦小学校前駅", "osm_id": "n270043102"}}, {"type": "Feature", "geometry": {"type": "Point", "coordinates": [137.2165463, 36.7035923]}, "properties": {"id": "n270043171", "name": "インテック本社前", "name_en": "Intec-Honshamae", "kind": "tram_stop", "operator": "富山地方鉄道", "network": null, "near_town": "n762306892", "near_town_name": "富山市", "wikipedia": "ja:インテック本社前駅", "osm_id": "n270043171"}}, {"type": "Feature", "geometry": {"type": "Point", "coordinates": [137.2058061, 36.6923652]}, "properties": {"id": "n1929957560", "name": "諏訪川原", "name_en": null, "kind": "tram_stop", "operator": "富山地方鉄道", "network": null, "near_town": "n762306892", "near_town_name": "富山市", "wikipedia": null, "osm_id": "n1929957560"}}, {"type": "Feature", "geometry": {"type": "Point", "coordinates": [137.2134829, 36.6889073]}, "properties": {"id": "n2390304799", "name": "グランドプラザ前", "name_en": null, "kind": "tram_stop", "operator": "富山地方鉄道", "network": null, "near_town": "n762306892", "near_town_name": "富山市", "wikipedia": null, "osm_id": "n2390304799"}}, {"type": "Feature", "geometry": {"type": "Point", "coordinates": [137.2113894, 36.6916121]}, "properties": {"id": "n2390304800", "name": "国際会議場前", "name_en": "Kokusai Kaigijo mae", "kind": "tram_stop", "operator": "富山地方鉄道", "network": null, "near_town": "n762306892", "near_town_name": "富山市", "wikipedia": "ja:国際会議場前停留場", "osm_id": "n2390304800"}}, {"type": "Feature", "geometry": {"type": "Point", "coordinates": [137.2113595, 36.689613]}, "properties": {"id": "n2390304801", "name": "大手モール", "name_en": null, "kind": "tram_stop", "operator": "富山地方鉄道", "network": null, "near_town": "n762306892", "near_town_name": "富山市", "wikipedia": null, "osm_id": "n2390304801"}}, {"type": "Feature", "geometry": {"type": "Point", "coordinates": [137.2129394, 36.7015836]}, "properties": {"id": "n2583574180", "name": "富山駅", "name_en": "Toyama-eki", "kind": "tram_stop", "operator": "富山地方鉄道", "network": null, "near_town": "n762306892", "near_town_name": "富山市", "wikipedia": null, "osm_id": "n2583574180"}}, {"type": "Feature", "geometry": {"type": "Point", "coordinates": [137.2156346, 36.688499]}, "properties": {"id": "n2978476466", "name": "西町", "name_en": null, "kind": "tram_stop", "operator": "富山地方鉄道", "network": null, "near_town": "n762306892", "near_town_name": "富山市", "wikipedia": null, "osm_id": "n2978476466"}}, {"type": "Feature", "geometry": {"type": "Point", "coordinates": [137.2043248, 36.6924773]}, "properties": {"id": "n3380915504", "name": "安野屋", "name_en": "Yasunoya", "kind": "tram_stop", "operator": "富山地方鉄道", "network": null, "near_town": "n762306892", "near_town_name": "富山市", "wikipedia": "ja:安野屋停留場", "osm_id": "n3380915504"}}, {"type": "Feature", "geometry": {"type": "Point", "coordinates": [137.2159894, 36.6951521]}, "properties": {"id": "n3380915551", "name": "桜橋", "name_en": null, "kind": "tram_stop", "operator": null, "network": null, "near_town": "n762306892", "near_town_name": "富山市", "wikipedia": null, "osm_id": "n3380915551"}}, {"type": "Feature", "geometry": {"type": "Point", "coordinates": [137.2161072, 36.6973236]}, "properties": {"id": "n3380915573", "name": "電気ビル前", "name_en": null, "kind": "tram_stop", "operator": "富山地方鉄道", "network": null, "near_town": "n762306892", "near_town_name": "富山市", "wikipedia": "ja:電気ビル前停留場", "osm_id": "n3380915573"}}, {"type": "Feature", "geometry": {"type": "Point", "coordinates": [137.1944683, 36.6957055]}, "properties": {"id": "n3380915726", "name": "トヨタモビリティ富山 Gスクエア五福前 (五福末広町)", "name_en": "Toyota Mobility Toyama G Square Gofuku-mae (Gofukusuehirochō)", "kind": "tram_stop", "operator": "富山地方鉄道", "network": null, "near_town": "n762306892", "near_town_name": "富山市", "wikipedia": "ja:トヨタモビリティ富山 Gスクエア五福前（五福末広町）停留場", "osm_id": "n3380915726"}}, {"type": "Feature", "geometry": {"type": "Point", "coordinates": [137.215671, 36.6891238]}, "properties": {"id": "n3380915727", "name": "西町", "name_en": null, "kind": "tram_stop", "operator": "富山地方鉄道", "network": null, "near_town": "n762306892", "near_town_name": "富山市", "wikipedia": null, "osm_id": "n3380915727"}}, {"type": "Feature", "geometry": {"type": "Point", "coordinates": [137.1689864, 36.6781889]}, "properties": {"id": "n3453769459", "name": "婦中鵜坂", "name_en": "Fuchū-Usaka", "kind": "station", "operator": "JR西日本", "network": null, "near_town": "n762306892", "near_town_name": "富山市", "wikipedia": "ja:婦中鵜坂駅", "osm_id": "n3453769459"}}, {"type": "Feature", "geometry": {"type": "Point", "coordinates": [137.213464, 36.7017575]}, "properties": {"id": "n3977703970", "name": "富山", "name_en": "Toyama", "kind": "station", "operator": "あいの風とやま鉄道;西日本旅客鉄道", "network": null, "near_town": "n762306892", "near_town_name": "富山市", "wikipedia": "ja:富山駅", "osm_id": "n3977703970"}}, {"type": "Feature", "geometry": {"type": "Point", "coordinates": [137.2133577, 36.7014249]}, "properties": {"id": "n3977968053", "name": "富山", "name_en": "Toyama", "kind": "station", "operator": "西日本旅客鉄道", "network": null, "near_town": "n762306892", "near_town_name": "富山市", "wikipedia": "ja:富山駅", "osm_id": "n3977968053"}}, {"type": "Feature", "geometry": {"type": "Point", "coordinates": [137.2110356, 36.6983841]}, "properties": {"id": "n5138822995", "name": "新富町", "name_en": null, "kind": "tram_stop", "operator": null, "network": null, "near_town": "n762306892", "near_town_name": "富山市", "wikipedia": null, "osm_id": "n5138822995"}}, {"type": "Feature", "geometry": {"type": "Point", "coordinates": [137.2275798, 36.7425979]}, "properties": {"id": "n5211478960", "name": "蓮町（馬場記念公園前）", "name_en": "Hasumachi (Babakinenkōen-mae)", "kind": "station", "operator": "富山地方鉄道", "network": null, "near_town": "n762306892", "near_town_name": "富山市", "wikipedia": "ja:蓮町（馬場記念公園前）駅", "osm_id": "n5211478960"}}, {"type": "Feature", "geometry": {"type": "Point", "coordinates": [137.2309052, 36.752703]}, "properties": {"id": "n5211622524", "name": "東岩瀬", "name_en": "Higashi-Iwase", "kind": "station", "operator": "富山地方鉄道", "network": null, "near_town": "n762306892", "near_town_name": "富山市", "wikipedia": "ja:東岩瀬駅", "osm_id": "n5211622524"}}, {"type": "Feature", "geometry": {"type": "Point", "coordinates": [137.2128739, 36.7016086]}, "properties": {"id": "n5591348357", "name": "富山駅", "name_en": "Toyama-eki", "kind": "tram_stop", "operator": "富山地方鉄道", "network": null, "near_town": "n762306892", "near_town_name": "富山市", "wikipedia": null, "osm_id": "n5591348357"}}, {"type": "Feature", "geometry": {"type": "Point", "coordinates": [137.2333827, 36.6916369]}, "properties": {"id": "n6342854861", "name": "栄町", "name_en": "Sakaemachi", "kind": "station", "operator": "富山地方鉄道", "network": "富山地方鉄道不二越線", "near_town": "n762306892", "near_town_name": "富山市", "wikipedia": "ja:栄町駅 (富山県)", "osm_id": "n6342854861"}}, {"type": "Feature", "geometry": {"type": "Point", "coordinates": [137.2147348, 36.7004865]}, "properties": {"id": "n8142027028", "name": "電鉄富山", "name_en": "Dentetsu-Toyama", "kind": "station", "operator": null, "network": null, "near_town": "n762306892", "near_town_name": "富山市", "wikipedia": "ja:電鉄富山駅", "osm_id": "n8142027028"}}, {"type": "Feature", "geometry": {"type": "Point", "coordinates": [137.2533064, 36.6987221]}, "properties": {"id": "n8142283005", "name": "東新庄", "name_en": "Higashi-Shinjo", "kind": "station", "operator": null, "network": null, "near_town": "n762306892", "near_town_name": "富山市", "wikipedia": "ja:東新庄駅", "osm_id": "n8142283005"}}, {"type": "Feature", "geometry": {"type": "Point", "coordinates": [137.2315429, 36.6969102]}, "properties": {"id": "n8142283006", "name": "稲荷町", "name_en": "Inari-machi", "kind": "station", "operator": null, "network": null, "near_town": "n762306892", "near_town_name": "富山市", "wikipedia": "ja:稲荷町駅 (富山県)", "osm_id": "n8142283006"}}, {"type": "Feature", "geometry": {"type": "Point", "coordinates": [137.2421899, 36.698036]}, "properties": {"id": "n8146161187", "name": "新庄田中", "name_en": null, "kind": "station", "operator": "富山地方鉄道", "network": null, "near_town": "n762306892", "near_town_name": "富山市", "wikipedia": null, "osm_id": "n8146161187"}}, {"type": "Feature", "geometry": {"type": "Point", "coordinates": [137.2664934, 36.6992145]}, "properties": {"id": "n8146161204", "name": "越中荏原", "name_en": "Etchu-Ebara", "kind": "station", "operator": null, "network": null, "near_town": "n762306892", "near_town_name": "富山市", "wikipedia": "ja:越中荏原駅", "osm_id": "n8146161204"}}, {"type": "Feature", "geometry": {"type": "Point", "coordinates": [137.1657966, 36.719111]}, "properties": {"id": "n8154250381", "name": "呉羽", "name_en": "Kureha", "kind": "station", "operator": "あいの風とやま鉄道", "network": null, "near_town": "n762306892", "near_town_name": "富山市", "wikipedia": "ja:呉羽駅", "osm_id": "n8154250381"}}, {"type": "Feature", "geometry": {"type": "Point", "coordinates": [137.2490215, 36.7412915]}, "properties": {"id": "n8154338342", "name": "東富山", "name_en": "Higashi-Toyama", "kind": "station", "operator": "あいの風とやま鉄道", "network": null, "near_town": "n762306892", "near_town_name": "富山市", "wikipedia": "ja:東富山駅", "osm_id": "n8154338342"}}, {"type": "Feature", "geometry": {"type": "Point", "coordinates": [137.2198142, 36.702988]}, "properties": {"id": "n8781158919", "name": "龍谷富山高校前(永楽町)", "name_en": null, "kind": "tram_stop", "operator": "富山地方鉄道", "network": "富山港線", "near_town": "n762306892", "near_town_name": "富山市", "wikipedia": "ja:龍谷富山高校前（永楽町）停留場", "osm_id": "n8781158919"}}, {"type": "Feature", "geometry": {"type": "Point", "coordinates": [137.2146176, 36.7036399]}, "properties": {"id": "n8781159019", "name": "オークスカナルパークホテル富山前", "name_en": null, "kind": "tram_stop", "operator": "富山地方鉄道", "network": "富山港線", "near_town": "n762306892", "near_town_name": "富山市", "wikipedia": "ja:オークスカナルパークホテル富山前停留場", "osm_id": "n8781159019"}}, {"type": "Feature", "geometry": {"type": "Point", "coordinates": [137.2405803, 36.7192289]}, "properties": {"id": "n9572307645", "name": "新富山口", "name_en": "Shin-Toyamaguchi", "kind": "halt", "operator": null, "network": null, "near_town": "n762306892", "near_town_name": "富山市", "wikipedia": "ja:新富山口駅", "osm_id": "n9572307645"}}, {"type": "Feature", "geometry": {"type": "Point", "coordinates": [137.1944148, 36.6956908]}, "properties": {"id": "n9969553898", "name": "トヨタモビリティ富山 Gスクエア五福前 (五福末広町)", "name_en": "Toyota Mobility Toyama G Square Gofuku-mae (Gofukusuehirochō)", "kind": "tram_stop", "operator": "富山地方鉄道", "network": null, "near_town": "n762306892", "near_town_name": "富山市", "wikipedia": "ja:トヨタモビリティ富山 Gスクエア五福前（五福末広町）停留場", "osm_id": "n9969553898"}}, {"type": "Feature", "geometry": {"type": "Point", "coordinates": [137.2131338, 36.7018976]}, "properties": {"id": "n13758880461", "name": "富山駅", "name_en": "Toyama-eki", "kind": "tram_stop", "operator": "富山地方鉄道", "network": null, "near_town": "n762306892", "near_town_name": "富山市", "wikipedia": null, "osm_id": "n13758880461"}}, {"type": "Feature", "geometry": {"type": "Point", "coordinates": [137.2130669, 36.701922]}, "properties": {"id": "n13758880462", "name": "富山駅", "name_en": "Toyama-eki", "kind": "tram_stop", "operator": "富山地方鉄道", "network": null, "near_town": "n762306892", "near_town_name": "富山市", "wikipedia": null, "osm_id": "n13758880462"}}, {"type": "Feature", "geometry": {"type": "Point", "coordinates": [137.223568, 36.7035655]}, "properties": {"id": "n13758880569", "name": "奥田中学校前", "name_en": "Okuda-Chugakko-Mae", "kind": "station", "operator": "富山地方鉄道", "network": null, "near_town": "n762306892", "near_town_name": "富山市", "wikipedia": "ja:奥田中学校前駅", "osm_id": "n13758880569"}}, {"type": "Feature", "geometry": {"type": "Point", "coordinates": [137.2158181, 36.6991563]}, "properties": {"id": "n13758883842", "name": "地鉄ビル前", "name_en": null, "kind": "tram_stop", "operator": "富山地方鉄道", "network": null, "near_town": "n762306892", "near_town_name": "富山市", "wikipedia": "ja:地鉄ビル前停留場", "osm_id": "n13758883842"}}, {"type": "Feature", "geometry": {"type": "Point", "coordinates": [137.2140261, 36.6998973]}, "properties": {"id": "n13758883853", "name": "電鉄富山駅・エスタ前", "name_en": "Dentetsu-Toyama-eki esta-mae", "kind": "tram_stop", "operator": "富山地方鉄道", "network": null, "near_town": "n762306892", "near_town_name": "富山市", "wikipedia": "ja:電鉄富山駅・エスタ前停留場", "osm_id": "n13758883853"}}, {"type": "Feature", "geometry": {"type": "Point", "coordinates": [137.226617, 36.7352875]}, "properties": {"id": "n13781640570", "name": "犬島新町", "name_en": "Inujima-Shimmachi", "kind": "station", "operator": "富山地方鉄道", "network": null, "near_town": "n762306892", "near_town_name": "富山市", "wikipedia": "ja:犬島新町駅", "osm_id": "n13781640570"}}, {"type": "Feature", "geometry": {"type": "Point", "coordinates": [137.2260799, 36.7311952]}, "properties": {"id": "n13781640801", "name": "城川原", "name_en": "Jogawara", "kind": "station", "operator": "富山地方鉄道", "network": null, "near_town": "n762306892", "near_town_name": "富山市", "wikipedia": "ja:城川原駅", "osm_id": "n13781640801"}}, {"type": "Feature", "geometry": {"type": "Point", "coordinates": [137.2245799, 36.7120496]}, "properties": {"id": "n13781641120", "name": "下奥井", "name_en": "Shimookui", "kind": "station", "operator": "富山地方鉄道", "network": null, "near_town": "n762306892", "near_town_name": "富山市", "wikipedia": "ja:下奥井駅", "osm_id": "n13781641120"}}, {"type": "Feature", "geometry": {"type": "Point", "coordinates": [137.2248361, 36.7192411]}, "properties": {"id": "n13781641210", "name": "粟島 (大阪屋ショップ前)", "name_en": "Awajima", "kind": "station", "operator": "富山地方鉄道", "network": null, "near_town": "n762306892", "near_town_name": "富山市", "wikipedia": "ja:粟島（大阪屋ショップ前）駅", "osm_id": "n13781641210"}}, {"type": "Feature", "geometry": {"type": "Point", "coordinates": [137.224891, 36.7225251]}, "properties": {"id": "n13781648012", "name": "越中中島", "name_en": "Etchu-Nakajima", "kind": "station", "operator": "富山地方鉄道", "network": null, "near_town": "n762306892", "near_town_name": "富山市", "wikipedia": "ja:越中中島駅", "osm_id": "n13781648012"}}, {"type": "Feature", "geometry": {"type": "Point", "coordinates": [137.8784072, 36.3594344]}, "properties": {"id": "n265029386", "name": "有明", "name_en": "Ariake", "kind": "station", "operator": null, "network": null, "near_town": "n702987365", "near_town_name": "安曇野市", "wikipedia": "ja:有明駅 (長野県)", "osm_id": "n265029386"}}, {"type": "Feature", "geometry": {"type": "Point", "coordinates": [137.9316008, 36.2463693]}, "properties": {"id": "n6110366066", "name": "島高松", "name_en": "Shimatakamatsu", "kind": "station", "operator": null, "network": null, "near_town": "n702987365", "near_town_name": "安曇野市", "wikipedia": "ja:島高松駅", "osm_id": "n6110366066"}}, {"type": "Feature", "geometry": {"type": "Point", "coordinates": [137.9180932, 36.250318]}, "properties": {"id": "n6110464588", "name": "梓橋", "name_en": "Azusabashi", "kind": "station", "operator": null, "network": null, "near_town": "n702987365", "near_town_name": "安曇野市", "wikipedia": "ja:梓橋駅", "osm_id": "n6110464588"}}, {"type": "Feature", "geometry": {"type": "Point", "coordinates": [137.9042034, 36.2597548]}, "properties": {"id": "n6110464611", "name": "一日市場", "name_en": "Hitoichiba", "kind": "station", "operator": null, "network": null, "near_town": "n702987365", "near_town_name": "安曇野市", "wikipedia": "ja:一日市場駅", "osm_id": "n6110464611"}}, {"type": "Feature", "geometry": {"type": "Point", "coordinates": [137.900805, 36.300236]}, "properties": {"id": "n6110498863", "name": "豊科", "name_en": "Toyoshina", "kind": "station", "operator": null, "network": null, "near_town": "n702987365", "near_town_name": "安曇野市", "wikipedia": "ja:豊科駅", "osm_id": "n6110498863"}}, {"type": "Feature", "geometry": {"type": "Point", "coordinates": [137.9034132, 36.2915817]}, "properties": {"id": "n6110498882", "name": "南豊科", "name_en": "Minami-Toyoshina", "kind": "station", "operator": null, "network": null, "near_town": "n702987365", "near_town_name": "安曇野市", "wikipedia": "ja:南豊科駅", "osm_id": "n6110498882"}}, {"type": "Feature", "geometry": {"type": "Point", "coordinates": [137.9032901, 36.2733565]}, "properties": {"id": "n6110499796", "name": "中萱", "name_en": "Nakagaya", "kind": "station", "operator": null, "network": null, "near_town": "n702987365", "near_town_name": "安曇野市", "wikipedia": "ja:中萱駅", "osm_id": "n6110499796"}}, {"type": "Feature", "geometry": {"type": "Point", "coordinates": [137.8817573, 36.339565]}, "properties": {"id": "n7054262349", "name": "穂高", "name_en": "Hotaka", "kind": "station", "operator": null, "network": null, "near_town": "n702987365", "near_town_name": "安曇野市", "wikipedia": "ja:穂高駅", "osm_id": "n7054262349"}}, {"type": "Feature", "geometry": {"type": "Point", "coordinates": [137.9411696, 36.300698]}, "properties": {"id": "n8010387840", "name": "田沢", "name_en": "Tazawa", "kind": "station", "operator": null, "network": null, "near_town": "n702987365", "near_town_name": "安曇野市", "wikipedia": "ja:田沢駅", "osm_id": "n8010387840"}}, {"type": "Feature", "geometry": {"type": "Point", "coordinates": [137.9305413, 36.3542879]}, "properties": {"id": "n8010418068", "name": "明科", "name_en": "Akashina", "kind": "station", "operator": null, "network": null, "near_town": "n702987365", "near_town_name": "安曇野市", "wikipedia": "ja:明科駅", "osm_id": "n8010418068"}}, {"type": "Feature", "geometry": {"type": "Point", "coordinates": [137.8882536, 36.3230992]}, "properties": {"id": "n10942933656", "name": "柏矢町", "name_en": "Hakuyachō", "kind": "station", "operator": null, "network": null, "near_town": "n702987365", "near_town_name": "安曇野市", "wikipedia": "ja:柏矢町駅", "osm_id": "n10942933656"}}, {"type": "Feature", "geometry": {"type": "Point", "coordinates": [137.8731033, 36.3714275]}, "properties": {"id": "n9779036894", "name": "安曇追分", "name_en": "Azumi-Oiwake", "kind": "station", "operator": null, "network": null, "near_town": "n702987373", "near_town_name": "池田町", "wikipedia": "ja:安曇追分駅", "osm_id": "n9779036894"}}, {"type": "Feature", "geometry": {"type": "Point", "coordinates": [137.8656351, 36.3970063]}, "properties": {"id": "n10942933675", "name": "細野", "name_en": "Hosono", "kind": "station", "operator": null, "network": null, "near_town": "n702987373", "near_town_name": "池田町", "wikipedia": "ja:細野駅", "osm_id": "n10942933675"}}, {"type": "Feature", "geometry": {"type": "Point", "coordinates": [137.8628424, 36.406168]}, "properties": {"id": "n10942933676", "name": "北細野", "name_en": "Kita-Hosono", "kind": "station", "operator": null, "network": null, "near_town": "n702987373", "near_town_name": "池田町", "wikipedia": "ja:北細野駅", "osm_id": "n10942933676"}}, {"type": "Feature", "geometry": {"type": "Point", "coordinates": [137.8584757, 36.4252515]}, "properties": {"id": "n10942933677", "name": "信濃松川", "name_en": "Shinano-Matsukawa", "kind": "station", "operator": null, "network": null, "near_town": "n702987373", "near_town_name": "池田町", "wikipedia": "ja:信濃松川駅", "osm_id": "n10942933677"}}, {"type": "Feature", "geometry": {"type": "Point", "coordinates": [137.9608288, 36.2372268]}, "properties": {"id": "n4058909982", "name": "北松本", "name_en": "Kita-Matsumoto", "kind": "station", "operator": null, "network": null, "near_town": "n470328639", "near_town_name": "松本市", "wikipedia": "ja:北松本駅", "osm_id": "n4058909982"}}, {"type": "Feature", "geometry": {"type": "Point", "coordinates": [137.9692402, 36.2096622]}, "properties": {"id": "n4058909983", "name": "南松本", "name_en": "Minami-Matsumoto", "kind": "station", "operator": null, "network": null, "near_town": "n470328639", "near_town_name": "松本市", "wikipedia": "ja:南松本駅", "osm_id": "n4058909983"}}, {"type": "Feature", "geometry": {"type": "Point", "coordinates": [137.9644409, 36.2307332]}, "properties": {"id": "n6036834287", "name": "松本", "name_en": "Matsumoto", "kind": "station", "operator": "東日本旅客鉄道;アルピコ交通", "network": null, "near_town": "n470328639", "near_town_name": "松本市", "wikipedia": "ja:松本駅", "osm_id": "n6036834287"}}, {"type": "Feature", "geometry": {"type": "Point", "coordinates": [137.9562771, 36.2271235]}, "properties": {"id": "n6039289000", "name": "渚", "name_en": "Nagisa", "kind": "station", "operator": null, "network": null, "near_town": "n470328639", "near_town_name": "松本市", "wikipedia": "ja:渚駅 (長野県)", "osm_id": "n6039289000"}}, {"type": "Feature", "geometry": {"type": "Point", "coordinates": [137.9633313, 36.227103]}, "properties": {"id": "n6039289003", "name": "西松本", "name_en": "Nishi-Matsumoto", "kind": "station", "operator": null, "network": null, "near_town": "n470328639", "near_town_name": "松本市", "wikipedia": "ja:西松本駅", "osm_id": "n6039289003"}}, {"type": "Feature", "geometry": {"type": "Point", "coordinates": [137.9053487, 36.2165326]}, "properties": {"id": "n6039888945", "name": "新村", "name_en": "Niimura", "kind": "station", "operator": null, "network": null, "near_town": "n470328639", "near_town_name": "松本市", "wikipedia": "ja:新村駅 (長野県)", "osm_id": "n6039888945"}}, {"type": "Feature", "geometry": {"type": "Point", "coordinates": [137.9138842, 36.2197114]}, "properties": {"id": "n6039888946", "name": "北新・松本大学前", "name_en": "Kitanii / Matsumoto Univ.", "kind": "station", "operator": null, "network": null, "near_town": "n470328639", "near_town_name": "松本市", "wikipedia": "ja:北新・松本大学前駅", "osm_id": "n6039888946"}}, {"type": "Feature", "geometry": {"type": "Point", "coordinates": [137.9222513, 36.2251053]}, "properties": {"id": "n6039904927", "name": "下新", "name_en": "Shimonii", "kind": "station", "operator": null, "network": null, "near_town": "n470328639", "near_town_name": "松本市", "wikipedia": "ja:下新駅", "osm_id": "n6039904927"}}, {"type": "Feature", "geometry": {"type": "Point", "coordinates": [137.9416738, 36.2270191]}, "properties": {"id": "n6039904932", "name": "大庭", "name_en": "Oniwa", "kind": "station", "operator": null, "network": null, "near_town": "n470328639", "near_town_name": "松本市", "wikipedia": "ja:大庭駅", "osm_id": "n6039904932"}}, {"type": "Feature", "geometry": {"type": "Point", "coordinates": [137.9489765, 36.2288912]}, "properties": {"id": "n6039904940", "name": "信濃荒井", "name_en": "Shinano-Arai", "kind": "station", "operator": null, "network": null, "near_town": "n470328639", "near_town_name": "松本市", "wikipedia": "ja:信濃荒井駅", "osm_id": "n6039904940"}}, {"type": "Feature", "geometry": {"type": "Point", "coordinates": [137.9450869, 36.2469638]}, "properties": {"id": "n6110354080", "name": "島内", "name_en": "Shimauchi", "kind": "station", "operator": null, "network": null, "near_town": "n470328639", "near_town_name": "松本市", "wikipedia": "ja:島内駅", "osm_id": "n6110354080"}}, {"type": "Feature", "geometry": {"type": "Point", "coordinates": [137.9625257, 36.1915815]}, "properties": {"id": "n9011875314", "name": "平田", "name_en": "Hirata", "kind": "station", "operator": null, "network": null, "near_town": "n470328639", "near_town_name": "松本市", "wikipedia": null, "osm_id": "n9011875314"}}, {"type": "Feature", "geometry": {"type": "Point", "coordinates": [137.2395509, 35.8058151]}, "properties": {"id": "n265832445", "name": "下呂", "name_en": "Gero", "kind": "station", "operator": null, "network": null, "near_town": "n1862764750", "near_town_name": "下呂市", "wikipedia": "ja:下呂駅", "osm_id": "n265832445"}}, {"type": "Feature", "geometry": {"type": "Point", "coordinates": [137.2253071, 35.8489993]}, "properties": {"id": "n265834376", "name": "禅昌寺", "name_en": "Zenshoji", "kind": "station", "operator": null, "network": null, "near_town": "n1862764750", "near_town_name": "下呂市", "wikipedia": "ja:禅昌寺駅", "osm_id": "n265834376"}}, {"type": "Feature", "geometry": {"type": "Point", "coordinates": [137.6931498, 35.8440374]}, "properties": {"id": "n4385635806", "name": "木曽福島駅前", "name_en": null, "kind": "bus_station", "operator": null, "network": null, "near_town": "n702987309", "near_town_name": "木曽町", "wikipedia": null, "osm_id": "n4385635806"}}, {"type": "Feature", "geometry": {"type": "Point", "coordinates": [137.7415985, 35.8712077]}, "properties": {"id": "n6022884037", "name": "原野", "name_en": "Harano", "kind": "station", "operator": null, "network": null, "near_town": "n702987309", "near_town_name": "木曽町", "wikipedia": "ja:原野駅", "osm_id": "n6022884037"}}, {"type": "Feature", "geometry": {"type": "Point", "coordinates": [137.693597, 35.8439371]}, "properties": {"id": "n6025282798", "name": "木曽福島", "name_en": "Kiso-Fukushima", "kind": "station", "operator": null, "network": null, "near_town": "n702987309", "near_town_name": "木曽町", "wikipedia": "ja:木曽福島駅", "osm_id": "n6025282798"}}, {"type": "Feature", "geometry": {"type": "Point", "coordinates": [137.6932571, 35.7840442]}, "properties": {"id": "n6033821064", "name": "上松", "name_en": "Agematsu", "kind": "station", "operator": "東海旅客鉄道", "network": "CF 中央本線", "near_town": "n702987309", "near_town_name": "木曽町", "wikipedia": "ja:上松駅", "osm_id": "n6033821064"}}, {"type": "Feature", "geometry": {"type": "Point", "coordinates": [137.7142695, 35.7330676]}, "properties": {"id": "n6033943472", "name": "倉本", "name_en": "Kuramoto", "kind": "station", "operator": null, "network": null, "near_town": "n702987312", "near_town_name": "上松町", "wikipedia": "ja:倉本駅", "osm_id": "n6033943472"}}, {"type": "Feature", "geometry": {"type": "Point", "coordinates": [137.9477924, 36.1143838]}, "properties": {"id": "n4058389350", "name": "塩尻", "name_en": "Shiojiri", "kind": "station", "operator": "東日本旅客鉄道", "network": null, "near_town": "n702987349", "near_town_name": "塩尻市", "wikipedia": "ja:塩尻駅", "osm_id": "n4058389350"}}, {"type": "Feature", "geometry": {"type": "Point", "coordinates": [137.9495428, 36.1481698]}, "properties": {"id": "n4058433595", "name": "広丘", "name_en": "Hirooka", "kind": "station", "operator": "東日本旅客鉄道", "network": null, "near_town": "n702987349", "near_town_name": "塩尻市", "wikipedia": "ja:広丘駅", "osm_id": "n4058433595"}}, {"type": "Feature", "geometry": {"type": "Point", "coordinates": [137.9165375, 36.0869666]}, "properties": {"id": "n5966364184", "name": "洗馬", "name_en": "Seba", "kind": "station", "operator": null, "network": null, "near_town": "n702987349", "near_town_name": "塩尻市", "wikipedia": "ja:洗馬駅", "osm_id": "n5966364184"}}, {"type": "Feature", "geometry": {"type": "Point", "coordinates": [137.9821162, 36.0940401]}, "properties": {"id": "n5966575425", "name": "みどり湖", "name_en": "Midoriko", "kind": "station", "operator": null, "network": null, "near_town": "n702987349", "near_town_name": "塩尻市", "wikipedia": "ja:みどり湖駅", "osm_id": "n5966575425"}}, {"type": "Feature", "geometry": {"type": "Point", "coordinates": [137.9563918, 36.1751334]}, "properties": {"id": "n7556219109", "name": "村井", "name_en": "Murai", "kind": "station", "operator": "東日本旅客鉄道", "network": null, "near_town": "n702987349", "near_town_name": "塩尻市", "wikipedia": "ja:村井駅", "osm_id": "n7556219109"}}, {"type": "Feature", "geometry": {"type": "Point", "coordinates": [138.0219493, 36.0331283]}, "properties": {"id": "n264822834", "name": "川岸", "name_en": "Kawagishi", "kind": "station", "operator": null, "network": null, "near_town": "n702987348", "near_town_name": "岡谷市", "wikipedia": "ja:川岸駅", "osm_id": "n264822834"}}, {"type": "Feature", "geometry": {"type": "Point", "coordinates": [138.0848582, 36.0720188]}, "properties": {"id": "n5982703134", "name": "下諏訪", "name_en": "Shimo-Suwa", "kind": "station", "operator": null, "network": null, "near_town": "n702987348", "near_town_name": "岡谷市", "wikipedia": "ja:下諏訪駅", "osm_id": "n5982703134"}}, {"type": "Feature", "geometry": {"type": "Point", "coordinates": [138.1162602, 36.0466419]}, "properties": {"id": "n5982703164", "name": "上諏訪", "name_en": "Kami-Suwa", "kind": "station", "operator": "JR東日本", "network": "中央線", "near_town": "n702987348", "near_town_name": "岡谷市", "wikipedia": "ja:上諏訪駅", "osm_id": "n5982703164"}}, {"type": "Feature", "geometry": {"type": "Point", "coordinates": [138.0447578, 36.056577]}, "properties": {"id": "n9610378631", "name": "岡谷", "name_en": "Okaya", "kind": "station", "operator": null, "network": null, "near_town": "n702987348", "near_town_name": "岡谷市", "wikipedia": "ja:岡谷駅", "osm_id": "n9610378631"}}, {"type": "Feature", "geometry": {"type": "Point", "coordinates": [138.1523145, 35.994339]}, "properties": {"id": "n5982506134", "name": "茅野", "name_en": "Chino", "kind": "station", "operator": null, "network": null, "near_town": "n702987350", "near_town_name": "諏訪市", "wikipedia": "ja:茅野駅", "osm_id": "n5982506134"}}, {"type": "Feature", "geometry": {"type": "Point", "coordinates": [138.197806, 35.9423707]}, "properties": {"id": "n5982438120", "name": "青柳", "name_en": "Aoyagi", "kind": "station", "operator": null, "network": null, "near_town": "n702987356", "near_town_name": "茅野市", "wikipedia": "ja:青柳駅", "osm_id": "n5982438120"}}, {"type": "Feature", "geometry": {"type": "Point", "coordinates": [138.4332556, 35.7371514]}, "properties": {"id": "n264818413", "name": "新府", "name_en": "Shimpu", "kind": "station", "operator": null, "network": null, "near_town": "n1788978271", "near_town_name": "北杜市", "wikipedia": "ja:新府駅", "osm_id": "n264818413"}}, {"type": "Feature", "geometry": {"type": "Point", "coordinates": [138.39477, 35.790032]}, "properties": {"id": "n5969088998", "name": "日野春", "name_en": "Hinoharu", "kind": "station", "operator": null, "network": null, "near_town": "n1788978271", "near_town_name": "北杜市", "wikipedia": "ja:日野春駅", "osm_id": "n5969088998"}}, {"type": "Feature", "geometry": {"type": "Point", "coordinates": [138.414278, 35.7511531]}, "properties": {"id": "n9938276625", "name": "穴山", "name_en": "Anayama", "kind": "station", "operator": null, "network": null, "near_town": "n1788978271", "near_town_name": "北杜市", "wikipedia": "ja:穴山駅", "osm_id": "n9938276625"}}, {"type": "Feature", "geometry": {"type": "Point", "coordinates": [139.083122, 35.9902119]}, "properties": {"id": "n503873207", "name": "西武秩父", "name_en": "Seibu-Chichibu", "kind": "station", "operator": null, "network": null, "near_town": "n248008276", "near_town_name": "秩父市", "wikipedia": "ja:西武秩父駅", "osm_id": "n503873207"}}, {"type": "Feature", "geometry": {"type": "Point", "coordinates": [139.0859462, 35.9985854]}, "properties": {"id": "n503885134", "name": "秩父", "name_en": "Chichibu", "kind": "station", "operator": null, "network": null, "near_town": "n248008276", "near_town_name": "秩父市", "wikipedia": "ja:秩父駅", "osm_id": "n503885134"}}, {"type": "Feature", "geometry": {"type": "Point", "coordinates": [139.0940304, 36.0186166]}, "properties": {"id": "n503885910", "name": "大野原", "name_en": "Onohara", "kind": "station", "operator": null, "network": null, "near_town": "n248008276", "near_town_name": "秩父市", "wikipedia": "ja:大野原駅", "osm_id": "n503885910"}}, {"type": "Feature", "geometry": {"type": "Point", "coordinates": [139.0354128, 35.9583654]}, "properties": {"id": "n503886125", "name": "武州中川", "name_en": "Busyu-Nakagawa", "kind": "station", "operator": null, "network": null, "near_town": "n248008276", "near_town_name": "秩父市", "wikipedia": "ja:武州中川駅", "osm_id": "n503886125"}}, {"type": "Feature", "geometry": {"type": "Point", "coordinates": [139.0683811, 35.9721258]}, "properties": {"id": "n503886320", "name": "影森", "name_en": "Kagemori", "kind": "station", "operator": null, "network": null, "near_town": "n248008276", "near_town_name": "秩父市", "wikipedia": "ja:影森駅", "osm_id": "n503886320"}}, {"type": "Feature", "geometry": {"type": "Point", "coordinates": [139.0583697, 35.9640037]}, "properties": {"id": "n503886443", "name": "浦山口", "name_en": "Urayamaguchi", "kind": "station", "operator": null, "network": null, "near_town": "n248008276", "near_town_name": "秩父市", "wikipedia": "ja:浦山口駅", "osm_id": "n503886443"}}, {"type": "Feature", "geometry": {"type": "Point", "coordinates": [139.0977904, 35.9852772]}, "properties": {"id": "n5861124168", "name": "横瀬", "name_en": "Yokoze", "kind": "station", "operator": null, "network": null, "near_town": "n248008276", "near_town_name": "秩父市", "wikipedia": "ja:横瀬駅", "osm_id": "n5861124168"}}, {"type": "Feature", "geometry": {"type": "Point", "coordinates": [139.0837636, 35.9925066]}, "properties": {"id": "n5861124169", "name": "御花畑", "name_en": "Ohanabatake", "kind": "station", "operator": null, "network": null, "near_town": "n248008276", "near_town_name": "秩父市", "wikipedia": "ja:御花畑駅", "osm_id": "n5861124169"}}, {"type": "Feature", "geometry": {"type": "Point", "coordinates": [139.1367153, 35.9768873]}, "properties": {"id": "n7966871849", "name": "芦ヶ久保", "name_en": "Ashigakubo", "kind": "station", "operator": null, "network": null, "near_town": "n248008276", "near_town_name": "秩父市", "wikipedia": "ja:芦ヶ久保駅", "osm_id": "n7966871849"}}, {"type": "Feature", "geometry": {"type": "Point", "coordinates": [139.1017105, 36.0469146]}, "properties": {"id": "n9920471133", "name": "和銅黒谷", "name_en": "Wado-Kuroya", "kind": "station", "operator": null, "network": null, "near_town": "n248008276", "near_town_name": "秩父市", "wikipedia": "ja:和銅黒谷駅", "osm_id": "n9920471133"}}, {"type": "Feature", "geometry": {"type": "Point", "coordinates": [138.9933278, 35.9589194]}, "properties": {"id": "n503886115", "name": "白久", "name_en": "Shiroku", "kind": "station", "operator": null, "network": null, "near_town": "n863479149", "near_town_name": "小鹿野町", "wikipedia": "ja:白久駅", "osm_id": "n503886115"}}, {"type": "Feature", "geometry": {"type": "Point", "coordinates": [138.9790441, 35.9600528]}, "properties": {"id": "n503886681", "name": "三峰口", "name_en": "Mitsumineguchi", "kind": "station", "operator": null, "network": null, "near_town": "n863479149", "near_town_name": "小鹿野町", "wikipedia": "ja:三峰口駅", "osm_id": "n503886681"}}, {"type": "Feature", "geometry": {"type": "Point", "coordinates": [139.1613433, 35.7960037]}, "properties": {"id": "n722188489", "name": "滝本", "name_en": "Takimoto", "kind": "station", "operator": null, "network": null, "near_town": "n1513663380", "near_town_name": "奥多摩町", "wikipedia": "ja:御岳登山鉄道の駅", "osm_id": "n722188489"}}, {"type": "Feature", "geometry": {"type": "Point", "coordinates": [139.1536401, 35.7897155]}, "properties": {"id": "n722188531", "name": "御岳山", "name_en": "Mount Mitake", "kind": "station", "operator": null, "network": null, "near_town": "n1513663380", "near_town_name": "奥多摩町", "wikipedia": "ja:御岳登山鉄道の駅", "osm_id": "n722188531"}}, {"type": "Feature", "geometry": {"type": "Point", "coordinates": [139.1287096, 35.8150523]}, "properties": {"id": "n4351266480", "name": "鳩ノ巣", "name_en": "Hatonosu", "kind": "station", "operator": null, "network": null, "near_town": "n1513663380", "near_town_name": "奥多摩町", "wikipedia": "ja:鳩ノ巣駅", "osm_id": "n4351266480"}}, {"type": "Feature", "geometry": {"type": "Point", "coordinates": [139.1640333, 35.8137516]}, "properties": {"id": "n4351266689", "name": "川井", "name_en": "Kawai", "kind": "station", "operator": null, "network": null, "near_town": "n1513663380", "near_town_name": "奥多摩町", "wikipedia": "ja:川井駅", "osm_id": "n4351266689"}}, {"type": "Feature", "geometry": {"type": "Point", "coordinates": [139.152088, 35.8162013]}, "properties": {"id": "n4351266690", "name": "古里", "name_en": "Kori", "kind": "station", "operator": null, "network": null, "near_town": "n1513663380", "near_town_name": "奥多摩町", "wikipedia": "ja:古里駅 (東京都)", "osm_id": "n4351266690"}}, {"type": "Feature", "geometry": {"type": "Point", "coordinates": [139.0966838, 35.8092044]}, "properties": {"id": "n4351266697", "name": "奥多摩", "name_en": "Oku-Tama", "kind": "station", "operator": null, "network": null, "near_town": "n1513663380", "near_town_name": "奥多摩町", "wikipedia": "ja:奥多摩駅", "osm_id": "n4351266697"}}, {"type": "Feature", "geometry": {"type": "Point", "coordinates": [139.1147877, 35.811886]}, "properties": {"id": "n4351266702", "name": "白丸", "name_en": "Shiromaru", "kind": "station", "operator": null, "network": null, "near_town": "n1513663380", "near_town_name": "奥多摩町", "wikipedia": "ja:白丸駅 (東京都)", "osm_id": "n4351266702"}}, {"type": "Feature", "geometry": {"type": "Point", "coordinates": [138.7344393, 35.7051349]}, "properties": {"id": "n3114434453", "name": "塩山駅南口", "name_en": null, "kind": "bus_station", "operator": null, "network": null, "near_town": "n3457555438", "near_town_name": "甲州市", "wikipedia": null, "osm_id": "n3114434453"}}, {"type": "Feature", "geometry": {"type": "Point", "coordinates": [138.6830069, 35.6849247]}, "properties": {"id": "n3730397976", "name": "山梨市", "name_en": "Yamanashishi", "kind": "station", "operator": null, "network": null, "near_town": "n3457555438", "near_town_name": "甲州市", "wikipedia": "ja:山梨市駅", "osm_id": "n3730397976"}}, {"type": "Feature", "geometry": {"type": "Point", "coordinates": [138.7432213, 35.6723574]}, "properties": {"id": "n5980951958", "name": "勝沼ぶどう郷", "name_en": "Katsunumabudokyo", "kind": "station", "operator": null, "network": null, "near_town": "n3457555438", "near_town_name": "甲州市", "wikipedia": "ja:勝沼ぶどう郷駅", "osm_id": "n5980951958"}}, {"type": "Feature", "geometry": {"type": "Point", "coordinates": [138.7341835, 35.7054703]}, "properties": {"id": "n5980952096", "name": "塩山", "name_en": "Enzan", "kind": "station", "operator": null, "network": null, "near_town": "n3457555438", "near_town_name": "甲州市", "wikipedia": "ja:塩山駅", "osm_id": "n5980952096"}}, {"type": "Feature", "geometry": {"type": "Point", "coordinates": [138.7027841, 35.6941802]}, "properties": {"id": "n5980952103", "name": "東山梨", "name_en": "Higashi-Yamanashi", "kind": "station", "operator": null, "network": null, "near_town": "n3457555438", "near_town_name": "甲州市", "wikipedia": "ja:東山梨駅", "osm_id": "n5980952103"}}, {"type": "Feature", "geometry": {"type": "Point", "coordinates": [138.6353509, 35.657604]}, "properties": {"id": "n3064377903", "name": "石和温泉", "name_en": "Isawa-Onsen", "kind": "station", "operator": null, "network": null, "near_town": "n1808377239", "near_town_name": "山梨市", "wikipedia": "ja:石和温泉駅", "osm_id": "n3064377903"}}, {"type": "Feature", "geometry": {"type": "Point", "coordinates": [138.6590816, 35.673473]}, "properties": {"id": "n5980952160", "name": "春日居町", "name_en": "Kasugaicho", "kind": "station", "operator": null, "network": null, "near_town": "n1808377239", "near_town_name": "山梨市", "wikipedia": "ja:春日居町駅", "osm_id": "n5980952160"}}, {"type": "Feature", "geometry": {"type": "Point", "coordinates": [138.5195034, 35.6688016]}, "properties": {"id": "n264818386", "name": "竜王", "name_en": "Ryuo", "kind": "station", "operator": null, "network": null, "near_town": "n1808192270", "near_town_name": "甲府市", "wikipedia": "ja:竜王駅", "osm_id": "n264818386"}}, {"type": "Feature", "geometry": {"type": "Point", "coordinates": [138.5211792, 35.6683595]}, "properties": {"id": "n4111996490", "name": "高速バスステーション", "name_en": null, "kind": "bus_station", "operator": null, "network": null, "near_town": "n1808192270", "near_town_name": "甲府市", "wikipedia": null, "osm_id": "n4111996490"}}, {"type": "Feature", "geometry": {"type": "Point", "coordinates": [138.5992422, 35.6596417]}, "properties": {"id": "n5589913332", "name": "酒折", "name_en": "Sakaori", "kind": "station", "operator": null, "network": null, "near_town": "n1808192270", "near_town_name": "甲府市", "wikipedia": "ja:酒折駅", "osm_id": "n5589913332"}}, {"type": "Feature", "geometry": {"type": "Point", "coordinates": [138.5893576, 35.6598766]}, "properties": {"id": "n5589913354", "name": "善光寺", "name_en": "Zenkoji", "kind": "station", "operator": null, "network": null, "near_town": "n1808192270", "near_town_name": "甲府市", "wikipedia": "ja:善光寺駅", "osm_id": "n5589913354"}}, {"type": "Feature", "geometry": {"type": "Point", "coordinates": [138.5791437, 35.6621751]}, "properties": {"id": "n5589913392", "name": "金手", "name_en": "Kanente", "kind": "station", "operator": null, "network": null, "near_town": "n1808192270", "near_town_name": "甲府市", "wikipedia": "ja:金手駅", "osm_id": "n5589913392"}}, {"type": "Feature", "geometry": {"type": "Point", "coordinates": [138.5693937, 35.6670815]}, "properties": {"id": "n5589913394", "name": "甲府", "name_en": "Kofu", "kind": "station", "operator": "東日本旅客鉄道", "network": null, "near_town": "n1808192270", "near_town_name": "甲府市", "wikipedia": "ja:甲府駅", "osm_id": "n5589913394"}}, {"type": "Feature", "geometry": {"type": "Point", "coordinates": [138.5327643, 35.6167698]}, "properties": {"id": "n5980725186", "name": "常永", "name_en": "Joei", "kind": "station", "operator": null, "network": "JR東海 身延線", "near_town": "n1808192270", "near_town_name": "甲府市", "wikipedia": "ja:常永駅", "osm_id": "n5980725186"}}, {"type": "Feature", "geometry": {"type": "Point", "coordinates": [138.5513882, 35.6303991]}, "properties": {"id": "n5980725195", "name": "国母", "name_en": "Kokubo", "kind": "station", "operator": null, "network": null, "near_town": "n1808192270", "near_town_name": "甲府市", "wikipedia": "ja:国母駅", "osm_id": "n5980725195"}}, {"type": "Feature", "geometry": {"type": "Point", "coordinates": [138.5703183, 35.6369838]}, "properties": {"id": "n5980725199", "name": "甲斐住吉", "name_en": "Kai-Sumiyoshi", "kind": "station", "operator": null, "network": null, "near_town": "n1808192270", "near_town_name": "甲府市", "wikipedia": "ja:甲斐住吉駅", "osm_id": "n5980725199"}}, {"type": "Feature", "geometry": {"type": "Point", "coordinates": [138.5777369, 35.643445]}, "properties": {"id": "n5980725226", "name": "南甲府", "name_en": "Minami-Kofu", "kind": "station", "operator": null, "network": null, "near_town": "n1808192270", "near_town_name": "甲府市", "wikipedia": "ja:南甲府駅", "osm_id": "n5980725226"}}, {"type": "Feature", "geometry": {"type": "Point", "coordinates": [138.571178, 35.6412136]}, "properties": {"id": "n7686135952", "name": "山梨交通", "name_en": "Yamanashi Transportation Co., Transport", "kind": "bus_station", "operator": null, "network": null, "near_town": "n1808192270", "near_town_name": "甲府市", "wikipedia": null, "osm_id": "n7686135952"}}, {"type": "Feature", "geometry": {"type": "Point", "coordinates": [138.5624302, 35.6055264]}, "properties": {"id": "n9198462043", "name": "山梨県駅、仮称", "name_en": "Yamanashi Prefecture station (TBD)", "kind": "station", "operator": null, "network": null, "near_town": "n1808192270", "near_town_name": "甲府市", "wikipedia": "ja:山梨県駅", "osm_id": "n9198462043"}}, {"type": "Feature", "geometry": {"type": "Point", "coordinates": [138.4874941, 35.6878479]}, "properties": {"id": "n264818395", "name": "塩崎", "name_en": "Shiozaki", "kind": "station", "operator": null, "network": null, "near_town": "n1809498177", "near_town_name": "韮崎市", "wikipedia": "ja:塩崎駅", "osm_id": "n264818395"}}, {"type": "Feature", "geometry": {"type": "Point", "coordinates": [138.4508872, 35.7104219]}, "properties": {"id": "n5972592424", "name": "韮崎", "name_en": "Nirasaki", "kind": "station", "operator": null, "network": null, "near_town": "n1809498177", "near_town_name": "韮崎市", "wikipedia": "ja:韮崎駅", "osm_id": "n5972592424"}}, {"type": "Feature", "geometry": {"type": "Point", "coordinates": [138.9680239, 35.6128739]}, "properties": {"id": "n243887820", "name": "猿橋", "name_en": "Saruhashi", "kind": "station", "operator": "東日本旅客鉄道", "network": null, "near_town": "n1599607817", "near_town_name": "大月市", "wikipedia": "ja:猿橋駅", "osm_id": "n243887820"}}, {"type": "Feature", "geometry": {"type": "Point", "coordinates": [138.942183, 35.6129342]}, "properties": {"id": "n3730397974", "name": "大月", "name_en": "Otsuki", "kind": "station", "operator": "富士山麓電気鉄道株式会社", "network": null, "near_town": "n1599607817", "near_town_name": "大月市", "wikipedia": "ja:大月駅", "osm_id": "n3730397974"}}, {"type": "Feature", "geometry": {"type": "Point", "coordinates": [138.9424992, 35.613318]}, "properties": {"id": "n3730397975", "name": "大月", "name_en": "Otsuki", "kind": "station", "operator": "東日本旅客鉄道", "network": null, "near_town": "n1599607817", "near_town_name": "大月市", "wikipedia": "ja:大月駅", "osm_id": "n3730397975"}}, {"type": "Feature", "geometry": {"type": "Point", "coordinates": [138.8843295, 35.5942257]}, "properties": {"id": "n5991086524", "name": "初狩", "name_en": "Hatsukari", "kind": "station", "operator": null, "network": null, "near_town": "n1599607817", "near_town_name": "大月市", "wikipedia": "ja:初狩駅", "osm_id": "n5991086524"}}, {"type": "Feature", "geometry": {"type": "Point", "coordinates": [139.0031178, 35.60815]}, "properties": {"id": "n6000923728", "name": "鳥沢", "name_en": "Torisawa", "kind": "station", "operator": "東日本旅客鉄道", "network": null, "near_town": "n1599607817", "near_town_name": "大月市", "wikipedia": "ja:鳥沢駅", "osm_id": "n6000923728"}}, {"type": "Feature", "geometry": {"type": "Point", "coordinates": [138.929062, 35.575108]}, "properties": {"id": "n8228782082", "name": "禾生", "name_en": "Kasei", "kind": "station", "operator": "富士山麓電気鉄道株式会社", "network": null, "near_town": "n1599607817", "near_town_name": "大月市", "wikipedia": "ja:禾生駅", "osm_id": "n8228782082"}}, {"type": "Feature", "geometry": {"type": "Point", "coordinates": [138.9379864, 35.6093303]}, "properties": {"id": "n8239591992", "name": "上大月", "name_en": "Kamiotsuki", "kind": "station", "operator": "富士山麓電気鉄道株式会社", "network": null, "near_town": "n1599607817", "near_town_name": "大月市", "wikipedia": "ja:上大月駅", "osm_id": "n8239591992"}}, {"type": "Feature", "geometry": {"type": "Point", "coordinates": [138.9161572, 35.5661434]}, "properties": {"id": "n8239606540", "name": "赤坂", "name_en": "Akasaka", "kind": "station", "operator": "富士山麓電気鉄道株式会社", "network": null, "near_town": "n1599607817", "near_town_name": "大月市", "wikipedia": "ja:赤坂駅 (山梨県)", "osm_id": "n8239606540"}}, {"type": "Feature", "geometry": {"type": "Point", "coordinates": [138.9312956, 35.5932147]}, "properties": {"id": "n8239606541", "name": "田野倉", "name_en": "Tanokura", "kind": "station", "operator": "富士山麓電気鉄道株式会社", "network": null, "near_town": "n1599607817", "near_town_name": "大月市", "wikipedia": "ja:田野倉駅", "osm_id": "n8239606541"}}, {"type": "Feature", "geometry": {"type": "Point", "coordinates": [138.9075261, 35.5570571]}, "properties": {"id": "n8241759516", "name": "都留市", "name_en": "Tsurushi", "kind": "station", "operator": "富士山麓電気鉄道株式会社", "network": null, "near_town": "n1599607817", "near_town_name": "大月市", "wikipedia": "ja:都留市駅", "osm_id": "n8241759516"}}, {"type": "Feature", "geometry": {"type": "Point", "coordinates": [139.2379321, 35.4314913]}, "properties": {"id": "n604137059", "name": "阿夫利神社", "name_en": null, "kind": "station", "operator": null, "network": null, "near_town": "n7159778006", "near_town_name": "秦野市", "wikipedia": "ja:大山観光電鉄大山鋼索線", "osm_id": "n604137059"}}, {"type": "Feature", "geometry": {"type": "Point", "coordinates": [139.2444969, 35.4278492]}, "properties": {"id": "n604137060", "name": "大山ケーブル", "name_en": "Ōyama cable", "kind": "station", "operator": null, "network": null, "near_town": "n7159778006", "near_town_name": "秦野市", "wikipedia": "ja:大山観光電鉄大山鋼索線", "osm_id": "n604137060"}}, {"type": "Feature", "geometry": {"type": "Point", "coordinates": [139.2409705, 35.42958]}, "properties": {"id": "n1737948546", "name": "大山寺", "name_en": null, "kind": "station", "operator": null, "network": null, "near_town": "n7159778006", "near_town_name": "秦野市", "wikipedia": "ja:大山観光電鉄大山鋼索線", "osm_id": "n1737948546"}}, {"type": "Feature", "geometry": {"type": "Point", "coordinates": [139.1845503, 35.3741585]}, "properties": {"id": "n7812486741", "name": "渋沢", "name_en": "Shibusawa", "kind": "station", "operator": null, "network": null, "near_town": "n7159778006", "near_town_name": "秦野市", "wikipedia": "ja:渋沢駅", "osm_id": "n7812486741"}}, {"type": "Feature", "geometry": {"type": "Point", "coordinates": [139.2257281, 35.3702949]}, "properties": {"id": "n7812486743", "name": "秦野", "name_en": "Hadano", "kind": "station", "operator": null, "network": null, "near_town": "n7159778006", "near_town_name": "秦野市", "wikipedia": "ja:秦野駅", "osm_id": "n7812486743"}}, {"type": "Feature", "geometry": {"type": "Point", "coordinates": [139.2712335, 35.37318]}, "properties": {"id": "n7812486745", "name": "東海大学前", "name_en": "Tokaidaigaku-mae", "kind": "station", "operator": null, "network": null, "near_town": "n7159778006", "near_town_name": "秦野市", "wikipedia": "ja:東海大学前駅", "osm_id": "n7812486745"}}, {"type": "Feature", "geometry": {"type": "Point", "coordinates": [139.277533, 35.3808042]}, "properties": {"id": "n7812486747", "name": "鶴巻温泉", "name_en": "Tsurumaki-Onsen", "kind": "station", "operator": null, "network": null, "near_town": "n7159778006", "near_town_name": "秦野市", "wikipedia": "ja:鶴巻温泉駅", "osm_id": "n7812486747"}}, {"type": "Feature", "geometry": {"type": "Point", "coordinates": [139.3642806, 35.4393177]}, "properties": {"id": "n281366192", "name": "本厚木", "name_en": "Hon-Atsugi", "kind": "station", "operator": null, "network": null, "near_town": "n7159778007", "near_town_name": "伊勢原市", "wikipedia": "ja:本厚木駅", "osm_id": "n281366192"}}, {"type": "Feature", "geometry": {"type": "Point", "coordinates": [139.3135001, 35.3959932]}, "properties": {"id": "n281366968", "name": "伊勢原", "name_en": "Isehara", "kind": "station", "operator": "小田急電鉄", "network": "小田急電鉄", "near_town": "n7159778007", "near_town_name": "伊勢原市", "wikipedia": "ja:伊勢原駅", "osm_id": "n281366968"}}, {"type": "Feature", "geometry": {"type": "Point", "coordinates": [139.3801795, 35.4066798]}, "properties": {"id": "n281469981", "name": "門沢橋", "name_en": "Kadosawabashi", "kind": "station", "operator": null, "network": null, "near_town": "n7159778007", "near_town_name": "伊勢原市", "wikipedia": "ja:門沢橋駅", "osm_id": "n281469981"}}, {"type": "Feature", "geometry": {"type": "Point", "coordinates": [139.3772506, 35.4205554]}, "properties": {"id": "n281470473", "name": "社家", "name_en": "Shake", "kind": "station", "operator": null, "network": null, "near_town": "n7159778007", "near_town_name": "伊勢原市", "wikipedia": "ja:社家駅", "osm_id": "n281470473"}}, {"type": "Feature", "geometry": {"type": "Point", "coordinates": [139.379689, 35.3822546]}, "properties": {"id": "n281470884", "name": "宮山", "name_en": "Miyayama", "kind": "station", "operator": null, "network": null, "near_town": "n7159778007", "near_town_name": "伊勢原市", "wikipedia": "ja:宮山駅", "osm_id": "n281470884"}}, {"type": "Feature", "geometry": {"type": "Point", "coordinates": [139.3585846, 35.3761916]}, "properties": {"id": "n5568651764", "name": "田村車庫", "name_en": null, "kind": "bus_station", "operator": null, "network": null, "near_town": "n7159778007", "near_town_name": "伊勢原市", "wikipedia": null, "osm_id": "n5568651764"}}, {"type": "Feature", "geometry": {"type": "Point", "coordinates": [139.3439291, 35.4176172]}, "properties": {"id": "n7812486749", "name": "愛甲石田", "name_en": "Aiko-Ishida", "kind": "station", "operator": null, "network": null, "near_town": "n7159778007", "near_town_name": "伊勢原市", "wikipedia": "ja:愛甲石田駅", "osm_id": "n7812486749"}}, {"type": "Feature", "geometry": {"type": "Point", "coordinates": [139.3783414, 35.3949181]}, "properties": {"id": "n7846698855", "name": "倉見", "name_en": "Kurami", "kind": "station", "operator": null, "network": null, "near_town": "n7159778007", "near_town_name": "伊勢原市", "wikipedia": "ja:倉見駅", "osm_id": "n7846698855"}}, {"type": "Feature", "geometry": {"type": "Point", "coordinates": [139.3999256, 35.4807147]}, "properties": {"id": "n281367140", "name": "座間", "name_en": "Zama", "kind": "station", "operator": "小田急電鉄", "network": "小田急電鉄", "near_town": "n2115184100", "near_town_name": "厚木市", "wikipedia": "ja:座間駅", "osm_id": "n281367140"}}, {"type": "Feature", "geometry": {"type": "Point", "coordinates": [139.3917746, 35.478668]}, "properties": {"id": "n281469427", "name": "入谷", "name_en": "Iriya", "kind": "station", "operator": "東日本旅客鉄道", "network": "相模線", "near_town": "n2115184100", "near_town_name": "厚木市", "wikipedia": "ja:入谷駅 (神奈川県)", "osm_id": "n281469427"}}, {"type": "Feature", "geometry": {"type": "Point", "coordinates": [139.3894064, 35.4543232]}, "properties": {"id": "n281469605", "name": "海老名", "name_en": "Ebina", "kind": "station", "operator": null, "network": null, "near_town": "n2115184100", "near_town_name": "厚木市", "wikipedia": "ja:海老名駅", "osm_id": "n281469605"}}, {"type": "Feature", "geometry": {"type": "Point", "coordinates": [139.3862012, 35.4932739]}, "properties": {"id": "n281470396", "name": "相武台下", "name_en": "Sobudaishita", "kind": "station", "operator": "東日本旅客鉄道", "network": null, "near_town": "n2115184100", "near_town_name": "厚木市", "wikipedia": "ja:相武台下駅", "osm_id": "n281470396"}}, {"type": "Feature", "geometry": {"type": "Point", "coordinates": [139.3916744, 35.4530142]}, "properties": {"id": "n823272628", "name": "海老名", "name_en": null, "kind": "station", "operator": null, "network": null, "near_town": "n2115184100", "near_town_name": "厚木市", "wikipedia": null, "osm_id": "n823272628"}}, {"type": "Feature", "geometry": {"type": "Point", "coordinates": [139.4153179, 35.4667081]}, "properties": {"id": "n823273195", "name": "かしわ台", "name_en": "Kashiwadai", "kind": "station", "operator": null, "network": null, "near_town": "n2115184100", "near_town_name": "厚木市", "wikipedia": "ja:かしわ台駅", "osm_id": "n823273195"}}, {"type": "Feature", "geometry": {"type": "Point", "coordinates": [139.4285691, 35.4715574]}, "properties": {"id": "n823273322", "name": "さがみ野", "name_en": "Sagamino", "kind": "station", "operator": null, "network": null, "near_town": "n2115184100", "near_town_name": "厚木市", "wikipedia": "ja:さがみ野駅", "osm_id": "n823273322"}}, {"type": "Feature", "geometry": {"type": "Point", "coordinates": [139.3783891, 35.4433894]}, "properties": {"id": "n3893393985", "name": "厚木", "name_en": "Atsugi", "kind": "station", "operator": "小田急電鉄;JR東日本", "network": null, "near_town": "n2115184100", "near_town_name": "厚木市", "wikipedia": "ja:厚木駅", "osm_id": "n3893393985"}}, {"type": "Feature", "geometry": {"type": "Point", "coordinates": [139.3909319, 35.4527491]}, "properties": {"id": "n6131491522", "name": "海老名", "name_en": "Ebina", "kind": "station", "operator": null, "network": null, "near_town": "n2115184100", "near_town_name": "厚木市", "wikipedia": "ja:海老名駅", "osm_id": "n6131491522"}}, {"type": "Feature", "geometry": {"type": "Point", "coordinates": [138.7954457, 35.4835487]}, "properties": {"id": "n243818949", "name": "富士山", "name_en": "Mt Fuji", "kind": "station", "operator": null, "network": null, "near_town": "n1670542925", "near_town_name": "富士吉田市", "wikipedia": "ja:富士山駅", "osm_id": "n243818949"}}, {"type": "Feature", "geometry": {"type": "Point", "coordinates": [138.7686416, 35.4985288]}, "properties": {"id": "n1142046045", "name": "河口湖駅", "name_en": "Kawaguchiko Station", "kind": "bus_station", "operator": null, "network": null, "near_town": "n1670542925", "near_town_name": "富士吉田市", "wikipedia": null, "osm_id": "n1142046045"}}, {"type": "Feature", "geometry": {"type": "Point", "coordinates": [138.8119668, 35.5019506]}, "properties": {"id": "n8241789860", "name": "葭池温泉前", "name_en": "Yoshiikeonsenmae", "kind": "station", "operator": "富士山麓電気鉄道株式会社", "network": null, "near_town": "n1670542925", "near_town_name": "富士吉田市", "wikipedia": "ja:葭池温泉前駅", "osm_id": "n8241789860"}}, {"type": "Feature", "geometry": {"type": "Point", "coordinates": [138.8036172, 35.4979775]}, "properties": {"id": "n8241789861", "name": "下吉田", "name_en": "Shimoyoshida", "kind": "station", "operator": "富士山麓電気鉄道株式会社", "network": null, "near_town": "n1670542925", "near_town_name": "富士吉田市", "wikipedia": "ja:下吉田駅", "osm_id": "n8241789861"}}, {"type": "Feature", "geometry": {"type": "Point", "coordinates": [138.7981097, 35.4932001]}, "properties": {"id": "n8241789864", "name": "月江寺", "name_en": "Gekkoji", "kind": "station", "operator": null, "network": null, "near_town": "n1670542925", "near_town_name": "富士吉田市", "wikipedia": "ja:月江寺駅", "osm_id": "n8241789864"}}, {"type": "Feature", "geometry": {"type": "Point", "coordinates": [138.7819442, 35.4893684]}, "properties": {"id": "n8241789865", "name": "富士急ハイランド", "name_en": "Fujikyu Highland", "kind": "station", "operator": "富士山麓電気鉄道株式会社", "network": null, "near_town": "n1670542925", "near_town_name": "富士吉田市", "wikipedia": "ja:富士急ハイランド駅", "osm_id": "n8241789865"}}, {"type": "Feature", "geometry": {"type": "Point", "coordinates": [138.7689798, 35.4980327]}, "properties": {"id": "n8241789866", "name": "河口湖", "name_en": "Kawaguchiko", "kind": "station", "operator": null, "network": null, "near_town": "n1670542925", "near_town_name": "富士吉田市", "wikipedia": "ja:河口湖駅", "osm_id": "n8241789866"}}, {"type": "Feature", "geometry": {"type": "Point", "coordinates": [138.8453597, 35.5241802]}, "properties": {"id": "n8241802220", "name": "三つ峠", "name_en": "Mitsutouge", "kind": "station", "operator": null, "network": null, "near_town": "n1670542925", "near_town_name": "富士吉田市", "wikipedia": "ja:三つ峠駅", "osm_id": "n8241802220"}}, {"type": "Feature", "geometry": {"type": "Point", "coordinates": [138.8252867, 35.5082238]}, "properties": {"id": "n8241802222", "name": "寿", "name_en": "Kotobuki", "kind": "station", "operator": "富士山麓電気鉄道株式会社", "network": null, "near_town": "n1670542925", "near_town_name": "富士吉田市", "wikipedia": "ja:寿駅", "osm_id": "n8241802222"}}, {"type": "Feature", "geometry": {"type": "Point", "coordinates": [138.7951353, 35.483725]}, "properties": {"id": "n13066531081", "name": "富士山駅", "name_en": "Mount Fuji Station", "kind": "bus_station", "operator": null, "network": null, "near_town": "n1670542925", "near_town_name": "富士吉田市", "wikipedia": null, "osm_id": "n13066531081"}}, {"type": "Feature", "geometry": {"type": "Point", "coordinates": [138.614907, 35.2213204]}, "properties": {"id": "n6036084472", "name": "富士宮", "name_en": "Fujinomiya", "kind": "station", "operator": "東海旅客鉄道", "network": null, "near_town": "n763118286", "near_town_name": "富士宮市", "wikipedia": "ja:富士宮駅", "osm_id": "n6036084472"}}, {"type": "Feature", "geometry": {"type": "Point", "coordinates": [138.6460032, 35.1683237]}, "properties": {"id": "n6036360476", "name": "竪堀", "name_en": "Tatebori", "kind": "station", "operator": null, "network": null, "near_town": "n763118286", "near_town_name": "富士宮市", "wikipedia": "ja:竪堀駅", "osm_id": "n6036360476"}}, {"type": "Feature", "geometry": {"type": "Point", "coordinates": [138.6478928, 35.188229]}, "properties": {"id": "n6036360477", "name": "入山瀬", "name_en": "Iriyamase", "kind": "station", "operator": null, "network": null, "near_town": "n763118286", "near_town_name": "富士宮市", "wikipedia": "ja:入山瀬駅", "osm_id": "n6036360477"}}, {"type": "Feature", "geometry": {"type": "Point", "coordinates": [138.6354004, 35.2055095]}, "properties": {"id": "n6036360479", "name": "富士根", "name_en": "Fujine", "kind": "station", "operator": null, "network": null, "near_town": "n763118286", "near_town_name": "富士宮市", "wikipedia": "ja:富士根駅", "osm_id": "n6036360479"}}, {"type": "Feature", "geometry": {"type": "Point", "coordinates": [138.6270533, 35.2145395]}, "properties": {"id": "n6036360482", "name": "源道寺", "name_en": "Gendoji", "kind": "station", "operator": null, "network": null, "near_town": "n763118286", "near_town_name": "富士宮市", "wikipedia": "ja:源道寺駅", "osm_id": "n6036360482"}}, {"type": "Feature", "geometry": {"type": "Point", "coordinates": [138.6026639, 35.2255638]}, "properties": {"id": "n6036364656", "name": "西富士宮", "name_en": "Nishi-Fujinomiya", "kind": "station", "operator": null, "network": null, "near_town": "n763118286", "near_town_name": "富士宮市", "wikipedia": "ja:西富士宮駅", "osm_id": "n6036364656"}}, {"type": "Feature", "geometry": {"type": "Point", "coordinates": [138.5637613, 35.1975349]}, "properties": {"id": "n6085733354", "name": "芝川", "name_en": "Shibakawa", "kind": "station", "operator": null, "network": null, "near_town": "n763118286", "near_town_name": "富士宮市", "wikipedia": "ja:芝川駅", "osm_id": "n6085733354"}}, {"type": "Feature", "geometry": {"type": "Point", "coordinates": [138.5843123, 35.1992796]}, "properties": {"id": "n6086087810", "name": "沼久保", "name_en": "Numakubo", "kind": "station", "operator": null, "network": null, "near_town": "n763118286", "near_town_name": "富士宮市", "wikipedia": "ja:沼久保駅", "osm_id": "n6086087810"}}, {"type": "Feature", "geometry": {"type": "Point", "coordinates": [138.9621956, 35.3075286]}, "properties": {"id": "n3138207163", "name": "御殿場プレミアム・アウトレット", "name_en": null, "kind": "bus_station", "operator": "富士急行;富士急バス;富士急湘南バス;フジエクスプレス;小田急箱根高速バス;東急トランセ;ジェイアールバス関東;ジェイアールバステック", "network": null, "near_town": "n1619235769", "near_town_name": "御殿場市", "wikipedia": null, "osm_id": "n3138207163"}}, {"type": "Feature", "geometry": {"type": "Point", "coordinates": [138.981526, 35.3332525]}, "properties": {"id": "n6652279557", "name": "足柄", "name_en": "Ashigara", "kind": "station", "operator": null, "network": null, "near_town": "n1619235769", "near_town_name": "御殿場市", "wikipedia": "ja:足柄駅 (静岡県)", "osm_id": "n6652279557"}}, {"type": "Feature", "geometry": {"type": "Point", "coordinates": [138.9199431, 35.2556995]}, "properties": {"id": "n8238082565", "name": "富士岡", "name_en": "Fujioka", "kind": "station", "operator": null, "network": null, "near_town": "n1619235769", "near_town_name": "御殿場市", "wikipedia": "ja:富士岡駅", "osm_id": "n8238082565"}}, {"type": "Feature", "geometry": {"type": "Point", "coordinates": [138.9255289, 35.2771379]}, "properties": {"id": "n8243990871", "name": "南御殿場", "name_en": "Minami-Gotemba", "kind": "station", "operator": null, "network": null, "near_town": "n1619235769", "near_town_name": "御殿場市", "wikipedia": "ja:南御殿場駅", "osm_id": "n8243990871"}}, {"type": "Feature", "geometry": {"type": "Point", "coordinates": [138.9341778, 35.2999658]}, "properties": {"id": "n8244028141", "name": "御殿場", "name_en": "Gotemba", "kind": "station", "operator": null, "network": null, "near_town": "n1619235769", "near_town_name": "御殿場市", "wikipedia": "ja:御殿場駅", "osm_id": "n8244028141"}}, {"type": "Feature", "geometry": {"type": "Point", "coordinates": [139.131082, 34.9094]}, "properties": {"id": "n264190281", "name": "富戸", "name_en": "Futo", "kind": "station", "operator": null, "network": null, "near_town": "n2377927288", "near_town_name": "伊東市", "wikipedia": "ja:富戸駅", "osm_id": "n264190281"}}, {"type": "Feature", "geometry": {"type": "Point", "coordinates": [139.0922763, 34.9755818]}, "properties": {"id": "n4069258294", "name": "伊東", "name_en": "Itō", "kind": "station", "operator": null, "network": null, "near_town": "n2377927288", "near_town_name": "伊東市", "wikipedia": "ja:伊東駅", "osm_id": "n4069258294"}}, {"type": "Feature", "geometry": {"type": "Point", "coordinates": [139.0797472, 35.0059068]}, "properties": {"id": "n7996805077", "name": "宇佐美", "name_en": "Usami", "kind": "station", "operator": null, "network": null, "near_town": "n2377927288", "near_town_name": "伊東市", "wikipedia": "ja:宇佐美駅", "osm_id": "n7996805077"}}, {"type": "Feature", "geometry": {"type": "Point", "coordinates": [139.1240573, 34.9507979]}, "properties": {"id": "n8246799256", "name": "川奈", "name_en": "Kawana", "kind": "station", "operator": null, "network": null, "near_town": "n2377927288", "near_town_name": "伊東市", "wikipedia": "ja:川奈駅", "osm_id": "n8246799256"}}, {"type": "Feature", "geometry": {"type": "Point", "coordinates": [139.0880077, 34.9578019]}, "properties": {"id": "n8246799258", "name": "南伊東", "name_en": "Minamiito", "kind": "station", "operator": null, "network": null, "near_town": "n2377927288", "near_town_name": "伊東市", "wikipedia": "ja:南伊東駅", "osm_id": "n8246799258"}}, {"type": "Feature", "geometry": {"type": "Point", "coordinates": [138.9509503, 34.9793728]}, "properties": {"id": "n8205290608", "name": "修善寺", "name_en": "Shuzenji", "kind": "station", "operator": null, "network": null, "near_town": "n2377927290", "near_town_name": "伊豆市", "wikipedia": "ja:修善寺駅", "osm_id": "n8205290608"}}, {"type": "Feature", "geometry": {"type": "Point", "coordinates": [138.9544867, 34.9886114]}, "properties": {"id": "n8205290615", "name": "牧之郷", "name_en": "Makinokō", "kind": "station", "operator": null, "network": null, "near_town": "n2377927290", "near_town_name": "伊豆市", "wikipedia": "ja:牧之郷駅", "osm_id": "n8205290615"}}, {"type": "Feature", "geometry": {"type": "Point", "coordinates": [138.9374862, 34.994613]}, "properties": {"id": "n8205293023", "name": "大仁", "name_en": "Ōhito", "kind": "station", "operator": null, "network": null, "near_town": "n2377927290", "near_town_name": "伊豆市", "wikipedia": "ja:大仁駅", "osm_id": "n8205293023"}}, {"type": "Feature", "geometry": {"type": "Point", "coordinates": [138.9459492, 35.0151533]}, "properties": {"id": "n8205293024", "name": "田京", "name_en": "Takyō", "kind": "station", "operator": null, "network": null, "near_town": "n2377927290", "near_town_name": "伊豆市", "wikipedia": "ja:田京駅", "osm_id": "n8205293024"}}, {"type": "Feature", "geometry": {"type": "Point", "coordinates": [138.9475485, 35.0399182]}, "properties": {"id": "n8205293026", "name": "伊豆長岡", "name_en": "Izu-Nagaoka", "kind": "station", "operator": null, "network": null, "near_town": "n2377927289", "near_town_name": "伊豆の国市", "wikipedia": "ja:伊豆長岡駅", "osm_id": "n8205293026"}}, {"type": "Feature", "geometry": {"type": "Point", "coordinates": [138.9436519, 35.0654473]}, "properties": {"id": "n8205293032", "name": "原木", "name_en": "Baraki", "kind": "station", "operator": null, "network": null, "near_town": "n2377927289", "near_town_name": "伊豆の国市", "wikipedia": "ja:原木駅", "osm_id": "n8205293032"}}, {"type": "Feature", "geometry": {"type": "Point", "coordinates": [138.9455023, 35.0534664]}, "properties": {"id": "n8205293039", "name": "韮山", "name_en": "Nirayama", "kind": "station", "operator": null, "network": null, "near_town": "n2377927289", "near_town_name": "伊豆の国市", "wikipedia": "ja:韮山駅", "osm_id": "n8205293039"}}, {"type": "Feature", "geometry": {"type": "Point", "coordinates": [138.9415095, 35.0790614]}, "properties": {"id": "n8205293042", "name": "伊豆仁田", "name_en": "Izu-Nitta", "kind": "station", "operator": null, "network": null, "near_town": "n2377927289", "near_town_name": "伊豆の国市", "wikipedia": "ja:伊豆仁田駅", "osm_id": "n8205293042"}}, {"type": "Feature", "geometry": {"type": "Point", "coordinates": [137.9641332, 35.8449589]}, "properties": {"id": "n264865192", "name": "伊那北", "name_en": "Inakita", "kind": "station", "operator": null, "network": null, "near_town": "n702987327", "near_town_name": "伊那市", "wikipedia": "ja:伊那北駅", "osm_id": "n264865192"}}, {"type": "Feature", "geometry": {"type": "Point", "coordinates": [137.9437275, 35.7775536]}, "properties": {"id": "n264865208", "name": "赤木", "name_en": "Akagi", "kind": "station", "operator": null, "network": null, "near_town": "n702987327", "near_town_name": "伊那市", "wikipedia": "ja:赤木駅", "osm_id": "n264865208"}}, {"type": "Feature", "geometry": {"type": "Point", "coordinates": [137.9840703, 35.8794427]}, "properties": {"id": "n264865225", "name": "北殿", "name_en": "Kitatono", "kind": "station", "operator": null, "network": null, "near_town": "n702987327", "near_town_name": "伊那市", "wikipedia": "ja:北殿駅", "osm_id": "n264865225"}}, {"type": "Feature", "geometry": {"type": "Point", "coordinates": [137.9440137, 35.8040369]}, "properties": {"id": "n264870975", "name": "沢渡", "name_en": "Sawando", "kind": "station", "operator": null, "network": null, "near_town": "n702987327", "near_town_name": "伊那市", "wikipedia": "ja:沢渡駅", "osm_id": "n264870975"}}, {"type": "Feature", "geometry": {"type": "Point", "coordinates": [137.9775775, 35.8605625]}, "properties": {"id": "n264871389", "name": "田畑", "name_en": "Tabata", "kind": "station", "operator": null, "network": null, "near_town": "n702987327", "near_town_name": "伊那市", "wikipedia": "ja:田畑駅", "osm_id": "n264871389"}}, {"type": "Feature", "geometry": {"type": "Point", "coordinates": [137.9400987, 35.8128248]}, "properties": {"id": "n264871888", "name": "下島", "name_en": "Shimojima", "kind": "station", "operator": null, "network": null, "near_town": "n702987327", "near_town_name": "伊那市", "wikipedia": "ja:下島駅 (長野県伊那市)", "osm_id": "n264871888"}}, {"type": "Feature", "geometry": {"type": "Point", "coordinates": [137.9593558, 35.8386267]}, "properties": {"id": "n4919758543", "name": "伊那市", "name_en": "Inashi", "kind": "station", "operator": null, "network": null, "near_town": "n702987327", "near_town_name": "伊那市", "wikipedia": "ja:伊那市駅", "osm_id": "n4919758543"}}, {"type": "Feature", "geometry": {"type": "Point", "coordinates": [137.9339571, 35.7125535]}, "properties": {"id": "n264864917", "name": "伊那福岡", "name_en": "Ina-Fukuoka", "kind": "station", "operator": null, "network": null, "near_town": "n702987332", "near_town_name": "駒ヶ根市", "wikipedia": "ja:伊那福岡駅", "osm_id": "n264864917"}}, {"type": "Feature", "geometry": {"type": "Point", "coordinates": [137.9388746, 35.7675805]}, "properties": {"id": "n264865189", "name": "宮田", "name_en": "Miyada", "kind": "station", "operator": null, "network": null, "near_town": "n702987332", "near_town_name": "駒ヶ根市", "wikipedia": "ja:宮田駅", "osm_id": "n264865189"}}, {"type": "Feature", "geometry": {"type": "Point", "coordinates": [137.928859, 35.6780743]}, "properties": {"id": "n264870118", "name": "飯島", "name_en": "Iijima", "kind": "station", "operator": null, "network": null, "near_town": "n702987332", "near_town_name": "駒ヶ根市", "wikipedia": "ja:飯島駅", "osm_id": "n264870118"}}, {"type": "Feature", "geometry": {"type": "Point", "coordinates": [137.9351192, 35.7264286]}, "properties": {"id": "n264871376", "name": "小町屋", "name_en": "Komachiya", "kind": "station", "operator": null, "network": null, "near_town": "n702987332", "near_town_name": "駒ヶ根市", "wikipedia": "ja:小町屋駅", "osm_id": "n264871376"}}, {"type": "Feature", "geometry": {"type": "Point", "coordinates": [137.9368872, 35.7363892]}, "properties": {"id": "n264871391", "name": "駒ヶ根", "name_en": "Komagane", "kind": "station", "operator": null, "network": null, "near_town": "n702987332", "near_town_name": "駒ヶ根市", "wikipedia": "ja:駒ケ根駅", "osm_id": "n264871391"}}, {"type": "Feature", "geometry": {"type": "Point", "coordinates": [137.9400951, 35.7482166]}, "properties": {"id": "n264874601", "name": "大田切", "name_en": "Otagiri", "kind": "station", "operator": null, "network": null, "near_town": "n702987332", "near_town_name": "駒ヶ根市", "wikipedia": "ja:大田切駅", "osm_id": "n264874601"}}, {"type": "Feature", "geometry": {"type": "Point", "coordinates": [137.9327955, 35.6948917]}, "properties": {"id": "n2120473762", "name": "田切", "name_en": "Tagiri", "kind": "station", "operator": "JR東海", "network": null, "near_town": "n702987332", "near_town_name": "駒ヶ根市", "wikipedia": "ja:田切駅", "osm_id": "n2120473762"}}, {"type": "Feature", "geometry": {"type": "Point", "coordinates": [137.8295109, 35.522167]}, "properties": {"id": "n264864920", "name": "桜町", "name_en": "Sakuramachi", "kind": "station", "operator": null, "network": null, "near_town": "n702987331", "near_town_name": "飯田市", "wikipedia": "ja:桜町駅", "osm_id": "n264864920"}}, {"type": "Feature", "geometry": {"type": "Point", "coordinates": [137.8211924, 35.5196646]}, "properties": {"id": "n264864966", "name": "飯田", "name_en": "Iida", "kind": "station", "operator": null, "network": null, "near_town": "n702987331", "near_town_name": "飯田市", "wikipedia": "ja:飯田駅", "osm_id": "n264864966"}}, {"type": "Feature", "geometry": {"type": "Point", "coordinates": [137.8277122, 35.4638449]}, "properties": {"id": "n264865143", "name": "時又", "name_en": "Tokimata", "kind": "station", "operator": null, "network": null, "near_town": "n702987331", "near_town_name": "飯田市", "wikipedia": "ja:時又駅", "osm_id": "n264865143"}}, {"type": "Feature", "geometry": {"type": "Point", "coordinates": [137.8616919, 35.5340249]}, "properties": {"id": "n264865204", "name": "元善光寺", "name_en": "Motozenkōji", "kind": "station", "operator": null, "network": null, "near_town": "n702987331", "near_town_name": "飯田市", "wikipedia": "ja:元善光寺駅", "osm_id": "n264865204"}}, {"type": "Feature", "geometry": {"type": "Point", "coordinates": [137.8393793, 35.5043297]}, "properties": {"id": "n264868598", "name": "下山村", "name_en": "Shimoyamamura", "kind": "station", "operator": null, "network": null, "near_town": "n702987331", "near_town_name": "飯田市", "wikipedia": "ja:下山村駅", "osm_id": "n264868598"}}, {"type": "Feature", "geometry": {"type": "Point", "coordinates": [137.8091975, 35.5126482]}, "properties": {"id": "n264869658", "name": "切石", "name_en": "Kiriishi", "kind": "station", "operator": null, "network": null, "near_town": "n702987331", "near_town_name": "飯田市", "wikipedia": "ja:切石駅", "osm_id": "n264869658"}}, {"type": "Feature", "geometry": {"type": "Point", "coordinates": [137.839487, 35.4750221]}, "properties": {"id": "n264869714", "name": "駄科", "name_en": "Dashina", "kind": "station", "operator": null, "network": null, "near_town": "n702987331", "near_town_name": "飯田市", "wikipedia": "ja:駄科駅", "osm_id": "n264869714"}}, {"type": "Feature", "geometry": {"type": "Point", "coordinates": [137.827967, 35.5066136]}, "properties": {"id": "n264869723", "name": "鼎", "name_en": "Kanae", "kind": "station", "operator": null, "network": null, "near_town": "n702987331", "near_town_name": "飯田市", "wikipedia": "ja:鼎駅", "osm_id": "n264869723"}}, {"type": "Feature", "geometry": {"type": "Point", "coordinates": [137.8156754, 35.4528025]}, "properties": {"id": "n264870114", "name": "川路", "name_en": "Kawaji", "kind": "station", "operator": null, "network": "JR", "near_town": "n702987331", "near_town_name": "飯田市", "wikipedia": "ja:川路駅", "osm_id": "n264870114"}}, {"type": "Feature", "geometry": {"type": "Point", "coordinates": [137.839066, 35.5201589]}, "properties": {"id": "n264870821", "name": "伊那上郷", "name_en": "Ina-Kamisato", "kind": "station", "operator": null, "network": null, "near_town": "n702987331", "near_town_name": "飯田市", "wikipedia": "ja:伊那上郷駅", "osm_id": "n264870821"}}, {"type": "Feature", "geometry": {"type": "Point", "coordinates": [137.8394961, 35.4876401]}, "properties": {"id": "n264871818", "name": "毛賀", "name_en": "Kega", "kind": "station", "operator": null, "network": null, "near_town": "n702987331", "near_town_name": "飯田市", "wikipedia": "ja:毛賀駅", "osm_id": "n264871818"}}, {"type": "Feature", "geometry": {"type": "Point", "coordinates": [137.8414816, 35.4966629]}, "properties": {"id": "n264873500", "name": "伊那八幡", "name_en": "Ina-Yawata", "kind": "station", "operator": null, "network": null, "near_town": "n702987331", "near_town_name": "飯田市", "wikipedia": "ja:伊那八幡駅", "osm_id": "n264873500"}}, {"type": "Feature", "geometry": {"type": "Point", "coordinates": [137.8762812, 35.5441049]}, "properties": {"id": "n264874031", "name": "下市田", "name_en": "Shimo-Ichida", "kind": "station", "operator": null, "network": null, "near_town": "n702987331", "near_town_name": "飯田市", "wikipedia": "ja:下市田駅", "osm_id": "n264874031"}}, {"type": "Feature", "geometry": {"type": "Point", "coordinates": [137.8865571, 35.5494051]}, "properties": {"id": "n9009479925", "name": "市田", "name_en": "Ichida", "kind": "station", "operator": null, "network": null, "near_town": "n702987331", "near_town_name": "飯田市", "wikipedia": "ja:市田駅", "osm_id": "n9009479925"}}, {"type": "Feature", "geometry": {"type": "Point", "coordinates": [137.852073, 35.5270866]}, "properties": {"id": "n9198419007", "name": "長野県駅（仮称）", "name_en": "Nagano Prefecture Station (TBD)", "kind": "station", "operator": null, "network": null, "near_town": "n702987331", "near_town_name": "飯田市", "wikipedia": "ja:長野県駅", "osm_id": "n9198419007"}}, {"type": "Feature", "geometry": {"type": "Point", "coordinates": [137.5037234, 35.500848]}, "properties": {"id": "n4481404439", "name": "(이름 없음)", "name_en": null, "kind": "bus_station", "operator": null, "network": null, "near_town": "n1891211866", "near_town_name": "中津川市", "wikipedia": null, "osm_id": "n4481404439"}}, {"type": "Feature", "geometry": {"type": "Point", "coordinates": [137.529763, 35.5248111]}, "properties": {"id": "n6035939550", "name": "落合川", "name_en": "Ochiaigawa", "kind": "station", "operator": null, "network": null, "near_town": "n1891211866", "near_town_name": "中津川市", "wikipedia": "ja:落合川駅", "osm_id": "n6035939550"}}, {"type": "Feature", "geometry": {"type": "Point", "coordinates": [137.502847, 35.500617]}, "properties": {"id": "n6036031705", "name": "中津川", "name_en": "Nakatsugawa", "kind": "station", "operator": null, "network": null, "near_town": "n1891211866", "near_town_name": "中津川市", "wikipedia": "ja:中津川駅", "osm_id": "n6036031705"}}, {"type": "Feature", "geometry": {"type": "Point", "coordinates": [137.4498358, 35.479371]}, "properties": {"id": "n6036032332", "name": "美乃坂本", "name_en": "Minosakamoto", "kind": "station", "operator": null, "network": null, "near_town": "n1891211866", "near_town_name": "中津川市", "wikipedia": "ja:美乃坂本駅", "osm_id": "n6036032332"}}, {"type": "Feature", "geometry": {"type": "Point", "coordinates": [137.4487048, 35.4804924]}, "properties": {"id": "n9198462022", "name": "岐阜県駅、仮称", "name_en": "Gifu Prefecture station(TBD)", "kind": "station", "operator": null, "network": null, "near_town": "n1891211866", "near_town_name": "中津川市", "wikipedia": "ja:岐阜県駅", "osm_id": "n9198462022"}}, {"type": "Feature", "geometry": {"type": "Point", "coordinates": [137.4289568, 35.4461812]}, "properties": {"id": "n722149752", "name": "東野", "name_en": "Higashino", "kind": "station", "operator": "明知鉄道", "network": "明知線", "near_town": "n1862747607", "near_town_name": "恵那市", "wikipedia": "ja:東野駅 (岐阜県)", "osm_id": "n722149752"}}, {"type": "Feature", "geometry": {"type": "Point", "coordinates": [137.4589243, 35.4000446]}, "properties": {"id": "n722149894", "name": "阿木", "name_en": "Agi", "kind": "station", "operator": "明知鉄道", "network": "明知線", "near_town": "n1862747607", "near_town_name": "恵那市", "wikipedia": "ja:阿木駅", "osm_id": "n722149894"}}, {"type": "Feature", "geometry": {"type": "Point", "coordinates": [137.4611046, 35.4184022]}, "properties": {"id": "n722149909", "name": "飯沼", "name_en": "Iinuma", "kind": "station", "operator": "明知鉄道", "network": "明知線", "near_town": "n1862747607", "near_town_name": "恵那市", "wikipedia": "ja:飯沼駅", "osm_id": "n722149909"}}, {"type": "Feature", "geometry": {"type": "Point", "coordinates": [137.4084816, 35.4552746]}, "properties": {"id": "n6050449426", "name": "恵那", "name_en": "Ena", "kind": "station", "operator": "明知鉄道", "network": "明知線", "near_town": "n1862747607", "near_town_name": "恵那市", "wikipedia": "ja:恵那駅", "osm_id": "n6050449426"}}, {"type": "Feature", "geometry": {"type": "Point", "coordinates": [137.3538483, 35.437688]}, "properties": {"id": "n6050596391", "name": "武並", "name_en": "Takenami", "kind": "station", "operator": null, "network": null, "near_town": "n1862747607", "near_town_name": "恵那市", "wikipedia": "ja:武並駅", "osm_id": "n6050596391"}}, {"type": "Feature", "geometry": {"type": "Point", "coordinates": [138.211947, 35.9303274]}, "properties": {"id": "n264816550", "name": "すずらんの里", "name_en": "Suzurannosato", "kind": "station", "operator": null, "network": null, "near_town": "n702987357", "near_town_name": "富士見町", "wikipedia": "ja:すずらんの里駅", "osm_id": "n264816550"}}, {"type": "Feature", "geometry": {"type": "Point", "coordinates": [138.2384268, 35.9120403]}, "properties": {"id": "n5981425925", "name": "富士見", "name_en": "Fujimi", "kind": "station", "operator": null, "network": null, "near_town": "n702987357", "near_town_name": "富士見町", "wikipedia": "ja:富士見駅", "osm_id": "n5981425925"}}, {"type": "Feature", "geometry": {"type": "Point", "coordinates": [138.2758202, 35.8847391]}, "properties": {"id": "n5981439229", "name": "信濃境", "name_en": "Shinano-Sakai", "kind": "station", "operator": null, "network": null, "near_town": "n702987357", "near_town_name": "富士見町", "wikipedia": "ja:信濃境駅", "osm_id": "n5981439229"}}, {"type": "Feature", "geometry": {"type": "Point", "coordinates": [138.5202408, 35.5697368]}, "properties": {"id": "n265832025", "name": "甲斐上野", "name_en": "Kai-Ueno", "kind": "station", "operator": null, "network": null, "near_town": "n1809487734", "near_town_name": "南アルプス市", "wikipedia": "ja:甲斐上野駅", "osm_id": "n265832025"}}, {"type": "Feature", "geometry": {"type": "Point", "coordinates": [138.4929475, 35.560444]}, "properties": {"id": "n5980724958", "name": "市川大門", "name_en": "Ichikawa-Daimon", "kind": "station", "operator": null, "network": null, "near_town": "n1809487734", "near_town_name": "南アルプス市", "wikipedia": "ja:市川大門駅", "osm_id": "n5980724958"}}, {"type": "Feature", "geometry": {"type": "Point", "coordinates": [138.5022368, 35.5607312]}, "properties": {"id": "n5980724959", "name": "市川本町", "name_en": "Ichikawa-Hommachi", "kind": "station", "operator": null, "network": null, "near_town": "n1809487734", "near_town_name": "南アルプス市", "wikipedia": "ja:市川本町駅", "osm_id": "n5980724959"}}, {"type": "Feature", "geometry": {"type": "Point", "coordinates": [138.5109365, 35.5628946]}, "properties": {"id": "n5980724960", "name": "芦川", "name_en": "Ashigawa", "kind": "station", "operator": null, "network": null, "near_town": "n1809487734", "near_town_name": "南アルプス市", "wikipedia": "ja:芦川駅 (山梨県)", "osm_id": "n5980724960"}}, {"type": "Feature", "geometry": {"type": "Point", "coordinates": [138.5269006, 35.5945354]}, "properties": {"id": "n5980724967", "name": "東花輪", "name_en": "Higashi-Hanawa", "kind": "station", "operator": null, "network": null, "near_town": "n1809487734", "near_town_name": "南アルプス市", "wikipedia": "ja:東花輪駅", "osm_id": "n5980724967"}}, {"type": "Feature", "geometry": {"type": "Point", "coordinates": [138.5285653, 35.6048909]}, "properties": {"id": "n5980724969", "name": "小井川", "name_en": "Koikawa", "kind": "station", "operator": null, "network": null, "near_town": "n1809487734", "near_town_name": "南アルプス市", "wikipedia": "ja:小井川駅", "osm_id": "n5980724969"}}, {"type": "Feature", "geometry": {"type": "Point", "coordinates": [137.9040579, 35.6175411]}, "properties": {"id": "n264869530", "name": "上片桐", "name_en": "Kami-Katagiri", "kind": "station", "operator": null, "network": null, "near_town": "n702987333", "near_town_name": "松川町", "wikipedia": "ja:上片桐駅", "osm_id": "n264869530"}}, {"type": "Feature", "geometry": {"type": "Point", "coordinates": [137.9036708, 35.577882]}, "properties": {"id": "n264869626", "name": "山吹", "name_en": "Yamabuki", "kind": "station", "operator": null, "network": null, "near_town": "n702987333", "near_town_name": "松川町", "wikipedia": "ja:山吹駅", "osm_id": "n264869626"}}, {"type": "Feature", "geometry": {"type": "Point", "coordinates": [137.913167, 35.5955415]}, "properties": {"id": "n264869743", "name": "伊那大島", "name_en": "Ina-Ōshima", "kind": "station", "operator": null, "network": null, "near_town": "n702987333", "near_town_name": "松川町", "wikipedia": "ja:伊那大島駅", "osm_id": "n264869743"}}, {"type": "Feature", "geometry": {"type": "Point", "coordinates": [137.9005792, 35.6446428]}, "properties": {"id": "n264870210", "name": "高遠原", "name_en": "Takatōbara", "kind": "station", "operator": null, "network": null, "near_town": "n702987333", "near_town_name": "松川町", "wikipedia": "ja:高遠原駅", "osm_id": "n264870210"}}, {"type": "Feature", "geometry": {"type": "Point", "coordinates": [137.8958263, 35.5723582]}, "properties": {"id": "n264870976", "name": "下平", "name_en": "Shimodaira", "kind": "station", "operator": null, "network": null, "near_town": "n702987333", "near_town_name": "松川町", "wikipedia": "ja:下平駅", "osm_id": "n264870976"}}, {"type": "Feature", "geometry": {"type": "Point", "coordinates": [137.9113712, 35.6547232]}, "properties": {"id": "n264871540", "name": "七久保", "name_en": "Nanakubo", "kind": "station", "operator": null, "network": null, "near_town": "n702987333", "near_town_name": "松川町", "wikipedia": "ja:七久保駅", "osm_id": "n264871540"}}, {"type": "Feature", "geometry": {"type": "Point", "coordinates": [137.9103913, 35.6272091]}, "properties": {"id": "n264874703", "name": "伊那田島", "name_en": "Ina-Tajima", "kind": "station", "operator": null, "network": null, "near_town": "n702987333", "near_town_name": "松川町", "wikipedia": "ja:伊那田島駅", "osm_id": "n264874703"}}, {"type": "Feature", "geometry": {"type": "Point", "coordinates": [138.4627326, 35.4921431]}, "properties": {"id": "n5980724948", "name": "甲斐岩間", "name_en": "Kai-Iwama", "kind": "station", "operator": null, "network": null, "near_town": "n2993187422", "near_town_name": "身延町", "wikipedia": "ja:甲斐岩間駅", "osm_id": "n5980724948"}}, {"type": "Feature", "geometry": {"type": "Point", "coordinates": [138.4714429, 35.5038625]}, "properties": {"id": "n5980724949", "name": "落居", "name_en": "Ochii", "kind": "station", "operator": null, "network": null, "near_town": "n2993187422", "near_town_name": "身延町", "wikipedia": "ja:落居駅", "osm_id": "n5980724949"}}, {"type": "Feature", "geometry": {"type": "Point", "coordinates": [138.4821403, 35.4621992]}, "properties": {"id": "n6036084477", "name": "市ノ瀬", "name_en": "Ichinose", "kind": "station", "operator": null, "network": null, "near_town": "n2993187422", "near_town_name": "身延町", "wikipedia": "ja:市ノ瀬駅", "osm_id": "n6036084477"}}, {"type": "Feature", "geometry": {"type": "Point", "coordinates": [138.4677637, 35.4813913]}, "properties": {"id": "n6036084478", "name": "久那土", "name_en": "Kunado", "kind": "station", "operator": null, "network": null, "near_town": "n2993187422", "near_town_name": "身延町", "wikipedia": "ja:久那土駅", "osm_id": "n6036084478"}}, {"type": "Feature", "geometry": {"type": "Point", "coordinates": [138.4595802, 35.4184801]}, "properties": {"id": "n6036621619", "name": "波高島", "name_en": "Hadakajima", "kind": "station", "operator": null, "network": null, "near_town": "n2993187422", "near_town_name": "身延町", "wikipedia": "ja:波高島駅", "osm_id": "n6036621619"}}, {"type": "Feature", "geometry": {"type": "Point", "coordinates": [138.4722161, 35.4255804]}, "properties": {"id": "n6036621631", "name": "下部温泉", "name_en": "Shimobe-onsen", "kind": "station", "operator": null, "network": null, "near_town": "n2993187422", "near_town_name": "身延町", "wikipedia": "ja:下部温泉駅", "osm_id": "n6036621631"}}, {"type": "Feature", "geometry": {"type": "Point", "coordinates": [138.4769006, 35.4449702]}, "properties": {"id": "n6070965450", "name": "甲斐常葉", "name_en": "Kai-Tokiwa", "kind": "station", "operator": null, "network": null, "near_town": "n2993187422", "near_town_name": "身延町", "wikipedia": "ja:甲斐常葉駅", "osm_id": "n6070965450"}}, {"type": "Feature", "geometry": {"type": "Point", "coordinates": [137.8538052, 35.273846]}, "properties": {"id": "n264864952", "name": "平岡", "name_en": "Hiraoka", "kind": "station", "operator": null, "network": null, "near_town": "n702987314", "near_town_name": "阿南町", "wikipedia": "ja:平岡駅", "osm_id": "n264864952"}}, {"type": "Feature", "geometry": {"type": "Point", "coordinates": [137.8415351, 35.3365501]}, "properties": {"id": "n264871993", "name": "温田", "name_en": "Nukuta", "kind": "station", "operator": null, "network": null, "near_town": "n702987314", "near_town_name": "阿南町", "wikipedia": "ja:温田駅", "osm_id": "n264871993"}}, {"type": "Feature", "geometry": {"type": "Point", "coordinates": [137.8324935, 35.2674026]}, "properties": {"id": "n264873521", "name": "鶯巣", "name_en": "Ugusu", "kind": "station", "operator": null, "network": null, "near_town": "n702987314", "near_town_name": "阿南町", "wikipedia": "ja:鶯巣駅", "osm_id": "n264873521"}}, {"type": "Feature", "geometry": {"type": "Point", "coordinates": [137.8379058, 35.3489572]}, "properties": {"id": "n264874011", "name": "田本", "name_en": "Tamoto", "kind": "station", "operator": null, "network": null, "near_town": "n702987314", "near_town_name": "阿南町", "wikipedia": "ja:田本駅", "osm_id": "n264874011"}}, {"type": "Feature", "geometry": {"type": "Point", "coordinates": [137.8485784, 35.3117984]}, "properties": {"id": "n264874605", "name": "為栗", "name_en": "Shiteguri", "kind": "station", "operator": null, "network": null, "near_town": "n702987314", "near_town_name": "阿南町", "wikipedia": "ja:為栗駅", "osm_id": "n264874605"}}, {"type": "Feature", "geometry": {"type": "Point", "coordinates": [137.8141659, 35.3751473]}, "properties": {"id": "n264874612", "name": "門島", "name_en": "Kadoshima", "kind": "station", "operator": null, "network": null, "near_town": "n702987314", "near_town_name": "阿南町", "wikipedia": "ja:門島駅", "osm_id": "n264874612"}}, {"type": "Feature", "geometry": {"type": "Point", "coordinates": [136.4340138, 36.0755223]}, "properties": {"id": "n264458643", "name": "小舟渡", "name_en": "Kobunato", "kind": "station", "operator": null, "network": null, "near_town": "n1891526180", "near_town_name": "勝山市", "wikipedia": "ja:小舟渡駅", "osm_id": "n264458643"}}, {"type": "Feature", "geometry": {"type": "Point", "coordinates": [136.4657594, 36.0726192]}, "properties": {"id": "n264458788", "name": "発坂", "name_en": "Hossaka", "kind": "station", "operator": null, "network": null, "near_town": "n1891526180", "near_town_name": "勝山市", "wikipedia": "ja:発坂駅", "osm_id": "n264458788"}}, {"type": "Feature", "geometry": {"type": "Point", "coordinates": [136.4515005, 36.0698779]}, "properties": {"id": "n264459080", "name": "保田", "name_en": "Hota", "kind": "station", "operator": null, "network": null, "near_town": "n1891526180", "near_town_name": "勝山市", "wikipedia": "ja:保田駅 (福井県)", "osm_id": "n264459080"}}, {"type": "Feature", "geometry": {"type": "Point", "coordinates": [136.4920532, 36.0561896]}, "properties": {"id": "n4213475362", "name": "勝山", "name_en": "Katsuyama", "kind": "station", "operator": null, "network": null, "near_town": "n1891526180", "near_town_name": "勝山市", "wikipedia": "ja:勝山駅", "osm_id": "n4213475362"}}, {"type": "Feature", "geometry": {"type": "Point", "coordinates": [136.4835694, 36.0659942]}, "properties": {"id": "n12630331004", "name": "比島", "name_en": "Hishima", "kind": "station", "operator": null, "network": null, "near_town": "n1891526180", "near_town_name": "勝山市", "wikipedia": "ja:比島駅", "osm_id": "n12630331004"}}, {"type": "Feature", "geometry": {"type": "Point", "coordinates": [136.4676954, 35.9986582]}, "properties": {"id": "n267448890", "name": "牛ケ原", "name_en": "Ushigahara", "kind": "station", "operator": "西日本旅客鉄道", "network": null, "near_town": "n1891432007", "near_town_name": "大野市", "wikipedia": "ja:牛ケ原駅", "osm_id": "n267448890"}}, {"type": "Feature", "geometry": {"type": "Point", "coordinates": [136.5266892, 35.9870211]}, "properties": {"id": "n267448953", "name": "越前田野", "name_en": "Echizen-Tano", "kind": "station", "operator": "西日本旅客鉄道", "network": null, "near_town": "n1891432007", "near_town_name": "大野市", "wikipedia": "ja:越前田野駅", "osm_id": "n267448953"}}, {"type": "Feature", "geometry": {"type": "Point", "coordinates": [136.5411772, 35.991227]}, "properties": {"id": "n267448955", "name": "越前富田", "name_en": "Echizen-Tomida", "kind": "station", "operator": "西日本旅客鉄道", "network": null, "near_town": "n1891432007", "near_town_name": "大野市", "wikipedia": "ja:越前富田駅", "osm_id": "n267448955"}}, {"type": "Feature", "geometry": {"type": "Point", "coordinates": [136.434484, 35.9976236]}, "properties": {"id": "n267448957", "name": "計石", "name_en": "Hakariishi", "kind": "station", "operator": "西日本旅客鉄道", "network": null, "near_town": "n1891432007", "near_town_name": "大野市", "wikipedia": "ja:計石駅", "osm_id": "n267448957"}}, {"type": "Feature", "geometry": {"type": "Point", "coordinates": [136.5604723, 35.9740208]}, "properties": {"id": "n267449030", "name": "下唯野", "name_en": "Shimo-Yuino", "kind": "station", "operator": "西日本旅客鉄道", "network": null, "near_town": "n1891432007", "near_town_name": "大野市", "wikipedia": "ja:下唯野駅", "osm_id": "n267449030"}}, {"type": "Feature", "geometry": {"type": "Point", "coordinates": [136.4882674, 35.9979595]}, "properties": {"id": "n267449124", "name": "北大野", "name_en": "Kita-Ono", "kind": "station", "operator": "西日本旅客鉄道", "network": null, "near_town": "n1891432007", "near_town_name": "大野市", "wikipedia": "ja:北大野駅", "osm_id": "n267449124"}}, {"type": "Feature", "geometry": {"type": "Point", "coordinates": [136.4969352, 35.9832744]}, "properties": {"id": "n267449284", "name": "越前大野", "name_en": "Echizen-Ono", "kind": "station", "operator": "西日本旅客鉄道", "network": null, "near_town": "n1891432007", "near_town_name": "大野市", "wikipedia": "ja:越前大野駅", "osm_id": "n267449284"}}, {"type": "Feature", "geometry": {"type": "Point", "coordinates": [136.2048999, 36.1206712]}, "properties": {"id": "n264457633", "name": "鷲塚針原", "name_en": "Washizuka-Haribara", "kind": "station", "operator": null, "network": null, "near_town": "n762073174", "near_town_name": "福井市", "wikipedia": "ja:鷲塚針原駅", "osm_id": "n264457633"}}, {"type": "Feature", "geometry": {"type": "Point", "coordinates": [136.2227161, 36.0752259]}, "properties": {"id": "n264457741", "name": "西別院", "name_en": "Nishi-Betsuin", "kind": "station", "operator": null, "network": null, "near_town": "n762073174", "near_town_name": "福井市", "wikipedia": "ja:西別院駅", "osm_id": "n264457741"}}, {"type": "Feature", "geometry": {"type": "Point", "coordinates": [136.2045105, 36.1013999]}, "properties": {"id": "n264457761", "name": "中角", "name_en": "Nakatsuno", "kind": "station", "operator": null, "network": null, "near_town": "n762073174", "near_town_name": "福井市", "wikipedia": "ja:中角駅", "osm_id": "n264457761"}}, {"type": "Feature", "geometry": {"type": "Point", "coordinates": [136.2054239, 36.0923432]}, "properties": {"id": "n264457767", "name": "新田塚", "name_en": "Nittazuka", "kind": "station", "operator": null, "network": null, "near_town": "n762073174", "near_town_name": "福井市", "wikipedia": "ja:新田塚駅", "osm_id": "n264457767"}}, {"type": "Feature", "geometry": {"type": "Point", "coordinates": [136.2060103, 36.0863414]}, "properties": {"id": "n264457970", "name": "八ツ島", "name_en": "Yatsushima", "kind": "station", "operator": "えちぜん鉄道", "network": null, "near_town": "n762073174", "near_town_name": "福井市", "wikipedia": "ja:八ツ島駅", "osm_id": "n264457970"}}, {"type": "Feature", "geometry": {"type": "Point", "coordinates": [136.2511027, 36.0803809]}, "properties": {"id": "n264458482", "name": "越前新保", "name_en": "Echizen-Shinbo", "kind": "station", "operator": null, "network": null, "near_town": "n762073174", "near_town_name": "福井市", "wikipedia": "ja:越前新保駅", "osm_id": "n264458482"}}, {"type": "Feature", "geometry": {"type": "Point", "coordinates": [136.261708, 36.08268]}, "properties": {"id": "n264458485", "name": "追分口", "name_en": "Oiwakeguchi", "kind": "station", "operator": null, "network": null, "near_town": "n762073174", "near_town_name": "福井市", "wikipedia": "ja:追分口駅", "osm_id": "n264458485"}}, {"type": "Feature", "geometry": {"type": "Point", "coordinates": [136.240963, 36.075143]}, "properties": {"id": "n264458555", "name": "越前開発", "name_en": "Echizen-Kaihotsu", "kind": "station", "operator": null, "network": null, "near_town": "n762073174", "near_town_name": "福井市", "wikipedia": "ja:越前開発駅", "osm_id": "n264458555"}}, {"type": "Feature", "geometry": {"type": "Point", "coordinates": [136.2900808, 36.0917593]}, "properties": {"id": "n264458958", "name": "観音町", "name_en": "Kannonmachi", "kind": "station", "operator": null, "network": null, "near_town": "n762073174", "near_town_name": "福井市", "wikipedia": "ja:観音町駅", "osm_id": "n264458958"}}, {"type": "Feature", "geometry": {"type": "Point", "coordinates": [136.2771814, 36.0900612]}, "properties": {"id": "n264458968", "name": "越前島橋", "name_en": "Echizen-Shimabashi", "kind": "station", "operator": null, "network": null, "near_town": "n762073174", "near_town_name": "福井市", "wikipedia": "ja:越前島橋駅", "osm_id": "n264458968"}}, {"type": "Feature", "geometry": {"type": "Point", "coordinates": [136.2698858, 36.0866145]}, "properties": {"id": "n264458989", "name": "東藤島", "name_en": "Higashi-Fujishima", "kind": "station", "operator": null, "network": null, "near_town": "n762073174", "near_town_name": "福井市", "wikipedia": "ja:東藤島駅", "osm_id": "n264458989"}}, {"type": "Feature", "geometry": {"type": "Point", "coordinates": [136.2268999, 36.0649526]}, "properties": {"id": "n264459082", "name": "新福井", "name_en": "Shin-Fukui", "kind": "station", "operator": null, "network": null, "near_town": "n762073174", "near_town_name": "福井市", "wikipedia": "ja:新福井駅", "osm_id": "n264459082"}}, {"type": "Feature", "geometry": {"type": "Point", "coordinates": [136.218092, 36.0387285]}, "properties": {"id": "n267306933", "name": "越前花堂", "name_en": null, "kind": "station", "operator": null, "network": null, "near_town": "n762073174", "near_town_name": "福井市", "wikipedia": "ja:越前花堂駅", "osm_id": "n267306933"}}, {"type": "Feature", "geometry": {"type": "Point", "coordinates": [136.2226333, 36.1096441]}, "properties": {"id": "n267307472", "name": "森田", "name_en": "Morita", "kind": "station", "operator": null, "network": null, "near_town": "n762073174", "near_town_name": "福井市", "wikipedia": "ja:森田駅", "osm_id": "n267307472"}}, {"type": "Feature", "geometry": {"type": "Point", "coordinates": [136.2164472, 36.0100795]}, "properties": {"id": "n267308354", "name": "大土呂", "name_en": "Odoro", "kind": "station", "operator": null, "network": null, "near_town": "n762073174", "near_town_name": "福井市", "wikipedia": "ja:大土呂駅", "osm_id": "n267308354"}}, {"type": "Feature", "geometry": {"type": "Point", "coordinates": [136.2185477, 36.0390984]}, "properties": {"id": "n267448985", "name": "越前花堂", "name_en": "Echizen-Hanandō", "kind": "station", "operator": "西日本旅客鉄道", "network": null, "near_town": "n762073174", "near_town_name": "福井市", "wikipedia": "ja:越前花堂駅", "osm_id": "n267448985"}}, {"type": "Feature", "geometry": {"type": "Point", "coordinates": [136.253535, 36.020829]}, "properties": {"id": "n267448986", "name": "足羽", "name_en": "Asuwa", "kind": "station", "operator": "西日本旅客鉄道", "network": null, "near_town": "n762073174", "near_town_name": "福井市", "wikipedia": "ja:足羽駅", "osm_id": "n267448986"}}, {"type": "Feature", "geometry": {"type": "Point", "coordinates": [136.239973, 36.028026]}, "properties": {"id": "n267448990", "name": "六条", "name_en": "Rokujō", "kind": "station", "operator": "西日本旅客鉄道", "network": null, "near_town": "n762073174", "near_town_name": "福井市", "wikipedia": "ja:六条駅", "osm_id": "n267448990"}}, {"type": "Feature", "geometry": {"type": "Point", "coordinates": [136.2735924, 36.0182871]}, "properties": {"id": "n267449139", "name": "越前東郷", "name_en": "Echizen-Tōgō", "kind": "station", "operator": "西日本旅客鉄道", "network": null, "near_town": "n762073174", "near_town_name": "福井市", "wikipedia": "ja:越前東郷駅", "osm_id": "n267449139"}}, {"type": "Feature", "geometry": {"type": "Point", "coordinates": [136.205317, 36.0139597]}, "properties": {"id": "n822973292", "name": "ハーモニーホール", "name_en": "Harmony Hall", "kind": "station", "operator": null, "network": null, "near_town": "n762073174", "near_town_name": "福井市", "wikipedia": "ja:ハーモニーホール駅", "osm_id": "n822973292"}}, {"type": "Feature", "geometry": {"type": "Point", "coordinates": [136.2017231, 36.00671]}, "properties": {"id": "n822976815", "name": "浅水", "name_en": "Asōzu", "kind": "station", "operator": null, "network": null, "near_town": "n762073174", "near_town_name": "福井市", "wikipedia": "ja:浅水駅", "osm_id": "n822976815"}}, {"type": "Feature", "geometry": {"type": "Point", "coordinates": [136.212321, 36.028123]}, "properties": {"id": "n822977949", "name": "江端", "name_en": "Ebata", "kind": "station", "operator": null, "network": null, "near_town": "n762073174", "near_town_name": "福井市", "wikipedia": "ja:江端駅", "osm_id": "n822977949"}}, {"type": "Feature", "geometry": {"type": "Point", "coordinates": [136.2139144, 36.0338314]}, "properties": {"id": "n822977967", "name": "ベル前", "name_en": "Bell-mae", "kind": "station", "operator": null, "network": null, "near_town": "n762073174", "near_town_name": "福井市", "wikipedia": "ja:ベル前駅", "osm_id": "n822977967"}}, {"type": "Feature", "geometry": {"type": "Point", "coordinates": [136.2043621, 36.1135106]}, "properties": {"id": "n2494783669", "name": "仁愛グランド前", "name_en": "Jin'ai-Ground-Mae", "kind": "halt", "operator": null, "network": null, "near_town": "n762073174", "near_town_name": "福井市", "wikipedia": null, "osm_id": "n2494783669"}}, {"type": "Feature", "geometry": {"type": "Point", "coordinates": [136.2292889, 36.0769726]}, "properties": {"id": "n3893067539", "name": "まつもと町屋", "name_en": "Matsumoto-Machiya", "kind": "station", "operator": null, "network": null, "near_town": "n762073174", "near_town_name": "福井市", "wikipedia": "ja:まつもと町屋駅", "osm_id": "n3893067539"}}, {"type": "Feature", "geometry": {"type": "Point", "coordinates": [136.2065864, 36.0806198]}, "properties": {"id": "n3893073351", "name": "日華化学前", "name_en": "Nikkakagaku-Mae", "kind": "station", "operator": "えちぜん鉄道", "network": null, "near_town": "n762073174", "near_town_name": "福井市", "wikipedia": "ja:日華化学前駅", "osm_id": "n3893073351"}}, {"type": "Feature", "geometry": {"type": "Point", "coordinates": [136.2095015, 36.0222188]}, "properties": {"id": "n4164240967", "name": "清明", "name_en": null, "kind": "station", "operator": null, "network": null, "near_town": "n762073174", "near_town_name": "福井市", "wikipedia": "ja:清明駅", "osm_id": "n4164240967"}}, {"type": "Feature", "geometry": {"type": "Point", "coordinates": [136.2221908, 36.0621411]}, "properties": {"id": "n4164240968", "name": "福井駅", "name_en": "Fukui", "kind": "station", "operator": null, "network": null, "near_town": "n762073174", "near_town_name": "福井市", "wikipedia": "ja:福井駅 (福井県)", "osm_id": "n4164240968"}}, {"type": "Feature", "geometry": {"type": "Point", "coordinates": [136.2330685, 36.0705156]}, "properties": {"id": "n4213475371", "name": "福井口", "name_en": "Fukuiguchi", "kind": "station", "operator": null, "network": null, "near_town": "n762073174", "near_town_name": "福井市", "wikipedia": "ja:福井口駅", "osm_id": "n4213475371"}}, {"type": "Feature", "geometry": {"type": "Point", "coordinates": [136.2104762, 36.0741897]}, "properties": {"id": "n4398558721", "name": "福大前西福井", "name_en": "Fukudaimae-Nishi-Fukui", "kind": "station", "operator": null, "network": null, "near_town": "n762073174", "near_town_name": "福井市", "wikipedia": "ja:福大前西福井駅", "osm_id": "n4398558721"}}, {"type": "Feature", "geometry": {"type": "Point", "coordinates": [136.2239821, 36.0621497]}, "properties": {"id": "n5834446514", "name": "福井", "name_en": "Fukui", "kind": "station", "operator": "えちぜん鉄道", "network": null, "near_town": "n762073174", "near_town_name": "福井市", "wikipedia": "ja:福井駅 (福井県)", "osm_id": "n5834446514"}}, {"type": "Feature", "geometry": {"type": "Point", "coordinates": [136.2231202, 36.0618051]}, "properties": {"id": "n6641719592", "name": "福井", "name_en": "Fukui", "kind": "station", "operator": null, "network": null, "near_town": "n762073174", "near_town_name": "福井市", "wikipedia": "ja:福井駅 (福井県)", "osm_id": "n6641719592"}}, {"type": "Feature", "geometry": {"type": "Point", "coordinates": [136.2180585, 36.0695513]}, "properties": {"id": "n6966993327", "name": "仁愛女子高校", "name_en": "Jin'ai Joshikōkō", "kind": "station", "operator": null, "network": null, "near_town": "n762073174", "near_town_name": "福井市", "wikipedia": "ja:仁愛女子高校駅", "osm_id": "n6966993327"}}, {"type": "Feature", "geometry": {"type": "Point", "coordinates": [136.2173409, 36.0748461]}, "properties": {"id": "n6966993337", "name": "田原町", "name_en": "Tawaramachi", "kind": "station", "operator": null, "network": null, "near_town": "n762073174", "near_town_name": "福井市", "wikipedia": null, "osm_id": "n6966993337"}}, {"type": "Feature", "geometry": {"type": "Point", "coordinates": [136.2176007, 36.0638701]}, "properties": {"id": "n6967028749", "name": "福井城址大名町", "name_en": "Fukuijousidaimyoumachi", "kind": "station", "operator": null, "network": null, "near_town": "n762073174", "near_town_name": "福井市", "wikipedia": "ja:福井城址大名町駅", "osm_id": "n6967028749"}}, {"type": "Feature", "geometry": {"type": "Point", "coordinates": [136.2151405, 36.057999]}, "properties": {"id": "n6967046718", "name": "足羽山公園口", "name_en": "Asuwayama-Kōenguchi", "kind": "station", "operator": null, "network": null, "near_town": "n762073174", "near_town_name": "福井市", "wikipedia": "ja:足羽山公園口駅", "osm_id": "n6967046718"}}, {"type": "Feature", "geometry": {"type": "Point", "coordinates": [136.2149335, 36.0539603]}, "properties": {"id": "n6967046720", "name": "商工会議所前", "name_en": "Shokokaigisho-mae", "kind": "station", "operator": null, "network": null, "near_town": "n762073174", "near_town_name": "福井市", "wikipedia": null, "osm_id": "n6967046720"}}, {"type": "Feature", "geometry": {"type": "Point", "coordinates": [136.2166649, 36.0486073]}, "properties": {"id": "n6967046729", "name": "赤十字前", "name_en": "Sekijūjimae", "kind": "station", "operator": null, "network": null, "near_town": "n762073174", "near_town_name": "福井市", "wikipedia": "ja:赤十字前駅", "osm_id": "n6967046729"}}, {"type": "Feature", "geometry": {"type": "Point", "coordinates": [136.2152198, 36.0408812]}, "properties": {"id": "n6967062511", "name": "花堂", "name_en": "Hanandō", "kind": "station", "operator": null, "network": null, "near_town": "n762073174", "near_town_name": "福井市", "wikipedia": "ja:花堂駅", "osm_id": "n6967062511"}}, {"type": "Feature", "geometry": {"type": "Point", "coordinates": [136.2651919, 35.3784578]}, "properties": {"id": "n5004344385", "name": "長浜", "name_en": "Nagahama", "kind": "station", "operator": "西日本旅客鉄道", "network": "北陸本線", "near_town": "n324857864", "near_town_name": "長浜市", "wikipedia": "ja:長浜駅", "osm_id": "n5004344385"}}, {"type": "Feature", "geometry": {"type": "Point", "coordinates": [136.2818055, 35.356318]}, "properties": {"id": "n8128136605", "name": "田村", "name_en": "Tamura", "kind": "station", "operator": null, "network": null, "near_town": "n324857864", "near_town_name": "長浜市", "wikipedia": "ja:田村駅", "osm_id": "n8128136605"}}, {"type": "Feature", "geometry": {"type": "Point", "coordinates": [136.2877594, 35.3359644]}, "properties": {"id": "n8128136607", "name": "坂田", "name_en": "Sakata", "kind": "station", "operator": "西日本旅客鉄道", "network": null, "near_town": "n324857864", "near_town_name": "長浜市", "wikipedia": "ja:坂田駅", "osm_id": "n8128136607"}}, {"type": "Feature", "geometry": {"type": "Point", "coordinates": [136.2657036, 35.3791346]}, "properties": {"id": "n12438418211", "name": "(이름 없음)", "name_en": null, "kind": "bus_station", "operator": null, "network": null, "near_town": "n324857864", "near_town_name": "長浜市", "wikipedia": null, "osm_id": "n12438418211"}}, {"type": "Feature", "geometry": {"type": "Point", "coordinates": [136.2655738, 35.3790996]}, "properties": {"id": "n12438418212", "name": "(이름 없음)", "name_en": null, "kind": "bus_station", "operator": null, "network": null, "near_town": "n324857864", "near_town_name": "長浜市", "wikipedia": null, "osm_id": "n12438418212"}}, {"type": "Feature", "geometry": {"type": "Point", "coordinates": [136.2657767, 35.3789266]}, "properties": {"id": "n12438418227", "name": "(이름 없음)", "name_en": null, "kind": "bus_station", "operator": null, "network": null, "near_town": "n324857864", "near_town_name": "長浜市", "wikipedia": null, "osm_id": "n12438418227"}}, {"type": "Feature", "geometry": {"type": "Point", "coordinates": [136.2656489, 35.378894]}, "properties": {"id": "n12438418228", "name": "(이름 없음)", "name_en": null, "kind": "bus_station", "operator": null, "network": null, "near_town": "n324857864", "near_town_name": "長浜市", "wikipedia": null, "osm_id": "n12438418228"}}, {"type": "Feature", "geometry": {"type": "Point", "coordinates": [136.2572779, 35.4246514]}, "properties": {"id": "n12838453079", "name": "虎姫", "name_en": "Torahime", "kind": "station", "operator": null, "network": null, "near_town": "n324857864", "near_town_name": "長浜市", "wikipedia": "ja:虎姫駅", "osm_id": "n12838453079"}}, {"type": "Feature", "geometry": {"type": "Point", "coordinates": [136.2633658, 35.2722017]}, "properties": {"id": "n3630162090", "name": "彦根", "name_en": "Hikone", "kind": "station", "operator": null, "network": null, "near_town": "n391076162", "near_town_name": "米原市", "wikipedia": "ja:彦根駅", "osm_id": "n3630162090"}}, {"type": "Feature", "geometry": {"type": "Point", "coordinates": [136.2829991, 35.2845592]}, "properties": {"id": "n3664970241", "name": "鳥居本", "name_en": "Toriimoto", "kind": "station", "operator": "近江鉄道", "network": "近江鉄道本線", "near_town": "n391076162", "near_town_name": "米原市", "wikipedia": "ja:鳥居本駅", "osm_id": "n3664970241"}}, {"type": "Feature", "geometry": {"type": "Point", "coordinates": [136.2901179, 35.3149074]}, "properties": {"id": "n3999594682", "name": "米原", "name_en": "Maibara", "kind": "station", "operator": "西日本旅客鉄道", "network": null, "near_town": "n391076162", "near_town_name": "米原市", "wikipedia": "ja:米原駅", "osm_id": "n3999594682"}}, {"type": "Feature", "geometry": {"type": "Point", "coordinates": [136.3452735, 35.3277907]}, "properties": {"id": "n3999594683", "name": "醒ヶ井", "name_en": "Samegai", "kind": "station", "operator": null, "network": null, "near_town": "n391076162", "near_town_name": "米原市", "wikipedia": "ja:醒ケ井駅", "osm_id": "n3999594683"}}, {"type": "Feature", "geometry": {"type": "Point", "coordinates": [136.2903249, 35.3141097]}, "properties": {"id": "n8064860617", "name": "米原", "name_en": "Maibara", "kind": "station", "operator": "近江鉄道", "network": "近江鉄道本線", "near_town": "n391076162", "near_town_name": "米原市", "wikipedia": null, "osm_id": "n8064860617"}}, {"type": "Feature", "geometry": {"type": "Point", "coordinates": [136.2895833, 35.3150245]}, "properties": {"id": "n8064860618", "name": "米原", "name_en": "Maibara", "kind": "station", "operator": "東海旅客鉄道", "network": "東海道新幹線", "near_town": "n391076162", "near_town_name": "米原市", "wikipedia": "ja:米原駅", "osm_id": "n8064860618"}}, {"type": "Feature", "geometry": {"type": "Point", "coordinates": [136.2609702, 35.2622511]}, "properties": {"id": "n8214134219", "name": "ひこね芹川", "name_en": "Hikoneserikawa", "kind": "station", "operator": null, "network": null, "near_town": "n391076162", "near_town_name": "米原市", "wikipedia": "ja:ひこね芹川駅", "osm_id": "n8214134219"}}, {"type": "Feature", "geometry": {"type": "Point", "coordinates": [136.2854969, 35.2943107]}, "properties": {"id": "n8214134221", "name": "フジテック前", "name_en": "Fujitec-mae", "kind": "station", "operator": null, "network": null, "near_town": "n391076162", "near_town_name": "米原市", "wikipedia": "ja:フジテック前駅", "osm_id": "n8214134221"}}, {"type": "Feature", "geometry": {"type": "Point", "coordinates": [136.2635056, 35.2717159]}, "properties": {"id": "n11449234789", "name": "彦根", "name_en": "Hikone", "kind": "station", "operator": null, "network": null, "near_town": "n391076162", "near_town_name": "米原市", "wikipedia": null, "osm_id": "n11449234789"}}, {"type": "Feature", "geometry": {"type": "Point", "coordinates": [136.6609576, 35.3958908]}, "properties": {"id": "n270865273", "name": "十九条", "name_en": "Jūkujō", "kind": "station", "operator": null, "network": null, "near_town": "n3412958800", "near_town_name": "大垣市", "wikipedia": "ja:十九条駅", "osm_id": "n270865273"}}, {"type": "Feature", "geometry": {"type": "Point", "coordinates": [136.6463467, 35.3751889]}, "properties": {"id": "n270865353", "name": "東大垣", "name_en": "Higashi-Ōgaki", "kind": "station", "operator": null, "network": null, "near_town": "n3412958800", "near_town_name": "大垣市", "wikipedia": "ja:東大垣駅", "osm_id": "n270865353"}}, {"type": "Feature", "geometry": {"type": "Point", "coordinates": [136.6595332, 35.3872545]}, "properties": {"id": "n270865476", "name": "横屋", "name_en": "Yokoya", "kind": "station", "operator": null, "network": null, "near_town": "n3412958800", "near_town_name": "大垣市", "wikipedia": "ja:横屋駅", "osm_id": "n270865476"}}, {"type": "Feature", "geometry": {"type": "Point", "coordinates": [136.5915173, 35.3055599]}, "properties": {"id": "n448109443", "name": "烏江", "name_en": "Karasue", "kind": "station", "operator": "養老鉄道", "network": null, "near_town": "n3412958800", "near_town_name": "大垣市", "wikipedia": "ja:烏江駅", "osm_id": "n448109443"}}, {"type": "Feature", "geometry": {"type": "Point", "coordinates": [136.6066467, 35.3672567]}, "properties": {"id": "n448111483", "name": "室", "name_en": "Muro", "kind": "station", "operator": "養老鉄道", "network": null, "near_town": "n3412958800", "near_town_name": "大垣市", "wikipedia": "ja:室駅", "osm_id": "n448111483"}}, {"type": "Feature", "geometry": {"type": "Point", "coordinates": [136.6020405, 35.3755004]}, "properties": {"id": "n448112051", "name": "北大垣", "name_en": "Kita-Ōgaki", "kind": "station", "operator": null, "network": null, "near_town": "n3412958800", "near_town_name": "大垣市", "wikipedia": "ja:北大垣駅", "osm_id": "n448112051"}}, {"type": "Feature", "geometry": {"type": "Point", "coordinates": [136.5973783, 35.3153435]}, "properties": {"id": "n448112098", "name": "大外羽", "name_en": "Otoba", "kind": "station", "operator": "養老鉄道", "network": null, "near_town": "n3412958800", "near_town_name": "大垣市", "wikipedia": "ja:大外羽駅", "osm_id": "n448112098"}}, {"type": "Feature", "geometry": {"type": "Point", "coordinates": [136.6033135, 35.3602833]}, "properties": {"id": "n448112600", "name": "西大垣", "name_en": "Nishi-Ogaki", "kind": "station", "operator": "養老鉄道", "network": null, "near_town": "n3412958800", "near_town_name": "大垣市", "wikipedia": "ja:西大垣駅", "osm_id": "n448112600"}}, {"type": "Feature", "geometry": {"type": "Point", "coordinates": [136.6020539, 35.4196841]}, "properties": {"id": "n448114121", "name": "広神戸", "name_en": "Hiro-Godo", "kind": "station", "operator": null, "network": null, "near_town": "n3412958800", "near_town_name": "大垣市", "wikipedia": "ja:広神戸駅", "osm_id": "n448114121"}}, {"type": "Feature", "geometry": {"type": "Point", "coordinates": [136.6007687, 35.3265404]}, "properties": {"id": "n448114284", "name": "友江", "name_en": "Tomoe", "kind": "station", "operator": "養老鉄道", "network": null, "near_town": "n3412958800", "near_town_name": "大垣市", "wikipedia": "ja:友江駅", "osm_id": "n448114284"}}, {"type": "Feature", "geometry": {"type": "Point", "coordinates": [136.6038394, 35.3437973]}, "properties": {"id": "n448115227", "name": "美濃青柳", "name_en": "Mino-Yanagi", "kind": "station", "operator": "養老鉄道", "network": null, "near_town": "n3412958800", "near_town_name": "大垣市", "wikipedia": "ja:美濃青柳駅", "osm_id": "n448115227"}}, {"type": "Feature", "geometry": {"type": "Point", "coordinates": [136.5834752, 35.3734058]}, "properties": {"id": "n513182492", "name": "荒尾", "name_en": "Arao", "kind": "station", "operator": null, "network": null, "near_town": "n3412958800", "near_town_name": "大垣市", "wikipedia": "ja:荒尾駅 (岐阜県)", "osm_id": "n513182492"}}, {"type": "Feature", "geometry": {"type": "Point", "coordinates": [136.6178001, 35.3670837]}, "properties": {"id": "n3999594686", "name": "大垣", "name_en": "Ōgaki", "kind": "station", "operator": null, "network": null, "near_town": "n3412958800", "near_town_name": "大垣市", "wikipedia": "ja:大垣駅", "osm_id": "n3999594686"}}, {"type": "Feature", "geometry": {"type": "Point", "coordinates": [136.6010214, 35.3942763]}, "properties": {"id": "n4586525900", "name": "東赤坂", "name_en": "Higashi-Akasaka", "kind": "station", "operator": null, "network": null, "near_town": "n3412958800", "near_town_name": "大垣市", "wikipedia": "ja:東赤坂駅", "osm_id": "n4586525900"}}, {"type": "Feature", "geometry": {"type": "Point", "coordinates": [136.5820172, 35.3868591]}, "properties": {"id": "n4586525924", "name": "美濃赤坂", "name_en": "Mino-Akasaka", "kind": "station", "operator": null, "network": null, "near_town": "n3412958800", "near_town_name": "大垣市", "wikipedia": "ja:美濃赤坂駅", "osm_id": "n4586525924"}}, {"type": "Feature", "geometry": {"type": "Point", "coordinates": [136.6169214, 35.36666]}, "properties": {"id": "n8232732826", "name": "大垣", "name_en": "Ogaki", "kind": "station", "operator": "養老鉄道", "network": null, "near_town": "n3412958800", "near_town_name": "大垣市", "wikipedia": "ja:大垣駅", "osm_id": "n8232732826"}}, {"type": "Feature", "geometry": {"type": "Point", "coordinates": [136.5808139, 35.3972145]}, "properties": {"id": "n9196070579", "name": "乙女坂", "name_en": "Otomezaka", "kind": "station", "operator": null, "network": null, "near_town": "n3412958800", "near_town_name": "大垣市", "wikipedia": "ja:乙女坂駅", "osm_id": "n9196070579"}}, {"type": "Feature", "geometry": {"type": "Point", "coordinates": [136.1901497, 34.0747359]}, "properties": {"id": "n265824187", "name": "尾鷲", "name_en": "Owase", "kind": "station", "operator": null, "network": null, "near_town": "n691595771", "near_town_name": "尾鷲市", "wikipedia": "ja:尾鷲駅", "osm_id": "n265824187"}}, {"type": "Feature", "geometry": {"type": "Point", "coordinates": [136.2271276, 34.1119898]}, "properties": {"id": "n265826345", "name": "相賀", "name_en": "Aiga", "kind": "station", "operator": "JR 東海旅客鉄道", "network": "紀勢本線", "near_town": "n691595771", "near_town_name": "尾鷲市", "wikipedia": "ja:相賀駅", "osm_id": "n265826345"}}, {"type": "Feature", "geometry": {"type": "Point", "coordinates": [136.2229972, 34.0619453]}, "properties": {"id": "n265827569", "name": "大曽根浦", "name_en": "Osoneura", "kind": "station", "operator": null, "network": null, "near_town": "n691595771", "near_town_name": "尾鷲市", "wikipedia": "ja:大曽根浦駅", "osm_id": "n265827569"}}, {"type": "Feature", "geometry": {"type": "Point", "coordinates": [136.2821048, 34.16746]}, "properties": {"id": "n265826352", "name": "三野瀬", "name_en": "Minose", "kind": "station", "operator": null, "network": null, "near_town": "n2970907203", "near_town_name": "紀北町", "wikipedia": "ja:三野瀬駅", "osm_id": "n265826352"}}, {"type": "Feature", "geometry": {"type": "Point", "coordinates": [136.2286006, 34.1421787]}, "properties": {"id": "n265826835", "name": "船津", "name_en": "Funatsu", "kind": "station", "operator": null, "network": null, "near_town": "n2970907203", "near_town_name": "紀北町", "wikipedia": "ja:船津駅 (三重県紀北町)", "osm_id": "n265826835"}}, {"type": "Feature", "geometry": {"type": "Point", "coordinates": [135.8232053, 34.3901389]}, "properties": {"id": "n413347652", "name": "六田", "name_en": "Muda", "kind": "station", "operator": null, "network": null, "near_town": "n2460513488", "near_town_name": "下市町", "wikipedia": "ja:六田駅", "osm_id": "n413347652"}}, {"type": "Feature", "geometry": {"type": "Point", "coordinates": [135.8025328, 34.386061]}, "properties": {"id": "n413348089", "name": "越部", "name_en": "Koshibe", "kind": "station", "operator": null, "network": null, "near_town": "n2460513488", "near_town_name": "下市町", "wikipedia": "ja:越部駅", "osm_id": "n413348089"}}, {"type": "Feature", "geometry": {"type": "Point", "coordinates": [135.766378, 34.3882844]}, "properties": {"id": "n413348877", "name": "大阿太", "name_en": "Ōada", "kind": "station", "operator": null, "network": null, "near_town": "n2460513488", "near_town_name": "下市町", "wikipedia": "ja:大阿太駅", "osm_id": "n413348877"}}, {"type": "Feature", "geometry": {"type": "Point", "coordinates": [135.7870164, 34.3840535]}, "properties": {"id": "n7835222976", "name": "下市口", "name_en": "Shimoichiguchi", "kind": "station", "operator": null, "network": null, "near_town": "n2460513488", "near_town_name": "下市町", "wikipedia": "ja:下市口駅", "osm_id": "n7835222976"}}, {"type": "Feature", "geometry": {"type": "Point", "coordinates": [135.853556, 34.3769776]}, "properties": {"id": "n8164014181", "name": "吉野", "name_en": "Yoshino", "kind": "station", "operator": "近畿日本鉄道", "network": "近畿日本鉄道吉野線", "near_town": "n2460513488", "near_town_name": "下市町", "wikipedia": "ja:吉野駅 (奈良県)", "osm_id": "n8164014181"}}, {"type": "Feature", "geometry": {"type": "Point", "coordinates": [135.8455706, 34.3956342]}, "properties": {"id": "n413347892", "name": "大和上市", "name_en": "Yamato-Kamiichi", "kind": "station", "operator": null, "network": null, "near_town": "n2452542791", "near_town_name": "吉野町", "wikipedia": "ja:大和上市駅", "osm_id": "n413347892"}}, {"type": "Feature", "geometry": {"type": "Point", "coordinates": [135.8480548, 34.3904998]}, "properties": {"id": "n413348248", "name": "吉野神宮", "name_en": "Yoshino-jingū", "kind": "station", "operator": null, "network": null, "near_town": "n2452542791", "near_town_name": "吉野町", "wikipedia": "ja:吉野神宮駅", "osm_id": "n413348248"}}, {"type": "Feature", "geometry": {"type": "Point", "coordinates": [135.7948182, 34.4495924]}, "properties": {"id": "n413347595", "name": "壺阪山", "name_en": "Tsubosakayama", "kind": "station", "operator": null, "network": null, "near_town": "n2460518022", "near_town_name": "大淀町", "wikipedia": "ja:壺阪山駅", "osm_id": "n413347595"}}, {"type": "Feature", "geometry": {"type": "Point", "coordinates": [135.7761563, 34.4416936]}, "properties": {"id": "n413348200", "name": "市尾", "name_en": "Ichio", "kind": "station", "operator": null, "network": null, "near_town": "n2460518022", "near_town_name": "大淀町", "wikipedia": "ja:市尾駅", "osm_id": "n413348200"}}, {"type": "Feature", "geometry": {"type": "Point", "coordinates": [135.7430488, 34.407338]}, "properties": {"id": "n413348301", "name": "薬水", "name_en": "Kusurimizu", "kind": "station", "operator": null, "network": null, "near_town": "n2460518022", "near_town_name": "大淀町", "wikipedia": "ja:薬水駅", "osm_id": "n413348301"}}, {"type": "Feature", "geometry": {"type": "Point", "coordinates": [135.7507341, 34.3952773]}, "properties": {"id": "n413348490", "name": "福神", "name_en": "Fukugami", "kind": "station", "operator": null, "network": null, "near_town": "n2460518022", "near_town_name": "大淀町", "wikipedia": "ja:福神駅", "osm_id": "n413348490"}}, {"type": "Feature", "geometry": {"type": "Point", "coordinates": [135.759834, 34.431385]}, "properties": {"id": "n413348866", "name": "葛", "name_en": "Kuzu", "kind": "station", "operator": null, "network": null, "near_town": "n2460518022", "near_town_name": "大淀町", "wikipedia": "ja:葛駅", "osm_id": "n413348866"}}, {"type": "Feature", "geometry": {"type": "Point", "coordinates": [135.7505853, 34.4206399]}, "properties": {"id": "n8024753024", "name": "吉野口", "name_en": "Yoshinoguchi", "kind": "station", "operator": null, "network": null, "near_town": "n2460518022", "near_town_name": "大淀町", "wikipedia": "ja:吉野口駅", "osm_id": "n8024753024"}}, {"type": "Feature", "geometry": {"type": "Point", "coordinates": [135.7503775, 34.4207969]}, "properties": {"id": "n8024753026", "name": "吉野口", "name_en": "Yoshinoguchi", "kind": "station", "operator": null, "network": null, "near_town": "n2460518022", "near_town_name": "大淀町", "wikipedia": "ja:吉野口駅", "osm_id": "n8024753026"}}, {"type": "Feature", "geometry": {"type": "Point", "coordinates": [133.259255, 35.4280643]}, "properties": {"id": "n265968755", "name": "安来", "name_en": "Yasugi", "kind": "station", "operator": null, "network": null, "near_town": "n1735958768", "near_town_name": "米子市", "wikipedia": "ja:安来駅", "osm_id": "n265968755"}}, {"type": "Feature", "geometry": {"type": "Point", "coordinates": [133.3516092, 35.4308297]}, "properties": {"id": "n265970099", "name": "東山公園", "name_en": "Higashiyamakōen", "kind": "station", "operator": null, "network": null, "near_town": "n1735958768", "near_town_name": "米子市", "wikipedia": "ja:東山公園駅 (鳥取県)", "osm_id": "n265970099"}}, {"type": "Feature", "geometry": {"type": "Point", "coordinates": [133.3367834, 35.4233042]}, "properties": {"id": "n266921280", "name": "米子", "name_en": "Yonago", "kind": "station", "operator": null, "network": null, "near_town": "n1735958768", "near_town_name": "米子市", "wikipedia": "ja:米子駅", "osm_id": "n266921280"}}, {"type": "Feature", "geometry": {"type": "Point", "coordinates": [133.3363951, 35.4348286]}, "properties": {"id": "n266921300", "name": "富士見町", "name_en": "Fujimichō", "kind": "station", "operator": null, "network": null, "near_town": "n1735958768", "near_town_name": "米子市", "wikipedia": "ja:富士見町駅 (鳥取県)", "osm_id": "n266921300"}}, {"type": "Feature", "geometry": {"type": "Point", "coordinates": [133.2883828, 35.4670082]}, "properties": {"id": "n266921404", "name": "弓ヶ浜", "name_en": "Yumigahama", "kind": "station", "operator": null, "network": null, "near_town": "n1735958768", "near_town_name": "米子市", "wikipedia": "ja:弓ヶ浜駅", "osm_id": "n266921404"}}, {"type": "Feature", "geometry": {"type": "Point", "coordinates": [133.3054878, 35.4567486]}, "properties": {"id": "n266921426", "name": "河崎口", "name_en": "Kawasakiguchi", "kind": "station", "operator": null, "network": null, "near_town": "n1735958768", "near_town_name": "米子市", "wikipedia": "ja:河崎口駅", "osm_id": "n266921426"}}, {"type": "Feature", "geometry": {"type": "Point", "coordinates": [133.3228353, 35.44626]}, "properties": {"id": "n266921493", "name": "三本松口", "name_en": "Sambommatsuguchi", "kind": "station", "operator": null, "network": null, "near_town": "n1735958768", "near_town_name": "米子市", "wikipedia": "ja:三本松口駅", "osm_id": "n266921493"}}, {"type": "Feature", "geometry": {"type": "Point", "coordinates": [133.3401619, 35.4310576]}, "properties": {"id": "n1575760121", "name": "博労町", "name_en": "Bakurōmachi", "kind": "station", "operator": null, "network": null, "near_town": "n1735958768", "near_town_name": "米子市", "wikipedia": "ja:博労町駅", "osm_id": "n1575760121"}}, {"type": "Feature", "geometry": {"type": "Point", "coordinates": [133.3315467, 35.4395558]}, "properties": {"id": "n1575760258", "name": "後藤", "name_en": "Gotō", "kind": "station", "operator": null, "network": null, "near_town": "n1735958768", "near_town_name": "米子市", "wikipedia": "ja:後藤駅", "osm_id": "n1575760258"}}, {"type": "Feature", "geometry": {"type": "Point", "coordinates": [133.3835506, 35.4297178]}, "properties": {"id": "n6375884470", "name": "伯耆大山", "name_en": "Hōki-Daisen", "kind": "station", "operator": null, "network": null, "near_town": "n1735958768", "near_town_name": "米子市", "wikipedia": "ja:伯耆大山駅", "osm_id": "n6375884470"}}, {"type": "Feature", "geometry": {"type": "Point", "coordinates": [133.4096642, 35.3874629]}, "properties": {"id": "n266088570", "name": "岸本", "name_en": "Kishimoto", "kind": "station", "operator": null, "network": null, "near_town": "n1735956527", "near_town_name": "伯耆町", "wikipedia": "ja:岸本駅", "osm_id": "n266088570"}}, {"type": "Feature", "geometry": {"type": "Point", "coordinates": [133.4354226, 35.3482021]}, "properties": {"id": "n266108977", "name": "伯耆溝口", "name_en": "Hoki-Mizoguchi", "kind": "station", "operator": null, "network": null, "near_town": "n1735956527", "near_town_name": "伯耆町", "wikipedia": "ja:伯耆溝口駅", "osm_id": "n266108977"}}, {"type": "Feature", "geometry": {"type": "Point", "coordinates": [133.4093776, 35.3871126]}, "properties": {"id": "n10209871086", "name": "(이름 없음)", "name_en": null, "kind": "bus_station", "operator": null, "network": null, "near_town": "n1735956527", "near_town_name": "伯耆町", "wikipedia": null, "osm_id": "n10209871086"}}, {"type": "Feature", "geometry": {"type": "Point", "coordinates": [133.4420322, 35.24162]}, "properties": {"id": "n266088938", "name": "根雨", "name_en": "Neu", "kind": "station", "operator": null, "network": null, "near_town": "n12715951957", "near_town_name": "江府町", "wikipedia": "ja:根雨駅", "osm_id": "n266088938"}}, {"type": "Feature", "geometry": {"type": "Point", "coordinates": [133.4764904, 35.267501]}, "properties": {"id": "n266089170", "name": "武庫", "name_en": "Muko", "kind": "station", "operator": null, "network": null, "near_town": "n12715951957", "near_town_name": "江府町", "wikipedia": "ja:武庫駅", "osm_id": "n266089170"}}, {"type": "Feature", "geometry": {"type": "Point", "coordinates": [133.4849214, 35.2832987]}, "properties": {"id": "n266090810", "name": "江尾", "name_en": "Ebi", "kind": "station", "operator": null, "network": null, "near_town": "n12715951957", "near_town_name": "江府町", "wikipedia": "ja:江尾駅", "osm_id": "n266090810"}}, {"type": "Feature", "geometry": {"type": "Point", "coordinates": [134.1068271, 34.0503771]}, "properties": {"id": "n8830767872", "name": "小島", "name_en": "Oshima", "kind": "station", "operator": null, "network": null, "near_town": "n309631885", "near_town_name": "美馬市", "wikipedia": "ja:小島駅", "osm_id": "n8830767872"}}, {"type": "Feature", "geometry": {"type": "Point", "coordinates": [134.163482, 34.0560105]}, "properties": {"id": "n8833668761", "name": "穴吹", "name_en": "Anabuki", "kind": "station", "operator": null, "network": null, "near_town": "n309631885", "near_town_name": "美馬市", "wikipedia": "ja:穴吹駅", "osm_id": "n8833668761"}}, {"type": "Feature", "geometry": {"type": "Point", "coordinates": [134.204202, 34.0613981]}, "properties": {"id": "n8837132923", "name": "川田", "name_en": "Kawata", "kind": "station", "operator": "四国旅客鉄道", "network": null, "near_town": "n309631885", "near_town_name": "美馬市", "wikipedia": "ja:川田駅", "osm_id": "n8837132923"}}, {"type": "Feature", "geometry": {"type": "Point", "coordinates": [134.2340178, 34.0551911]}, "properties": {"id": "n9907757205", "name": "阿波山川", "name_en": "Awa-Yamakawa", "kind": "station", "operator": null, "network": null, "near_town": "n309631885", "near_town_name": "美馬市", "wikipedia": "ja:阿波山川駅", "osm_id": "n9907757205"}}, {"type": "Feature", "geometry": {"type": "Point", "coordinates": [134.0589108, 34.0394803]}, "properties": {"id": "n8830750045", "name": "貞光", "name_en": "Sadamitsu", "kind": "station", "operator": null, "network": null, "near_town": "n309633281", "near_town_name": "つるぎ町", "wikipedia": "ja:貞光駅", "osm_id": "n8830750045"}}, {"type": "Feature", "geometry": {"type": "Point", "coordinates": [134.0363681, 34.0409967]}, "properties": {"id": "n9909402271", "name": "阿波半田", "name_en": "Awa-handa", "kind": "station", "operator": null, "network": null, "near_town": "n309633281", "near_town_name": "つるぎ町", "wikipedia": "ja:阿波半田駅", "osm_id": "n9909402271"}}, {"type": "Feature", "geometry": {"type": "Point", "coordinates": [133.1167046, 33.897657]}, "properties": {"id": "n265007014", "name": "伊予小松", "name_en": "Iyo-Komatsu", "kind": "station", "operator": "四国旅客鉄道", "network": null, "near_town": "n636903845", "near_town_name": "西条市", "wikipedia": "ja:伊予小松駅", "osm_id": "n265007014"}}, {"type": "Feature", "geometry": {"type": "Point", "coordinates": [133.1307552, 33.8967955]}, "properties": {"id": "n265009422", "name": "伊予氷見", "name_en": "Iyo-Himi", "kind": "station", "operator": "四国旅客鉄道", "network": null, "near_town": "n636903845", "near_town_name": "西条市", "wikipedia": "ja:伊予氷見駅", "osm_id": "n265009422"}}, {"type": "Feature", "geometry": {"type": "Point", "coordinates": [133.1873332, 33.912837]}, "properties": {"id": "n3152610045", "name": "西条駅前", "name_en": null, "kind": "bus_station", "operator": null, "network": null, "near_town": "n636903845", "near_town_name": "西条市", "wikipedia": null, "osm_id": "n3152610045"}}, {"type": "Feature", "geometry": {"type": "Point", "coordinates": [133.1875765, 33.9124158]}, "properties": {"id": "n8599386263", "name": "伊予西条", "name_en": "Iyo-Saijō", "kind": "station", "operator": "四国旅客鉄道", "network": null, "near_town": "n636903845", "near_town_name": "西条市", "wikipedia": "ja:伊予西条駅", "osm_id": "n8599386263"}}, {"type": "Feature", "geometry": {"type": "Point", "coordinates": [133.2533917, 33.926164]}, "properties": {"id": "n9000675447", "name": "中萩", "name_en": "Nakahagi", "kind": "station", "operator": "四国旅客鉄道", "network": null, "near_town": "n636903845", "near_town_name": "西条市", "wikipedia": "ja:中萩駅", "osm_id": "n9000675447"}}, {"type": "Feature", "geometry": {"type": "Point", "coordinates": [133.1572446, 33.8958625]}, "properties": {"id": "n9002659764", "name": "石鎚山", "name_en": "Ishizuchiyama", "kind": "station", "operator": "四国旅客鉄道", "network": null, "near_town": "n636903845", "near_town_name": "西条市", "wikipedia": "ja:石鎚山駅", "osm_id": "n9002659764"}}, {"type": "Feature", "geometry": {"type": "Point", "coordinates": [132.8561079, 33.7952114]}, "properties": {"id": "n265040980", "name": "牛渕", "name_en": "Ushibuchi", "kind": "station", "operator": "伊予鉄道", "network": null, "near_town": "n634160988", "near_town_name": "東温市", "wikipedia": "ja:牛渕駅", "osm_id": "n265040980"}}, {"type": "Feature", "geometry": {"type": "Point", "coordinates": [132.8654144, 33.7929531]}, "properties": {"id": "n265041001", "name": "田窪", "name_en": "Tanokubo", "kind": "station", "operator": "伊予鉄道", "network": null, "near_town": "n634160988", "near_town_name": "東温市", "wikipedia": "ja:田窪駅", "osm_id": "n265041001"}}, {"type": "Feature", "geometry": {"type": "Point", "coordinates": [132.8045267, 33.8160825]}, "properties": {"id": "n3634554437", "name": "久米", "name_en": "Kume", "kind": "station", "operator": "伊予鉄道", "network": null, "near_town": "n634160988", "near_town_name": "東温市", "wikipedia": "ja:久米駅", "osm_id": "n3634554437"}}, {"type": "Feature", "geometry": {"type": "Point", "coordinates": [132.8289599, 33.8085405]}, "properties": {"id": "n3634554441", "name": "平井", "name_en": "Hirai", "kind": "station", "operator": "伊予鉄道", "network": null, "near_town": "n634160988", "near_town_name": "東温市", "wikipedia": "ja:平井駅 (愛媛県)", "osm_id": "n3634554441"}}, {"type": "Feature", "geometry": {"type": "Point", "coordinates": [132.8791635, 33.7983407]}, "properties": {"id": "n3634554442", "name": "愛大医学部南口", "name_en": "Ehime Univ. Hospital", "kind": "station", "operator": "伊予鉄道", "network": "横河原線", "near_town": "n634160988", "near_town_name": "東温市", "wikipedia": "ja:愛大医学部南口駅", "osm_id": "n3634554442"}}, {"type": "Feature", "geometry": {"type": "Point", "coordinates": [132.8387599, 33.8013391]}, "properties": {"id": "n3634554443", "name": "梅本", "name_en": "Umenomoto", "kind": "station", "operator": "伊予鉄道", "network": null, "near_town": "n634160988", "near_town_name": "東温市", "wikipedia": "ja:梅本駅", "osm_id": "n3634554443"}}, {"type": "Feature", "geometry": {"type": "Point", "coordinates": [132.8842865, 33.8033319]}, "properties": {"id": "n3634554445", "name": "横河原", "name_en": "Yokogawara", "kind": "station", "operator": "伊予鉄道", "network": null, "near_town": "n634160988", "near_town_name": "東温市", "wikipedia": "ja:横河原駅", "osm_id": "n3634554445"}}, {"type": "Feature", "geometry": {"type": "Point", "coordinates": [132.846049, 33.7977433]}, "properties": {"id": "n3634554446", "name": "牛渕団地前", "name_en": "Ushibuchi-Danchi", "kind": "station", "operator": "伊予鉄道", "network": null, "near_town": "n634160988", "near_town_name": "東温市", "wikipedia": "ja:牛渕団地前駅", "osm_id": "n3634554446"}}, {"type": "Feature", "geometry": {"type": "Point", "coordinates": [132.8733774, 33.7927396]}, "properties": {"id": "n3634554451", "name": "見奈良", "name_en": "Minara", "kind": "station", "operator": "伊予鉄道", "network": null, "near_town": "n634160988", "near_town_name": "東温市", "wikipedia": "ja:見奈良駅", "osm_id": "n3634554451"}}, {"type": "Feature", "geometry": {"type": "Point", "coordinates": [132.8149172, 33.8126501]}, "properties": {"id": "n3634554452", "name": "鷹ノ子", "name_en": "Takanoko", "kind": "station", "operator": "伊予鉄道", "network": null, "near_town": "n634160988", "near_town_name": "東温市", "wikipedia": "ja:鷹ノ子駅", "osm_id": "n3634554452"}}, {"type": "Feature", "geometry": {"type": "Point", "coordinates": [131.1177775, 32.9370943]}, "properties": {"id": "n265857288", "name": "宮地", "name_en": "Miyaji", "kind": "station", "operator": "九州旅客鉄道", "network": "JR豊肥本線", "near_town": "n739281195", "near_town_name": "阿蘇市", "wikipedia": "ja:宮地駅", "osm_id": "n265857288"}}, {"type": "Feature", "geometry": {"type": "Point", "coordinates": [131.094941, 32.936673]}, "properties": {"id": "n265861854", "name": "いこいの村", "name_en": "Ikoi no mura", "kind": "station", "operator": "九州旅客鉄道", "network": "JR豊肥本線", "near_town": "n739281195", "near_town_name": "阿蘇市", "wikipedia": "ja:いこいの村駅", "osm_id": "n265861854"}}, {"type": "Feature", "geometry": {"type": "Point", "coordinates": [131.0800572, 32.9374013]}, "properties": {"id": "n265861915", "name": "阿蘇", "name_en": "Aso", "kind": "station", "operator": "九州旅客鉄道", "network": "JR豊肥本線", "near_town": "n739281195", "near_town_name": "阿蘇市", "wikipedia": "ja:阿蘇駅", "osm_id": "n265861915"}}, {"type": "Feature", "geometry": {"type": "Point", "coordinates": [131.3763921, 32.9479855]}, "properties": {"id": "n13464548974", "name": "玉来", "name_en": "Tamarai", "kind": "station", "operator": "九州旅客鉄道", "network": "JR豊肥本線", "near_town": "n1721424116", "near_town_name": "竹田市", "wikipedia": "ja:玉来駅", "osm_id": "n13464548974"}}, {"type": "Feature", "geometry": {"type": "Point", "coordinates": [131.3899854, 32.9709138]}, "properties": {"id": "n13464548978", "name": "豊後竹田", "name_en": "Bungo-Taketa", "kind": "station", "operator": "九州旅客鉄道", "network": "JR豊肥本線", "near_town": "n1721424116", "near_town_name": "竹田市", "wikipedia": "ja:豊後竹田駅", "osm_id": "n13464548978"}}, {"type": "Feature", "geometry": {"type": "Point", "coordinates": [131.4324313, 33.0042931]}, "properties": {"id": "n13464548979", "name": "朝地", "name_en": "Asaji", "kind": "station", "operator": "九州旅客鉄道", "network": "JR豊肥本線", "near_town": "n1721424116", "near_town_name": "竹田市", "wikipedia": "ja:朝地駅", "osm_id": "n13464548979"}}, {"type": "Feature", "geometry": {"type": "Point", "coordinates": [131.4523723, 33.1851575]}, "properties": {"id": "n8079817410", "name": "小野屋", "name_en": "Onoya", "kind": "station", "operator": "九州旅客鉄道", "network": "JR久大線", "near_town": "n1721409695", "near_town_name": "由布市", "wikipedia": "ja:小野屋駅", "osm_id": "n8079817410"}}, {"type": "Feature", "geometry": {"type": "Point", "coordinates": [131.4858824, 33.1953862]}, "properties": {"id": "n8079939863", "name": "鬼瀬", "name_en": "Onigase", "kind": "station", "operator": "九州旅客鉄道", "network": "JR久大線", "near_town": "n1721409695", "near_town_name": "由布市", "wikipedia": "ja:鬼瀬駅", "osm_id": "n8079939863"}}, {"type": "Feature", "geometry": {"type": "Point", "coordinates": [131.4020694, 33.1850334]}, "properties": {"id": "n13464870114", "name": "庄内", "name_en": "Shōnai", "kind": "station", "operator": "九州旅客鉄道", "network": "JR久大線", "near_town": "n1721409695", "near_town_name": "由布市", "wikipedia": "ja:庄内駅 (大分県)", "osm_id": "n13464870114"}}, {"type": "Feature", "geometry": {"type": "Point", "coordinates": [131.4384958, 33.1873054]}, "properties": {"id": "n13464870115", "name": "天神山", "name_en": "Tenjinyama", "kind": "station", "operator": "九州旅客鉄道", "network": "JR久大線", "near_town": "n1721409695", "near_town_name": "由布市", "wikipedia": "ja:天神山駅", "osm_id": "n13464870115"}}, {"type": "Feature", "geometry": {"type": "Point", "coordinates": [131.3066171, 32.714733]}, "properties": {"id": "n270048203", "name": "高千穂", "name_en": "Takachiho", "kind": "station", "operator": null, "network": null, "near_town": "n739203621", "near_town_name": "高千穂町", "wikipedia": "ja:高千穂駅", "osm_id": "n270048203"}}, {"type": "Feature", "geometry": {"type": "Point", "coordinates": [130.9136156, 32.8726723]}, "properties": {"id": "n265855422", "name": "瀬田", "name_en": "Seta", "kind": "station", "operator": "九州旅客鉄道", "network": "JR豊肥本線", "near_town": "n739281206", "near_town_name": "大津町", "wikipedia": "ja:瀬田駅 (熊本県)", "osm_id": "n265855422"}}, {"type": "Feature", "geometry": {"type": "Point", "coordinates": [130.9655332, 32.877493]}, "properties": {"id": "n265863392", "name": "立野", "name_en": "Tateno", "kind": "station", "operator": "九州旅客鉄道", "network": "JR豊肥本線", "near_town": "n739281206", "near_town_name": "大津町", "wikipedia": "ja:立野駅 (熊本県)", "osm_id": "n265863392"}}, {"type": "Feature", "geometry": {"type": "Point", "coordinates": [130.866219, 32.8774776]}, "properties": {"id": "n12504059294", "name": "肥後大津", "name_en": "Higo-Ozu", "kind": "station", "operator": "九州旅客鉄道", "network": "JR豊肥本線", "near_town": "n739281206", "near_town_name": "大津町", "wikipedia": "ja:肥後大津駅", "osm_id": "n12504059294"}}, {"type": "Feature", "geometry": {"type": "Point", "coordinates": [130.9217282, 32.0095409]}, "properties": {"id": "n265852825", "name": "西小林", "name_en": "Nishi Kobayashi", "kind": "station", "operator": "九州旅客鉄道", "network": "JR吉都線", "near_town": "n739203622", "near_town_name": "小林市", "wikipedia": "ja:西小林駅", "osm_id": "n265852825"}}, {"type": "Feature", "geometry": {"type": "Point", "coordinates": [130.984816, 31.958065]}, "properties": {"id": "n265852840", "name": "広原", "name_en": "Hirowara", "kind": "station", "operator": "九州旅客鉄道", "network": "JR吉都線", "near_town": "n739203622", "near_town_name": "小林市", "wikipedia": "ja:広原駅", "osm_id": "n265852840"}}, {"type": "Feature", "geometry": {"type": "Point", "coordinates": [130.9756879, 31.9909634]}, "properties": {"id": "n265853669", "name": "小林", "name_en": "Kobayashi", "kind": "station", "operator": null, "network": null, "near_town": "n739203622", "near_town_name": "小林市", "wikipedia": "ja:小林駅 (宮崎県)", "osm_id": "n265853669"}}, {"type": "Feature", "geometry": {"type": "Point", "coordinates": [130.8159272, 32.0422993]}, "properties": {"id": "n265852656", "name": "えびの", "name_en": "Ebino", "kind": "station", "operator": "九州旅客鉄道", "network": null, "near_town": "n739203623", "near_town_name": "えびの市", "wikipedia": "ja:えびの駅", "osm_id": "n265852656"}}, {"type": "Feature", "geometry": {"type": "Point", "coordinates": [130.8706681, 32.0304524]}, "properties": {"id": "n265852665", "name": "えびの飯野", "name_en": "Ebino Iino", "kind": "station", "operator": "九州旅客鉄道", "network": null, "near_town": "n739203623", "near_town_name": "えびの市", "wikipedia": "ja:えびの飯野駅", "osm_id": "n265852665"}}, {"type": "Feature", "geometry": {"type": "Point", "coordinates": [130.8500084, 32.0356098]}, "properties": {"id": "n265852672", "name": "えびの上江", "name_en": "Ebino Uwae", "kind": "station", "operator": "九州旅客鉄道", "network": null, "near_town": "n739203623", "near_town_name": "えびの市", "wikipedia": "ja:えびの上江駅", "osm_id": "n265852672"}}, {"type": "Feature", "geometry": {"type": "Point", "coordinates": [130.7676343, 32.0453249]}, "properties": {"id": "n265852835", "name": "京町温泉", "name_en": "Kyomachi-Onsen", "kind": "station", "operator": "九州旅客鉄道", "network": "JR吉都線", "near_town": "n739203623", "near_town_name": "えびの市", "wikipedia": "ja:京町温泉駅", "osm_id": "n265852835"}}, {"type": "Feature", "geometry": {"type": "Point", "coordinates": [130.7488093, 32.0306628]}, "properties": {"id": "n265853785", "name": "鶴丸", "name_en": "Tsurumaru", "kind": "station", "operator": "九州旅客鉄道", "network": "JR吉都線", "near_town": "n739203623", "near_town_name": "えびの市", "wikipedia": "ja:鶴丸駅", "osm_id": "n265853785"}}, {"type": "Feature", "geometry": {"type": "Point", "coordinates": [130.7402683, 31.743887]}, "properties": {"id": "n265848530", "name": "隼人", "name_en": "Hayato", "kind": "station", "operator": "九州旅客鉄道", "network": null, "near_town": "n739243868", "near_town_name": "霧島市", "wikipedia": "ja:隼人駅", "osm_id": "n265848530"}}, {"type": "Feature", "geometry": {"type": "Point", "coordinates": [130.7634412, 31.7436752]}, "properties": {"id": "n265851737", "name": "国分", "name_en": "Kokubu", "kind": "station", "operator": "九州旅客鉄道", "network": null, "near_town": "n739243868", "near_town_name": "霧島市", "wikipedia": "ja:国分駅 (鹿児島県)", "osm_id": "n265851737"}}, {"type": "Feature", "geometry": {"type": "Point", "coordinates": [130.745265, 31.7964463]}, "properties": {"id": "n265921575", "name": "表木山", "name_en": "Hyōkiyama", "kind": "station", "operator": "九州旅客鉄道", "network": "JR肥薩線", "near_town": "n739243868", "near_town_name": "霧島市", "wikipedia": "ja:表木山駅", "osm_id": "n265921575"}}, {"type": "Feature", "geometry": {"type": "Point", "coordinates": [130.7499028, 31.76349]}, "properties": {"id": "n265923414", "name": "日当山", "name_en": "Hinatayama", "kind": "station", "operator": "九州旅客鉄道", "network": "JR肥薩線", "near_town": "n739243868", "near_town_name": "霧島市", "wikipedia": "ja:日当山駅", "osm_id": "n265923414"}}, {"type": "Feature", "geometry": {"type": "Point", "coordinates": [130.5991188, 31.2906892]}, "properties": {"id": "n265856247", "name": "薩摩今和泉", "name_en": "Satsuma-Imaizumi", "kind": "station", "operator": "九州旅客鉄道", "network": "JR指宿枕崎線", "near_town": "n698791778", "near_town_name": "指宿市", "wikipedia": "ja:薩摩今和泉駅", "osm_id": "n265856247"}}, {"type": "Feature", "geometry": {"type": "Point", "coordinates": [130.63012, 31.2542459]}, "properties": {"id": "n265856370", "name": "二月田", "name_en": "Nigatsuden", "kind": "station", "operator": "九州旅客鉄道", "network": "JR指宿枕崎線", "near_town": "n698791778", "near_town_name": "指宿市", "wikipedia": "ja:二月田駅", "osm_id": "n265856370"}}, {"type": "Feature", "geometry": {"type": "Point", "coordinates": [130.6199101, 31.2771063]}, "properties": {"id": "n265856461", "name": "宮ヶ浜", "name_en": "Miyagahama", "kind": "station", "operator": "九州旅客鉄道", "network": "JR指宿枕崎線", "near_town": "n698791778", "near_town_name": "指宿市", "wikipedia": "ja:宮ケ浜駅", "osm_id": "n265856461"}}, {"type": "Feature", "geometry": {"type": "Point", "coordinates": [130.6426613, 31.2368332]}, "properties": {"id": "n265857292", "name": "指宿", "name_en": "Ibusuki", "kind": "station", "operator": "九州旅客鉄道", "network": "JR指宿枕崎線", "near_town": "n698791778", "near_town_name": "指宿市", "wikipedia": "ja:指宿駅", "osm_id": "n265857292"}}, {"type": "Feature", "geometry": {"type": "Point", "coordinates": [130.6297909, 31.2113606]}, "properties": {"id": "n265858043", "name": "山川", "name_en": "Yamakawa", "kind": "station", "operator": "九州旅客鉄道", "network": "JR指宿枕崎線", "near_town": "n698791778", "near_town_name": "指宿市", "wikipedia": "ja:山川駅", "osm_id": "n265858043"}}, {"type": "Feature", "geometry": {"type": "Point", "coordinates": [130.4362378, 31.3734029]}, "properties": {"id": "n6002486907", "name": "知覧", "name_en": "Chiran", "kind": "bus_station", "operator": null, "network": null, "near_town": "n739243829", "near_town_name": "南九州市", "wikipedia": null, "osm_id": "n6002486907"}}, {"type": "Feature", "geometry": {"type": "Point", "coordinates": [130.3310071, 31.2623737]}, "properties": {"id": "n265857247", "name": "薩摩板敷", "name_en": "Satsuma-Itashiki", "kind": "station", "operator": "九州旅客鉄道", "network": "JR指宿枕崎線", "near_town": "n739243832", "near_town_name": "枕崎市", "wikipedia": "ja:薩摩板敷駅", "osm_id": "n265857247"}}, {"type": "Feature", "geometry": {"type": "Point", "coordinates": [130.3568119, 31.2570334]}, "properties": {"id": "n265858146", "name": "白沢", "name_en": "Shirasawa", "kind": "station", "operator": "九州旅客鉄道", "network": "JR指宿枕崎線", "near_town": "n739243832", "near_town_name": "枕崎市", "wikipedia": "ja:白沢駅 (鹿児島県)", "osm_id": "n265858146"}}, {"type": "Feature", "geometry": {"type": "Point", "coordinates": [130.2994434, 31.2721658]}, "properties": {"id": "n4838105022", "name": "枕崎", "name_en": "Makurazaki", "kind": "station", "operator": "九州旅客鉄道", "network": "JR指宿枕崎線", "near_town": "n739243832", "near_town_name": "枕崎市", "wikipedia": "ja:枕崎駅", "osm_id": "n4838105022"}}, {"type": "Feature", "geometry": {"type": "Point", "coordinates": [130.2987861, 31.2727734]}, "properties": {"id": "n5679432198", "name": "枕崎", "name_en": "Makurazaki", "kind": "bus_station", "operator": "鹿児島交通", "network": null, "near_town": "n739243832", "near_town_name": "枕崎市", "wikipedia": null, "osm_id": "n5679432198"}}, {"type": "Feature", "geometry": {"type": "Point", "coordinates": [142.386216, 43.366216]}, "properties": {"id": "n264430568", "name": "学田", "name_en": "Gakuden", "kind": "station", "operator": null, "network": null, "near_town": "n389337975", "near_town_name": "富良野市", "wikipedia": "ja:学田駅", "osm_id": "n264430568"}}, {"type": "Feature", "geometry": {"type": "Point", "coordinates": [142.404669, 43.387233]}, "properties": {"id": "n264430569", "name": "鹿討", "name_en": "Shikauchi", "kind": "station", "operator": null, "network": null, "near_town": "n389337975", "near_town_name": "富良野市", "wikipedia": "ja:鹿討駅", "osm_id": "n264430569"}}, {"type": "Feature", "geometry": {"type": "Point", "coordinates": [142.3916593, 43.3469008]}, "properties": {"id": "n264430570", "name": "富良野", "name_en": "Furano", "kind": "station", "operator": null, "network": null, "near_town": "n389337975", "near_town_name": "富良野市", "wikipedia": "ja:富良野駅", "osm_id": "n264430570"}}, {"type": "Feature", "geometry": {"type": "Point", "coordinates": [142.3255606, 43.7893281]}, "properties": {"id": "n184202324", "name": "近文", "name_en": "Chikabumi", "kind": "station", "operator": null, "network": null, "near_town": "n184366763", "near_town_name": "旭川市", "wikipedia": "ja:近文駅", "osm_id": "n184202324"}}, {"type": "Feature", "geometry": {"type": "Point", "coordinates": [142.3579263, 43.7627501]}, "properties": {"id": "n264430273", "name": "旭川", "name_en": "Asahikawa", "kind": "station", "operator": "JR北海道 (JR Hokkaido)", "network": null, "near_town": "n184366763", "near_town_name": "旭川市", "wikipedia": "ja:旭川駅", "osm_id": "n264430273"}}, {"type": "Feature", "geometry": {"type": "Point", "coordinates": [142.3657889, 43.7309287]}, "properties": {"id": "n264430305", "name": "緑が丘", "name_en": "Midorigaoka", "kind": "station", "operator": null, "network": null, "near_town": "n184366763", "near_town_name": "旭川市", "wikipedia": "ja:緑が丘駅 (北海道)", "osm_id": "n264430305"}}, {"type": "Feature", "geometry": {"type": "Point", "coordinates": [142.3714513, 43.7209639]}, "properties": {"id": "n264430313", "name": "西御料", "name_en": "Nishigoryo", "kind": "station", "operator": null, "network": null, "near_town": "n184366763", "near_town_name": "旭川市", "wikipedia": "ja:西御料駅", "osm_id": "n264430313"}}, {"type": "Feature", "geometry": {"type": "Point", "coordinates": [142.3583198, 43.7451454]}, "properties": {"id": "n264430497", "name": "神楽岡", "name_en": "Kaguraoka", "kind": "station", "operator": null, "network": null, "near_town": "n184366763", "near_town_name": "旭川市", "wikipedia": "ja:神楽岡駅", "osm_id": "n264430497"}}, {"type": "Feature", "geometry": {"type": "Point", "coordinates": [142.4087045, 43.7805099]}, "properties": {"id": "n264435019", "name": "南永山", "name_en": "Minami-Nagayama", "kind": "station", "operator": null, "network": null, "near_town": "n184366763", "near_town_name": "旭川市", "wikipedia": "ja:南永山駅", "osm_id": "n264435019"}}, {"type": "Feature", "geometry": {"type": "Point", "coordinates": [142.4410352, 43.776596]}, "properties": {"id": "n264435619", "name": "東旭川", "name_en": "Higashi-Asahikawa", "kind": "station", "operator": null, "network": null, "near_town": "n184366763", "near_town_name": "旭川市", "wikipedia": "ja:東旭川駅", "osm_id": "n264435619"}}, {"type": "Feature", "geometry": {"type": "Point", "coordinates": [142.3758353, 43.7639244]}, "properties": {"id": "n264451482", "name": "旭川四条", "name_en": "Asahikawa-yojo", "kind": "station", "operator": null, "network": null, "near_town": "n184366763", "near_town_name": "旭川市", "wikipedia": "ja:旭川四条駅", "osm_id": "n264451482"}}, {"type": "Feature", "geometry": {"type": "Point", "coordinates": [142.3847953, 43.780067]}, "properties": {"id": "n6063546673", "name": "新旭川", "name_en": "Shin-Asahikawa", "kind": "station", "operator": null, "network": null, "near_town": "n184366763", "near_town_name": "旭川市", "wikipedia": "ja:新旭川駅", "osm_id": "n6063546673"}}, {"type": "Feature", "geometry": {"type": "Point", "coordinates": [137.2456319, 36.1802604]}, "properties": {"id": "n265829538", "name": "上枝", "name_en": "Hozue", "kind": "station", "operator": null, "network": null, "near_town": "n315430925", "near_town_name": "高山市", "wikipedia": "ja:上枝駅", "osm_id": "n265829538"}}, {"type": "Feature", "geometry": {"type": "Point", "coordinates": [137.2512848, 36.141126]}, "properties": {"id": "n265830186", "name": "高山", "name_en": "Takayama", "kind": "station", "operator": null, "network": null, "near_town": "n315430925", "near_town_name": "高山市", "wikipedia": "ja:高山駅", "osm_id": "n265830186"}}, {"type": "Feature", "geometry": {"type": "Point", "coordinates": [137.2514447, 36.141889]}, "properties": {"id": "n4485247589", "name": "Takayama Nohi Bus Terminal", "name_en": "Takayama Nohi Bus Terminal", "kind": "bus_station", "operator": null, "network": null, "near_town": "n315430925", "near_town_name": "高山市", "wikipedia": null, "osm_id": "n4485247589"}}, {"type": "Feature", "geometry": {"type": "Point", "coordinates": [137.2517352, 36.1417456]}, "properties": {"id": "n4973805123", "name": "(이름 없음)", "name_en": "s0 Sarubobo bus - bus center", "kind": "bus_station", "operator": null, "network": null, "near_town": "n315430925", "near_town_name": "高山市", "wikipedia": null, "osm_id": "n4973805123"}}, {"type": "Feature", "geometry": {"type": "Point", "coordinates": [137.2358551, 36.1329234]}, "properties": {"id": "n4973805422", "name": "(이름 없음)", "name_en": "s4 Sarubobo bus - Hida folk village", "kind": "bus_station", "operator": null, "network": null, "near_town": "n315430925", "near_town_name": "高山市", "wikipedia": null, "osm_id": "n4973805422"}}, {"type": "Feature", "geometry": {"type": "Point", "coordinates": [137.2386938, 36.1349286]}, "properties": {"id": "n4973805423", "name": "(이름 없음)", "name_en": "s5 Sarubobo bus - Hida folk village Shita", "kind": "bus_station", "operator": null, "network": null, "near_town": "n315430925", "near_town_name": "高山市", "wikipedia": null, "osm_id": "n4973805423"}}, {"type": "Feature", "geometry": {"type": "Point", "coordinates": [137.247377, 36.0882426]}, "properties": {"id": "n5926164485", "name": "飛驒一ノ宮", "name_en": "Hida-Ichinomiya", "kind": "station", "operator": null, "network": null, "near_town": "n315430925", "near_town_name": "高山市", "wikipedia": "ja:飛騨一ノ宮駅", "osm_id": "n5926164485"}}]}